x-axis,1,2
second,Volt,Volt
-8.00000E-06,+5.10050251149E+00,+25.14572863095E+00
-7.99000E-06,+5.10050251149E+00,+25.14572863095E+00
-7.98000E-06,+5.10050251149E+00,+25.16582913324E+00
-7.97000E-06,+5.10050251149E+00,+25.16582913324E+00
-7.96000E-06,+5.08040200919E+00,+25.16582913324E+00
-7.95000E-06,+5.10050251149E+00,+25.16582913324E+00
-7.94000E-06,+5.10050251149E+00,+25.14572863095E+00
-7.93000E-06,+5.10050251149E+00,+25.16582913324E+00
-7.92000E-06,+5.10050251149E+00,+25.18592963554E+00
-7.91000E-06,+5.10050251149E+00,+25.14572863095E+00
-7.90000E-06,+5.10050251149E+00,+25.16582913324E+00
-7.89000E-06,+5.10050251149E+00,+25.14572863095E+00
-7.88000E-06,+5.10050251149E+00,+25.16582913324E+00
-7.87000E-06,+5.08040200919E+00,+25.14572863095E+00
-7.86000E-06,+5.10050251149E+00,+25.14572863095E+00
-7.85000E-06,+5.08040200919E+00,+25.16582913324E+00
-7.84000E-06,+5.10050251149E+00,+25.16582913324E+00
-7.83000E-06,+5.08040200919E+00,+25.14572863095E+00
-7.82000E-06,+5.10050251149E+00,+25.16582913324E+00
-7.81000E-06,+5.10050251149E+00,+25.14572863095E+00
-7.80000E-06,+5.10050251149E+00,+25.16582913324E+00
-7.79000E-06,+5.08040200919E+00,+25.14572863095E+00
-7.78000E-06,+5.10050251149E+00,+25.16582913324E+00
-7.77000E-06,+5.10050251149E+00,+25.16582913324E+00
-7.76000E-06,+5.10050251149E+00,+25.16582913324E+00
-7.75000E-06,+5.08040200919E+00,+25.14572863095E+00
-7.74000E-06,+5.10050251149E+00,+25.16582913324E+00
-7.73000E-06,+5.08040200919E+00,+25.18592963554E+00
-7.72000E-06,+5.10050251149E+00,+25.14572863095E+00
-7.71000E-06,+5.08040200919E+00,+25.14572863095E+00
-7.70000E-06,+5.12060301378E+00,+25.14572863095E+00
-7.69000E-06,+5.10050251149E+00,+25.16582913324E+00
-7.68000E-06,+5.08040200919E+00,+25.16582913324E+00
-7.67000E-06,+5.10050251149E+00,+25.14572863095E+00
-7.66000E-06,+5.10050251149E+00,+25.18592963554E+00
-7.65000E-06,+5.08040200919E+00,+25.16582913324E+00
-7.64000E-06,+5.10050251149E+00,+25.14572863095E+00
-7.63000E-06,+5.08040200919E+00,+25.14572863095E+00
-7.62000E-06,+5.12060301378E+00,+25.16582913324E+00
-7.61000E-06,+5.12060301378E+00,+25.14572863095E+00
-7.60000E-06,+5.10050251149E+00,+25.14572863095E+00
-7.59000E-06,+5.10050251149E+00,+25.14572863095E+00
-7.58000E-06,+5.12060301378E+00,+25.16582913324E+00
-7.57000E-06,+5.10050251149E+00,+25.12562812865E+00
-7.56000E-06,+5.10050251149E+00,+25.14572863095E+00
-7.55000E-06,+5.08040200919E+00,+25.12562812865E+00
-7.54000E-06,+5.12060301378E+00,+25.14572863095E+00
-7.53000E-06,+5.10050251149E+00,+25.14572863095E+00
-7.52000E-06,+5.12060301378E+00,+25.14572863095E+00
-7.51000E-06,+5.12060301378E+00,+25.10552762635E+00
-7.50000E-06,+5.12060301378E+00,+25.14572863095E+00
-7.49000E-06,+5.12060301378E+00,+25.12562812865E+00
-7.48000E-06,+5.12060301378E+00,+25.12562812865E+00
-7.47000E-06,+5.12060301378E+00,+25.12562812865E+00
-7.46000E-06,+5.12060301378E+00,+25.12562812865E+00
-7.45000E-06,+5.12060301378E+00,+25.12562812865E+00
-7.44000E-06,+5.12060301378E+00,+25.12562812865E+00
-7.43000E-06,+5.12060301378E+00,+25.10552762635E+00
-7.42000E-06,+5.12060301378E+00,+25.14572863095E+00
-7.41000E-06,+5.12060301378E+00,+25.12562812865E+00
-7.40000E-06,+5.14070351608E+00,+25.12562812865E+00
-7.39000E-06,+5.14070351608E+00,+25.10552762635E+00
-7.38000E-06,+5.12060301378E+00,+25.12562812865E+00
-7.37000E-06,+5.14070351608E+00,+25.12562812865E+00
-7.36000E-06,+5.14070351608E+00,+25.12562812865E+00
-7.35000E-06,+5.14070351608E+00,+25.10552762635E+00
-7.34000E-06,+5.14070351608E+00,+25.14572863094E+00
-7.33000E-06,+5.14070351608E+00,+25.12562812865E+00
-7.32000E-06,+5.14070351608E+00,+25.12562812865E+00
-7.31000E-06,+5.12060301378E+00,+25.10552762635E+00
-7.30000E-06,+5.14070351608E+00,+25.16582913324E+00
-7.29000E-06,+5.14070351608E+00,+25.14572863094E+00
-7.28000E-06,+5.14070351608E+00,+25.10552762635E+00
-7.27000E-06,+5.14070351608E+00,+25.14572863095E+00
-7.26000E-06,+5.14070351608E+00,+25.14572863094E+00
-7.25000E-06,+5.12060301378E+00,+25.12562812865E+00
-7.24000E-06,+5.14070351608E+00,+25.12562812865E+00
-7.23000E-06,+5.14070351608E+00,+25.10552762635E+00
-7.22000E-06,+5.14070351608E+00,+25.14572863094E+00
-7.21000E-06,+5.12060301378E+00,+25.14572863095E+00
-7.20000E-06,+5.14070351608E+00,+25.12562812865E+00
-7.19000E-06,+5.14070351608E+00,+25.10552762635E+00
-7.18000E-06,+5.12060301378E+00,+25.14572863094E+00
-7.17000E-06,+5.14070351608E+00,+25.12562812865E+00
-7.16000E-06,+5.14070351608E+00,+25.12562812865E+00
-7.15000E-06,+5.14070351608E+00,+25.14572863094E+00
-7.14000E-06,+5.12060301378E+00,+25.12562812865E+00
-7.13000E-06,+5.12060301378E+00,+25.12562812865E+00
-7.12000E-06,+5.12060301378E+00,+25.12562812865E+00
-7.11000E-06,+5.12060301378E+00,+25.14572863094E+00
-7.10000E-06,+5.14070351608E+00,+25.14572863094E+00
-7.09000E-06,+5.12060301378E+00,+25.12562812865E+00
-7.08000E-06,+5.12060301378E+00,+25.12562812865E+00
-7.07000E-06,+5.12060301378E+00,+25.10552762635E+00
-7.06000E-06,+5.12060301378E+00,+25.12562812865E+00
-7.05000E-06,+5.12060301378E+00,+25.14572863094E+00
-7.04000E-06,+5.12060301378E+00,+25.14572863094E+00
-7.03000E-06,+5.12060301378E+00,+25.12562812865E+00
-7.02000E-06,+5.12060301378E+00,+25.14572863094E+00
-7.01000E-06,+5.12060301378E+00,+25.12562812865E+00
-7.00000E-06,+5.12060301378E+00,+25.12562812865E+00
-6.99000E-06,+5.12060301378E+00,+25.12562812865E+00
-6.98000E-06,+5.12060301378E+00,+25.14572863094E+00
-6.97000E-06,+5.10050251149E+00,+25.14572863095E+00
-6.96000E-06,+5.12060301378E+00,+25.12562812865E+00
-6.95000E-06,+5.12060301378E+00,+25.12562812865E+00
-6.94000E-06,+5.12060301378E+00,+25.14572863094E+00
-6.93000E-06,+5.12060301378E+00,+25.12562812865E+00
-6.92000E-06,+5.10050251149E+00,+25.12562812865E+00
-6.91000E-06,+5.10050251149E+00,+25.12562812865E+00
-6.90000E-06,+5.12060301378E+00,+25.14572863094E+00
-6.89000E-06,+5.12060301378E+00,+25.12562812865E+00
-6.88000E-06,+5.12060301378E+00,+25.12562812865E+00
-6.87000E-06,+5.12060301378E+00,+25.12562812865E+00
-6.86000E-06,+5.12060301378E+00,+25.16582913324E+00
-6.85000E-06,+5.10050251149E+00,+25.14572863095E+00
-6.84000E-06,+5.10050251149E+00,+25.12562812865E+00
-6.83000E-06,+5.10050251149E+00,+25.14572863095E+00
-6.82000E-06,+5.14070351608E+00,+25.14572863094E+00
-6.81000E-06,+5.10050251149E+00,+25.14572863095E+00
-6.80000E-06,+5.12060301378E+00,+25.14572863095E+00
-6.79000E-06,+5.12060301378E+00,+25.12562812865E+00
-6.78000E-06,+5.12060301378E+00,+25.14572863094E+00
-6.77000E-06,+5.10050251149E+00,+25.14572863095E+00
-6.76000E-06,+5.10050251149E+00,+25.12562812865E+00
-6.75000E-06,+5.08040200919E+00,+25.14572863095E+00
-6.74000E-06,+5.10050251149E+00,+25.14572863094E+00
-6.73000E-06,+5.10050251149E+00,+25.14572863095E+00
-6.72000E-06,+5.10050251149E+00,+25.14572863095E+00
-6.71000E-06,+5.10050251149E+00,+25.14572863095E+00
-6.70000E-06,+5.12060301378E+00,+25.16582913324E+00
-6.69000E-06,+5.10050251149E+00,+25.14572863095E+00
-6.68000E-06,+5.12060301378E+00,+25.16582913324E+00
-6.67000E-06,+5.10050251149E+00,+25.14572863095E+00
-6.66000E-06,+5.10050251149E+00,+25.14572863094E+00
-6.65000E-06,+5.10050251149E+00,+25.12562812865E+00
-6.64000E-06,+5.10050251149E+00,+25.16582913324E+00
-6.63000E-06,+5.10050251149E+00,+25.14572863094E+00
-6.62000E-06,+5.10050251149E+00,+25.14572863094E+00
-6.61000E-06,+5.10050251149E+00,+25.12562812865E+00
-6.60000E-06,+5.10050251149E+00,+25.14572863095E+00
-6.59000E-06,+5.10050251149E+00,+25.14572863095E+00
-6.58000E-06,+5.10050251149E+00,+25.14572863094E+00
-6.57000E-06,+5.08040200919E+00,+25.14572863095E+00
-6.56000E-06,+5.10050251149E+00,+25.16582913324E+00
-6.55000E-06,+5.08040200919E+00,+25.14572863095E+00
-6.54000E-06,+5.12060301378E+00,+25.14572863094E+00
-6.53000E-06,+5.10050251149E+00,+25.14572863095E+00
-6.52000E-06,+5.10050251149E+00,+25.16582913324E+00
-6.51000E-06,+5.10050251149E+00,+25.14572863095E+00
-6.50000E-06,+5.12060301378E+00,+25.16582913324E+00
-6.49000E-06,+5.10050251149E+00,+25.14572863095E+00
-6.48000E-06,+5.10050251149E+00,+25.14572863095E+00
-6.47000E-06,+5.10050251149E+00,+25.12562812865E+00
-6.46000E-06,+5.10050251149E+00,+25.14572863095E+00
-6.45000E-06,+5.10050251149E+00,+25.14572863095E+00
-6.44000E-06,+5.10050251149E+00,+25.16582913324E+00
-6.43000E-06,+5.08040200919E+00,+25.14572863095E+00
-6.42000E-06,+5.10050251149E+00,+25.14572863095E+00
-6.41000E-06,+5.10050251149E+00,+25.14572863095E+00
-6.40000E-06,+5.08040200919E+00,+25.16582913324E+00
-6.39000E-06,+5.10050251149E+00,+25.14572863095E+00
-6.38000E-06,+5.10050251149E+00,+25.14572863095E+00
-6.37000E-06,+5.10050251149E+00,+25.14572863095E+00
-6.36000E-06,+5.08040200919E+00,+25.16582913324E+00
-6.35000E-06,+5.10050251149E+00,+25.14572863095E+00
-6.34000E-06,+5.10050251149E+00,+25.14572863095E+00
-6.33000E-06,+5.12060301378E+00,+25.16582913324E+00
-6.32000E-06,+5.10050251149E+00,+25.16582913324E+00
-6.31000E-06,+5.10050251149E+00,+25.14572863095E+00
-6.30000E-06,+5.10050251149E+00,+25.14572863095E+00
-6.29000E-06,+5.08040200919E+00,+25.14572863095E+00
-6.28000E-06,+5.10050251149E+00,+25.16582913324E+00
-6.27000E-06,+5.08040200919E+00,+25.14572863095E+00
-6.26000E-06,+5.10050251149E+00,+25.14572863095E+00
-6.25000E-06,+5.10050251149E+00,+25.14572863095E+00
-6.24000E-06,+5.10050251149E+00,+25.16582913324E+00
-6.23000E-06,+5.08040200919E+00,+25.14572863095E+00
-6.22000E-06,+5.10050251149E+00,+25.16582913324E+00
-6.21000E-06,+5.10050251149E+00,+25.14572863095E+00
-6.20000E-06,+5.08040200919E+00,+25.16582913324E+00
-6.19000E-06,+5.08040200919E+00,+25.16582913324E+00
-6.18000E-06,+5.12060301378E+00,+25.16582913324E+00
-6.17000E-06,+5.10050251149E+00,+25.16582913324E+00
-6.16000E-06,+5.10050251149E+00,+25.14572863095E+00
-6.15000E-06,+5.10050251149E+00,+25.14572863095E+00
-6.14000E-06,+5.10050251149E+00,+25.16582913324E+00
-6.13000E-06,+5.10050251149E+00,+25.14572863095E+00
-6.12000E-06,+5.10050251149E+00,+25.16582913324E+00
-6.11000E-06,+5.08040200919E+00,+25.14572863095E+00
-6.10000E-06,+5.10050251149E+00,+25.16582913324E+00
-6.09000E-06,+5.10050251149E+00,+25.16582913324E+00
-6.08000E-06,+5.08040200919E+00,+25.16582913324E+00
-6.07000E-06,+5.10050251149E+00,+25.14572863095E+00
-6.06000E-06,+5.12060301378E+00,+25.16582913324E+00
-6.05000E-06,+5.10050251149E+00,+25.16582913324E+00
-6.04000E-06,+5.08040200919E+00,+25.14572863095E+00
-6.03000E-06,+5.10050251149E+00,+25.14572863095E+00
-6.02000E-06,+5.10050251149E+00,+25.14572863094E+00
-6.01000E-06,+5.12060301378E+00,+25.14572863095E+00
-6.00000E-06,+5.10050251149E+00,+25.14572863095E+00
-5.99000E-06,+5.10050251149E+00,+25.12562812865E+00
-5.98000E-06,+5.10050251149E+00,+25.14572863095E+00
-5.97000E-06,+5.10050251149E+00,+25.14572863095E+00
-5.96000E-06,+5.10050251149E+00,+25.16582913324E+00
-5.95000E-06,+5.08040200919E+00,+25.12562812865E+00
-5.94000E-06,+5.12060301378E+00,+25.14572863094E+00
-5.93000E-06,+5.12060301378E+00,+25.12562812865E+00
-5.92000E-06,+5.12060301378E+00,+25.14572863094E+00
-5.91000E-06,+5.12060301378E+00,+25.14572863094E+00
-5.90000E-06,+5.12060301378E+00,+25.12562812865E+00
-5.89000E-06,+5.12060301378E+00,+25.12562812865E+00
-5.88000E-06,+5.10050251149E+00,+25.12562812865E+00
-5.87000E-06,+5.12060301378E+00,+25.10552762635E+00
-5.86000E-06,+5.14070351608E+00,+25.12562812865E+00
-5.85000E-06,+5.12060301378E+00,+25.12562812865E+00
-5.84000E-06,+5.12060301378E+00,+25.12562812865E+00
-5.83000E-06,+5.14070351608E+00,+25.10552762635E+00
-5.82000E-06,+5.14070351608E+00,+25.12562812865E+00
-5.81000E-06,+5.12060301378E+00,+25.12562812865E+00
-5.80000E-06,+5.12060301378E+00,+25.12562812865E+00
-5.79000E-06,+5.12060301378E+00,+25.10552762635E+00
-5.78000E-06,+5.14070351608E+00,+25.12562812865E+00
-5.77000E-06,+5.12060301378E+00,+25.12562812865E+00
-5.76000E-06,+5.12060301378E+00,+25.12562812865E+00
-5.75000E-06,+5.12060301378E+00,+25.12562812865E+00
-5.74000E-06,+5.16080401838E+00,+25.12562812865E+00
-5.73000E-06,+5.14070351608E+00,+25.12562812865E+00
-5.72000E-06,+5.12060301378E+00,+25.10552762635E+00
-5.71000E-06,+5.12060301378E+00,+25.08542712405E+00
-5.70000E-06,+5.14070351608E+00,+25.12562812865E+00
-5.69000E-06,+5.14070351608E+00,+25.12562812865E+00
-5.68000E-06,+5.14070351608E+00,+25.12562812865E+00
-5.67000E-06,+5.14070351608E+00,+25.10552762635E+00
-5.66000E-06,+5.16080401838E+00,+25.12562812865E+00
-5.65000E-06,+5.14070351608E+00,+25.12562812865E+00
-5.64000E-06,+5.14070351608E+00,+25.12562812865E+00
-5.63000E-06,+5.14070351608E+00,+25.12562812865E+00
-5.62000E-06,+5.14070351608E+00,+25.12562812865E+00
-5.61000E-06,+5.14070351608E+00,+25.12562812865E+00
-5.60000E-06,+5.14070351608E+00,+25.12562812865E+00
-5.59000E-06,+5.14070351608E+00,+25.10552762635E+00
-5.58000E-06,+5.14070351608E+00,+25.14572863094E+00
-5.57000E-06,+5.14070351608E+00,+25.12562812865E+00
-5.56000E-06,+5.14070351608E+00,+25.12562812865E+00
-5.55000E-06,+5.12060301378E+00,+25.10552762635E+00
-5.54000E-06,+5.14070351608E+00,+25.14572863094E+00
-5.53000E-06,+5.14070351608E+00,+25.12562812865E+00
-5.52000E-06,+5.14070351608E+00,+25.12562812865E+00
-5.51000E-06,+5.12060301378E+00,+25.10552762635E+00
-5.50000E-06,+5.14070351608E+00,+25.14572863094E+00
-5.49000E-06,+5.14070351608E+00,+25.14572863095E+00
-5.48000E-06,+5.14070351608E+00,+25.14572863095E+00
-5.47000E-06,+5.12060301378E+00,+25.10552762635E+00
-5.46000E-06,+5.14070351608E+00,+25.12562812865E+00
-5.45000E-06,+5.14070351608E+00,+25.12562812865E+00
-5.44000E-06,+5.12060301378E+00,+25.14572863094E+00
-5.43000E-06,+5.14070351608E+00,+25.12562812865E+00
-5.42000E-06,+5.14070351608E+00,+25.14572863094E+00
-5.41000E-06,+5.12060301378E+00,+25.12562812865E+00
-5.40000E-06,+5.12060301378E+00,+25.14572863094E+00
-5.39000E-06,+5.10050251149E+00,+25.12562812865E+00
-5.38000E-06,+5.12060301378E+00,+25.14572863094E+00
-5.37000E-06,+5.14070351608E+00,+25.12562812865E+00
-5.36000E-06,+5.12060301378E+00,+25.14572863094E+00
-5.35000E-06,+5.10050251149E+00,+25.12562812865E+00
-5.34000E-06,+5.12060301378E+00,+25.14572863095E+00
-5.33000E-06,+5.12060301378E+00,+25.14572863094E+00
-5.32000E-06,+5.12060301378E+00,+25.12562812865E+00
-5.31000E-06,+5.12060301378E+00,+25.12562812865E+00
-5.30000E-06,+5.12060301378E+00,+25.14572863095E+00
-5.29000E-06,+5.12060301378E+00,+25.12562812865E+00
-5.28000E-06,+5.12060301378E+00,+25.12562812865E+00
-5.27000E-06,+5.12060301378E+00,+25.12562812865E+00
-5.26000E-06,+5.14070351608E+00,+25.14572863094E+00
-5.25000E-06,+5.12060301378E+00,+25.12562812865E+00
-5.24000E-06,+5.10050251149E+00,+25.14572863095E+00
-5.23000E-06,+5.12060301378E+00,+25.10552762635E+00
-5.22000E-06,+5.12060301378E+00,+25.14572863094E+00
-5.21000E-06,+5.12060301378E+00,+25.12562812865E+00
-5.20000E-06,+5.10050251149E+00,+25.12562812865E+00
-5.19000E-06,+5.12060301378E+00,+25.12562812865E+00
-5.18000E-06,+5.10050251149E+00,+25.14572863094E+00
-5.17000E-06,+5.10050251149E+00,+25.12562812865E+00
-5.16000E-06,+5.12060301378E+00,+25.14572863095E+00
-5.15000E-06,+5.12060301378E+00,+25.14572863095E+00
-5.14000E-06,+5.12060301378E+00,+25.14572863094E+00
-5.13000E-06,+5.10050251149E+00,+25.14572863095E+00
-5.12000E-06,+5.12060301378E+00,+25.14572863095E+00
-5.11000E-06,+5.10050251149E+00,+25.10552762635E+00
-5.10000E-06,+5.12060301378E+00,+25.14572863095E+00
-5.09000E-06,+5.10050251149E+00,+25.12562812865E+00
-5.08000E-06,+5.10050251149E+00,+25.12562812865E+00
-5.07000E-06,+5.12060301378E+00,+25.12562812865E+00
-5.06000E-06,+5.14070351608E+00,+25.14572863094E+00
-5.05000E-06,+5.10050251149E+00,+25.14572863095E+00
-5.04000E-06,+5.08040200919E+00,+25.14572863095E+00
-5.03000E-06,+5.10050251149E+00,+25.12562812865E+00
-5.02000E-06,+5.12060301378E+00,+25.14572863095E+00
-5.01000E-06,+5.10050251149E+00,+25.14572863095E+00
-5.00000E-06,+5.10050251149E+00,+25.16582913324E+00
-4.99000E-06,+5.10050251149E+00,+25.14572863095E+00
-4.98000E-06,+5.10050251149E+00,+25.14572863095E+00
-4.97000E-06,+5.10050251149E+00,+25.14572863095E+00
-4.96000E-06,+5.10050251149E+00,+25.16582913324E+00
-4.95000E-06,+5.08040200919E+00,+25.12562812865E+00
-4.94000E-06,+5.10050251149E+00,+25.14572863094E+00
-4.93000E-06,+5.10050251149E+00,+25.14572863095E+00
-4.92000E-06,+5.12060301378E+00,+25.16582913324E+00
-4.91000E-06,+5.10050251149E+00,+25.14572863095E+00
-4.90000E-06,+5.10050251149E+00,+25.16582913324E+00
-4.89000E-06,+5.10050251149E+00,+25.16582913324E+00
-4.88000E-06,+5.10050251149E+00,+25.16582913324E+00
-4.87000E-06,+5.10050251149E+00,+25.14572863095E+00
-4.86000E-06,+5.10050251149E+00,+25.16582913324E+00
-4.85000E-06,+5.10050251149E+00,+25.14572863095E+00
-4.84000E-06,+5.12060301378E+00,+25.14572863095E+00
-4.83000E-06,+5.08040200919E+00,+25.14572863094E+00
-4.82000E-06,+5.10050251149E+00,+25.14572863094E+00
-4.81000E-06,+5.12060301378E+00,+25.14572863095E+00
-4.80000E-06,+5.10050251149E+00,+25.16582913324E+00
-4.79000E-06,+5.10050251149E+00,+25.14572863095E+00
-4.78000E-06,+5.12060301378E+00,+25.14572863095E+00
-4.77000E-06,+5.10050251149E+00,+25.14572863095E+00
-4.76000E-06,+5.10050251149E+00,+25.16582913324E+00
-4.75000E-06,+5.10050251149E+00,+25.14572863095E+00
-4.74000E-06,+5.10050251149E+00,+25.16582913324E+00
-4.73000E-06,+5.10050251149E+00,+25.14572863095E+00
-4.72000E-06,+5.10050251149E+00,+25.14572863095E+00
-4.71000E-06,+5.08040200919E+00,+25.14572863095E+00
-4.70000E-06,+5.10050251149E+00,+25.14572863095E+00
-4.69000E-06,+5.10050251149E+00,+25.14572863095E+00
-4.68000E-06,+5.08040200919E+00,+25.14572863095E+00
-4.67000E-06,+5.10050251149E+00,+25.14572863095E+00
-4.66000E-06,+5.10050251149E+00,+25.16582913324E+00
-4.65000E-06,+5.10050251149E+00,+25.14572863095E+00
-4.64000E-06,+5.08040200919E+00,+25.16582913324E+00
-4.63000E-06,+5.08040200919E+00,+25.14572863095E+00
-4.62000E-06,+5.10050251149E+00,+25.14572863095E+00
-4.61000E-06,+5.10050251149E+00,+25.16582913324E+00
-4.60000E-06,+5.10050251149E+00,+25.16582913324E+00
-4.59000E-06,+5.12060301378E+00,+25.12562812865E+00
-4.58000E-06,+5.10050251149E+00,+25.16582913324E+00
-4.57000E-06,+5.10050251149E+00,+25.14572863095E+00
-4.56000E-06,+5.10050251149E+00,+25.16582913324E+00
-4.55000E-06,+5.08040200919E+00,+25.14572863095E+00
-4.54000E-06,+5.08040200919E+00,+25.14572863094E+00
-4.53000E-06,+5.10050251149E+00,+25.18592963554E+00
-4.52000E-06,+5.08040200919E+00,+25.16582913324E+00
-4.51000E-06,+5.12060301378E+00,+25.14572863095E+00
-4.50000E-06,+5.10050251149E+00,+25.16582913324E+00
-4.49000E-06,+5.10050251149E+00,+25.12562812865E+00
-4.48000E-06,+5.10050251149E+00,+25.16582913324E+00
-4.47000E-06,+5.08040200919E+00,+25.16582913324E+00
-4.46000E-06,+5.10050251149E+00,+25.14572863095E+00
-4.45000E-06,+5.10050251149E+00,+25.16582913324E+00
-4.44000E-06,+5.10050251149E+00,+25.18592963554E+00
-4.43000E-06,+5.10050251149E+00,+25.14572863095E+00
-4.42000E-06,+5.10050251149E+00,+25.16582913324E+00
-4.41000E-06,+5.08040200919E+00,+25.16582913324E+00
-4.40000E-06,+5.08040200919E+00,+25.16582913324E+00
-4.39000E-06,+5.08040200919E+00,+25.16582913324E+00
-4.38000E-06,+5.10050251149E+00,+25.16582913324E+00
-4.37000E-06,+5.08040200919E+00,+25.14572863095E+00
-4.36000E-06,+5.08040200919E+00,+25.16582913324E+00
-4.35000E-06,+5.10050251149E+00,+25.12562812865E+00
-4.34000E-06,+5.10050251149E+00,+25.14572863095E+00
-4.33000E-06,+5.10050251149E+00,+25.14572863095E+00
-4.32000E-06,+5.10050251149E+00,+25.14572863095E+00
-4.31000E-06,+5.10050251149E+00,+25.12562812865E+00
-4.30000E-06,+5.12060301378E+00,+25.14572863094E+00
-4.29000E-06,+5.10050251149E+00,+25.12562812865E+00
-4.28000E-06,+5.10050251149E+00,+25.14572863095E+00
-4.27000E-06,+5.12060301378E+00,+25.12562812865E+00
-4.26000E-06,+5.12060301378E+00,+25.14572863095E+00
-4.25000E-06,+5.12060301378E+00,+25.12562812865E+00
-4.24000E-06,+5.10050251149E+00,+25.12562812865E+00
-4.23000E-06,+5.10050251149E+00,+25.10552762635E+00
-4.22000E-06,+5.14070351608E+00,+25.14572863094E+00
-4.21000E-06,+5.12060301378E+00,+25.12562812865E+00
-4.20000E-06,+5.12060301378E+00,+25.12562812865E+00
-4.19000E-06,+5.14070351608E+00,+25.12562812865E+00
-4.18000E-06,+5.12060301378E+00,+25.12562812865E+00
-4.17000E-06,+5.12060301378E+00,+25.12562812865E+00
-4.16000E-06,+5.14070351608E+00,+25.12562812865E+00
-4.15000E-06,+5.12060301378E+00,+25.10552762635E+00
-4.14000E-06,+5.14070351608E+00,+25.14572863094E+00
-4.13000E-06,+5.12060301378E+00,+25.12562812865E+00
-4.12000E-06,+5.14070351608E+00,+25.12562812865E+00
-4.11000E-06,+5.14070351608E+00,+25.10552762635E+00
-4.10000E-06,+5.14070351608E+00,+25.12562812865E+00
-4.09000E-06,+5.14070351608E+00,+25.12562812865E+00
-4.08000E-06,+5.14070351608E+00,+25.12562812865E+00
-4.07000E-06,+5.14070351608E+00,+25.10552762635E+00
-4.06000E-06,+5.14070351608E+00,+25.14572863094E+00
-4.05000E-06,+5.14070351608E+00,+25.12562812865E+00
-4.04000E-06,+5.14070351608E+00,+25.12562812865E+00
-4.03000E-06,+5.12060301378E+00,+25.10552762635E+00
-4.02000E-06,+5.14070351608E+00,+25.12562812865E+00
-4.01000E-06,+5.14070351608E+00,+25.14572863095E+00
-4.00000E-06,+5.14070351608E+00,+25.12562812865E+00
-3.99000E-06,+5.14070351608E+00,+25.10552762635E+00
-3.98000E-06,+5.16080401838E+00,+25.12562812865E+00
-3.97000E-06,+5.12060301378E+00,+25.12562812865E+00
-3.96000E-06,+5.14070351608E+00,+25.12562812865E+00
-3.95000E-06,+5.14070351608E+00,+25.10552762635E+00
-3.94000E-06,+5.14070351608E+00,+25.14572863094E+00
-3.93000E-06,+5.12060301378E+00,+25.12562812865E+00
-3.92000E-06,+5.14070351608E+00,+25.12562812865E+00
-3.91000E-06,+5.14070351608E+00,+25.12562812865E+00
-3.90000E-06,+5.16080401838E+00,+25.14572863094E+00
-3.89000E-06,+5.12060301378E+00,+25.12562812865E+00
-3.88000E-06,+5.14070351608E+00,+25.12562812865E+00
-3.87000E-06,+5.12060301378E+00,+25.12562812865E+00
-3.86000E-06,+5.14070351608E+00,+25.14572863094E+00
-3.85000E-06,+5.14070351608E+00,+25.12562812865E+00
-3.84000E-06,+5.14070351608E+00,+25.14572863095E+00
-3.83000E-06,+5.12060301378E+00,+25.12562812865E+00
-3.82000E-06,+5.12060301378E+00,+25.12562812865E+00
-3.81000E-06,+5.12060301378E+00,+25.12562812865E+00
-3.80000E-06,+5.14070351608E+00,+25.12562812865E+00
-3.79000E-06,+5.12060301378E+00,+25.14572863095E+00
-3.78000E-06,+5.14070351608E+00,+25.12562812865E+00
-3.77000E-06,+5.14070351608E+00,+25.12562812865E+00
-3.76000E-06,+5.12060301378E+00,+25.14572863095E+00
-3.75000E-06,+5.12060301378E+00,+25.12562812865E+00
-3.74000E-06,+5.12060301378E+00,+25.14572863095E+00
-3.73000E-06,+5.12060301378E+00,+25.12562812865E+00
-3.72000E-06,+5.12060301378E+00,+25.12562812865E+00
-3.71000E-06,+5.12060301378E+00,+25.10552762635E+00
-3.70000E-06,+5.08040200919E+00,+25.02512561716E+00
-3.69000E-06,+5.08040200919E+00,+25.14572863095E+00
-3.68000E-06,+5.14070351608E+00,+25.18592963554E+00
-3.67000E-06,+5.10050251149E+00,+25.10552762635E+00
-3.66000E-06,+5.14070351608E+00,+25.18592963554E+00
-3.65000E-06,+5.12060301378E+00,+25.14572863095E+00
-3.64000E-06,+5.10050251149E+00,+25.18592963554E+00
-3.63000E-06,+5.12060301378E+00,+25.14572863095E+00
-3.62000E-06,+5.06030150689E+00,+25.10552762635E+00
-3.61000E-06,+5.08040200919E+00,+25.12562812865E+00
-3.60000E-06,+5.12060301378E+00,+25.12562812865E+00
-3.59000E-06,+5.12060301378E+00,+25.14572863095E+00
-3.58000E-06,+5.16080401838E+00,+25.18592963554E+00
-3.57000E-06,+5.12060301378E+00,+25.16582913324E+00
-3.56000E-06,+5.10050251149E+00,+25.14572863095E+00
-3.55000E-06,+5.12060301378E+00,+25.14572863095E+00
-3.54000E-06,+5.10050251149E+00,+25.12562812865E+00
-3.53000E-06,+5.08040200919E+00,+25.12562812865E+00
-3.52000E-06,+5.08040200919E+00,+25.14572863095E+00
-3.51000E-06,+5.12060301378E+00,+25.12562812865E+00
-3.50000E-06,+5.12060301378E+00,+25.14572863094E+00
-3.49000E-06,+5.10050251149E+00,+25.14572863095E+00
-3.48000E-06,+5.10050251149E+00,+25.14572863095E+00
-3.47000E-06,+5.08040200919E+00,+25.12562812865E+00
-3.46000E-06,+5.10050251149E+00,+25.14572863094E+00
-3.45000E-06,+5.10050251149E+00,+25.14572863094E+00
-3.44000E-06,+5.08040200919E+00,+25.12562812865E+00
-3.43000E-06,+5.10050251149E+00,+25.16582913324E+00
-3.42000E-06,+5.12060301378E+00,+25.18592963554E+00
-3.41000E-06,+5.08040200919E+00,+25.12562812865E+00
-3.40000E-06,+5.08040200919E+00,+25.14572863095E+00
-3.39000E-06,+5.08040200919E+00,+25.14572863095E+00
-3.38000E-06,+5.10050251149E+00,+25.14572863094E+00
-3.37000E-06,+5.10050251149E+00,+25.12562812865E+00
-3.36000E-06,+5.08040200919E+00,+25.12562812865E+00
-3.35000E-06,+5.08040200919E+00,+25.14572863095E+00
-3.34000E-06,+5.10050251149E+00,+25.18592963554E+00
-3.33000E-06,+5.10050251149E+00,+25.16582913324E+00
-3.32000E-06,+5.08040200919E+00,+25.12562812865E+00
-3.31000E-06,+5.08040200919E+00,+25.14572863095E+00
-3.30000E-06,+5.10050251149E+00,+25.16582913324E+00
-3.29000E-06,+5.08040200919E+00,+25.12562812865E+00
-3.28000E-06,+5.08040200919E+00,+25.14572863094E+00
-3.27000E-06,+5.08040200919E+00,+25.12562812865E+00
-3.26000E-06,+5.08040200919E+00,+25.14572863094E+00
-3.25000E-06,+5.10050251149E+00,+25.16582913324E+00
-3.24000E-06,+5.10050251148E+00,+25.14572863095E+00
-3.23000E-06,+5.08040200919E+00,+25.12562812865E+00
-3.22000E-06,+5.08040200919E+00,+25.16582913324E+00
-3.21000E-06,+5.08040200919E+00,+25.14572863095E+00
-3.20000E-06,+5.06030150689E+00,+25.12562812865E+00
-3.19000E-06,+5.06030150689E+00,+25.12562812865E+00
-3.18000E-06,+5.08040200919E+00,+25.16582913324E+00
-3.17000E-06,+5.08040200919E+00,+25.14572863095E+00
-3.16000E-06,+5.08040200919E+00,+25.14572863095E+00
-3.15000E-06,+5.06030150689E+00,+25.12562812865E+00
-3.14000E-06,+5.06030150689E+00,+25.16582913324E+00
-3.13000E-06,+5.08040200919E+00,+25.14572863095E+00
-3.12000E-06,+5.06030150689E+00,+25.14572863095E+00
-3.11000E-06,+5.04020100459E+00,+25.14572863095E+00
-3.10000E-06,+5.06030150689E+00,+25.16582913324E+00
-3.09000E-06,+5.04020100460E+00,+25.14572863095E+00
-3.08000E-06,+5.06030150689E+00,+25.16582913324E+00
-3.07000E-06,+5.04020100459E+00,+25.14572863095E+00
-3.06000E-06,+5.06030150689E+00,+25.16582913324E+00
-3.05000E-06,+5.04020100460E+00,+25.16582913324E+00
-3.04000E-06,+5.06030150689E+00,+25.14572863095E+00
-3.03000E-06,+5.06030150689E+00,+25.14572863095E+00
-3.02000E-06,+5.06030150689E+00,+25.14572863095E+00
-3.01000E-06,+5.04020100460E+00,+25.16582913324E+00
-3.00000E-06,+5.06030150689E+00,+25.14572863095E+00
-2.99000E-06,+5.04020100459E+00,+25.14572863095E+00
-2.98000E-06,+5.06030150689E+00,+25.14572863095E+00
-2.97000E-06,+5.04020100460E+00,+25.12562812865E+00
-2.96000E-06,+5.04020100459E+00,+25.14572863095E+00
-2.95000E-06,+5.04020100459E+00,+25.14572863095E+00
-2.94000E-06,+5.06030150689E+00,+25.14572863094E+00
-2.93000E-06,+5.04020100460E+00,+25.16582913324E+00
-2.92000E-06,+5.04020100459E+00,+25.16582913324E+00
-2.91000E-06,+5.04020100459E+00,+25.12562812865E+00
-2.90000E-06,+5.04020100459E+00,+25.14572863094E+00
-2.89000E-06,+5.02010050230E+00,+25.14572863095E+00
-2.88000E-06,+5.02010050230E+00,+25.14572863095E+00
-2.87000E-06,+5.02010050230E+00,+25.14572863095E+00
-2.86000E-06,+5.04020100459E+00,+25.16582913324E+00
-2.85000E-06,+5.04020100459E+00,+25.16582913324E+00
-2.84000E-06,+5.02010050230E+00,+25.16582913324E+00
-2.83000E-06,+5.02010050230E+00,+25.14572863095E+00
-2.82000E-06,+5.02010050230E+00,+25.16582913324E+00
-2.81000E-06,+5.04020100460E+00,+25.16582913324E+00
-2.80000E-06,+5.04020100459E+00,+25.14572863095E+00
-2.79000E-06,+5.00000000000E+00,+25.14572863095E+00
-2.78000E-06,+5.02010050230E+00,+25.16582913324E+00
-2.77000E-06,+5.02010050230E+00,+25.12562812865E+00
-2.76000E-06,+5.04020100459E+00,+25.14572863095E+00
-2.75000E-06,+5.04020100459E+00,+25.12562812865E+00
-2.74000E-06,+5.04020100459E+00,+25.14572863095E+00
-2.73000E-06,+5.04020100459E+00,+25.12562812865E+00
-2.72000E-06,+5.04020100459E+00,+25.12562812865E+00
-2.71000E-06,+5.04020100459E+00,+25.12562812865E+00
-2.70000E-06,+5.04020100459E+00,+25.12562812865E+00
-2.69000E-06,+5.04020100459E+00,+25.12562812865E+00
-2.68000E-06,+5.04020100459E+00,+25.14572863094E+00
-2.67000E-06,+5.02010050230E+00,+25.10552762635E+00
-2.66000E-06,+5.04020100459E+00,+25.14572863094E+00
-2.65000E-06,+5.02010050230E+00,+25.12562812865E+00
-2.64000E-06,+5.04020100459E+00,+25.12562812865E+00
-2.63000E-06,+5.00000000000E+00,+25.12562812865E+00
-2.62000E-06,+5.04020100459E+00,+25.12562812865E+00
-2.61000E-06,+5.04020100460E+00,+25.12562812865E+00
-2.60000E-06,+5.04020100459E+00,+25.10552762635E+00
-2.59000E-06,+5.04020100459E+00,+25.10552762635E+00
-2.58000E-06,+5.04020100459E+00,+25.10552762635E+00
-2.57000E-06,+5.04020100460E+00,+25.10552762635E+00
-2.56000E-06,+5.04020100459E+00,+25.10552762635E+00
-2.55000E-06,+5.06030150689E+00,+25.10552762635E+00
-2.54000E-06,+5.04020100459E+00,+25.12562812865E+00
-2.53000E-06,+5.04020100459E+00,+25.10552762635E+00
-2.52000E-06,+5.02010050230E+00,+25.12562812865E+00
-2.51000E-06,+5.04020100459E+00,+25.08542712405E+00
-2.50000E-06,+5.02010050230E+00,+25.12562812865E+00
-2.49000E-06,+5.04020100459E+00,+25.12562812865E+00
-2.48000E-06,+5.04020100459E+00,+25.10552762635E+00
-2.47000E-06,+5.04020100459E+00,+25.10552762635E+00
-2.46000E-06,+5.04020100459E+00,+25.08542712405E+00
-2.45000E-06,+5.02010050230E+00,+25.12562812865E+00
-2.44000E-06,+5.02010050230E+00,+25.12562812865E+00
-2.43000E-06,+5.02010050230E+00,+25.10552762635E+00
-2.42000E-06,+5.04020100459E+00,+25.12562812865E+00
-2.41000E-06,+5.02010050230E+00,+25.10552762635E+00
-2.40000E-06,+5.04020100459E+00,+25.12562812865E+00
-2.39000E-06,+5.02010050230E+00,+25.10552762635E+00
-2.38000E-06,+5.04020100459E+00,+25.12562812865E+00
-2.37000E-06,+5.02010050230E+00,+25.12562812865E+00
-2.36000E-06,+5.02010050230E+00,+25.12562812865E+00
-2.35000E-06,+5.02010050230E+00,+25.10552762635E+00
-2.34000E-06,+5.02010050230E+00,+25.10552762635E+00
-2.33000E-06,+5.00000000000E+00,+25.12562812865E+00
-2.32000E-06,+5.00000000000E+00,+25.10552762635E+00
-2.31000E-06,+5.02010050230E+00,+25.10552762635E+00
-2.30000E-06,+5.02010050230E+00,+25.12562812865E+00
-2.29000E-06,+5.02010050230E+00,+25.10552762635E+00
-2.28000E-06,+5.02010050230E+00,+25.12562812865E+00
-2.27000E-06,+5.02010050230E+00,+25.08542712406E+00
-2.26000E-06,+5.02010050230E+00,+25.12562812865E+00
-2.25000E-06,+5.00000000000E+00,+25.10552762635E+00
-2.24000E-06,+5.00000000000E+00,+25.12562812865E+00
-2.23000E-06,+5.02010050230E+00,+25.12562812865E+00
-2.22000E-06,+5.02010050230E+00,+25.12562812865E+00
-2.21000E-06,+5.02010050230E+00,+25.12562812865E+00
-2.20000E-06,+5.00000000000E+00,+25.12562812865E+00
-2.19000E-06,+5.00000000000E+00,+25.10552762635E+00
-2.18000E-06,+5.02010050230E+00,+25.12562812865E+00
-2.17000E-06,+5.00000000000E+00,+25.12562812865E+00
-2.16000E-06,+5.00000000000E+00,+25.10552762635E+00
-2.15000E-06,+5.00000000000E+00,+25.10552762635E+00
-2.14000E-06,+5.02010050230E+00,+25.14572863094E+00
-2.13000E-06,+4.97989949770E+00,+25.12562812865E+00
-2.12000E-06,+5.00000000000E+00,+25.10552762635E+00
-2.11000E-06,+4.97989949770E+00,+25.10552762635E+00
-2.10000E-06,+5.00000000000E+00,+25.12562812865E+00
-2.09000E-06,+4.95979899541E+00,+25.12562812865E+00
-2.08000E-06,+4.97989949770E+00,+25.12562812865E+00
-2.07000E-06,+4.97989949770E+00,+25.10552762635E+00
-2.06000E-06,+4.97989949770E+00,+25.12562812865E+00
-2.05000E-06,+4.97989949770E+00,+25.12562812865E+00
-2.04000E-06,+4.97989949770E+00,+25.12562812865E+00
-2.03000E-06,+4.95979899541E+00,+25.10552762635E+00
-2.02000E-06,+4.95979899541E+00,+25.14572863094E+00
-2.01000E-06,+4.95979899541E+00,+25.12562812865E+00
-2.00000E-06,+4.95979899541E+00,+25.14572863094E+00
-1.99000E-06,+4.95979899541E+00,+25.10552762635E+00
-1.98000E-06,+4.97989949770E+00,+25.14572863094E+00
-1.97000E-06,+4.95979899541E+00,+25.12562812865E+00
-1.96000E-06,+4.95979899541E+00,+25.12562812865E+00
-1.95000E-06,+4.95979899541E+00,+25.10552762635E+00
-1.94000E-06,+4.95979899541E+00,+25.12562812865E+00
-1.93000E-06,+4.95979899541E+00,+25.12562812865E+00
-1.92000E-06,+4.95979899541E+00,+25.12562812865E+00
-1.91000E-06,+4.95979899540E+00,+25.10552762635E+00
-1.90000E-06,+4.93969849311E+00,+25.12562812865E+00
-1.89000E-06,+4.93969849311E+00,+25.12562812865E+00
-1.88000E-06,+4.93969849311E+00,+25.12562812865E+00
-1.87000E-06,+4.91959799081E+00,+25.10552762635E+00
-1.86000E-06,+4.93969849311E+00,+25.14572863094E+00
-1.85000E-06,+4.93969849311E+00,+25.14572863095E+00
-1.84000E-06,+4.93969849311E+00,+25.12562812865E+00
-1.83000E-06,+4.93969849311E+00,+25.10552762635E+00
-1.82000E-06,+4.93969849311E+00,+25.14572863094E+00
-1.81000E-06,+4.93969849311E+00,+25.14572863094E+00
-1.80000E-06,+4.93969849311E+00,+25.12562812865E+00
-1.79000E-06,+4.93969849311E+00,+25.12562812865E+00
-1.78000E-06,+4.93969849311E+00,+25.14572863094E+00
-1.77000E-06,+4.91959799081E+00,+25.12562812865E+00
-1.76000E-06,+4.93969849311E+00,+25.14572863095E+00
-1.75000E-06,+4.91959799081E+00,+25.10552762635E+00
-1.74000E-06,+4.91959799081E+00,+25.14572863094E+00
-1.73000E-06,+4.91959799081E+00,+25.14572863095E+00
-1.72000E-06,+4.91959799081E+00,+25.14572863094E+00
-1.71000E-06,+4.89949748851E+00,+25.12562812865E+00
-1.70000E-06,+4.91959799081E+00,+25.14572863094E+00
-1.69000E-06,+4.91959799081E+00,+25.14572863095E+00
-1.68000E-06,+4.91959799081E+00,+25.16582913324E+00
-1.67000E-06,+4.91959799081E+00,+25.14572863095E+00
-1.66000E-06,+4.89949748851E+00,+25.12562812865E+00
-1.65000E-06,+4.91959799081E+00,+25.12562812865E+00
-1.64000E-06,+4.91959799081E+00,+25.14572863095E+00
-1.63000E-06,+4.91959799081E+00,+25.12562812865E+00
-1.62000E-06,+4.91959799081E+00,+25.14572863095E+00
-1.61000E-06,+4.89949748851E+00,+25.14572863095E+00
-1.60000E-06,+4.89949748851E+00,+25.14572863095E+00
-1.59000E-06,+4.91959799081E+00,+25.12562812865E+00
-1.58000E-06,+4.89949748851E+00,+25.16582913324E+00
-1.57000E-06,+4.89949748851E+00,+25.14572863095E+00
-1.56000E-06,+4.89949748851E+00,+25.14572863095E+00
-1.55000E-06,+4.89949748851E+00,+25.14572863094E+00
-1.54000E-06,+4.91959799081E+00,+25.14572863095E+00
-1.53000E-06,+4.89949748851E+00,+25.14572863095E+00
-1.52000E-06,+4.89949748851E+00,+25.16582913324E+00
-1.51000E-06,+4.89949748851E+00,+25.12562812865E+00
-1.50000E-06,+4.89949748851E+00,+25.14572863095E+00
-1.49000E-06,+4.89949748851E+00,+25.16582913324E+00
-1.48000E-06,+4.87939698622E+00,+25.16582913324E+00
-1.47000E-06,+4.87939698622E+00,+25.14572863095E+00
-1.46000E-06,+4.87939698622E+00,+25.14572863095E+00
-1.45000E-06,+4.87939698622E+00,+25.14572863095E+00
-1.44000E-06,+4.87939698622E+00,+25.16582913324E+00
-1.43000E-06,+4.87939698622E+00,+25.14572863095E+00
-1.42000E-06,+4.87939698622E+00,+25.14572863095E+00
-1.41000E-06,+4.87939698622E+00,+25.14572863095E+00
-1.40000E-06,+4.87939698622E+00,+25.14572863095E+00
-1.39000E-06,+4.87939698622E+00,+25.14572863095E+00
-1.38000E-06,+4.87939698622E+00,+25.16582913324E+00
-1.37000E-06,+4.87939698622E+00,+25.14572863095E+00
-1.36000E-06,+4.87939698622E+00,+25.16582913324E+00
-1.35000E-06,+4.87939698622E+00,+25.16582913324E+00
-1.34000E-06,+4.87939698622E+00,+25.16582913324E+00
-1.33000E-06,+4.85929648392E+00,+25.14572863095E+00
-1.32000E-06,+4.87939698622E+00,+25.16582913324E+00
-1.31000E-06,+4.87939698622E+00,+25.14572863095E+00
-1.30000E-06,+4.87939698622E+00,+25.16582913324E+00
-1.29000E-06,+4.85929648392E+00,+25.16582913324E+00
-1.28000E-06,+4.85929648392E+00,+25.16582913324E+00
-1.27000E-06,+4.85929648392E+00,+25.14572863095E+00
-1.26000E-06,+4.85929648392E+00,+25.14572863094E+00
-1.25000E-06,+4.85929648392E+00,+25.14572863095E+00
-1.24000E-06,+4.85929648392E+00,+25.16582913324E+00
-1.23000E-06,+4.83919598162E+00,+25.16582913324E+00
-1.22000E-06,+4.85929648392E+00,+25.16582913324E+00
-1.21000E-06,+4.83919598162E+00,+25.14572863095E+00
-1.20000E-06,+4.85929648392E+00,+25.16582913324E+00
-1.19000E-06,+4.81909547933E+00,+25.14572863095E+00
-1.18000E-06,+4.85929648392E+00,+25.14572863095E+00
-1.17000E-06,+4.83919598162E+00,+25.14572863095E+00
-1.16000E-06,+4.85929648392E+00,+25.16582913324E+00
-1.15000E-06,+4.83919598162E+00,+25.14572863095E+00
-1.14000E-06,+4.83919598162E+00,+25.16582913324E+00
-1.13000E-06,+4.83919598162E+00,+25.16582913324E+00
-1.12000E-06,+4.85929648392E+00,+25.16582913324E+00
-1.11000E-06,+4.83919598162E+00,+25.16582913324E+00
-1.10000E-06,+4.83919598162E+00,+25.14572863095E+00
-1.09000E-06,+4.83919598162E+00,+25.14572863095E+00
-1.08000E-06,+4.85929648392E+00,+25.14572863095E+00
-1.07000E-06,+4.83919598162E+00,+25.14572863095E+00
-1.06000E-06,+4.83919598162E+00,+25.14572863094E+00
-1.05000E-06,+4.83919598162E+00,+25.14572863095E+00
-1.04000E-06,+4.85929648392E+00,+25.14572863094E+00
-1.03000E-06,+4.83919598162E+00,+25.10552762635E+00
-1.02000E-06,+4.83919598162E+00,+25.12562812865E+00
-1.01000E-06,+4.83919598162E+00,+25.12562812865E+00
-1.00000E-06,+4.85929648392E+00,+25.12562812865E+00
-990.00E-09,+4.83919598162E+00,+25.12562812865E+00
-980.00E-09,+4.87939698621E+00,+25.12562812865E+00
-970.00E-09,+4.83919598162E+00,+25.10552762635E+00
-960.00E-09,+4.85929648392E+00,+25.08542712405E+00
-950.00E-09,+4.85929648392E+00,+25.06532662176E+00
-940.00E-09,+4.85929648392E+00,+25.08542712405E+00
-930.00E-09,+4.85929648392E+00,+25.08542712405E+00
-920.00E-09,+4.85929648392E+00,+25.08542712405E+00
-910.00E-09,+4.83919598162E+00,+25.06532662176E+00
-900.00E-09,+4.87939698622E+00,+25.06532662176E+00
-890.00E-09,+4.87939698622E+00,+25.06532662175E+00
-880.00E-09,+4.89949748851E+00,+25.06532662175E+00
-870.00E-09,+4.87939698622E+00,+25.06532662176E+00
-860.00E-09,+4.89949748851E+00,+25.04522611946E+00
-850.00E-09,+4.87939698622E+00,+25.04522611946E+00
-840.00E-09,+4.87939698622E+00,+25.04522611946E+00
-830.00E-09,+4.87939698622E+00,+25.02512561716E+00
-820.00E-09,+4.89949748851E+00,+25.02512561716E+00
-810.00E-09,+4.89949748851E+00,+25.04522611946E+00
-800.00E-09,+4.89949748851E+00,+25.04522611946E+00
-790.00E-09,+4.89949748851E+00,+25.02512561716E+00
-780.00E-09,+4.89949748851E+00,+25.02512561716E+00
-770.00E-09,+4.89949748851E+00,+25.02512561716E+00
-760.00E-09,+4.91959799081E+00,+25.04522611946E+00
-750.00E-09,+4.89949748851E+00,+25.02512561716E+00
-740.00E-09,+4.91959799081E+00,+25.04522611946E+00
-730.00E-09,+4.91959799081E+00,+25.04522611946E+00
-720.00E-09,+4.89949748851E+00,+25.04522611946E+00
-710.00E-09,+4.89949748851E+00,+25.02512561716E+00
-700.00E-09,+4.91959799081E+00,+25.06532662175E+00
-690.00E-09,+4.91959799081E+00,+25.04522611946E+00
-680.00E-09,+4.91959799081E+00,+25.04522611946E+00
-670.00E-09,+4.91959799081E+00,+25.02512561716E+00
-660.00E-09,+4.91959799081E+00,+25.04522611946E+00
-650.00E-09,+4.91959799081E+00,+25.04522611946E+00
-640.00E-09,+4.91959799081E+00,+25.06532662175E+00
-630.00E-09,+4.89949748851E+00,+25.02512561716E+00
-620.00E-09,+4.93969849311E+00,+25.06532662175E+00
-610.00E-09,+4.91959799081E+00,+25.04522611946E+00
-600.00E-09,+4.91959799081E+00,+25.04522611946E+00
-590.00E-09,+4.91959799081E+00,+25.02512561716E+00
-580.00E-09,+4.91959799081E+00,+25.06532662175E+00
-570.00E-09,+4.91959799081E+00,+25.04522611946E+00
-560.00E-09,+4.89949748852E+00,+25.04522611946E+00
-550.00E-09,+4.89949748851E+00,+25.04522611946E+00
-540.00E-09,+4.91959799081E+00,+25.06532662175E+00
-530.00E-09,+4.91959799081E+00,+25.08542712405E+00
-520.00E-09,+4.91959799081E+00,+25.06532662176E+00
-510.00E-09,+4.91959799081E+00,+25.04522611946E+00
-500.00E-09,+4.93969849311E+00,+25.06532662176E+00
-490.00E-09,+4.89949748851E+00,+25.06532662176E+00
-480.00E-09,+4.93969849311E+00,+25.06532662176E+00
-470.00E-09,+4.91959799081E+00,+25.06532662176E+00
-460.00E-09,+4.89949748851E+00,+25.06532662176E+00
-450.00E-09,+4.89949748851E+00,+25.10552762635E+00
-440.00E-09,+4.87939698622E+00,+25.08542712405E+00
-430.00E-09,+4.89949748851E+00,+25.06532662176E+00
-420.00E-09,+4.91959799081E+00,+25.06532662176E+00
-410.00E-09,+4.89949748851E+00,+25.06532662176E+00
-400.00E-09,+4.87939698622E+00,+25.08542712405E+00
-390.00E-09,+4.89949748851E+00,+25.08542712405E+00
-380.00E-09,+4.91959799081E+00,+25.08542712405E+00
-370.00E-09,+4.89949748851E+00,+25.10552762635E+00
-360.00E-09,+4.91959799081E+00,+25.08542712405E+00
-350.00E-09,+4.89949748851E+00,+25.08542712405E+00
-340.00E-09,+4.89949748851E+00,+25.10552762635E+00
-330.00E-09,+4.89949748851E+00,+25.08542712405E+00
-320.00E-09,+4.89949748851E+00,+25.10552762635E+00
-310.00E-09,+4.87939698622E+00,+25.08542712405E+00
-300.00E-09,+4.87939698622E+00,+25.10552762635E+00
-290.00E-09,+4.87939698622E+00,+25.08542712405E+00
-280.00E-09,+4.87939698622E+00,+25.12562812865E+00
-270.00E-09,+4.87939698622E+00,+25.08542712405E+00
-260.00E-09,+4.89949748851E+00,+25.10552762635E+00
-250.00E-09,+4.87939698622E+00,+25.10552762635E+00
-240.00E-09,+4.85929648392E+00,+25.14572863094E+00
-230.00E-09,+4.87939698622E+00,+25.10552762635E+00
-220.00E-09,+4.87939698621E+00,+25.12562812865E+00
-210.00E-09,+4.87939698622E+00,+25.10552762635E+00
-200.00E-09,+4.87939698622E+00,+25.12562812865E+00
-190.00E-09,+4.87939698621E+00,+25.08542712406E+00
-180.00E-09,+4.87939698621E+00,+25.12562812865E+00
-170.00E-09,+4.85929648392E+00,+25.12562812865E+00
-160.00E-09,+4.85929648392E+00,+25.14572863094E+00
-150.00E-09,+4.85929648392E+00,+25.10552762635E+00
-140.00E-09,+4.85929648392E+00,+25.12562812865E+00
-130.00E-09,+4.85929648392E+00,+25.12562812865E+00
-120.00E-09,+4.83919598162E+00,+25.14572863094E+00
-110.00E-09,+4.83919598162E+00,+25.12562812865E+00
-100.00E-09,+4.85929648392E+00,+25.12562812865E+00
-90.00E-09,+4.83919598162E+00,+25.14572863094E+00
-80.00E-09,+4.85929648392E+00,+25.16582913324E+00
-70.00E-09,+4.81909547933E+00,+25.14572863094E+00
-60.00E-09,+4.85929648392E+00,+25.16582913324E+00
-50.00E-09,+4.81909547933E+00,+25.14572863095E+00
-40.00E-09,+4.85929648392E+00,+25.14572863095E+00
-30.00E-09,+4.81909547933E+00,+25.12562812865E+00
-20.00E-09,+4.81909547932E+00,+25.14572863095E+00
-10.00E-09,+4.81909547933E+00,+25.16582913324E+00
-0.0E+00,+4.81909547932E+00,+25.16582913324E+00
+10.00E-09,+4.79899497703E+00,+25.14572863095E+00
+20.00E-09,+4.81909547932E+00,+25.16582913324E+00
+30.00E-09,+4.81909547932E+00,+25.12562812865E+00
+40.00E-09,+4.81909547932E+00,+25.16582913324E+00
+50.00E-09,+4.81909547932E+00,+25.14572863095E+00
+60.00E-09,+4.83919598162E+00,+25.16582913324E+00
+70.00E-09,+4.79899497703E+00,+25.16582913324E+00
+80.00E-09,+4.79899497703E+00,+25.18592963554E+00
+90.00E-09,+4.77889447473E+00,+25.14572863095E+00
+100.00E-09,+4.81909547932E+00,+25.16582913324E+00
+110.00E-09,+4.77889447473E+00,+25.18592963554E+00
+120.00E-09,+4.79899497703E+00,+25.18592963554E+00
+130.00E-09,+4.77889447473E+00,+25.14572863095E+00
+140.00E-09,+4.79899497703E+00,+25.16582913324E+00
+150.00E-09,+4.75879397244E+00,+25.18592963554E+00
+160.00E-09,+4.79899497703E+00,+25.18592963554E+00
+170.00E-09,+4.77889447473E+00,+25.16582913324E+00
+180.00E-09,+4.77889447473E+00,+25.16582913324E+00
+190.00E-09,+4.75879397244E+00,+25.18592963554E+00
+200.00E-09,+4.75879397243E+00,+25.16582913324E+00
+210.00E-09,+4.75879397243E+00,+25.16582913324E+00
+220.00E-09,+4.77889447473E+00,+25.18592963554E+00
+230.00E-09,+4.75879397243E+00,+25.18592963554E+00
+240.00E-09,+4.75879397243E+00,+25.20603013784E+00
+250.00E-09,+4.75879397243E+00,+25.18592963554E+00
+260.00E-09,+4.77889447473E+00,+25.20603013784E+00
+270.00E-09,+4.75879397243E+00,+25.20603013784E+00
+280.00E-09,+4.73869347014E+00,+25.18592963554E+00
+290.00E-09,+4.75879397243E+00,+25.18592963554E+00
+300.00E-09,+4.75879397243E+00,+25.18592963554E+00
+310.00E-09,+4.75879397243E+00,+25.18592963554E+00
+320.00E-09,+4.73869347014E+00,+25.18592963554E+00
+330.00E-09,+4.71859296784E+00,+25.18592963554E+00
+340.00E-09,+4.73869347014E+00,+25.20603013784E+00
+350.00E-09,+4.71859296784E+00,+25.20603013784E+00
+360.00E-09,+4.75879397243E+00,+25.20603013784E+00
+370.00E-09,+4.71859296784E+00,+25.18592963554E+00
+380.00E-09,+4.73869347014E+00,+25.20603013784E+00
+390.00E-09,+4.73869347014E+00,+25.18592963554E+00
+400.00E-09,+4.71859296784E+00,+25.20603013784E+00
+410.00E-09,+4.71859296784E+00,+25.18592963554E+00
+420.00E-09,+4.73869347014E+00,+25.20603013784E+00
+430.00E-09,+4.71859296784E+00,+25.22613064013E+00
+440.00E-09,+4.71859296784E+00,+25.20603013784E+00
+450.00E-09,+4.71859296784E+00,+25.18592963554E+00
+460.00E-09,+4.71859296784E+00,+25.22613064013E+00
+470.00E-09,+4.71859296784E+00,+25.20603013784E+00
+480.00E-09,+4.71859296784E+00,+25.22613064013E+00
+490.00E-09,+4.69849246554E+00,+25.18592963554E+00
+500.00E-09,+4.71859296784E+00,+25.20603013784E+00
+510.00E-09,+4.71859296784E+00,+25.22613064013E+00
+520.00E-09,+4.71859296784E+00,+25.22613064013E+00
+530.00E-09,+4.69849246554E+00,+25.18592963554E+00
+540.00E-09,+4.71859296784E+00,+25.20603013784E+00
+550.00E-09,+4.71859296784E+00,+25.20603013784E+00
+560.00E-09,+4.71859296784E+00,+25.22613064013E+00
+570.00E-09,+4.71859296784E+00,+25.18592963554E+00
+580.00E-09,+4.71859296784E+00,+25.20603013784E+00
+590.00E-09,+4.69849246554E+00,+25.20603013784E+00
+600.00E-09,+4.71859296784E+00,+25.20603013784E+00
+610.00E-09,+4.69849246554E+00,+25.20603013784E+00
+620.00E-09,+4.71859296784E+00,+25.18592963554E+00
+630.00E-09,+4.69849246554E+00,+25.20603013784E+00
+640.00E-09,+4.71859296784E+00,+25.20603013784E+00
+650.00E-09,+4.69849246554E+00,+25.18592963554E+00
+660.00E-09,+4.71859296784E+00,+25.18592963554E+00
+670.00E-09,+4.71859296784E+00,+25.18592963554E+00
+680.00E-09,+4.69849246554E+00,+25.18592963554E+00
+690.00E-09,+4.71859296784E+00,+25.14572863095E+00
+700.00E-09,+4.71859296784E+00,+25.16582913324E+00
+710.00E-09,+4.71859296784E+00,+25.14572863095E+00
+720.00E-09,+4.73869347014E+00,+25.14572863095E+00
+730.00E-09,+4.71859296784E+00,+25.14572863094E+00
+740.00E-09,+4.73869347013E+00,+25.14572863094E+00
+750.00E-09,+4.73869347014E+00,+25.12562812865E+00
+760.00E-09,+4.73869347014E+00,+25.12562812865E+00
+770.00E-09,+4.71859296784E+00,+25.08542712405E+00
+780.00E-09,+4.73869347014E+00,+25.08542712405E+00
+790.00E-09,+4.73869347014E+00,+25.08542712405E+00
+800.00E-09,+4.75879397243E+00,+25.10552762635E+00
+810.00E-09,+4.75879397243E+00,+25.06532662176E+00
+820.00E-09,+4.77889447473E+00,+25.04522611946E+00
+830.00E-09,+4.73869347014E+00,+25.04522611946E+00
+840.00E-09,+4.75879397243E+00,+25.02512561716E+00
+850.00E-09,+4.75879397243E+00,+25.00502511487E+00
+860.00E-09,+4.77889447473E+00,+25.02512561716E+00
+870.00E-09,+4.75879397243E+00,+25.00502511486E+00
+880.00E-09,+4.77889447473E+00,+25.00502511486E+00
+890.00E-09,+4.77889447473E+00,+24.96482411027E+00
+900.00E-09,+4.77889447473E+00,+24.96482411027E+00
+910.00E-09,+4.77889447473E+00,+25.00502511486E+00
+920.00E-09,+4.77889447473E+00,+25.00502511486E+00
+930.00E-09,+4.77889447473E+00,+24.96482411027E+00
+940.00E-09,+4.79899497703E+00,+24.96482411027E+00
+950.00E-09,+4.79899497703E+00,+24.94472360797E+00
+960.00E-09,+4.79899497703E+00,+24.96482411027E+00
+970.00E-09,+4.79899497703E+00,+24.94472360797E+00
+980.00E-09,+4.83919598162E+00,+24.96482411027E+00
+990.00E-09,+4.81909547933E+00,+24.96482411027E+00
+1.00000E-06,+4.79899497703E+00,+24.94472360797E+00
+1.01000E-06,+4.79899497703E+00,+24.94472360797E+00
+1.02000E-06,+4.83919598162E+00,+24.94472360797E+00
+1.03000E-06,+4.83919598162E+00,+24.96482411027E+00
+1.04000E-06,+4.83919598162E+00,+24.96482411027E+00
+1.05000E-06,+4.81909547932E+00,+24.94472360797E+00
+1.06000E-06,+4.85929648392E+00,+24.96482411027E+00
+1.07000E-06,+4.83919598162E+00,+24.96482411027E+00
+1.08000E-06,+4.83919598162E+00,+24.98492461257E+00
+1.09000E-06,+4.79899497703E+00,+24.96482411027E+00
+1.10000E-06,+4.83919598162E+00,+24.98492461257E+00
+1.11000E-06,+4.83919598162E+00,+24.98492461257E+00
+1.12000E-06,+4.83919598162E+00,+24.98492461257E+00
+1.13000E-06,+4.83919598162E+00,+24.96482411027E+00
+1.14000E-06,+4.85929648392E+00,+24.98492461257E+00
+1.15000E-06,+4.83919598162E+00,+24.98492461257E+00
+1.16000E-06,+4.85929648392E+00,+25.00502511486E+00
+1.17000E-06,+4.83919598162E+00,+24.98492461257E+00
+1.18000E-06,+4.85929648392E+00,+25.00502511486E+00
+1.19000E-06,+4.85929648392E+00,+24.98492461257E+00
+1.20000E-06,+4.83919598162E+00,+25.00502511486E+00
+1.21000E-06,+4.81909547933E+00,+24.98492461257E+00
+1.22000E-06,+4.83919598162E+00,+25.00502511486E+00
+1.23000E-06,+4.83919598162E+00,+25.00502511486E+00
+1.24000E-06,+4.85929648392E+00,+25.00502511486E+00
+1.25000E-06,+4.83919598162E+00,+25.00502511487E+00
+1.26000E-06,+4.85929648392E+00,+25.00502511486E+00
+1.27000E-06,+4.85929648392E+00,+25.02512561716E+00
+1.28000E-06,+4.83919598162E+00,+25.02512561716E+00
+1.29000E-06,+4.83919598162E+00,+25.02512561716E+00
+1.30000E-06,+4.83919598162E+00,+25.02512561716E+00
+1.31000E-06,+4.83919598162E+00,+25.04522611946E+00
+1.32000E-06,+4.85929648392E+00,+25.02512561716E+00
+1.33000E-06,+4.83919598162E+00,+25.00502511487E+00
+1.34000E-06,+4.85929648392E+00,+25.04522611946E+00
+1.35000E-06,+4.83919598162E+00,+25.02512561716E+00
+1.36000E-06,+4.83919598162E+00,+25.04522611946E+00
+1.37000E-06,+4.81909547933E+00,+25.04522611946E+00
+1.38000E-06,+4.85929648392E+00,+25.06532662175E+00
+1.39000E-06,+4.83919598162E+00,+25.06532662176E+00
+1.40000E-06,+4.83919598162E+00,+25.04522611946E+00
+1.41000E-06,+4.83919598162E+00,+25.04522611946E+00
+1.42000E-06,+4.83919598162E+00,+25.06532662176E+00
+1.43000E-06,+4.83919598162E+00,+25.06532662176E+00
+1.44000E-06,+4.81909547933E+00,+25.06532662176E+00
+1.45000E-06,+4.81909547932E+00,+25.04522611946E+00
+1.46000E-06,+4.83919598162E+00,+25.10552762635E+00
+1.47000E-06,+4.79899497703E+00,+25.08542712405E+00
+1.48000E-06,+4.81909547932E+00,+25.08542712405E+00
+1.49000E-06,+4.79899497703E+00,+25.06532662176E+00
+1.50000E-06,+4.83919598162E+00,+25.08542712405E+00
+1.51000E-06,+4.81909547933E+00,+25.10552762635E+00
+1.52000E-06,+4.81909547932E+00,+25.10552762635E+00
+1.53000E-06,+4.81909547932E+00,+25.08542712405E+00
+1.54000E-06,+4.81909547932E+00,+25.10552762635E+00
+1.55000E-06,+4.81909547932E+00,+25.10552762635E+00
+1.56000E-06,+4.81909547932E+00,+25.10552762635E+00
+1.57000E-06,+4.79899497703E+00,+25.10552762635E+00
+1.58000E-06,+4.81909547932E+00,+25.14572863094E+00
+1.59000E-06,+4.81909547933E+00,+25.10552762635E+00
+1.60000E-06,+4.79899497703E+00,+25.12562812865E+00
+1.61000E-06,+4.77889447473E+00,+25.10552762635E+00
+1.62000E-06,+4.81909547932E+00,+25.14572863095E+00
+1.63000E-06,+4.79899497703E+00,+25.12562812865E+00
+1.64000E-06,+4.79899497703E+00,+25.14572863095E+00
+1.65000E-06,+4.77889447473E+00,+25.12562812865E+00
+1.66000E-06,+4.81909547932E+00,+25.12562812865E+00
+1.67000E-06,+4.79899497703E+00,+25.14572863095E+00
+1.68000E-06,+4.77889447473E+00,+25.16582913324E+00
+1.69000E-06,+4.77889447473E+00,+25.14572863095E+00
+1.70000E-06,+4.77889447473E+00,+25.16582913324E+00
+1.71000E-06,+4.79899497703E+00,+25.16582913324E+00
+1.72000E-06,+4.77889447473E+00,+25.16582913324E+00
+1.73000E-06,+4.75879397243E+00,+25.14572863095E+00
+1.74000E-06,+4.79899497703E+00,+25.16582913324E+00
+1.75000E-06,+4.75879397244E+00,+25.16582913324E+00
+1.76000E-06,+4.75879397243E+00,+25.18592963554E+00
+1.77000E-06,+4.75879397243E+00,+25.16582913324E+00
+1.78000E-06,+4.77889447473E+00,+25.16582913324E+00
+1.79000E-06,+4.75879397243E+00,+25.16582913324E+00
+1.80000E-06,+4.75879397243E+00,+25.18592963554E+00
+1.81000E-06,+4.75879397243E+00,+25.16582913324E+00
+1.82000E-06,+4.77889447473E+00,+25.20603013784E+00
+1.83000E-06,+4.75879397243E+00,+25.18592963554E+00
+1.84000E-06,+4.75879397243E+00,+25.18592963554E+00
+1.85000E-06,+4.75879397243E+00,+25.18592963554E+00
+1.86000E-06,+4.75879397243E+00,+25.20603013784E+00
+1.87000E-06,+4.73869347014E+00,+25.20603013784E+00
+1.88000E-06,+4.73869347014E+00,+25.22613064013E+00
+1.89000E-06,+4.75879397243E+00,+25.20603013784E+00
+1.90000E-06,+4.73869347014E+00,+25.20603013784E+00
+1.91000E-06,+4.71859296784E+00,+25.20603013784E+00
+1.92000E-06,+4.73869347014E+00,+25.22613064013E+00
+1.93000E-06,+4.71859296784E+00,+25.20603013784E+00
+1.94000E-06,+4.71859296784E+00,+25.22613064013E+00
+1.95000E-06,+4.71859296784E+00,+25.22613064013E+00
+1.96000E-06,+4.73869347013E+00,+25.24623114243E+00
+1.97000E-06,+4.71859296784E+00,+25.22613064013E+00
+1.98000E-06,+4.71859296784E+00,+25.26633164473E+00
+1.99000E-06,+4.69849246554E+00,+25.22613064014E+00
+2.00000E-06,+4.71859296784E+00,+25.24623114243E+00
+2.01000E-06,+4.71859296784E+00,+25.22613064013E+00
+2.02000E-06,+4.71859296784E+00,+25.24623114243E+00
+2.03000E-06,+4.69849246554E+00,+25.24623114243E+00
+2.04000E-06,+4.71859296784E+00,+25.24623114243E+00
+2.05000E-06,+4.69849246554E+00,+25.24623114243E+00
+2.06000E-06,+4.71859296784E+00,+25.26633164473E+00
+2.07000E-06,+4.67839196325E+00,+25.26633164473E+00
+2.08000E-06,+4.69849246554E+00,+25.26633164473E+00
+2.09000E-06,+4.67839196324E+00,+25.24623114243E+00
+2.10000E-06,+4.69849246554E+00,+25.26633164473E+00
+2.11000E-06,+4.67839196324E+00,+25.26633164473E+00
+2.12000E-06,+4.67839196325E+00,+25.24623114243E+00
+2.13000E-06,+4.65829146095E+00,+25.24623114243E+00
+2.14000E-06,+4.69849246554E+00,+25.20603013784E+00
+2.15000E-06,+4.67839196325E+00,+25.24623114243E+00
+2.16000E-06,+4.67839196324E+00,+25.24623114243E+00
+2.17000E-06,+4.67839196324E+00,+25.22613064014E+00
+2.18000E-06,+4.67839196324E+00,+25.26633164473E+00
+2.19000E-06,+4.65829146095E+00,+25.24623114243E+00
+2.20000E-06,+4.67839196324E+00,+25.24623114243E+00
+2.21000E-06,+4.65829146095E+00,+25.24623114243E+00
+2.22000E-06,+4.67839196324E+00,+25.26633164473E+00
+2.23000E-06,+4.65829146095E+00,+25.24623114243E+00
+2.24000E-06,+4.65829146095E+00,+25.22613064013E+00
+2.25000E-06,+4.63819095865E+00,+25.22613064013E+00
+2.26000E-06,+4.67839196324E+00,+25.22613064013E+00
+2.27000E-06,+4.63819095865E+00,+25.22613064013E+00
+2.28000E-06,+4.67839196324E+00,+25.20603013784E+00
+2.29000E-06,+4.65829146095E+00,+25.20603013784E+00
+2.30000E-06,+4.69849246554E+00,+25.20603013783E+00
+2.31000E-06,+4.65829146095E+00,+25.18592963554E+00
+2.32000E-06,+4.67839196324E+00,+25.18592963554E+00
+2.33000E-06,+4.67839196324E+00,+25.16582913324E+00
+2.34000E-06,+4.69849246554E+00,+25.18592963554E+00
+2.35000E-06,+4.67839196325E+00,+25.16582913324E+00
+2.36000E-06,+4.67839196324E+00,+25.14572863095E+00
+2.37000E-06,+4.67839196324E+00,+25.12562812865E+00
+2.38000E-06,+4.67839196324E+00,+25.14572863094E+00
+2.39000E-06,+4.67839196325E+00,+25.12562812865E+00
+2.40000E-06,+4.67839196325E+00,+25.10552762635E+00
+2.41000E-06,+4.69849246554E+00,+25.06532662176E+00
+2.42000E-06,+4.69849246554E+00,+25.08542712405E+00
+2.43000E-06,+4.69849246554E+00,+25.08542712405E+00
+2.44000E-06,+4.69849246554E+00,+25.08542712405E+00
+2.45000E-06,+4.69849246554E+00,+25.04522611946E+00
+2.46000E-06,+4.71859296784E+00,+25.02512561716E+00
+2.47000E-06,+4.71859296784E+00,+25.04522611946E+00
+2.48000E-06,+4.71859296784E+00,+25.00502511487E+00
+2.49000E-06,+4.71859296784E+00,+24.98492461257E+00
+2.50000E-06,+4.73869347013E+00,+24.98492461257E+00
+2.51000E-06,+4.71859296784E+00,+24.96482411027E+00
+2.52000E-06,+4.71859296784E+00,+24.96482411027E+00
+2.53000E-06,+4.73869347014E+00,+24.94472360797E+00
+2.54000E-06,+4.73869347014E+00,+24.94472360797E+00
+2.55000E-06,+4.75879397243E+00,+24.92462310568E+00
+2.56000E-06,+4.75879397243E+00,+24.92462310567E+00
+2.57000E-06,+4.75879397243E+00,+24.88442210108E+00
+2.58000E-06,+4.77889447473E+00,+24.88442210108E+00
+2.59000E-06,+4.77889447473E+00,+24.92462310568E+00
+2.60000E-06,+4.75879397243E+00,+24.88442210108E+00
+2.61000E-06,+4.75879397243E+00,+24.90452260338E+00
+2.62000E-06,+4.77889447473E+00,+24.88442210108E+00
+2.63000E-06,+4.77889447473E+00,+24.86432159878E+00
+2.64000E-06,+4.79899497703E+00,+24.86432159878E+00
+2.65000E-06,+4.75879397243E+00,+24.86432159878E+00
+2.66000E-06,+4.79899497703E+00,+24.86432159878E+00
+2.67000E-06,+4.77889447473E+00,+24.86432159878E+00
+2.68000E-06,+4.79899497703E+00,+24.88442210108E+00
+2.69000E-06,+4.77889447473E+00,+24.86432159878E+00
+2.70000E-06,+4.79899497703E+00,+24.86432159878E+00
+2.71000E-06,+4.77889447473E+00,+24.90452260338E+00
+2.72000E-06,+4.81909547932E+00,+24.88442210108E+00
+2.73000E-06,+4.79899497703E+00,+24.88442210108E+00
+2.74000E-06,+4.79899497703E+00,+24.88442210108E+00
+2.75000E-06,+4.79899497703E+00,+24.90452260338E+00
+2.76000E-06,+4.81909547932E+00,+24.90452260338E+00
+2.77000E-06,+4.79899497703E+00,+24.90452260338E+00
+2.78000E-06,+4.81909547932E+00,+24.90452260338E+00
+2.79000E-06,+4.79899497703E+00,+24.90452260338E+00
+2.80000E-06,+4.79899497703E+00,+24.92462310568E+00
+2.81000E-06,+4.79899497703E+00,+24.90452260338E+00
+2.82000E-06,+4.83919598162E+00,+24.92462310568E+00
+2.83000E-06,+4.81909547932E+00,+24.92462310568E+00
+2.84000E-06,+4.83919598162E+00,+24.94472360797E+00
+2.85000E-06,+4.81909547932E+00,+24.94472360797E+00
+2.86000E-06,+4.83919598162E+00,+24.94472360797E+00
+2.87000E-06,+4.81909547933E+00,+24.96482411027E+00
+2.88000E-06,+4.79899497703E+00,+24.94472360797E+00
+2.89000E-06,+4.81909547932E+00,+24.96482411027E+00
+2.90000E-06,+4.83919598162E+00,+24.96482411027E+00
+2.91000E-06,+4.81909547933E+00,+24.96482411027E+00
+2.92000E-06,+4.81909547932E+00,+24.96482411027E+00
+2.93000E-06,+4.81909547932E+00,+24.96482411027E+00
+2.94000E-06,+4.81909547932E+00,+24.98492461257E+00
+2.95000E-06,+4.81909547933E+00,+24.98492461257E+00
+2.96000E-06,+4.81909547932E+00,+25.00502511486E+00
+2.97000E-06,+4.79899497703E+00,+24.98492461257E+00
+2.98000E-06,+4.83919598162E+00,+25.00502511486E+00
+2.99000E-06,+4.79899497703E+00,+25.00502511486E+00
+3.00000E-06,+4.79899497703E+00,+25.00502511487E+00
+3.01000E-06,+4.79899497703E+00,+25.00502511486E+00
+3.02000E-06,+4.81909547932E+00,+25.02512561716E+00
+3.03000E-06,+4.81909547933E+00,+25.04522611946E+00
+3.04000E-06,+4.79899497703E+00,+25.02512561716E+00
+3.05000E-06,+4.79899497703E+00,+25.02512561716E+00
+3.06000E-06,+4.81909547932E+00,+25.04522611946E+00
+3.07000E-06,+4.79899497703E+00,+25.06532662175E+00
+3.08000E-06,+4.79899497703E+00,+25.06532662176E+00
+3.09000E-06,+4.79899497703E+00,+25.04522611946E+00
+3.10000E-06,+4.79899497703E+00,+25.06532662176E+00
+3.11000E-06,+4.79899497703E+00,+25.08542712405E+00
+3.12000E-06,+4.79899497703E+00,+25.08542712405E+00
+3.13000E-06,+4.79899497703E+00,+25.06532662176E+00
+3.14000E-06,+4.81909547932E+00,+25.10552762635E+00
+3.15000E-06,+4.77889447473E+00,+25.10552762635E+00
+3.16000E-06,+4.79899497703E+00,+25.10552762635E+00
+3.17000E-06,+4.77889447473E+00,+25.08542712406E+00
+3.18000E-06,+4.79899497703E+00,+25.10552762635E+00
+3.19000E-06,+4.77889447473E+00,+25.12562812865E+00
+3.20000E-06,+4.79899497703E+00,+25.10552762635E+00
+3.21000E-06,+4.77889447473E+00,+25.12562812865E+00
+3.22000E-06,+4.79899497703E+00,+25.12562812865E+00
+3.23000E-06,+4.77889447473E+00,+25.14572863095E+00
+3.24000E-06,+4.77889447473E+00,+25.14572863094E+00
+3.25000E-06,+4.75879397243E+00,+25.14572863095E+00
+3.26000E-06,+4.79899497703E+00,+25.12562812865E+00
+3.27000E-06,+4.77889447473E+00,+25.16582913324E+00
+3.28000E-06,+4.75879397243E+00,+25.16582913324E+00
+3.29000E-06,+4.75879397243E+00,+25.16582913324E+00
+3.30000E-06,+4.77889447473E+00,+25.16582913324E+00
+3.31000E-06,+4.75879397243E+00,+25.16582913324E+00
+3.32000E-06,+4.77889447473E+00,+25.18592963554E+00
+3.33000E-06,+4.75879397243E+00,+25.16582913324E+00
+3.34000E-06,+4.77889447473E+00,+25.18592963554E+00
+3.35000E-06,+4.75879397243E+00,+25.18592963554E+00
+3.36000E-06,+4.77889447473E+00,+25.18592963554E+00
+3.37000E-06,+4.73869347014E+00,+25.18592963554E+00
+3.38000E-06,+4.75879397243E+00,+25.20603013784E+00
+3.39000E-06,+4.75879397243E+00,+25.22613064013E+00
+3.40000E-06,+4.75879397243E+00,+25.22613064013E+00
+3.41000E-06,+4.73869347014E+00,+25.20603013784E+00
+3.42000E-06,+4.73869347014E+00,+25.22613064013E+00
+3.43000E-06,+4.73869347014E+00,+25.22613064013E+00
+3.44000E-06,+4.73869347014E+00,+25.22613064013E+00
+3.45000E-06,+4.71859296784E+00,+25.24623114243E+00
+3.46000E-06,+4.73869347014E+00,+25.26633164473E+00
+3.47000E-06,+4.71859296784E+00,+25.24623114243E+00
+3.48000E-06,+4.73869347014E+00,+25.24623114243E+00
+3.49000E-06,+4.71859296784E+00,+25.22613064014E+00
+3.50000E-06,+4.73869347013E+00,+25.24623114243E+00
+3.51000E-06,+4.71859296784E+00,+25.26633164473E+00
+3.52000E-06,+4.71859296784E+00,+25.28643214702E+00
+3.53000E-06,+4.71859296784E+00,+25.24623114243E+00
+3.54000E-06,+4.71859296784E+00,+25.26633164473E+00
+3.55000E-06,+4.71859296784E+00,+25.26633164473E+00
+3.56000E-06,+4.71859296784E+00,+25.28643214703E+00
+3.57000E-06,+4.69849246554E+00,+25.26633164473E+00
+3.58000E-06,+4.71859296784E+00,+25.30653264932E+00
+3.59000E-06,+4.69849246554E+00,+25.30653264932E+00
+3.60000E-06,+4.71859296784E+00,+25.30653264932E+00
+3.61000E-06,+4.67839196325E+00,+25.28643214703E+00
+3.62000E-06,+4.69849246554E+00,+25.30653264932E+00
+3.63000E-06,+4.69849246554E+00,+25.32663315162E+00
+3.64000E-06,+4.69849246554E+00,+25.32663315162E+00
+3.65000E-06,+4.69849246554E+00,+25.28643214703E+00
+3.66000E-06,+4.69849246554E+00,+25.34673365391E+00
+3.67000E-06,+4.69849246554E+00,+25.32663315162E+00
+3.68000E-06,+4.67839196324E+00,+25.32663315162E+00
+3.69000E-06,+4.65829146095E+00,+25.30653264933E+00
+3.70000E-06,+4.67839196324E+00,+25.34673365391E+00
+3.71000E-06,+4.67839196324E+00,+25.34673365392E+00
+3.72000E-06,+4.67839196324E+00,+25.34673365392E+00
+3.73000E-06,+4.65829146095E+00,+25.30653264933E+00
+3.74000E-06,+4.65829146095E+00,+25.34673365392E+00
+3.75000E-06,+4.65829146095E+00,+25.34673365392E+00
+3.76000E-06,+4.63819095865E+00,+25.34673365392E+00
+3.77000E-06,+4.63819095865E+00,+25.34673365392E+00
+3.78000E-06,+4.63819095865E+00,+25.28643214702E+00
+3.79000E-06,+4.65829146095E+00,+25.34673365391E+00
+3.80000E-06,+4.65829146095E+00,+25.30653264932E+00
+3.81000E-06,+4.63819095865E+00,+25.32663315162E+00
+3.82000E-06,+4.65829146094E+00,+25.34673365391E+00
+3.83000E-06,+4.63819095865E+00,+25.32663315162E+00
+3.84000E-06,+4.67839196324E+00,+25.32663315162E+00
+3.85000E-06,+4.61809045635E+00,+25.30653264932E+00
+3.86000E-06,+4.65829146094E+00,+25.32663315162E+00
+3.87000E-06,+4.63819095865E+00,+25.30653264932E+00
+3.88000E-06,+4.65829146094E+00,+25.28643214703E+00
+3.89000E-06,+4.65829146095E+00,+25.24623114244E+00
+3.90000E-06,+4.67839196324E+00,+25.28643214702E+00
+3.91000E-06,+4.65829146095E+00,+25.24623114243E+00
+3.92000E-06,+4.63819095865E+00,+25.24623114243E+00
+3.93000E-06,+4.65829146095E+00,+25.22613064013E+00
+3.94000E-06,+4.65829146094E+00,+25.22613064013E+00
+3.95000E-06,+4.65829146095E+00,+25.20603013784E+00
+3.96000E-06,+4.65829146095E+00,+25.18592963554E+00
+3.97000E-06,+4.65829146095E+00,+25.18592963554E+00
+3.98000E-06,+4.65829146095E+00,+25.16582913324E+00
+3.99000E-06,+4.65829146095E+00,+25.18592963554E+00
+4.00000E-06,+4.67839196324E+00,+25.14572863095E+00
+4.01000E-06,+4.65829146095E+00,+25.12562812865E+00
+4.02000E-06,+4.67839196324E+00,+25.12562812865E+00
+4.03000E-06,+4.67839196324E+00,+25.10552762635E+00
+4.04000E-06,+4.67839196325E+00,+25.08542712406E+00
+4.05000E-06,+4.69849246554E+00,+25.06532662176E+00
+4.06000E-06,+4.69849246554E+00,+25.06532662175E+00
+4.07000E-06,+4.69849246554E+00,+25.04522611946E+00
+4.08000E-06,+4.69849246554E+00,+25.02512561716E+00
+4.09000E-06,+4.69849246554E+00,+25.00502511487E+00
+4.10000E-06,+4.71859296784E+00,+24.98492461257E+00
+4.11000E-06,+4.71859296784E+00,+24.98492461257E+00
+4.12000E-06,+4.71859296784E+00,+24.98492461256E+00
+4.13000E-06,+4.71859296784E+00,+24.94472360797E+00
+4.14000E-06,+4.71859296784E+00,+24.94472360797E+00
+4.15000E-06,+4.71859296784E+00,+24.90452260338E+00
+4.16000E-06,+4.73869347014E+00,+24.88442210108E+00
+4.17000E-06,+4.71859296784E+00,+24.86432159879E+00
+4.18000E-06,+4.75879397243E+00,+24.86432159878E+00
+4.19000E-06,+4.75879397243E+00,+24.86432159878E+00
+4.20000E-06,+4.73869347014E+00,+24.88442210108E+00
+4.21000E-06,+4.75879397243E+00,+24.80402009189E+00
+4.22000E-06,+4.77889447473E+00,+24.78391958959E+00
+4.23000E-06,+4.77889447473E+00,+24.80402009189E+00
+4.24000E-06,+4.75879397243E+00,+24.82412059419E+00
+4.25000E-06,+4.75879397243E+00,+24.82412059419E+00
+4.26000E-06,+4.77889447473E+00,+24.82412059419E+00
+4.27000E-06,+4.79899497703E+00,+24.84422109648E+00
+4.28000E-06,+4.75879397243E+00,+24.86432159878E+00
+4.29000E-06,+4.75879397243E+00,+24.82412059419E+00
+4.30000E-06,+4.77889447473E+00,+24.84422109649E+00
+4.31000E-06,+4.77889447473E+00,+24.86432159878E+00
+4.32000E-06,+4.79899497703E+00,+24.84422109649E+00
+4.33000E-06,+4.77889447473E+00,+24.84422109649E+00
+4.34000E-06,+4.81909547932E+00,+24.84422109648E+00
+4.35000E-06,+4.77889447473E+00,+24.86432159878E+00
+4.36000E-06,+4.79899497703E+00,+24.86432159878E+00
+4.37000E-06,+4.79899497703E+00,+24.86432159879E+00
+4.38000E-06,+4.79899497703E+00,+24.86432159878E+00
+4.39000E-06,+4.77889447473E+00,+24.88442210108E+00
+4.40000E-06,+4.79899497703E+00,+24.88442210108E+00
+4.41000E-06,+4.79899497703E+00,+24.86432159879E+00
+4.42000E-06,+4.79899497703E+00,+24.90452260338E+00
+4.43000E-06,+4.79899497703E+00,+24.90452260338E+00
+4.44000E-06,+4.79899497703E+00,+24.90452260338E+00
+4.45000E-06,+4.79899497703E+00,+24.90452260338E+00
+4.46000E-06,+4.79899497703E+00,+24.90452260338E+00
+4.47000E-06,+4.79899497703E+00,+24.90452260338E+00
+4.48000E-06,+4.79899497703E+00,+24.94472360797E+00
+4.49000E-06,+4.77889447473E+00,+24.92462310568E+00
+4.50000E-06,+4.81909547932E+00,+24.94472360797E+00
+4.51000E-06,+4.77889447473E+00,+24.94472360797E+00
+4.52000E-06,+4.81909547932E+00,+24.94472360797E+00
+4.53000E-06,+4.77889447473E+00,+24.94472360797E+00
+4.54000E-06,+4.79899497703E+00,+24.96482411027E+00
+4.55000E-06,+4.79899497703E+00,+24.96482411027E+00
+4.56000E-06,+4.79899497703E+00,+24.96482411027E+00
+4.57000E-06,+4.77889447473E+00,+24.96482411027E+00
+4.58000E-06,+4.81909547932E+00,+24.96482411027E+00
+4.59000E-06,+4.79899497703E+00,+24.98492461257E+00
+4.60000E-06,+4.79899497703E+00,+25.00502511486E+00
+4.61000E-06,+4.79899497703E+00,+24.98492461257E+00
+4.62000E-06,+4.79899497703E+00,+25.00502511486E+00
+4.63000E-06,+4.81909547932E+00,+25.00502511486E+00
+4.64000E-06,+4.79899497703E+00,+25.04522611945E+00
+4.65000E-06,+4.79899497703E+00,+25.02512561716E+00
+4.66000E-06,+4.81909547932E+00,+25.02512561716E+00
+4.67000E-06,+4.79899497703E+00,+25.04522611946E+00
+4.68000E-06,+4.79899497703E+00,+25.06532662176E+00
+4.69000E-06,+4.79899497703E+00,+25.04522611946E+00
+4.70000E-06,+4.79899497703E+00,+25.04522611946E+00
+4.71000E-06,+4.77889447473E+00,+25.06532662176E+00
+4.72000E-06,+4.77889447473E+00,+25.06532662176E+00
+4.73000E-06,+4.77889447473E+00,+25.06532662176E+00
+4.74000E-06,+4.79899497703E+00,+25.08542712405E+00
+4.75000E-06,+4.75879397244E+00,+25.08542712405E+00
+4.76000E-06,+4.79899497703E+00,+25.08542712405E+00
+4.77000E-06,+4.75879397243E+00,+25.06532662176E+00
+4.78000E-06,+4.77889447473E+00,+25.10552762635E+00
+4.79000E-06,+4.77889447473E+00,+25.10552762635E+00
+4.80000E-06,+4.77889447473E+00,+25.10552762635E+00
+4.81000E-06,+4.75879397243E+00,+25.10552762635E+00
+4.82000E-06,+4.77889447473E+00,+25.14572863094E+00
+4.83000E-06,+4.75879397244E+00,+25.14572863095E+00
+4.84000E-06,+4.75879397243E+00,+25.14572863095E+00
+4.85000E-06,+4.75879397243E+00,+25.14572863095E+00
+4.86000E-06,+4.77889447473E+00,+25.14572863095E+00
+4.87000E-06,+4.75879397243E+00,+25.16582913324E+00
+4.88000E-06,+4.77889447473E+00,+25.16582913324E+00
+4.89000E-06,+4.75879397243E+00,+25.14572863095E+00
+4.90000E-06,+4.77889447473E+00,+25.16582913324E+00
+4.91000E-06,+4.73869347014E+00,+25.20603013783E+00
+4.92000E-06,+4.73869347014E+00,+25.18592963554E+00
+4.93000E-06,+4.75879397243E+00,+25.16582913324E+00
+4.94000E-06,+4.77889447473E+00,+25.20603013783E+00
+4.95000E-06,+4.73869347014E+00,+25.20603013784E+00
+4.96000E-06,+4.73869347014E+00,+25.20603013784E+00
+4.97000E-06,+4.75879397243E+00,+25.18592963554E+00
+4.98000E-06,+4.73869347014E+00,+25.24623114243E+00
+4.99000E-06,+4.73869347014E+00,+25.22613064013E+00
+5.00000E-06,+4.73869347014E+00,+25.24623114243E+00
+5.01000E-06,+4.71859296784E+00,+25.22613064013E+00
+5.02000E-06,+4.73869347013E+00,+25.26633164472E+00
+5.03000E-06,+4.71859296784E+00,+25.24623114243E+00
+5.04000E-06,+4.73869347013E+00,+25.24623114243E+00
+5.05000E-06,+4.73869347014E+00,+25.24623114243E+00
+5.06000E-06,+4.71859296784E+00,+25.26633164473E+00
+5.07000E-06,+4.73869347014E+00,+25.26633164473E+00
+5.08000E-06,+4.71859296784E+00,+25.28643214702E+00
+5.09000E-06,+4.71859296784E+00,+25.26633164473E+00
+5.10000E-06,+4.71859296784E+00,+25.28643214702E+00
+5.11000E-06,+4.71859296784E+00,+25.30653264932E+00
+5.12000E-06,+4.69849246554E+00,+25.30653264932E+00
+5.13000E-06,+4.71859296784E+00,+25.28643214703E+00
+5.14000E-06,+4.69849246554E+00,+25.32663315162E+00
+5.15000E-06,+4.69849246554E+00,+25.30653264932E+00
+5.16000E-06,+4.71859296784E+00,+25.32663315162E+00
+5.17000E-06,+4.67839196325E+00,+25.30653264933E+00
+5.18000E-06,+4.71859296784E+00,+25.30653264933E+00
+5.19000E-06,+4.69849246554E+00,+25.32663315162E+00
+5.20000E-06,+4.69849246554E+00,+25.32663315162E+00
+5.21000E-06,+4.67839196325E+00,+25.30653264933E+00
+5.22000E-06,+4.69849246554E+00,+25.34673365392E+00
+5.23000E-06,+4.67839196325E+00,+25.34673365392E+00
+5.24000E-06,+4.67839196324E+00,+25.36683415621E+00
+5.25000E-06,+4.65829146095E+00,+25.34673365392E+00
+5.26000E-06,+4.69849246554E+00,+25.36683415621E+00
+5.27000E-06,+4.67839196324E+00,+25.34673365392E+00
+5.28000E-06,+4.67839196324E+00,+25.36683415621E+00
+5.29000E-06,+4.63819095865E+00,+25.34673365392E+00
+5.30000E-06,+4.67839196324E+00,+25.38693465851E+00
+5.31000E-06,+4.65829146095E+00,+25.38693465851E+00
+5.32000E-06,+4.67839196324E+00,+25.36683415622E+00
+5.33000E-06,+4.63819095865E+00,+25.36683415622E+00
+5.34000E-06,+4.65829146094E+00,+25.38693465851E+00
+5.35000E-06,+4.65829146095E+00,+25.38693465851E+00
+5.36000E-06,+4.63819095865E+00,+25.36683415622E+00
+5.37000E-06,+4.61809045635E+00,+25.38693465851E+00
+5.38000E-06,+4.63819095865E+00,+25.40703516081E+00
+5.39000E-06,+4.61809045635E+00,+25.38693465851E+00
+5.40000E-06,+4.63819095865E+00,+25.40703516081E+00
+5.41000E-06,+4.63819095865E+00,+25.36683415622E+00
+5.42000E-06,+4.63819095865E+00,+25.44723616540E+00
+5.43000E-06,+4.59798995406E+00,+25.42713566310E+00
+5.44000E-06,+4.61809045635E+00,+25.36683415622E+00
+5.45000E-06,+4.59798995406E+00,+25.36683415622E+00
+5.46000E-06,+4.63819095865E+00,+25.34673365392E+00
+5.47000E-06,+4.61809045635E+00,+25.38693465851E+00
+5.48000E-06,+4.61809045635E+00,+25.34673365392E+00
+5.49000E-06,+4.61809045635E+00,+25.30653264933E+00
+5.50000E-06,+4.63819095864E+00,+25.30653264932E+00
+5.51000E-06,+4.61809045635E+00,+25.30653264932E+00
+5.52000E-06,+4.61809045635E+00,+25.30653264932E+00
+5.53000E-06,+4.63819095865E+00,+25.26633164473E+00
+5.54000E-06,+4.63819095865E+00,+25.28643214702E+00
+5.55000E-06,+4.63819095865E+00,+25.26633164473E+00
+5.56000E-06,+4.61809045635E+00,+25.26633164473E+00
+5.57000E-06,+4.63819095865E+00,+25.20603013784E+00
+5.58000E-06,+4.63819095865E+00,+25.20603013784E+00
+5.59000E-06,+4.63819095865E+00,+25.22613064013E+00
+5.60000E-06,+4.63819095865E+00,+25.18592963554E+00
+5.61000E-06,+4.63819095865E+00,+25.14572863095E+00
+5.62000E-06,+4.63819095865E+00,+25.16582913324E+00
+5.63000E-06,+4.63819095865E+00,+25.14572863095E+00
+5.64000E-06,+4.65829146094E+00,+25.12562812865E+00
+5.65000E-06,+4.63819095865E+00,+25.08542712406E+00
+5.66000E-06,+4.65829146095E+00,+25.10552762635E+00
+5.67000E-06,+4.65829146095E+00,+25.08542712405E+00
+5.68000E-06,+4.67839196324E+00,+25.04522611946E+00
+5.69000E-06,+4.65829146095E+00,+25.02512561716E+00
+5.70000E-06,+4.69849246554E+00,+25.02512561716E+00
+5.71000E-06,+4.65829146095E+00,+25.00502511486E+00
+5.72000E-06,+4.67839196325E+00,+24.98492461257E+00
+5.73000E-06,+4.69849246554E+00,+24.94472360797E+00
+5.74000E-06,+4.71859296784E+00,+24.94472360797E+00
+5.75000E-06,+4.71859296784E+00,+24.92462310568E+00
+5.76000E-06,+4.71859296784E+00,+24.92462310567E+00
+5.77000E-06,+4.71859296784E+00,+24.88442210108E+00
+5.78000E-06,+4.71859296784E+00,+24.84422109649E+00
+5.79000E-06,+4.71859296784E+00,+24.84422109649E+00
+5.80000E-06,+4.73869347014E+00,+24.82412059419E+00
+5.81000E-06,+4.71859296784E+00,+24.80402009189E+00
+5.82000E-06,+4.73869347014E+00,+24.84422109648E+00
+5.83000E-06,+4.71859296784E+00,+24.78391958959E+00
+5.84000E-06,+4.75879397243E+00,+24.76381908729E+00
+5.85000E-06,+4.75879397243E+00,+24.74371858500E+00
+5.86000E-06,+4.77889447473E+00,+24.78391958959E+00
+5.87000E-06,+4.73869347014E+00,+24.80402009189E+00
+5.88000E-06,+4.75879397243E+00,+24.78391958959E+00
+5.89000E-06,+4.75879397243E+00,+24.78391958959E+00
+5.90000E-06,+4.75879397243E+00,+24.80402009189E+00
+5.91000E-06,+4.75879397243E+00,+24.78391958959E+00
+5.92000E-06,+4.75879397243E+00,+24.78391958960E+00
+5.93000E-06,+4.75879397243E+00,+24.78391958959E+00
+5.94000E-06,+4.75879397243E+00,+24.80402009189E+00
+5.95000E-06,+4.75879397243E+00,+24.80402009189E+00
+5.96000E-06,+4.75879397243E+00,+24.82412059419E+00
+5.97000E-06,+4.75879397243E+00,+24.80402009189E+00
+5.98000E-06,+4.79899497702E+00,+24.82412059419E+00
+5.99000E-06,+4.77889447473E+00,+24.84422109648E+00
+6.00000E-06,+4.75879397243E+00,+24.84422109648E+00
+6.01000E-06,+4.75879397243E+00,+24.82412059419E+00
+6.02000E-06,+4.79899497702E+00,+24.84422109648E+00
+6.03000E-06,+4.77889447473E+00,+24.86432159878E+00
+6.04000E-06,+4.79899497702E+00,+24.84422109649E+00
+6.05000E-06,+4.77889447473E+00,+24.82412059419E+00
+6.06000E-06,+4.77889447473E+00,+24.86432159878E+00
+6.07000E-06,+4.77889447473E+00,+24.88442210108E+00
+6.08000E-06,+4.79899497702E+00,+24.88442210108E+00
+6.09000E-06,+4.77889447473E+00,+24.86432159879E+00
+6.10000E-06,+4.79899497702E+00,+24.90452260338E+00
+6.11000E-06,+4.77889447473E+00,+24.90452260338E+00
+6.12000E-06,+4.75879397243E+00,+24.92462310567E+00
+6.13000E-06,+4.75879397243E+00,+24.88442210108E+00
+6.14000E-06,+4.77889447473E+00,+24.90452260338E+00
+6.15000E-06,+4.77889447473E+00,+24.94472360797E+00
+6.16000E-06,+4.77889447473E+00,+24.94472360797E+00
+6.17000E-06,+4.77889447473E+00,+24.92462310568E+00
+6.18000E-06,+4.79899497703E+00,+24.94472360797E+00
+6.19000E-06,+4.77889447473E+00,+24.94472360797E+00
+6.20000E-06,+4.79899497703E+00,+24.96482411027E+00
+6.21000E-06,+4.77889447473E+00,+24.94472360797E+00
+6.22000E-06,+4.79899497703E+00,+24.98492461256E+00
+6.23000E-06,+4.77889447473E+00,+24.98492461257E+00
+6.24000E-06,+4.79899497702E+00,+24.98492461257E+00
+6.25000E-06,+4.77889447473E+00,+24.96482411027E+00
+6.26000E-06,+4.77889447473E+00,+24.98492461257E+00
+6.27000E-06,+4.75879397243E+00,+25.00502511486E+00
+6.28000E-06,+4.75879397244E+00,+25.02512561716E+00
+6.29000E-06,+4.77889447473E+00,+25.00502511487E+00
+6.30000E-06,+4.77889447473E+00,+25.02512561716E+00
+6.31000E-06,+4.77889447473E+00,+25.04522611945E+00
+6.32000E-06,+4.75879397243E+00,+25.04522611946E+00
+6.33000E-06,+4.75879397243E+00,+25.02512561716E+00
+6.34000E-06,+4.75879397243E+00,+25.06532662175E+00
+6.35000E-06,+4.77889447473E+00,+25.06532662176E+00
+6.36000E-06,+4.77889447473E+00,+25.06532662175E+00
+6.37000E-06,+4.75879397243E+00,+25.08542712405E+00
+6.38000E-06,+4.75879397243E+00,+25.10552762635E+00
+6.39000E-06,+4.73869347014E+00,+25.10552762635E+00
+6.40000E-06,+4.75879397243E+00,+25.10552762635E+00
+6.41000E-06,+4.73869347014E+00,+25.08542712406E+00
+6.42000E-06,+4.75879397243E+00,+25.12562812865E+00
+6.43000E-06,+4.73869347014E+00,+25.12562812865E+00
+6.44000E-06,+4.73869347014E+00,+25.12562812865E+00
+6.45000E-06,+4.73869347014E+00,+25.12562812865E+00
+6.46000E-06,+4.75879397243E+00,+25.14572863094E+00
+6.47000E-06,+4.75879397243E+00,+25.14572863095E+00
+6.48000E-06,+4.73869347014E+00,+25.16582913324E+00
+6.49000E-06,+4.73869347014E+00,+25.14572863095E+00
+6.50000E-06,+4.73869347014E+00,+25.16582913324E+00
+6.51000E-06,+4.71859296784E+00,+25.16582913324E+00
+6.52000E-06,+4.73869347014E+00,+25.16582913324E+00
+6.53000E-06,+4.71859296784E+00,+25.16582913324E+00
+6.54000E-06,+4.73869347013E+00,+25.18592963554E+00
+6.55000E-06,+4.73869347014E+00,+25.20603013783E+00
+6.56000E-06,+4.73869347014E+00,+25.20603013784E+00
+6.57000E-06,+4.71859296784E+00,+25.18592963554E+00
+6.58000E-06,+4.73869347013E+00,+25.20603013783E+00
+6.59000E-06,+4.71859296784E+00,+25.20603013784E+00
+6.60000E-06,+4.71859296784E+00,+25.22613064013E+00
+6.61000E-06,+4.71859296784E+00,+25.24623114243E+00
+6.62000E-06,+4.71859296784E+00,+25.24623114243E+00
+6.63000E-06,+4.69849246554E+00,+25.26633164472E+00
+6.64000E-06,+4.71859296784E+00,+25.24623114243E+00
+6.65000E-06,+4.69849246554E+00,+25.26633164473E+00
+6.66000E-06,+4.71859296784E+00,+25.28643214702E+00
+6.67000E-06,+4.69849246555E+00,+25.26633164473E+00
+6.68000E-06,+4.69849246554E+00,+25.28643214703E+00
+6.69000E-06,+4.69849246554E+00,+25.26633164473E+00
+6.70000E-06,+4.69849246554E+00,+25.30653264932E+00
+6.71000E-06,+4.69849246554E+00,+25.30653264932E+00
+6.72000E-06,+4.69849246554E+00,+25.28643214703E+00
+6.73000E-06,+4.67839196325E+00,+25.28643214703E+00
+6.74000E-06,+4.69849246554E+00,+25.30653264932E+00
+6.75000E-06,+4.67839196324E+00,+25.32663315162E+00
+6.76000E-06,+4.69849246554E+00,+25.32663315162E+00
+6.77000E-06,+4.67839196324E+00,+25.30653264933E+00
+6.78000E-06,+4.69849246554E+00,+25.34673365391E+00
+6.79000E-06,+4.67839196324E+00,+25.32663315162E+00
+6.80000E-06,+4.65829146095E+00,+25.34673365392E+00
+6.81000E-06,+4.65829146095E+00,+25.32663315162E+00
+6.82000E-06,+4.65829146095E+00,+25.34673365392E+00
+6.83000E-06,+4.65829146095E+00,+25.36683415621E+00
+6.84000E-06,+4.67839196324E+00,+25.36683415622E+00
+6.85000E-06,+4.65829146094E+00,+25.36683415622E+00
+6.86000E-06,+4.67839196324E+00,+25.38693465851E+00
+6.87000E-06,+4.65829146095E+00,+25.38693465851E+00
+6.88000E-06,+4.63819095865E+00,+25.36683415622E+00
+6.89000E-06,+4.65829146095E+00,+25.36683415622E+00
+6.90000E-06,+4.63819095865E+00,+25.38693465851E+00
+6.91000E-06,+4.63819095865E+00,+25.38693465851E+00
+6.92000E-06,+4.63819095865E+00,+25.40703516081E+00
+6.93000E-06,+4.63819095865E+00,+25.38693465851E+00
+6.94000E-06,+4.63819095865E+00,+25.40703516081E+00
+6.95000E-06,+4.63819095865E+00,+25.40703516081E+00
+6.96000E-06,+4.63819095865E+00,+25.42713566310E+00
+6.97000E-06,+4.61809045635E+00,+25.40703516081E+00
+6.98000E-06,+4.63819095865E+00,+25.40703516081E+00
+6.99000E-06,+4.59798995406E+00,+25.42713566310E+00
+7.00000E-06,+4.61809045635E+00,+25.42713566310E+00
+7.01000E-06,+4.59798995405E+00,+25.42713566311E+00
+7.02000E-06,+4.61809045635E+00,+25.44723616540E+00
+7.03000E-06,+4.61809045635E+00,+25.44723616540E+00
+7.04000E-06,+4.61809045635E+00,+25.44723616540E+00
+7.05000E-06,+4.57788945176E+00,+25.32663315162E+00
+7.06000E-06,+4.65829146094E+00,+25.40703516081E+00
+7.07000E-06,+4.61809045635E+00,+25.38693465851E+00
+7.08000E-06,+4.59798995405E+00,+25.40703516081E+00
+7.09000E-06,+4.59798995405E+00,+25.38693465851E+00
+7.10000E-06,+4.63819095864E+00,+25.34673365392E+00
+7.11000E-06,+4.59798995406E+00,+25.36683415622E+00
+7.12000E-06,+4.59798995405E+00,+25.36683415621E+00
+7.13000E-06,+4.59798995406E+00,+25.32663315162E+00
+7.14000E-06,+4.59798995405E+00,+25.34673365392E+00
+7.15000E-06,+4.59798995406E+00,+25.32663315162E+00
+7.16000E-06,+4.59798995406E+00,+25.30653264932E+00
+7.17000E-06,+4.59798995406E+00,+25.28643214703E+00
+7.18000E-06,+4.59798995405E+00,+25.28643214702E+00
+7.19000E-06,+4.61809045635E+00,+25.24623114243E+00
+7.20000E-06,+4.59798995406E+00,+25.24623114243E+00
+7.21000E-06,+4.59798995405E+00,+25.20603013784E+00
+7.22000E-06,+4.63819095865E+00,+25.20603013783E+00
+7.23000E-06,+4.61809045635E+00,+25.18592963554E+00
+7.24000E-06,+4.61809045635E+00,+25.18592963554E+00
+7.25000E-06,+4.61809045635E+00,+25.14572863095E+00
+7.26000E-06,+4.63819095865E+00,+25.14572863094E+00
+7.27000E-06,+4.61809045635E+00,+25.12562812865E+00
+7.28000E-06,+4.63819095865E+00,+25.10552762635E+00
+7.29000E-06,+4.61809045635E+00,+25.06532662176E+00
+7.30000E-06,+4.65829146094E+00,+25.06532662176E+00
+7.31000E-06,+4.65829146095E+00,+25.04522611946E+00
+7.32000E-06,+4.65829146095E+00,+25.02512561716E+00
+7.33000E-06,+4.65829146095E+00,+24.98492461257E+00
+7.34000E-06,+4.65829146095E+00,+24.98492461257E+00
+7.35000E-06,+4.67839196324E+00,+24.96482411027E+00
+7.36000E-06,+4.67839196324E+00,+24.94472360797E+00
+7.37000E-06,+4.67839196324E+00,+24.90452260338E+00
+7.38000E-06,+4.69849246554E+00,+24.90452260338E+00
+7.39000E-06,+4.67839196325E+00,+24.88442210108E+00
+7.40000E-06,+4.71859296783E+00,+24.86432159878E+00
+7.41000E-06,+4.69849246554E+00,+24.80402009190E+00
+7.42000E-06,+4.69849246554E+00,+24.80402009189E+00
+7.43000E-06,+4.69849246555E+00,+24.78391958959E+00
+7.44000E-06,+4.71859296784E+00,+24.78391958959E+00
+7.45000E-06,+4.69849246554E+00,+24.74371858500E+00
+7.46000E-06,+4.73869347014E+00,+24.76381908730E+00
+7.47000E-06,+4.73869347014E+00,+24.74371858500E+00
+7.48000E-06,+4.73869347014E+00,+24.78391958959E+00
+7.49000E-06,+4.69849246554E+00,+24.74371858500E+00
+7.50000E-06,+4.71859296784E+00,+24.76381908729E+00
+7.51000E-06,+4.71859296784E+00,+24.74371858500E+00
+7.52000E-06,+4.71859296784E+00,+24.76381908729E+00
+7.53000E-06,+4.73869347014E+00,+24.72361808270E+00
+7.54000E-06,+4.75879397243E+00,+24.76381908729E+00
+7.55000E-06,+4.71859296784E+00,+24.74371858500E+00
+7.56000E-06,+4.73869347014E+00,+24.74371858500E+00
+7.57000E-06,+4.75879397243E+00,+24.74371858500E+00
+7.58000E-06,+4.77889447472E+00,+24.76381908729E+00
+7.59000E-06,+4.75879397243E+00,+24.78391958959E+00
+7.60000E-06,+4.73869347014E+00,+24.78391958959E+00
+7.61000E-06,+4.71859296784E+00,+24.76381908730E+00
+7.62000E-06,+4.75879397243E+00,+24.78391958959E+00
+7.63000E-06,+4.75879397243E+00,+24.78391958959E+00
+7.64000E-06,+4.73869347014E+00,+24.80402009189E+00
+7.65000E-06,+4.75879397243E+00,+24.78391958960E+00
+7.66000E-06,+4.77889447473E+00,+24.80402009189E+00
+7.67000E-06,+4.75879397244E+00,+24.82412059419E+00
+7.68000E-06,+4.73869347014E+00,+24.82412059419E+00
+7.69000E-06,+4.75879397243E+00,+24.82412059419E+00
+7.70000E-06,+4.75879397243E+00,+24.82412059419E+00
+7.71000E-06,+4.75879397243E+00,+24.84422109649E+00
+7.72000E-06,+4.75879397243E+00,+24.86432159878E+00
+7.73000E-06,+4.75879397243E+00,+24.84422109649E+00
+7.74000E-06,+4.77889447473E+00,+24.84422109649E+00
+7.75000E-06,+4.77889447473E+00,+24.88442210108E+00
+7.76000E-06,+4.77889447473E+00,+24.88442210108E+00
+7.77000E-06,+4.75879397243E+00,+24.88442210108E+00
+7.78000E-06,+4.75879397244E+00,+24.90452260338E+00
+7.79000E-06,+4.75879397244E+00,+24.90452260338E+00
+7.80000E-06,+4.75879397243E+00,+24.90452260338E+00
+7.81000E-06,+4.75879397244E+00,+24.90452260338E+00
+7.82000E-06,+4.77889447473E+00,+24.92462310567E+00
+7.83000E-06,+4.77889447473E+00,+24.92462310568E+00
+7.84000E-06,+4.73869347014E+00,+24.92462310568E+00
+7.85000E-06,+4.75879397243E+00,+24.94472360797E+00
+7.86000E-06,+4.77889447473E+00,+24.96482411027E+00
+7.87000E-06,+4.75879397243E+00,+24.96482411027E+00
+7.88000E-06,+4.75879397243E+00,+24.98492461257E+00
+7.89000E-06,+4.75879397243E+00,+24.94472360798E+00
+7.90000E-06,+4.75879397243E+00,+24.98492461256E+00
+7.91000E-06,+4.77889447473E+00,+25.00502511486E+00
+7.92000E-06,+4.75879397243E+00,+25.00502511486E+00
+7.93000E-06,+4.73869347014E+00,+25.00502511486E+00
+7.94000E-06,+4.73869347014E+00,+25.02512561716E+00
+7.95000E-06,+4.75879397243E+00,+25.04522611946E+00
+7.96000E-06,+4.75879397243E+00,+25.04522611946E+00
+7.97000E-06,+4.73869347014E+00,+25.02512561716E+00
+7.98000E-06,+4.73869347014E+00,+25.06532662175E+00
+7.99000E-06,+4.73869347014E+00,+25.06532662175E+00
+8.00000E-06,+4.73869347014E+00,+25.08542712405E+00
+8.01000E-06,+4.73869347014E+00,+25.04522611946E+00
+8.02000E-06,+4.73869347014E+00,+25.06532662176E+00
+8.03000E-06,+4.73869347014E+00,+25.10552762635E+00
+8.04000E-06,+4.73869347014E+00,+25.12562812865E+00
+8.05000E-06,+4.71859296784E+00,+25.10552762635E+00
+8.06000E-06,+4.75879397243E+00,+25.12562812865E+00
+8.07000E-06,+4.71859296784E+00,+25.10552762635E+00
+8.08000E-06,+4.73869347014E+00,+25.14572863094E+00
+8.09000E-06,+4.73869347014E+00,+25.10552762635E+00
+8.10000E-06,+4.73869347014E+00,+25.14572863094E+00
+8.11000E-06,+4.71859296784E+00,+25.14572863095E+00
+8.12000E-06,+4.71859296784E+00,+25.16582913324E+00
+8.13000E-06,+4.73869347013E+00,+25.16582913324E+00
+8.14000E-06,+4.71859296784E+00,+25.18592963554E+00
+8.15000E-06,+4.69849246555E+00,+25.18592963554E+00
+8.16000E-06,+4.73869347013E+00,+25.18592963554E+00
+8.17000E-06,+4.69849246554E+00,+25.18592963554E+00
+8.18000E-06,+4.71859296784E+00,+25.20603013784E+00
+8.19000E-06,+4.69849246554E+00,+25.22613064013E+00
+8.20000E-06,+4.69849246554E+00,+25.22613064013E+00
+8.21000E-06,+4.69849246554E+00,+25.20603013784E+00
+8.22000E-06,+4.69849246554E+00,+25.24623114243E+00
+8.23000E-06,+4.69849246554E+00,+25.22613064014E+00
+8.24000E-06,+4.71859296784E+00,+25.24623114243E+00
+8.25000E-06,+4.69849246554E+00,+25.24623114244E+00
+8.26000E-06,+4.69849246554E+00,+25.28643214702E+00
+8.27000E-06,+4.67839196324E+00,+25.26633164473E+00
+8.28000E-06,+4.69849246554E+00,+25.26633164473E+00
+8.29000E-06,+4.63819095865E+00,+25.26633164473E+00
+8.30000E-06,+4.69849246554E+00,+25.30653264932E+00
+8.31000E-06,+4.67839196325E+00,+25.30653264932E+00
+8.32000E-06,+4.65829146095E+00,+25.30653264932E+00
+8.33000E-06,+4.67839196324E+00,+25.28643214703E+00
+8.34000E-06,+4.67839196324E+00,+25.32663315162E+00
+8.35000E-06,+4.67839196324E+00,+25.32663315162E+00
+8.36000E-06,+4.67839196324E+00,+25.32663315162E+00
+8.37000E-06,+4.65829146095E+00,+25.32663315162E+00
+8.38000E-06,+4.69849246554E+00,+25.34673365392E+00
+8.39000E-06,+4.67839196324E+00,+25.34673365392E+00
+8.40000E-06,+4.63819095865E+00,+25.34673365392E+00
+8.41000E-06,+4.63819095865E+00,+25.34673365392E+00
+8.42000E-06,+4.67839196324E+00,+25.38693465851E+00
+8.43000E-06,+4.65829146095E+00,+25.38693465851E+00
+8.44000E-06,+4.63819095865E+00,+25.38693465851E+00
+8.45000E-06,+4.63819095865E+00,+25.38693465851E+00
+8.46000E-06,+4.65829146094E+00,+25.38693465851E+00
+8.47000E-06,+4.63819095865E+00,+25.40703516081E+00
+8.48000E-06,+4.65829146094E+00,+25.40703516081E+00
+8.49000E-06,+4.63819095865E+00,+25.38693465852E+00
+8.50000E-06,+4.63819095865E+00,+25.38693465851E+00
+8.51000E-06,+4.61809045635E+00,+25.40703516081E+00
+8.52000E-06,+4.61809045635E+00,+25.42713566310E+00
+8.53000E-06,+4.61809045635E+00,+25.40703516081E+00
+8.54000E-06,+4.63819095865E+00,+25.42713566311E+00
+8.55000E-06,+4.61809045635E+00,+25.44723616540E+00
+8.56000E-06,+4.61809045635E+00,+25.44723616540E+00
+8.57000E-06,+4.59798995406E+00,+25.42713566311E+00
+8.58000E-06,+4.61809045635E+00,+25.44723616540E+00
+8.59000E-06,+4.59798995406E+00,+25.44723616540E+00
+8.60000E-06,+4.61809045635E+00,+25.44723616540E+00
+8.61000E-06,+4.59798995405E+00,+25.42713566311E+00
+8.62000E-06,+4.59798995405E+00,+25.48743717000E+00
+8.63000E-06,+4.59798995406E+00,+25.46733666770E+00
+8.64000E-06,+4.59798995406E+00,+25.48743717000E+00
+8.65000E-06,+4.59798995405E+00,+25.44723616541E+00
+8.66000E-06,+4.59798995405E+00,+25.48743717000E+00
+8.67000E-06,+4.57788945176E+00,+25.48743717000E+00
+8.68000E-06,+4.59798995405E+00,+25.48743717000E+00
+8.69000E-06,+4.55778894946E+00,+25.44723616540E+00
+8.70000E-06,+4.57788945176E+00,+25.50753767229E+00
+8.71000E-06,+4.55778894946E+00,+25.44723616540E+00
+8.72000E-06,+4.59798995406E+00,+25.46733666770E+00
+8.73000E-06,+4.57788945176E+00,+25.40703516082E+00
+8.74000E-06,+4.57788945176E+00,+25.42713566311E+00
+8.75000E-06,+4.57788945176E+00,+25.40703516081E+00
+8.76000E-06,+4.59798995405E+00,+25.38693465852E+00
+8.77000E-06,+4.57788945176E+00,+25.34673365392E+00
+8.78000E-06,+4.59798995405E+00,+25.36683415621E+00
+8.79000E-06,+4.57788945176E+00,+25.36683415621E+00
+8.80000E-06,+4.59798995405E+00,+25.30653264932E+00
+8.81000E-06,+4.57788945176E+00,+25.28643214703E+00
+8.82000E-06,+4.57788945176E+00,+25.26633164473E+00
+8.83000E-06,+4.59798995405E+00,+25.26633164473E+00
+8.84000E-06,+4.57788945176E+00,+25.24623114243E+00
+8.85000E-06,+4.57788945176E+00,+25.20603013784E+00
+8.86000E-06,+4.61809045635E+00,+25.22613064013E+00
+8.87000E-06,+4.61809045635E+00,+25.18592963554E+00
+8.88000E-06,+4.59798995406E+00,+25.18592963554E+00
+8.89000E-06,+4.57788945176E+00,+25.14572863095E+00
+8.90000E-06,+4.61809045635E+00,+25.14572863094E+00
+8.91000E-06,+4.61809045635E+00,+25.10552762635E+00
+8.92000E-06,+4.61809045635E+00,+25.10552762635E+00
+8.93000E-06,+4.59798995406E+00,+25.04522611946E+00
+8.94000E-06,+4.63819095865E+00,+25.02512561716E+00
+8.95000E-06,+4.61809045636E+00,+25.00502511487E+00
+8.96000E-06,+4.63819095865E+00,+25.00502511486E+00
+8.97000E-06,+4.63819095865E+00,+24.96482411027E+00
+8.98000E-06,+4.65829146094E+00,+24.94472360797E+00
+8.99000E-06,+4.65829146095E+00,+24.92462310568E+00
+9.00000E-06,+4.65829146095E+00,+24.92462310567E+00
+9.01000E-06,+4.65829146095E+00,+24.88442210108E+00
+9.02000E-06,+4.67839196324E+00,+24.84422109649E+00
+9.03000E-06,+4.67839196324E+00,+24.84422109649E+00
+9.04000E-06,+4.69849246554E+00,+24.80402009189E+00
+9.05000E-06,+4.67839196325E+00,+24.78391958959E+00
+9.06000E-06,+4.69849246554E+00,+24.76381908730E+00
+9.07000E-06,+4.69849246554E+00,+24.74371858500E+00
+9.08000E-06,+4.69849246554E+00,+24.74371858500E+00
+9.09000E-06,+4.71859296784E+00,+24.80402009189E+00
+9.10000E-06,+4.69849246554E+00,+24.76381908729E+00
+9.11000E-06,+4.69849246554E+00,+24.74371858500E+00
+9.12000E-06,+4.69849246554E+00,+24.70351758040E+00
+9.13000E-06,+4.69849246554E+00,+24.68341707810E+00
+9.14000E-06,+4.73869347014E+00,+24.70351758040E+00
+9.15000E-06,+4.71859296784E+00,+24.70351758040E+00
+9.16000E-06,+4.73869347013E+00,+24.70351758040E+00
+9.17000E-06,+4.71859296784E+00,+24.68341707811E+00
+9.18000E-06,+4.73869347014E+00,+24.72361808270E+00
+9.19000E-06,+4.73869347014E+00,+24.70351758041E+00
+9.20000E-06,+4.73869347014E+00,+24.74371858499E+00
+9.21000E-06,+4.71859296784E+00,+24.70351758041E+00
+9.22000E-06,+4.73869347014E+00,+24.74371858500E+00
+9.23000E-06,+4.73869347014E+00,+24.74371858500E+00
+9.24000E-06,+4.73869347014E+00,+24.74371858500E+00
+9.25000E-06,+4.71859296784E+00,+24.72361808271E+00
+9.26000E-06,+4.73869347014E+00,+24.74371858500E+00
+9.27000E-06,+4.73869347014E+00,+24.76381908730E+00
+9.28000E-06,+4.73869347014E+00,+24.78391958959E+00
+9.29000E-06,+4.73869347014E+00,+24.78391958959E+00
+9.30000E-06,+4.73869347014E+00,+24.80402009189E+00
+9.31000E-06,+4.73869347014E+00,+24.78391958959E+00
+9.32000E-06,+4.73869347014E+00,+24.82412059419E+00
+9.33000E-06,+4.73869347014E+00,+24.80402009190E+00
+9.34000E-06,+4.75879397243E+00,+24.82412059418E+00
+9.35000E-06,+4.75879397243E+00,+24.82412059419E+00
+9.36000E-06,+4.75879397243E+00,+24.82412059419E+00
+9.37000E-06,+4.73869347014E+00,+24.82412059419E+00
+9.38000E-06,+4.75879397243E+00,+24.84422109648E+00
+9.39000E-06,+4.75879397243E+00,+24.86432159878E+00
+9.40000E-06,+4.73869347014E+00,+24.86432159878E+00
+9.41000E-06,+4.73869347014E+00,+24.84422109649E+00
+9.42000E-06,+4.73869347014E+00,+24.88442210108E+00
+9.43000E-06,+4.73869347014E+00,+24.88442210108E+00
+9.44000E-06,+4.75879397243E+00,+24.90452260337E+00
+9.45000E-06,+4.73869347014E+00,+24.88442210108E+00
+9.46000E-06,+4.77889447472E+00,+24.90452260337E+00
+9.47000E-06,+4.75879397243E+00,+24.92462310568E+00
+9.48000E-06,+4.75879397243E+00,+24.92462310568E+00
+9.49000E-06,+4.73869347014E+00,+24.92462310568E+00
+9.50000E-06,+4.75879397243E+00,+24.94472360797E+00
+9.51000E-06,+4.73869347014E+00,+24.96482411027E+00
+9.52000E-06,+4.75879397243E+00,+24.96482411027E+00
+9.53000E-06,+4.73869347014E+00,+24.96482411027E+00
+9.54000E-06,+4.73869347014E+00,+24.98492461257E+00
+9.55000E-06,+4.73869347014E+00,+24.98492461257E+00
+9.56000E-06,+4.73869347014E+00,+25.00502511486E+00
+9.57000E-06,+4.71859296784E+00,+24.98492461257E+00
+9.58000E-06,+4.73869347014E+00,+25.00502511486E+00
+9.59000E-06,+4.73869347014E+00,+25.02512561716E+00
+9.60000E-06,+4.73869347014E+00,+25.02512561716E+00
+9.61000E-06,+4.71859296784E+00,+25.02512561716E+00
+9.62000E-06,+4.71859296784E+00,+25.06532662175E+00
+9.63000E-06,+4.71859296784E+00,+25.04522611946E+00
+9.64000E-06,+4.71859296784E+00,+25.06532662176E+00
+9.65000E-06,+4.71859296784E+00,+25.06532662176E+00
+9.66000E-06,+4.73869347014E+00,+25.08542712405E+00
+9.67000E-06,+4.71859296784E+00,+25.08542712405E+00
+9.68000E-06,+4.71859296784E+00,+25.10552762635E+00
+9.69000E-06,+4.69849246554E+00,+25.10552762635E+00
+9.70000E-06,+4.73869347013E+00,+25.12562812864E+00
+9.71000E-06,+4.71859296784E+00,+25.12562812865E+00
+9.72000E-06,+4.71859296784E+00,+25.14572863095E+00
+9.73000E-06,+4.69849246554E+00,+25.14572863095E+00
+9.74000E-06,+4.71859296784E+00,+25.16582913324E+00
+9.75000E-06,+4.71859296784E+00,+25.16582913324E+00
+9.76000E-06,+4.69849246554E+00,+25.14572863095E+00
+9.77000E-06,+4.69849246554E+00,+25.16582913324E+00
+9.78000E-06,+4.71859296784E+00,+25.18592963554E+00
+9.79000E-06,+4.69849246554E+00,+25.20603013783E+00
+9.80000E-06,+4.69849246554E+00,+25.22613064013E+00
+9.81000E-06,+4.69849246554E+00,+25.18592963554E+00
+9.82000E-06,+4.69849246554E+00,+25.22613064013E+00
+9.83000E-06,+4.67839196325E+00,+25.22613064013E+00
+9.84000E-06,+4.69849246554E+00,+25.22613064014E+00
+9.85000E-06,+4.69849246554E+00,+25.22613064014E+00
+9.86000E-06,+4.69849246554E+00,+25.26633164473E+00
+9.87000E-06,+4.67839196324E+00,+25.26633164473E+00
+9.88000E-06,+4.69849246554E+00,+25.26633164473E+00
+9.89000E-06,+4.65829146095E+00,+25.26633164473E+00
+9.90000E-06,+4.67839196324E+00,+25.28643214702E+00
+9.91000E-06,+4.65829146095E+00,+25.30653264932E+00
+9.92000E-06,+4.67839196324E+00,+25.30653264932E+00
+9.93000E-06,+4.63819095865E+00,+25.28643214703E+00
+9.94000E-06,+4.67839196324E+00,+25.32663315162E+00
+9.95000E-06,+4.65829146095E+00,+25.30653264933E+00
+9.96000E-06,+4.67839196324E+00,+25.32663315162E+00
+9.97000E-06,+4.63819095865E+00,+25.32663315162E+00
+9.98000E-06,+4.65829146095E+00,+25.36683415621E+00
+9.99000E-06,+4.63819095865E+00,+25.34673365392E+00
+10.00000E-06,+4.63819095865E+00,+25.34673365392E+00
+10.01000E-06,+4.63819095865E+00,+25.34673365392E+00
+10.02000E-06,+4.63819095865E+00,+25.36683415622E+00
+10.03000E-06,+4.63819095865E+00,+25.36683415622E+00
+10.04000E-06,+4.63819095865E+00,+25.36683415622E+00
+10.05000E-06,+4.63819095865E+00,+25.36683415622E+00
+10.06000E-06,+4.65829146094E+00,+25.38693465851E+00
+10.07000E-06,+4.61809045635E+00,+25.40703516081E+00
+10.08000E-06,+4.61809045635E+00,+25.40703516081E+00
+10.09000E-06,+4.63819095865E+00,+25.40703516081E+00
+10.10000E-06,+4.63819095865E+00,+25.40703516081E+00
+10.11000E-06,+4.63819095865E+00,+25.42713566311E+00
+10.12000E-06,+4.61809045635E+00,+25.42713566311E+00
+10.13000E-06,+4.59798995406E+00,+25.42713566311E+00
+10.14000E-06,+4.61809045635E+00,+25.44723616540E+00
+10.15000E-06,+4.61809045635E+00,+25.44723616540E+00
+10.16000E-06,+4.61809045635E+00,+25.44723616540E+00
+10.17000E-06,+4.61809045635E+00,+25.44723616540E+00
+10.18000E-06,+4.61809045635E+00,+25.48743716999E+00
+10.19000E-06,+4.59798995406E+00,+25.46733666770E+00
+10.20000E-06,+4.59798995405E+00,+25.48743717000E+00
+10.21000E-06,+4.57788945176E+00,+25.46733666770E+00
+10.22000E-06,+4.57788945176E+00,+25.48743717000E+00
+10.23000E-06,+4.59798995405E+00,+25.48743717000E+00
+10.24000E-06,+4.59798995406E+00,+25.50753767229E+00
+10.25000E-06,+4.57788945176E+00,+25.48743717000E+00
+10.26000E-06,+4.57788945176E+00,+25.50753767229E+00
+10.27000E-06,+4.57788945176E+00,+25.50753767230E+00
+10.28000E-06,+4.59798995405E+00,+25.50753767229E+00
+10.29000E-06,+4.57788945176E+00,+25.48743717000E+00
+10.30000E-06,+4.57788945176E+00,+25.50753767229E+00
+10.31000E-06,+4.57788945176E+00,+25.52763817459E+00
+10.32000E-06,+4.55778894946E+00,+25.40703516081E+00
+10.33000E-06,+4.57788945176E+00,+25.46733666771E+00
+10.34000E-06,+4.57788945176E+00,+25.44723616541E+00
+10.35000E-06,+4.55778894946E+00,+25.46733666770E+00
+10.36000E-06,+4.57788945176E+00,+25.44723616541E+00
+10.37000E-06,+4.57788945176E+00,+25.40703516081E+00
+10.38000E-06,+4.57788945176E+00,+25.42713566311E+00
+10.39000E-06,+4.55778894946E+00,+25.40703516081E+00
+10.40000E-06,+4.57788945176E+00,+25.40703516081E+00
+10.41000E-06,+4.57788945176E+00,+25.36683415622E+00
+10.42000E-06,+4.57788945176E+00,+25.36683415621E+00
+10.43000E-06,+4.57788945176E+00,+25.34673365392E+00
+10.44000E-06,+4.57788945176E+00,+25.32663315162E+00
+10.45000E-06,+4.57788945176E+00,+25.28643214703E+00
+10.46000E-06,+4.57788945176E+00,+25.28643214702E+00
+10.47000E-06,+4.57788945176E+00,+25.26633164473E+00
+10.48000E-06,+4.59798995405E+00,+25.24623114243E+00
+10.49000E-06,+4.57788945176E+00,+25.20603013784E+00
+10.50000E-06,+4.59798995405E+00,+25.18592963554E+00
+10.51000E-06,+4.59798995405E+00,+25.18592963554E+00
+10.52000E-06,+4.59798995405E+00,+25.14572863095E+00
+10.53000E-06,+4.57788945176E+00,+25.10552762635E+00
+10.54000E-06,+4.61809045635E+00,+25.12562812864E+00
+10.55000E-06,+4.61809045635E+00,+25.06532662176E+00
+10.56000E-06,+4.61809045635E+00,+25.06532662175E+00
+10.57000E-06,+4.61809045635E+00,+25.02512561716E+00
+10.58000E-06,+4.63819095865E+00,+25.02512561716E+00
+10.59000E-06,+4.61809045635E+00,+24.98492461257E+00
+10.60000E-06,+4.63819095865E+00,+24.96482411027E+00
+10.61000E-06,+4.63819095865E+00,+24.92462310568E+00
+10.62000E-06,+4.65829146094E+00,+24.90452260337E+00
+10.63000E-06,+4.65829146095E+00,+24.88442210108E+00
+10.64000E-06,+4.65829146095E+00,+24.86432159878E+00
+10.65000E-06,+4.63819095865E+00,+24.82412059419E+00
+10.66000E-06,+4.67839196324E+00,+24.80402009189E+00
+10.67000E-06,+4.67839196324E+00,+24.78391958959E+00
+10.68000E-06,+4.67839196324E+00,+24.74371858500E+00
+10.69000E-06,+4.67839196324E+00,+24.70351758041E+00
+10.70000E-06,+4.69849246554E+00,+24.74371858499E+00
+10.71000E-06,+4.69849246554E+00,+24.78391958959E+00
+10.72000E-06,+4.69849246554E+00,+24.68341707810E+00
+10.73000E-06,+4.69849246555E+00,+24.64321607351E+00
+10.74000E-06,+4.73869347013E+00,+24.66331657581E+00
+10.75000E-06,+4.71859296784E+00,+24.68341707811E+00
+10.76000E-06,+4.69849246554E+00,+24.68341707811E+00
+10.77000E-06,+4.69849246554E+00,+24.68341707811E+00
+10.78000E-06,+4.71859296784E+00,+24.68341707810E+00
+10.79000E-06,+4.71859296784E+00,+24.70351758040E+00
+10.80000E-06,+4.71859296784E+00,+24.68341707811E+00
+10.81000E-06,+4.71859296784E+00,+24.70351758040E+00
+10.82000E-06,+4.73869347013E+00,+24.70351758040E+00
+10.83000E-06,+4.71859296784E+00,+24.70351758040E+00
+10.84000E-06,+4.71859296784E+00,+24.72361808270E+00
+10.85000E-06,+4.69849246554E+00,+24.70351758041E+00
+10.86000E-06,+4.73869347014E+00,+24.72361808270E+00
+10.87000E-06,+4.71859296784E+00,+24.72361808270E+00
+10.88000E-06,+4.71859296784E+00,+24.74371858500E+00
+10.89000E-06,+4.71859296784E+00,+24.74371858500E+00
+10.90000E-06,+4.73869347014E+00,+24.76381908729E+00
+10.91000E-06,+4.71859296784E+00,+24.74371858500E+00
+10.92000E-06,+4.71859296784E+00,+24.76381908730E+00
+10.93000E-06,+4.71859296784E+00,+24.78391958959E+00
+10.94000E-06,+4.73869347014E+00,+24.78391958959E+00
+10.95000E-06,+4.73869347014E+00,+24.80402009189E+00
+10.96000E-06,+4.73869347014E+00,+24.80402009189E+00
+10.97000E-06,+4.71859296784E+00,+24.82412059419E+00
+10.98000E-06,+4.73869347013E+00,+24.80402009189E+00
+10.99000E-06,+4.73869347014E+00,+24.82412059419E+00
+11.00000E-06,+4.71859296784E+00,+24.82412059419E+00
+11.01000E-06,+4.73869347013E+00,+24.84422109649E+00
+11.02000E-06,+4.73869347014E+00,+24.84422109648E+00
+11.03000E-06,+4.71859296784E+00,+24.86432159878E+00
+11.04000E-06,+4.73869347014E+00,+24.86432159878E+00
+11.05000E-06,+4.73869347014E+00,+24.86432159879E+00
+11.06000E-06,+4.73869347014E+00,+24.86432159878E+00
+11.07000E-06,+4.71859296784E+00,+24.90452260337E+00
+11.08000E-06,+4.73869347014E+00,+24.90452260338E+00
+11.09000E-06,+4.73869347013E+00,+24.90452260338E+00
+11.10000E-06,+4.73869347014E+00,+24.90452260338E+00
+11.11000E-06,+4.73869347014E+00,+24.94472360797E+00
+11.12000E-06,+4.73869347014E+00,+24.94472360797E+00
+11.13000E-06,+4.71859296784E+00,+24.94472360797E+00
+11.14000E-06,+4.71859296784E+00,+24.96482411027E+00
+11.15000E-06,+4.71859296784E+00,+24.96482411027E+00
+11.16000E-06,+4.73869347014E+00,+24.96482411027E+00
+11.17000E-06,+4.73869347013E+00,+24.98492461257E+00
+11.18000E-06,+4.73869347013E+00,+24.98492461257E+00
+11.19000E-06,+4.73869347013E+00,+25.00502511486E+00
+11.20000E-06,+4.71859296784E+00,+25.00502511487E+00
+11.21000E-06,+4.69849246555E+00,+25.00502511486E+00
+11.22000E-06,+4.73869347014E+00,+25.04522611946E+00
+11.23000E-06,+4.71859296784E+00,+25.04522611946E+00
+11.24000E-06,+4.71859296784E+00,+25.04522611946E+00
+11.25000E-06,+4.69849246554E+00,+25.06532662176E+00
+11.26000E-06,+4.73869347014E+00,+25.06532662176E+00
+11.27000E-06,+4.71859296784E+00,+25.08542712405E+00
+11.28000E-06,+4.71859296784E+00,+25.06532662176E+00
+11.29000E-06,+4.69849246554E+00,+25.06532662176E+00
+11.30000E-06,+4.71859296783E+00,+25.08542712405E+00
+11.31000E-06,+4.71859296784E+00,+25.12562812864E+00
+11.32000E-06,+4.69849246554E+00,+25.10552762635E+00
+11.33000E-06,+4.71859296783E+00,+25.14572863095E+00
+11.34000E-06,+4.71859296783E+00,+25.12562812865E+00
+11.35000E-06,+4.69849246554E+00,+25.14572863095E+00
+11.36000E-06,+4.69849246554E+00,+25.16582913324E+00
+11.37000E-06,+4.69849246554E+00,+25.14572863095E+00
+11.38000E-06,+4.69849246554E+00,+25.16582913324E+00
+11.39000E-06,+4.69849246554E+00,+25.18592963554E+00
+11.40000E-06,+4.69849246554E+00,+25.18592963554E+00
+11.41000E-06,+4.69849246554E+00,+25.18592963554E+00
+11.42000E-06,+4.69849246554E+00,+25.20603013783E+00
+11.43000E-06,+4.67839196324E+00,+25.20603013784E+00
+11.44000E-06,+4.67839196324E+00,+25.22613064013E+00
+11.45000E-06,+4.65829146095E+00,+25.22613064013E+00
+11.46000E-06,+4.67839196324E+00,+25.24623114243E+00
+11.47000E-06,+4.67839196324E+00,+25.26633164473E+00
+11.48000E-06,+4.67839196324E+00,+25.26633164473E+00
+11.49000E-06,+4.63819095865E+00,+25.24623114243E+00
+11.50000E-06,+4.67839196324E+00,+25.28643214702E+00
+11.51000E-06,+4.67839196324E+00,+25.26633164473E+00
+11.52000E-06,+4.67839196324E+00,+25.28643214703E+00
+11.53000E-06,+4.65829146095E+00,+25.28643214703E+00
+11.54000E-06,+4.65829146095E+00,+25.32663315162E+00
+11.55000E-06,+4.63819095865E+00,+25.30653264932E+00
+11.56000E-06,+4.65829146095E+00,+25.32663315162E+00
+11.57000E-06,+4.65829146094E+00,+25.30653264933E+00
+11.58000E-06,+4.65829146095E+00,+25.34673365391E+00
+11.59000E-06,+4.63819095865E+00,+25.32663315162E+00
+11.60000E-06,+4.65829146094E+00,+25.36683415621E+00
+11.61000E-06,+4.63819095865E+00,+25.34673365392E+00
+11.62000E-06,+4.65829146095E+00,+25.38693465851E+00
+11.63000E-06,+4.63819095865E+00,+25.38693465851E+00
+11.64000E-06,+4.63819095865E+00,+25.40703516081E+00
+11.65000E-06,+4.63819095865E+00,+25.38693465851E+00
+11.66000E-06,+4.63819095865E+00,+25.38693465851E+00
+11.67000E-06,+4.63819095865E+00,+25.40703516081E+00
+11.68000E-06,+4.61809045636E+00,+25.40703516081E+00
+11.69000E-06,+4.61809045635E+00,+25.40703516081E+00
+11.70000E-06,+4.63819095865E+00,+25.42713566311E+00
+11.71000E-06,+4.61809045635E+00,+25.44723616540E+00
+11.72000E-06,+4.61809045635E+00,+25.42713566311E+00
+11.73000E-06,+4.59798995405E+00,+25.42713566311E+00
+11.74000E-06,+4.59798995406E+00,+25.44723616540E+00
+11.75000E-06,+4.59798995406E+00,+25.44723616541E+00
+11.76000E-06,+4.59798995405E+00,+25.46733666770E+00
+11.77000E-06,+4.57788945176E+00,+25.42713566312E+00
+11.78000E-06,+4.59798995405E+00,+25.46733666770E+00
+11.79000E-06,+4.59798995405E+00,+25.46733666770E+00
+11.80000E-06,+4.59798995406E+00,+25.48743717000E+00
+11.81000E-06,+4.57788945176E+00,+25.46733666771E+00
+11.82000E-06,+4.57788945176E+00,+25.48743717000E+00
+11.83000E-06,+4.57788945176E+00,+25.50753767229E+00
+11.84000E-06,+4.57788945176E+00,+25.48743717000E+00
+11.85000E-06,+4.57788945176E+00,+25.48743717000E+00
+11.86000E-06,+4.57788945176E+00,+25.50753767229E+00
+11.87000E-06,+4.57788945176E+00,+25.50753767230E+00
+11.88000E-06,+4.57788945176E+00,+25.52763817459E+00
+11.89000E-06,+4.57788945176E+00,+25.50753767230E+00
+11.90000E-06,+4.55778894946E+00,+25.52763817459E+00
+11.91000E-06,+4.55778894946E+00,+25.52763817459E+00
+11.92000E-06,+4.57788945175E+00,+25.54773867689E+00
+11.93000E-06,+4.55778894946E+00,+25.52763817459E+00
+11.94000E-06,+4.55778894946E+00,+25.54773867689E+00
+11.95000E-06,+4.55778894946E+00,+25.48743717000E+00
+11.96000E-06,+4.55778894946E+00,+25.54773867689E+00
+11.97000E-06,+4.51758794487E+00,+25.54773867689E+00
+11.98000E-06,+4.53768844716E+00,+25.52763817459E+00
+11.99000E-06,+4.55778894946E+00,+25.50753767230E+00
