x-axis,1,2,4,F1
second,Volt,Volt,Volt,Volt
-1.750000E-06,+4.949748665094E+00,-540.201067925E-03,-741.206094623E-03,-200.500488281E-03
-1.747500E-06,+4.748743638396E+00,-640.703581274E-03,-540.201067925E-03,+100.708007813E-03
-1.745000E-06,+4.949748665094E+00,-339.196041226E-03,-741.206094623E-03,-401.306152344E-03
-1.742500E-06,+4.849246151745E+00,-540.201067925E-03,-741.206094623E-03,-200.500488281E-03
-1.740000E-06,+4.949748665094E+00,-540.201067925E-03,-540.201067925E-03,+305.175781E-06
-1.737500E-06,+4.949748665094E+00,-540.201067925E-03,-640.703581273E-03,-100.097656250E-03
-1.735000E-06,+4.949748665094E+00,-540.201067925E-03,-741.206094623E-03,-200.500488281E-03
-1.732500E-06,+4.949748665094E+00,-640.703581273E-03,-741.206094623E-03,-100.097656250E-03
-1.730000E-06,+4.748743638396E+00,-540.201067925E-03,-741.206094623E-03,-200.500488281E-03
-1.727500E-06,+4.949748665094E+00,-640.703581274E-03,-640.703581273E-03,+305.175781E-06
-1.725000E-06,+4.748743638396E+00,-942.211121321E-03,-741.206094623E-03,+201.110839844E-03
-1.722500E-06,+4.849246151745E+00,-640.703581273E-03,-540.201067925E-03,+100.708007812E-03
-1.720000E-06,+4.748743638396E+00,-741.206094623E-03,-540.201067925E-03,+201.110839844E-03
-1.717500E-06,+4.849246151745E+00,-640.703581273E-03,-540.201067925E-03,+100.708007812E-03
-1.715000E-06,+4.949748665094E+00,-540.201067925E-03,-540.201067925E-03,+305.175781E-06
-1.712500E-06,+5.050251178443E+00,-640.703581273E-03,-540.201067925E-03,+100.708007812E-03
-1.710000E-06,+5.150753691793E+00,-741.206094623E-03,-540.201067925E-03,+201.110839844E-03
-1.707500E-06,+4.849246151745E+00,-640.703581274E-03,-540.201067925E-03,+100.708007813E-03
-1.705000E-06,+5.150753691792E+00,-741.206094623E-03,-540.201067925E-03,+201.110839844E-03
-1.702500E-06,+4.949748665094E+00,-640.703581273E-03,-540.201067925E-03,+100.708007812E-03
-1.700000E-06,+4.949748665094E+00,-741.206094623E-03,-540.201067925E-03,+201.110839844E-03
-1.697500E-06,+4.949748665094E+00,-540.201067925E-03,-540.201067925E-03,+305.175781E-06
-1.695000E-06,+4.949748665094E+00,-540.201067925E-03,-540.201067925E-03,+305.175781E-06
-1.692500E-06,+4.949748665094E+00,-741.206094623E-03,-640.703581273E-03,+100.708007813E-03
-1.690000E-06,+4.949748665094E+00,-540.201067925E-03,-540.201067925E-03,+305.175781E-06
-1.687500E-06,+5.050251178444E+00,-640.703581274E-03,-640.703581273E-03,+305.175782E-06
-1.685000E-06,+4.949748665094E+00,-540.201067925E-03,-741.206094623E-03,-200.500488281E-03
-1.682500E-06,+5.050251178444E+00,-640.703581273E-03,-540.201067925E-03,+100.708007812E-03
-1.680000E-06,+5.150753691792E+00,-540.201067925E-03,-540.201067925E-03,+305.175781E-06
-1.677500E-06,+4.748743638396E+00,-540.201067924E-03,-540.201067925E-03,+305.175781E-06
-1.675000E-06,+5.150753691792E+00,-540.201067925E-03,-540.201067925E-03,+305.175781E-06
-1.672500E-06,+5.050251178443E+00,-540.201067924E-03,-540.201067925E-03,+305.175781E-06
-1.670000E-06,+4.949748665094E+00,-339.196041227E-03,-741.206094622E-03,-401.306152343E-03
-1.667500E-06,+4.748743638396E+00,-540.201067925E-03,-640.703581273E-03,-100.097656250E-03
-1.665000E-06,+5.150753691792E+00,-540.201067925E-03,-741.206094622E-03,-200.500488281E-03
-1.662500E-06,+4.949748665094E+00,-540.201067925E-03,-741.206094623E-03,-200.500488281E-03
-1.660000E-06,+4.949748665094E+00,-741.206094623E-03,-741.206094623E-03,+305.175781E-06
-1.657500E-06,+5.050251178443E+00,-439.698554576E-03,-741.206094623E-03,-300.903320312E-03
-1.655000E-06,+4.949748665094E+00,-540.201067925E-03,-741.206094622E-03,-200.500488281E-03
-1.652500E-06,+4.748743638396E+00,-741.206094623E-03,-640.703581273E-03,+100.708007813E-03
-1.650000E-06,+5.150753691792E+00,-540.201067925E-03,-540.201067925E-03,+305.175781E-06
-1.647500E-06,+4.849246151745E+00,-640.703581274E-03,-640.703581273E-03,+305.175782E-06
-1.645000E-06,+4.949748665094E+00,-540.201067925E-03,-540.201067925E-03,+305.175781E-06
-1.642500E-06,+4.849246151745E+00,+464.824065566E-03,-339.196041226E-03,-802.917480469E-03
-1.640000E-06,+5.150753691792E+00,+1.268844172358E+00,-138.191014529E-03,-1.405334472656E+00
-1.637500E-06,+4.849246151746E+00,+1.871859252452E+00,+163.316525519E-03,-1.706542968750E+00
-1.635000E-06,+4.949748665094E+00,+2.675879359245E+00,+464.824065566E-03,-2.208557128906E+00
-1.632500E-06,+5.150753691792E+00,+4.484924599527E+00,+1.469849199056E+00,-3.011779785156E+00
-1.630000E-06,+4.949748665095E+00,+7.902010053394E+00,+3.077889412641E+00,-4.819030761718E+00
-1.627500E-06,+5.251256205141E+00,+9.912060320376E+00,+3.982412032783E+00,-5.923461914062E+00
-1.625000E-06,+5.150753691793E+00,+11.319095507264E+00,+4.484924599528E+00,-6.827087402344E+00
-1.622500E-06,+4.145728558302E+00,+13.128140747546E+00,+6.193467326461E+00,-6.927490234375E+00
-1.620000E-06,+5.150753691791E+00,+15.138191014528E+00,+8.103015080093E+00,-7.027893066407E+00
-1.617500E-06,+6.457286365330E+00,+15.942211121321E+00,+9.409547753631E+00,-6.525878906251E+00
-1.615000E-06,+4.547738611700E+00,+16.143216148018E+00,+10.515075400471E+00,-5.622253417969E+00
-1.612500E-06,+2.839195884763E+00,+17.449748821556E+00,+12.022613100707E+00,-5.421447753906E+00
-1.610000E-06,+4.547738611697E+00,+19.560301601886E+00,+13.530150800942E+00,-6.023864746094E+00
-1.607500E-06,+4.447236098350E+00,+19.359296575189E+00,+14.937185987830E+00,-4.417419433594E+00
-1.605000E-06,+2.939698398114E+00,+19.359296575189E+00,+15.942211121320E+00,-3.413391113282E+00
-1.602500E-06,+3.643215991556E+00,+20.866834275424E+00,+17.047738768160E+00,-3.815002441406E+00
-1.600000E-06,+3.743718504906E+00,+21.570351868868E+00,+17.952261388302E+00,-3.614196777344E+00
-1.597500E-06,+3.643215991557E+00,+21.268844328821E+00,+18.856784008443E+00,-2.409362792970E+00
-1.595000E-06,+3.542713478208E+00,+21.570351868868E+00,+19.962311655283E+00,-1.606140136719E+00
-1.592500E-06,+3.542713478208E+00,+22.776382029056E+00,+20.967336788773E+00,-1.806945800781E+00
-1.590000E-06,+4.346733584999E+00,+23.178392082453E+00,+21.369346842169E+00,-1.806945800782E+00
-1.587500E-06,+5.351758718491E+00,+22.575377002358E+00,+21.972361922264E+00,-602.111816406E-03
-1.585000E-06,+5.351758718491E+00,+23.178392082452E+00,+22.575377002358E+00,-602.111816406E-03
-1.582500E-06,+4.949748665094E+00,+23.580402135849E+00,+23.379397109150E+00,-200.500488282E-03
-1.580000E-06,+5.150753691792E+00,+23.379397109151E+00,+23.379397109151E+00,+305.175782E-06
-1.577500E-06,+4.547738611699E+00,+23.278894595802E+00,+23.479899622500E+00,+201.110839844E-03
-1.575000E-06,+4.145728558302E+00,+23.580402135849E+00,+23.781407162547E+00,+201.110839844E-03
-1.572500E-06,+3.844221018254E+00,+23.881909675896E+00,+24.082914702594E+00,+201.110839844E-03
-1.570000E-06,+4.145728558302E+00,+23.982412189245E+00,+24.384422242641E+00,+401.916503906E-03
-1.567500E-06,+3.844221018255E+00,+23.680904649198E+00,+24.082914702595E+00,+401.916503907E-03
-1.565000E-06,+3.743718504906E+00,+23.781407162547E+00,+24.183417215943E+00,+401.916503906E-03
-1.562500E-06,+3.844221018254E+00,+24.082914702595E+00,+24.283919729292E+00,+201.110839843E-03
-1.560000E-06,+4.346733584999E+00,+23.781407162548E+00,+24.384422242641E+00,+602.722167968E-03
-1.557500E-06,+4.246231071651E+00,+23.781407162547E+00,+24.283919729292E+00,+502.319335937E-03
-1.555000E-06,+3.944723531604E+00,+24.183417215943E+00,+24.183417215944E+00,+305.175782E-06
-1.552500E-06,+4.145728558302E+00,+24.082914702595E+00,+24.283919729292E+00,+201.110839843E-03
-1.550000E-06,+4.145728558302E+00,+23.982412189245E+00,+24.384422242641E+00,+401.916503906E-03
-1.547500E-06,+4.045226044953E+00,+23.881909675896E+00,+24.384422242641E+00,+502.319335938E-03
-1.545000E-06,+4.145728558302E+00,+24.183417215943E+00,+24.384422242641E+00,+201.110839844E-03
-1.542500E-06,+4.648241125047E+00,+24.082914702595E+00,+24.484924755990E+00,+401.916503905E-03
-1.540000E-06,+4.949748665094E+00,+23.982412189245E+00,+24.786432296037E+00,+803.527832031E-03
-1.537500E-06,+4.849246151746E+00,+24.082914702594E+00,+24.585427269340E+00,+502.319335938E-03
-1.535000E-06,+4.949748665094E+00,+23.982412189245E+00,+24.585427269339E+00,+602.722167968E-03
-1.532500E-06,+5.050251178443E+00,+23.881909675896E+00,+24.384422242641E+00,+502.319335938E-03
-1.530000E-06,+5.552763745188E+00,+23.982412189245E+00,+24.384422242642E+00,+401.916503907E-03
-1.527500E-06,+5.653266258537E+00,+23.982412189244E+00,+24.384422242641E+00,+401.916503907E-03
-1.525000E-06,+5.753768771886E+00,+23.982412189246E+00,+24.585427269340E+00,+602.722167968E-03
-1.522500E-06,+5.854271285236E+00,+24.082914702595E+00,+24.585427269340E+00,+502.319335937E-03
-1.520000E-06,+5.753768771887E+00,+23.781407162548E+00,+24.585427269340E+00,+803.527832030E-03
-1.517500E-06,+5.251256205142E+00,+23.982412189245E+00,+24.685929782689E+00,+703.125000000E-03
-1.515000E-06,+5.150753691792E+00,+23.982412189245E+00,+24.786432296038E+00,+803.527832031E-03
-1.512500E-06,+5.150753691792E+00,+24.082914702595E+00,+24.886934809386E+00,+803.527832030E-03
-1.510000E-06,+4.949748665094E+00,+23.982412189246E+00,+24.987437322735E+00,+1.004333496093E+00
-1.507500E-06,+4.648241125048E+00,+24.183417215942E+00,+24.987437322736E+00,+803.527832032E-03
-1.505000E-06,+4.748743638396E+00,+24.183417215943E+00,+24.987437322736E+00,+803.527832032E-03
-1.502500E-06,+4.748743638396E+00,+24.082914702595E+00,+25.188442349434E+00,+1.104736328125E+00
-1.500000E-06,+4.547738611699E+00,+23.982412189245E+00,+25.188442349434E+00,+1.205139160156E+00
-1.497500E-06,+4.447236098350E+00,+24.183417215943E+00,+25.188442349434E+00,+1.004333496094E+00
-1.495000E-06,+4.547738611698E+00,+24.183417215942E+00,+25.188442349434E+00,+1.004333496095E+00
-1.492500E-06,+4.246231071650E+00,+23.881909675897E+00,+25.087939836085E+00,+1.205139160156E+00
-1.490000E-06,+4.547738611698E+00,+23.781407162548E+00,+24.987437322735E+00,+1.205139160155E+00
-1.487500E-06,+4.447236098349E+00,+23.881909675896E+00,+24.685929782689E+00,+803.527832032E-03
-1.485000E-06,+4.547738611698E+00,+23.580402135850E+00,+24.384422242642E+00,+803.527832031E-03
-1.482500E-06,+4.748743638396E+00,+23.881909675897E+00,+24.384422242641E+00,+502.319335937E-03
-1.480000E-06,+4.748743638396E+00,+23.580402135850E+00,+24.183417215943E+00,+602.722167968E-03
-1.477500E-06,+4.748743638396E+00,+23.680904649199E+00,+23.881909675897E+00,+201.110839844E-03
-1.475000E-06,+4.748743638396E+00,+23.781407162546E+00,+23.379397109152E+00,-401.306152342E-03
-1.472500E-06,+4.849246151746E+00,+23.680904649199E+00,+23.379397109151E+00,-300.903320313E-03
-1.470000E-06,+4.949748665094E+00,+23.580402135849E+00,+23.379397109150E+00,-200.500488282E-03
-1.467500E-06,+4.949748665094E+00,+23.479899622499E+00,+23.077889569104E+00,-401.306152343E-03
-1.465000E-06,+5.150753691792E+00,+23.781407162547E+00,+22.776382029057E+00,-1.003723144531E+00
-1.462500E-06,+5.251256205142E+00,+23.479899622501E+00,+22.675879515707E+00,-802.917480470E-03
-1.460000E-06,+5.150753691792E+00,+23.379397109150E+00,+22.575377002359E+00,-802.917480468E-03
-1.457500E-06,+5.452261231840E+00,+23.379397109151E+00,+22.374371975660E+00,-1.003723144531E+00
-1.455000E-06,+5.150753691792E+00,+23.580402135849E+00,+22.374371975660E+00,-1.204528808593E+00
-1.452500E-06,+5.351758718491E+00,+23.278894595802E+00,+22.374371975660E+00,-903.320312501E-03
-1.450000E-06,+5.150753691792E+00,+23.379397109152E+00,+22.173366948963E+00,-1.204528808594E+00
-1.447500E-06,+5.150753691792E+00,+23.379397109151E+00,+22.374371975660E+00,-1.003723144531E+00
-1.445000E-06,+5.150753691792E+00,+23.379397109151E+00,+22.374371975660E+00,-1.003723144531E+00
-1.442500E-06,+5.251256205141E+00,+23.379397109150E+00,+22.575377002357E+00,-802.917480469E-03
-1.440000E-06,+5.150753691793E+00,+23.379397109151E+00,+22.776382029056E+00,-602.111816407E-03
-1.437500E-06,+4.849246151746E+00,+23.379397109151E+00,+22.675879515707E+00,-702.514648438E-03
-1.435000E-06,+5.150753691791E+00,+23.379397109151E+00,+22.776382029057E+00,-602.111816406E-03
-1.432500E-06,+4.849246151746E+00,+23.479899622501E+00,+22.977387055755E+00,-501.708984376E-03
-1.430000E-06,+4.748743638397E+00,+23.580402135849E+00,+22.977387055755E+00,-602.111816406E-03
-1.427500E-06,+4.849246151746E+00,+23.479899622499E+00,+22.977387055755E+00,-501.708984374E-03
-1.425000E-06,+4.748743638396E+00,+23.781407162547E+00,+23.178392082452E+00,-602.111816406E-03
-1.422500E-06,+4.748743638396E+00,+23.479899622501E+00,+23.178392082453E+00,-300.903320313E-03
-1.420000E-06,+4.547738611699E+00,+23.379397109151E+00,+23.379397109151E+00,+305.175781E-06
-1.417500E-06,+4.748743638396E+00,+23.680904649197E+00,+23.178392082453E+00,-501.708984374E-03
-1.415000E-06,+4.748743638396E+00,+23.781407162547E+00,+23.379397109150E+00,-401.306152344E-03
-1.412500E-06,+4.748743638396E+00,+23.379397109151E+00,+23.379397109151E+00,+305.175781E-06
-1.410000E-06,+4.949748665093E+00,+23.379397109151E+00,+23.379397109151E+00,+305.175781E-06
-1.407500E-06,+4.748743638396E+00,+23.580402135849E+00,+23.278894595803E+00,-300.903320312E-03
-1.405000E-06,+4.949748665094E+00,+23.379397109151E+00,+23.379397109151E+00,+305.175781E-06
-1.402500E-06,+5.050251178444E+00,+23.580402135849E+00,+23.178392082453E+00,-401.306152344E-03
-1.400000E-06,+5.150753691792E+00,+23.379397109152E+00,+23.379397109151E+00,+305.175781E-06
-1.397500E-06,+4.949748665096E+00,+23.479899622501E+00,+23.479899622499E+00,+305.175780E-06
-1.395000E-06,+5.351758718490E+00,+23.580402135848E+00,+23.379397109151E+00,-200.500488280E-03
-1.392500E-06,+5.150753691792E+00,+23.479899622501E+00,+23.379397109151E+00,-100.097656251E-03
-1.390000E-06,+4.949748665094E+00,+23.580402135849E+00,+23.379397109152E+00,-200.500488281E-03
-1.387500E-06,+5.050251178444E+00,+23.278894595801E+00,+23.479899622499E+00,+201.110839844E-03
-1.385000E-06,+4.949748665094E+00,+23.580402135848E+00,+23.379397109151E+00,-200.500488281E-03
-1.382500E-06,+5.050251178444E+00,+23.580402135849E+00,+23.680904649197E+00,+100.708007812E-03
-1.380000E-06,+4.949748665095E+00,+23.178392082454E+00,+23.781407162546E+00,+602.722167967E-03
-1.377500E-06,+4.949748665094E+00,+23.379397109151E+00,+23.680904649197E+00,+301.513671874E-03
-1.375000E-06,+5.150753691792E+00,+23.379397109151E+00,+23.580402135851E+00,+201.110839845E-03
-1.372500E-06,+4.949748665094E+00,+23.278894595801E+00,+23.982412189245E+00,+703.125000001E-03
-1.370000E-06,+4.949748665094E+00,+23.379397109152E+00,+23.781407162548E+00,+401.916503906E-03
-1.367500E-06,+4.949748665094E+00,+23.580402135849E+00,+24.082914702595E+00,+502.319335938E-03
-1.365000E-06,+5.150753691792E+00,+23.379397109151E+00,+23.982412189245E+00,+602.722167969E-03
-1.362500E-06,+5.150753691792E+00,+23.479899622501E+00,+23.982412189245E+00,+502.319335937E-03
-1.360000E-06,+4.949748665095E+00,+23.379397109152E+00,+23.982412189245E+00,+602.722167968E-03
-1.357500E-06,+5.050251178444E+00,+23.479899622501E+00,+24.082914702595E+00,+602.722167969E-03
-1.355000E-06,+4.748743638397E+00,+23.580402135847E+00,+23.982412189246E+00,+401.916503909E-03
-1.352500E-06,+4.949748665094E+00,+23.479899622501E+00,+24.183417215943E+00,+703.124999999E-03
-1.350000E-06,+4.748743638396E+00,+23.379397109152E+00,+23.982412189245E+00,+602.722167968E-03
-1.347500E-06,+4.748743638396E+00,+23.278894595801E+00,+23.982412189245E+00,+703.125000001E-03
-1.345000E-06,+4.547738611699E+00,+23.580402135849E+00,+23.781407162548E+00,+201.110839845E-03
-1.342500E-06,+4.748743638396E+00,+23.479899622499E+00,+23.982412189245E+00,+502.319335938E-03
-1.340000E-06,+4.547738611698E+00,+23.178392082453E+00,+23.781407162547E+00,+602.722167969E-03
-1.337500E-06,+4.748743638396E+00,+23.479899622499E+00,+23.781407162547E+00,+301.513671876E-03
-1.335000E-06,+4.748743638396E+00,+23.379397109151E+00,+23.580402135850E+00,+201.110839845E-03
-1.332500E-06,+4.748743638396E+00,+23.178392082453E+00,+23.680904649197E+00,+502.319335937E-03
-1.330000E-06,+4.949748665094E+00,+23.379397109150E+00,+23.580402135849E+00,+201.110839845E-03
-1.327500E-06,+4.849246151745E+00,+23.278894595803E+00,+23.479899622501E+00,+201.110839844E-03
-1.325000E-06,+4.949748665095E+00,+22.977387055756E+00,+23.580402135849E+00,+602.722167967E-03
-1.322500E-06,+5.150753691792E+00,+23.077889569103E+00,+23.379397109151E+00,+301.513671876E-03
-1.320000E-06,+5.150753691792E+00,+23.178392082453E+00,+23.379397109151E+00,+201.110839844E-03
-1.317500E-06,+4.949748665094E+00,+23.077889569105E+00,+23.178392082453E+00,+100.708007812E-03
-1.315000E-06,+5.150753691792E+00,+23.178392082452E+00,+22.977387055756E+00,-200.500488280E-03
-1.312500E-06,+5.050251178444E+00,+23.077889569105E+00,+23.178392082453E+00,+100.708007812E-03
-1.310000E-06,+4.748743638397E+00,+23.178392082453E+00,+22.977387055755E+00,-200.500488281E-03
-1.307500E-06,+4.949748665094E+00,+23.178392082453E+00,+22.876884542406E+00,-300.903320312E-03
-1.305000E-06,+4.949748665094E+00,+23.178392082453E+00,+22.977387055754E+00,-200.500488282E-03
-1.302500E-06,+4.748743638396E+00,+23.077889569103E+00,+22.675879515707E+00,-401.306152344E-03
-1.300000E-06,+4.949748665093E+00,+22.977387055754E+00,+22.776382029057E+00,-200.500488280E-03
-1.297500E-06,+4.949748665094E+00,+23.178392082453E+00,+22.675879515707E+00,-501.708984376E-03
-1.295000E-06,+4.748743638397E+00,+23.178392082452E+00,+22.575377002359E+00,-602.111816405E-03
-1.292500E-06,+4.849246151744E+00,+22.977387055755E+00,+22.776382029057E+00,-200.500488281E-03
-1.290000E-06,+4.949748665094E+00,+22.977387055756E+00,+22.776382029057E+00,-200.500488282E-03
-1.287500E-06,+5.050251178444E+00,+23.077889569103E+00,+22.675879515708E+00,-401.306152342E-03
-1.285000E-06,+4.748743638397E+00,+22.776382029058E+00,+22.776382029057E+00,+305.175779E-06
-1.282500E-06,+5.150753691792E+00,+23.077889569105E+00,+22.575377002358E+00,-501.708984376E-03
-1.280000E-06,+5.150753691792E+00,+22.977387055755E+00,+22.776382029056E+00,-200.500488282E-03
-1.277500E-06,+4.949748665094E+00,+22.876884542407E+00,+22.575377002358E+00,-300.903320313E-03
-1.275000E-06,+4.949748665095E+00,+23.178392082452E+00,+22.575377002358E+00,-602.111816405E-03
-1.272500E-06,+4.849246151746E+00,+23.077889569105E+00,+22.474874489009E+00,-602.111816408E-03
-1.270000E-06,+4.949748665095E+00,+23.178392082452E+00,+22.575377002358E+00,-602.111816405E-03
-1.267500E-06,+4.849246151746E+00,+22.876884542405E+00,+22.474874489010E+00,-401.306152342E-03
-1.265000E-06,+4.949748665093E+00,+22.776382029057E+00,+22.374371975660E+00,-401.306152344E-03
-1.262500E-06,+4.849246151746E+00,+22.776382029059E+00,+22.374371975660E+00,-401.306152346E-03
-1.260000E-06,+4.949748665093E+00,+22.173366948963E+00,+22.374371975660E+00,+201.110839843E-03
-1.257500E-06,+4.949748665094E+00,+21.469849355520E+00,+22.072864435614E+00,+602.722167969E-03
-1.255000E-06,+4.949748665094E+00,+19.962311655286E+00,+21.369346842172E+00,+1.405944824218E+00
-1.252500E-06,+5.050251178444E+00,+18.052763901656E+00,+20.766331762077E+00,+2.711181640622E+00
-1.250000E-06,+5.150753691792E+00,+15.741206094628E+00,+19.761306628587E+00,+4.016418457027E+00
-1.247500E-06,+4.748743638396E+00,+12.625628180809E+00,+18.454773955050E+00,+5.823669433590E+00
-1.245000E-06,+4.748743638396E+00,+9.309045240290E+00,+16.746231228117E+00,+7.430114746091E+00
-1.242500E-06,+4.748743638396E+00,+6.595477379864E+00,+15.339196041228E+00,+8.735351562497E+00
-1.240000E-06,+4.748743638397E+00,+4.685929626229E+00,+13.932160854343E+00,+9.237365722656E+00
-1.237500E-06,+4.547738611698E+00,+4.685929626226E+00,+12.826633207503E+00,+8.132934570316E+00
-1.235000E-06,+4.748743638396E+00,+5.489949733017E+00,+11.520100533965E+00,+6.024475097661E+00
-1.232500E-06,+4.949748665094E+00,+5.288944706323E+00,+9.711055293681E+00,+4.418029785156E+00
-1.230000E-06,+5.150753691792E+00,+4.484924599530E+00,+8.304020106794E+00,+3.815612792969E+00
-1.227500E-06,+5.251256205139E+00,+3.580401979386E+00,+7.198492459954E+00,+3.614807128908E+00
-1.225000E-06,+6.356783851978E+00,+2.876884385945E+00,+6.293969839813E+00,+3.414001464844E+00
-1.222500E-06,+6.055276311935E+00,+2.173366792501E+00,+5.489949733021E+00,+3.313598632814E+00
-1.220000E-06,+4.748743638398E+00,+1.469849199057E+00,+4.484924599530E+00,+3.012390136721E+00
-1.217500E-06,+4.648241125046E+00,+1.369346685707E+00,+3.379396952690E+00,+2.008361816408E+00
-1.215000E-06,+4.748743638397E+00,+1.469849199057E+00,+2.876884385946E+00,+1.405944824221E+00
-1.212500E-06,+4.949748665094E+00,+1.168341659011E+00,+2.575376845897E+00,+1.405944824219E+00
-1.210000E-06,+4.748743638398E+00,+464.824065568E-03,+1.670854225757E+00,+1.205139160156E+00
-1.207500E-06,+3.341708451514E+00,+163.316525520E-03,+1.067839145663E+00,+903.930664064E-03
-1.205000E-06,+2.135678291322E+00,+62.814012171E-03,+263.819038869E-03,+201.110839844E-03
-1.202500E-06,+2.135678291321E+00,+263.819038868E-03,+464.824065566E-03,+201.110839844E-03
-1.200000E-06,+2.336683318019E+00,+62.814012171E-03,+464.824065565E-03,+401.916503904E-03
-1.197500E-06,+2.638190858065E+00,+62.814012172E-03,-138.191014526E-03,-200.500488281E-03
-1.195000E-06,+4.145728558298E+00,+62.814012170E-03,-339.196041225E-03,-401.306152343E-03
-1.192500E-06,+5.653266258534E+00,-138.191014528E-03,-238.693527878E-03,-100.097656251E-03
-1.190000E-06,+6.356783851980E+00,-339.196041225E-03,-138.191014529E-03,+201.110839842E-03
-1.187500E-06,+6.155778825285E+00,-339.196041226E-03,-138.191014528E-03,+201.110839844E-03
-1.185000E-06,+5.351758718493E+00,-339.196041226E-03,-339.196041226E-03,+305.175781E-06
-1.182500E-06,+4.849246151746E+00,-138.191014528E-03,-540.201067925E-03,-401.306152344E-03
-1.180000E-06,+4.949748665094E+00,-138.191014529E-03,-339.196041226E-03,-200.500488280E-03
-1.177500E-06,+4.949748665094E+00,-238.693527878E-03,-138.191014528E-03,+100.708007814E-03
-1.175000E-06,+4.949748665094E+00,-138.191014529E-03,-339.196041225E-03,-200.500488279E-03
-1.172500E-06,+4.949748665092E+00,-439.698554577E-03,-640.703581272E-03,-200.500488279E-03
-1.170000E-06,+5.351758718489E+00,-339.196041225E-03,-741.206094621E-03,-401.306152344E-03
-1.167500E-06,+5.753768771887E+00,-339.196041226E-03,-640.703581272E-03,-300.903320311E-03
-1.165000E-06,+5.351758718492E+00,-741.206094620E-03,-741.206094623E-03,+305.175779E-06
-1.162500E-06,+5.050251178445E+00,-339.196041226E-03,-942.211121321E-03,-602.111816406E-03
-1.160000E-06,+4.547738611698E+00,-339.196041226E-03,-942.211121322E-03,-602.111816407E-03
-1.157500E-06,+4.346733585000E+00,-439.698554574E-03,-942.211121321E-03,-501.708984376E-03
-1.155000E-06,+4.145728558303E+00,-339.196041228E-03,-942.211121321E-03,-602.111816405E-03
-1.152500E-06,+3.944723531604E+00,-439.698554574E-03,-942.211121321E-03,-501.708984376E-03
-1.150000E-06,+3.944723531604E+00,-339.196041226E-03,-942.211121322E-03,-602.111816407E-03
-1.147500E-06,+3.944723531604E+00,-439.698554577E-03,-1.042713634669E+00,-602.111816404E-03
-1.145000E-06,+3.743718504907E+00,-339.196041228E-03,-1.143216148019E+00,-802.917480468E-03
-1.142500E-06,+3.341708451509E+00,-540.201067925E-03,-1.143216148019E+00,-602.111816406E-03
-1.140000E-06,+3.542713478206E+00,-741.206094623E-03,-1.143216148019E+00,-401.306152344E-03
-1.137500E-06,+4.045226044952E+00,-439.698554577E-03,-1.444723688067E+00,-1.003723144531E+00
-1.135000E-06,+4.748743638395E+00,-540.201067925E-03,-1.545226201414E+00,-1.003723144530E+00
-1.132500E-06,+5.251256205140E+00,-741.206094623E-03,-1.444723688067E+00,-702.514648439E-03
-1.130000E-06,+5.552763745189E+00,-741.206094621E-03,-1.746231228112E+00,-1.003723144531E+00
-1.127500E-06,+5.552763745189E+00,-540.201067925E-03,-1.846733741461E+00,-1.304931640624E+00
-1.125000E-06,+5.351758718491E+00,-741.206094623E-03,-1.947236254811E+00,-1.204528808594E+00
-1.122500E-06,+5.150753691792E+00,-640.703581272E-03,-2.349246308208E+00,-1.706542968751E+00
-1.120000E-06,+5.150753691792E+00,-540.201067925E-03,-2.148241281511E+00,-1.606140136720E+00
-1.117500E-06,+5.050251178445E+00,-741.206094620E-03,-2.349246308208E+00,-1.606140136721E+00
-1.115000E-06,+5.351758718491E+00,-540.201067925E-03,-2.148241281509E+00,-1.606140136719E+00
-1.112500E-06,+5.653266258537E+00,-741.206094620E-03,-2.047738768162E+00,-1.304931640629E+00
-1.110000E-06,+5.753768771887E+00,-540.201067925E-03,-1.947236254811E+00,-1.405334472656E+00
-1.107500E-06,+5.653266258539E+00,-540.201067927E-03,-1.545226201415E+00,-1.003723144529E+00
-1.105000E-06,+5.351758718492E+00,-339.196041228E-03,-1.344221174718E+00,-1.003723144531E+00
-1.102500E-06,+5.251256205143E+00,-439.698554574E-03,-1.243718661369E+00,-802.917480471E-03
-1.100000E-06,+4.748743638398E+00,-540.201067926E-03,-942.211121321E-03,-401.306152342E-03
-1.097500E-06,+4.949748665094E+00,-439.698554577E-03,-640.703581275E-03,-200.500488281E-03
-1.095000E-06,+5.351758718489E+00,-540.201067925E-03,-540.201067925E-03,+305.175781E-06
-1.092500E-06,+5.351758718491E+00,-439.698554577E-03,-37.688501178E-03,+401.916503909E-03
-1.090000E-06,+5.150753691794E+00,-339.196041226E-03,-138.191014527E-03,+201.110839845E-03
-1.087500E-06,+5.150753691792E+00,-238.693527879E-03,+263.819038868E-03,+502.319335939E-03
-1.085000E-06,+4.949748665094E+00,-339.196041226E-03,+464.824065566E-03,+803.527832031E-03
-1.082500E-06,+4.748743638396E+00,-238.693527876E-03,+565.326578914E-03,+803.527832029E-03
-1.080000E-06,+4.748743638395E+00,-339.196041226E-03,+665.829092264E-03,+1.004333496094E+00
-1.077500E-06,+4.447236098350E+00,-339.196041226E-03,+766.331605612E-03,+1.104736328124E+00
-1.075000E-06,+4.346733584999E+00,-138.191014530E-03,+866.834118961E-03,+1.004333496094E+00
-1.072500E-06,+4.748743638396E+00,-138.191014528E-03,+866.834118962E-03,+1.004333496094E+00
-1.070000E-06,+4.547738611698E+00,-339.196041226E-03,+866.834118961E-03,+1.205139160155E+00
-1.067500E-06,+4.949748665094E+00,-238.693527879E-03,+766.331605615E-03,+1.004333496096E+00
-1.065000E-06,+4.949748665094E+00,-339.196041226E-03,+464.824065567E-03,+803.527832033E-03
-1.062500E-06,+4.949748665094E+00,-339.196041226E-03,+464.824065566E-03,+803.527832031E-03
-1.060000E-06,+4.748743638396E+00,-540.201067925E-03,+665.829092263E-03,+1.205139160155E+00
-1.057500E-06,+4.849246151744E+00,-439.698554577E-03,+364.321552218E-03,+803.527832034E-03
-1.055000E-06,+4.949748665094E+00,-339.196041228E-03,+263.819038869E-03,+602.722167971E-03
-1.052500E-06,+5.150753691792E+00,-540.201067925E-03,+263.819038868E-03,+803.527832031E-03
-1.050000E-06,+5.150753691794E+00,-339.196041228E-03,-138.191014527E-03,+201.110839846E-03
-1.047500E-06,+5.452261231838E+00,-439.698554574E-03,-138.191014528E-03,+301.513671874E-03
-1.045000E-06,+5.351758718491E+00,-540.201067923E-03,+62.814012168E-03,+602.722167966E-03
-1.042500E-06,+5.050251178445E+00,-439.698554574E-03,-138.191014528E-03,+301.513671874E-03
-1.040000E-06,+4.949748665094E+00,-540.201067923E-03,+62.814012168E-03,+602.722167966E-03
-1.037500E-06,+4.748743638396E+00,-439.698554574E-03,-339.196041226E-03,+100.708007811E-03
-1.035000E-06,+4.748743638398E+00,-540.201067925E-03,-339.196041226E-03,+201.110839844E-03
-1.032500E-06,+5.150753691792E+00,-439.698554574E-03,-138.191014528E-03,+301.513671874E-03
-1.030000E-06,+5.351758718489E+00,-339.196041228E-03,-138.191014530E-03,+201.110839844E-03
-1.027500E-06,+5.150753691792E+00,-540.201067925E-03,-238.693527876E-03,+301.513671876E-03
-1.025000E-06,+4.748743638399E+00,-339.196041228E-03,-339.196041225E-03,+305.175784E-06
-1.022500E-06,+4.849246151747E+00,-439.698554577E-03,-238.693527879E-03,+201.110839844E-03
-1.020000E-06,+4.547738611700E+00,-540.201067925E-03,-138.191014530E-03,+401.916503905E-03
-1.017500E-06,+4.648241125049E+00,-439.698554577E-03,-339.196041226E-03,+100.708007814E-03
-1.015000E-06,+4.547738611697E+00,-540.201067923E-03,-339.196041226E-03,+201.110839842E-03
-1.012500E-06,+4.949748665094E+00,-640.703581272E-03,-238.693527879E-03,+401.916503903E-03
-1.010000E-06,+4.949748665093E+00,-540.201067925E-03,-339.196041226E-03,+201.110839844E-03
-1.007500E-06,+4.949748665094E+00,-540.201067925E-03,-439.698554574E-03,+100.708007814E-03
-1.005000E-06,+4.949748665093E+00,-741.206094621E-03,-540.201067925E-03,+201.110839842E-03
-1.002500E-06,+4.849246151747E+00,-540.201067925E-03,-640.703581275E-03,-100.097656251E-03
-1.000000E-06,+5.150753691790E+00,-741.206094621E-03,-741.206094623E-03,+305.175780E-06
-997.500E-09,+5.050251178445E+00,-640.703581272E-03,-1.042713634671E+00,-401.306152347E-03
-995.000E-09,+5.150753691792E+00,-339.196041231E-03,-1.143216148016E+00,-802.917480461E-03
-992.500E-09,+5.150753691792E+00,-640.703581272E-03,-1.143216148019E+00,-501.708984376E-03
-990.000E-09,+5.150753691792E+00,-741.206094621E-03,-1.143216148020E+00,-401.306152347E-03
-987.500E-09,+5.150753691792E+00,-741.206094626E-03,-1.243718661366E+00,-501.708984371E-03
-985.000E-09,+5.351758718489E+00,-540.201067925E-03,-1.344221174717E+00,-802.917480469E-03
-982.500E-09,+5.150753691792E+00,-640.703581272E-03,-1.344221174717E+00,-702.514648439E-03
-980.000E-09,+4.949748665094E+00,-942.211121319E-03,-1.344221174717E+00,-401.306152345E-03
-977.500E-09,+4.849246151747E+00,-640.703581272E-03,-1.545226201415E+00,-903.320312502E-03
-975.000E-09,+4.949748665093E+00,-540.201067925E-03,-1.344221174717E+00,-802.917480469E-03
-972.500E-09,+4.949748665094E+00,-741.206094623E-03,-1.243718661369E+00,-501.708984377E-03
-970.000E-09,+4.949748665093E+00,-741.206094621E-03,-1.344221174718E+00,-602.111816409E-03
-967.500E-09,+5.150753691792E+00,-640.703581275E-03,-1.444723688065E+00,-802.917480466E-03
-965.000E-09,+5.150753691794E+00,-741.206094621E-03,-1.344221174717E+00,-602.111816408E-03
-962.500E-09,+5.351758718491E+00,-640.703581272E-03,-1.243718661369E+00,-602.111816409E-03
-960.000E-09,+5.351758718492E+00,-540.201067926E-03,-1.143216148019E+00,-602.111816405E-03
-957.500E-09,+5.552763745189E+00,-540.201067925E-03,-1.344221174717E+00,-802.917480469E-03
-955.000E-09,+5.351758718491E+00,-540.201067926E-03,-1.143216148019E+00,-602.111816405E-03
-952.500E-09,+5.251256205143E+00,-741.206094623E-03,-1.143216148022E+00,-401.306152347E-03
-950.000E-09,+5.150753691792E+00,-540.201067925E-03,-1.143216148019E+00,-602.111816406E-03
-947.500E-09,+4.949748665094E+00,-540.201067928E-03,-1.143216148019E+00,-602.111816403E-03
-945.000E-09,+4.949748665094E+00,-741.206094621E-03,-1.143216148019E+00,-401.306152345E-03
-942.500E-09,+4.849246151744E+00,-540.201067925E-03,-1.042713634671E+00,-501.708984377E-03
-940.000E-09,+4.748743638396E+00,-741.206094621E-03,-741.206094623E-03,+305.175780E-06
-937.500E-09,+4.748743638396E+00,-439.698554577E-03,-741.206094623E-03,-300.903320311E-03
-935.000E-09,+4.748743638396E+00,-540.201067925E-03,-741.206094621E-03,-200.500488280E-03
-932.500E-09,+4.648241125046E+00,-540.201067925E-03,-439.698554577E-03,+100.708007811E-03
-930.000E-09,+4.949748665094E+00,-741.206094621E-03,-339.196041228E-03,+401.916503903E-03
-927.500E-09,+5.150753691792E+00,-640.703581275E-03,-439.698554574E-03,+201.110839847E-03
-925.000E-09,+5.150753691792E+00,-741.206094621E-03,-540.201067923E-03,+201.110839844E-03
-922.500E-09,+5.150753691792E+00,-640.703581272E-03,-339.196041226E-03,+301.513671873E-03
-920.000E-09,+5.150753691794E+00,-540.201067925E-03,-138.191014530E-03,+401.916503905E-03
-917.500E-09,+5.150753691796E+00,-640.703581272E-03,-339.196041226E-03,+301.513671873E-03
-915.000E-09,+5.351758718489E+00,-540.201067926E-03,-339.196041226E-03,+201.110839845E-03
-912.500E-09,+5.150753691792E+00,-439.698554574E-03,-238.693527879E-03,+201.110839841E-03
-910.000E-09,+4.949748665094E+00,-540.201067925E-03,-339.196041226E-03,+201.110839844E-03
-907.500E-09,+5.050251178442E+00,-439.698554577E-03,-339.196041226E-03,+100.708007814E-03
-905.000E-09,+4.949748665094E+00,-339.196041226E-03,-138.191014530E-03,+201.110839842E-03
-902.500E-09,+4.849246151747E+00,-540.201067925E-03,-238.693527879E-03,+301.513671873E-03
-900.000E-09,+4.547738611700E+00,-741.206094621E-03,-138.191014528E-03,+602.722167967E-03
-897.500E-09,+4.849246151744E+00,-339.196041226E-03,-37.688501181E-03,+301.513671873E-03
-895.000E-09,+4.949748665094E+00,-540.201067925E-03,+62.814012168E-03,+602.722167967E-03
-892.500E-09,+5.050251178442E+00,-540.201067925E-03,-37.688501178E-03,+502.319335939E-03
-890.000E-09,+5.351758718489E+00,-339.196041226E-03,-138.191014527E-03,+201.110839845E-03
-887.500E-09,+5.351758718491E+00,-540.201067925E-03,+163.316525521E-03,+703.125000002E-03
-885.000E-09,+5.351758718491E+00,-540.201067925E-03,+62.814012170E-03,+602.722167969E-03
-882.500E-09,+5.150753691792E+00,-339.196041226E-03,-138.191014528E-03,+201.110839844E-03
-880.000E-09,+4.748743638400E+00,-540.201067923E-03,+62.814012170E-03,+602.722167967E-03
-877.500E-09,+4.949748665094E+00,-439.698554574E-03,-37.688501181E-03,+401.916503903E-03
-875.000E-09,+4.949748665093E+00,-540.201067925E-03,-138.191014528E-03,+401.916503906E-03
-872.500E-09,+4.849246151747E+00,-439.698554574E-03,-37.688501181E-03,+401.916503903E-03
-870.000E-09,+4.748743638396E+00,-339.196041228E-03,-339.196041226E-03,+305.175783E-06
-867.500E-09,+4.748743638396E+00,-540.201067925E-03,-138.191014528E-03,+401.916503906E-03
-865.000E-09,+5.150753691791E+00,-540.201067925E-03,-339.196041226E-03,+201.110839844E-03
-862.500E-09,+4.949748665094E+00,-540.201067925E-03,-439.698554577E-03,+100.708007811E-03
-860.000E-09,+4.949748665094E+00,-540.201067925E-03,-339.196041228E-03,+201.110839842E-03
-857.500E-09,+5.050251178442E+00,-439.698554577E-03,-439.698554577E-03,+305.175781E-06
-855.000E-09,+5.150753691792E+00,-540.201067925E-03,-540.201067925E-03,+305.175781E-06
-852.500E-09,+4.849246151747E+00,-640.703581275E-03,-540.201067925E-03,+100.708007814E-03
-850.000E-09,+4.949748665094E+00,-540.201067925E-03,-741.206094621E-03,-200.500488280E-03
-847.500E-09,+5.150753691792E+00,-540.201067925E-03,-841.708607970E-03,-300.903320311E-03
-845.000E-09,+4.949748665094E+00,-741.206094623E-03,-942.211121319E-03,-200.500488280E-03
-842.500E-09,+4.849246151744E+00,-640.703581275E-03,-841.708607970E-03,-200.500488278E-03
-840.000E-09,+4.748743638396E+00,-741.206094621E-03,-741.206094624E-03,+305.175778E-06
-837.500E-09,+4.849246151747E+00,-640.703581272E-03,-942.211121321E-03,-300.903320314E-03
-835.000E-09,+4.949748665094E+00,-540.201067925E-03,-1.143216148017E+00,-602.111816404E-03
-832.500E-09,+4.949748665094E+00,-741.206094623E-03,-841.708607973E-03,-100.097656252E-03
-830.000E-09,+4.949748665093E+00,-540.201067925E-03,-1.143216148019E+00,-602.111816406E-03
-827.500E-09,+4.849246151744E+00,-640.703581275E-03,-1.143216148019E+00,-501.708984373E-03
-825.000E-09,+5.351758718489E+00,-540.201067926E-03,-1.143216148021E+00,-602.111816406E-03
-822.500E-09,+5.050251178445E+00,-640.703581275E-03,-1.143216148019E+00,-501.708984373E-03
-820.000E-09,+4.949748665096E+00,-741.206094623E-03,-1.143216148019E+00,-401.306152344E-03
-817.500E-09,+5.150753691792E+00,-640.703581275E-03,-1.042713634668E+00,-401.306152340E-03
-815.000E-09,+5.150753691792E+00,-540.201067926E-03,-1.143216148017E+00,-602.111816403E-03
-812.500E-09,+5.251256205140E+00,-841.708607973E-03,-1.042713634668E+00,-200.500488278E-03
-810.000E-09,+5.150753691792E+00,-741.206094621E-03,-1.344221174715E+00,-602.111816406E-03
-807.500E-09,+5.050251178445E+00,-640.703581275E-03,-1.243718661366E+00,-602.111816403E-03
-805.000E-09,+4.949748665094E+00,-741.206094621E-03,-1.143216148019E+00,-401.306152346E-03
-802.500E-09,+4.849246151743E+00,-540.201067925E-03,-1.042713634668E+00,-501.708984373E-03
-800.000E-09,+4.748743638400E+00,-741.206094621E-03,-942.211121323E-03,-200.500488285E-03
-797.500E-09,+4.748743638396E+00,-540.201067921E-03,-942.211121321E-03,-401.306152347E-03
-795.000E-09,+4.949748665093E+00,-540.201067926E-03,-942.211121323E-03,-401.306152344E-03
-792.500E-09,+4.949748665094E+00,-540.201067925E-03,-841.708607973E-03,-300.903320314E-03
-790.000E-09,+5.150753691792E+00,-741.206094621E-03,-942.211121321E-03,-200.500488283E-03
-787.500E-09,+5.150753691792E+00,-640.703581275E-03,-741.206094623E-03,-100.097656248E-03
-785.000E-09,+5.351758718487E+00,-540.201067925E-03,-741.206094624E-03,-200.500488283E-03
-782.500E-09,+5.251256205140E+00,-540.201067925E-03,-942.211121321E-03,-401.306152344E-03
-780.000E-09,+5.150753691792E+00,-741.206094623E-03,-741.206094623E-03,+305.175781E-06
-777.500E-09,+5.050251178445E+00,-741.206094623E-03,-741.206094623E-03,+305.175781E-06
-775.000E-09,+5.150753691792E+00,-540.201067925E-03,-942.211121317E-03,-401.306152340E-03
-772.500E-09,+5.050251178445E+00,-741.206094623E-03,-640.703581275E-03,+100.708007811E-03
-770.000E-09,+5.150753691792E+00,-540.201067925E-03,-540.201067926E-03,+305.175779E-06
-767.500E-09,+5.050251178445E+00,-640.703581275E-03,-640.703581272E-03,+305.175785E-06
-765.000E-09,+4.949748665094E+00,-741.206094621E-03,-540.201067926E-03,+201.110839840E-03
-762.500E-09,+5.150753691792E+00,-540.201067925E-03,-540.201067925E-03,+305.175781E-06
-760.000E-09,+5.150753691794E+00,-741.206094621E-03,-540.201067925E-03,+201.110839842E-03
-757.500E-09,+4.849246151747E+00,-540.201067921E-03,-439.698554574E-03,+100.708007811E-03
-755.000E-09,+4.949748665094E+00,-339.196041230E-03,-540.201067923E-03,-200.500488275E-03
-752.500E-09,+4.849246151743E+00,-540.201067925E-03,-339.196041226E-03,+201.110839844E-03
-750.000E-09,+4.949748665094E+00,-540.201067925E-03,-339.196041228E-03,+201.110839842E-03
-747.500E-09,+5.050251178442E+00,-439.698554577E-03,-339.196041226E-03,+100.708007814E-03
-745.000E-09,+5.150753691792E+00,-339.196041228E-03,-339.196041226E-03,+305.175783E-06
-742.500E-09,+4.949748665094E+00,-439.698554574E-03,-439.698554577E-03,+305.175777E-06
-740.000E-09,+5.150753691792E+00,-741.206094621E-03,-138.191014530E-03,+602.722167965E-03
-737.500E-09,+5.251256205140E+00,-439.698554577E-03,-238.693527875E-03,+201.110839848E-03
-735.000E-09,+5.351758718489E+00,-540.201067923E-03,-339.196041224E-03,+201.110839844E-03
-732.500E-09,+5.150753691792E+00,-741.206094623E-03,-339.196041226E-03,+401.916503906E-03
-730.000E-09,+5.150753691792E+00,-540.201067925E-03,-339.196041226E-03,+201.110839844E-03
-727.500E-09,+5.150753691792E+00,-540.201067925E-03,-238.693527875E-03,+301.513671877E-03
-725.000E-09,+4.949748665094E+00,-741.206094621E-03,-339.196041226E-03,+401.916503904E-03
-722.500E-09,+5.050251178445E+00,-640.703581272E-03,-339.196041226E-03,+301.513671873E-03
-720.000E-09,+4.949748665096E+00,-741.206094619E-03,-138.191014530E-03,+602.722167963E-03
-717.500E-09,+4.748743638396E+00,-640.703581272E-03,-439.698554573E-03,+201.110839844E-03
-715.000E-09,+4.748743638396E+00,-540.201067927E-03,-339.196041226E-03,+201.110839846E-03
-712.500E-09,+4.949748665094E+00,-439.698554573E-03,-439.698554577E-03,+305.175777E-06
-710.000E-09,+5.150753691790E+00,-540.201067925E-03,-540.201067925E-03,+305.175781E-06
-707.500E-09,+5.150753691792E+00,-640.703581276E-03,-439.698554577E-03,+201.110839844E-03
-705.000E-09,+5.150753691790E+00,-540.201067925E-03,-540.201067922E-03,+305.175783E-06
-702.500E-09,+5.050251178441E+00,-640.703581272E-03,-540.201067925E-03,+100.708007810E-03
-700.000E-09,+4.949748665096E+00,-741.206094623E-03,-339.196041228E-03,+401.916503904E-03
-697.500E-09,+5.150753691792E+00,-540.201067925E-03,-540.201067925E-03,+305.175781E-06
-695.000E-09,+4.949748665094E+00,-540.201067925E-03,-741.206094619E-03,-200.500488277E-03
-692.500E-09,+4.849246151743E+00,-841.708607974E-03,-540.201067925E-03,+301.513671877E-03
-690.000E-09,+4.949748665096E+00,-540.201067925E-03,-540.201067925E-03,+305.175781E-06
-687.500E-09,+4.849246151743E+00,-540.201067925E-03,-640.703581271E-03,-100.097656248E-03
-685.000E-09,+4.949748665096E+00,-540.201067922E-03,-540.201067927E-03,+305.175777E-06
-682.500E-09,+4.949748665094E+00,-540.201067925E-03,-741.206094623E-03,-200.500488281E-03
-680.000E-09,+4.949748665096E+00,-540.201067922E-03,-540.201067927E-03,+305.175777E-06
-677.500E-09,+4.949748665094E+00,-640.703581271E-03,-741.206094623E-03,-100.097656252E-03
-675.000E-09,+5.150753691792E+00,-540.201067927E-03,-741.206094623E-03,-200.500488279E-03
-672.500E-09,+5.150753691792E+00,-640.703581271E-03,-841.708607974E-03,-200.500488285E-03
-670.000E-09,+4.949748665094E+00,-540.201067927E-03,-741.206094625E-03,-200.500488281E-03
-667.500E-09,+5.150753691792E+00,-741.206094627E-03,-841.708607970E-03,-100.097656244E-03
-665.000E-09,+4.949748665096E+00,-540.201067927E-03,-942.211121321E-03,-401.306152342E-03
-662.500E-09,+4.949748665094E+00,-741.206094623E-03,-841.708607974E-03,-100.097656252E-03
-660.000E-09,+5.150753691792E+00,-741.206094623E-03,-741.206094625E-03,+305.175779E-06
-657.500E-09,+4.949748665094E+00,-741.206094623E-03,-841.708607974E-03,-100.097656252E-03
-655.000E-09,+4.949748665094E+00,-540.201067927E-03,-942.211121319E-03,-401.306152340E-03
-652.500E-09,+4.949748665094E+00,-741.206094623E-03,-841.708607974E-03,-100.097656252E-03
-650.000E-09,+5.150753691792E+00,-741.206094623E-03,-1.143216148017E+00,-401.306152342E-03
-647.500E-09,+5.150753691792E+00,-640.703581276E-03,-841.708607970E-03,-200.500488277E-03
-645.000E-09,+5.150753691792E+00,-741.206094623E-03,-942.211121321E-03,-200.500488281E-03
-642.500E-09,+4.949748665094E+00,-540.201067925E-03,-942.211121321E-03,-401.306152344E-03
-640.000E-09,+4.949748665097E+00,-540.201067925E-03,-942.211121319E-03,-401.306152342E-03
-637.500E-09,+5.050251178446E+00,-640.703581271E-03,-942.211121321E-03,-300.903320315E-03
-635.000E-09,+5.150753691792E+00,-540.201067929E-03,-942.211121321E-03,-401.306152339E-03
-632.500E-09,+5.150753691792E+00,-540.201067925E-03,-741.206094623E-03,-200.500488281E-03
-630.000E-09,+5.150753691792E+00,-741.206094620E-03,-942.211121321E-03,-200.500488283E-03
-627.500E-09,+5.050251178446E+00,-640.703581276E-03,-841.708607970E-03,-200.500488277E-03
-625.000E-09,+5.351758718488E+00,-540.201067925E-03,-741.206094625E-03,-200.500488283E-03
-622.500E-09,+4.949748665094E+00,-640.703581276E-03,-841.708607974E-03,-200.500488281E-03
-620.000E-09,+4.949748665092E+00,-741.206094623E-03,-741.206094623E-03,+305.175781E-06
-617.500E-09,+4.748743638396E+00,-540.201067925E-03,-741.206094623E-03,-200.500488281E-03
-615.000E-09,+4.949748665094E+00,-540.201067927E-03,-942.211121319E-03,-401.306152339E-03
-612.500E-09,+4.748743638396E+00,-841.708607974E-03,-741.206094623E-03,+100.708007815E-03
-610.000E-09,+4.748743638398E+00,-339.196041229E-03,-741.206094623E-03,-401.306152342E-03
-607.500E-09,+4.849246151748E+00,-640.703581276E-03,-841.708607969E-03,-200.500488277E-03
-605.000E-09,+4.949748665094E+00,-741.206094620E-03,-741.206094623E-03,+305.175779E-06
-602.500E-09,+4.849246151743E+00,-540.201067925E-03,-540.201067925E-03,+305.175781E-06
-600.000E-09,+4.949748665094E+00,-741.206094620E-03,-540.201067925E-03,+201.110839842E-03
-597.500E-09,+4.949748665094E+00,-741.206094623E-03,-540.201067925E-03,+201.110839844E-03
-595.000E-09,+4.949748665094E+00,-540.201067927E-03,-540.201067925E-03,+305.175783E-06
-592.500E-09,+5.050251178446E+00,-439.698554573E-03,-540.201067925E-03,-100.097656252E-03
-590.000E-09,+4.748743638399E+00,-741.206094620E-03,-540.201067927E-03,+201.110839839E-03
-587.500E-09,+4.949748665094E+00,-640.703581276E-03,-640.703581271E-03,+305.175786E-06
-585.000E-09,+4.949748665092E+00,-540.201067925E-03,-741.206094623E-03,-200.500488281E-03
-582.500E-09,+5.050251178441E+00,-540.201067925E-03,-741.206094623E-03,-200.500488281E-03
-580.000E-09,+4.949748665094E+00,-741.206094623E-03,-540.201067927E-03,+201.110839842E-03
-577.500E-09,+4.949748665094E+00,-540.201067925E-03,-439.698554578E-03,+100.708007810E-03
-575.000E-09,+5.150753691792E+00,-540.201067925E-03,-540.201067925E-03,+305.175781E-06
-572.500E-09,+4.748743638396E+00,-741.206094623E-03,-540.201067925E-03,+201.110839844E-03
-570.000E-09,+4.949748665092E+00,-540.201067925E-03,-540.201067925E-03,+305.175781E-06
-567.500E-09,+5.050251178446E+00,-540.201067925E-03,-540.201067925E-03,+305.175781E-06
-565.000E-09,+4.748743638396E+00,-540.201067925E-03,-540.201067925E-03,+305.175781E-06
-562.500E-09,+4.949748665094E+00,-540.201067925E-03,-339.196041226E-03,+201.110839844E-03
-560.000E-09,+4.949748665094E+00,-741.206094620E-03,-339.196041229E-03,+401.916503902E-03
-557.500E-09,+4.849246151743E+00,-640.703581271E-03,-439.698554578E-03,+201.110839839E-03
-555.000E-09,+4.748743638399E+00,-339.196041231E-03,-339.196041226E-03,+305.175786E-06
-552.500E-09,+4.849246151748E+00,-640.703581276E-03,-439.698554578E-03,+201.110839844E-03
-550.000E-09,+4.949748665092E+00,-540.201067925E-03,-540.201067925E-03,+305.175781E-06
-547.500E-09,+4.949748665094E+00,-640.703581276E-03,-540.201067925E-03,+100.708007815E-03
-545.000E-09,+5.150753691792E+00,-540.201067925E-03,-540.201067925E-03,+305.175781E-06
-542.500E-09,+4.949748665094E+00,-540.201067925E-03,-540.201067925E-03,+305.175781E-06
-540.000E-09,+4.949748665094E+00,-741.206094623E-03,-540.201067925E-03,+201.110839844E-03
-537.500E-09,+4.849246151743E+00,-540.201067925E-03,-540.201067925E-03,+305.175781E-06
-535.000E-09,+4.949748665092E+00,-540.201067927E-03,-741.206094620E-03,-200.500488277E-03
-532.500E-09,+4.849246151743E+00,-741.206094623E-03,-540.201067925E-03,+201.110839844E-03
-530.000E-09,+5.150753691790E+00,-540.201067925E-03,-540.201067927E-03,+305.175779E-06
-527.500E-09,+4.949748665094E+00,-741.206094623E-03,-640.703581276E-03,+100.708007810E-03
-525.000E-09,+4.748743638396E+00,-942.211121318E-03,-540.201067925E-03,+401.916503904E-03
-522.500E-09,+4.748743638396E+00,-540.201067925E-03,-540.201067925E-03,+305.175781E-06
-520.000E-09,+4.949748665097E+00,-741.206094620E-03,-540.201067925E-03,+201.110839841E-03
-517.500E-09,+4.949748665094E+00,-540.201067925E-03,-540.201067925E-03,+305.175781E-06
-515.000E-09,+5.150753691788E+00,-540.201067927E-03,-942.211121318E-03,-401.306152339E-03
-512.500E-09,+5.150753691792E+00,-640.703581276E-03,-540.201067925E-03,+100.708007815E-03
-510.000E-09,+4.949748665097E+00,-741.206094623E-03,-741.206094620E-03,+305.175784E-06
-507.500E-09,+4.949748665094E+00,-640.703581276E-03,-741.206094623E-03,-100.097656248E-03
-505.000E-09,+4.949748665094E+00,-741.206094620E-03,-741.206094623E-03,+305.175779E-06
-502.500E-09,+4.949748665094E+00,-741.206094623E-03,-741.206094623E-03,+305.175781E-06
-500.000E-09,+4.949748665094E+00,-741.206094623E-03,-741.206094620E-03,+305.175784E-06
-497.500E-09,+5.150753691792E+00,-640.703581276E-03,-741.206094623E-03,-100.097656248E-03
-495.000E-09,+4.949748665092E+00,-741.206094623E-03,-942.211121316E-03,-200.500488276E-03
-492.500E-09,+4.949748665094E+00,-741.206094623E-03,-841.708607974E-03,-100.097656252E-03
-490.000E-09,+5.150753691792E+00,-540.201067925E-03,-741.206094625E-03,-200.500488284E-03
-487.500E-09,+5.050251178446E+00,-741.206094623E-03,-841.708607969E-03,-100.097656248E-03
-485.000E-09,+4.748743638396E+00,-741.206094623E-03,-942.211121321E-03,-200.500488281E-03
-482.500E-09,+4.949748665094E+00,-540.201067925E-03,-841.708607974E-03,-300.903320315E-03
-480.000E-09,+5.150753691792E+00,-741.206094620E-03,-741.206094623E-03,+305.175779E-06
-477.500E-09,+4.748743638396E+00,-640.703581271E-03,-942.211121321E-03,-300.903320315E-03
-475.000E-09,+5.150753691790E+00,-540.201067927E-03,-942.211121318E-03,-401.306152339E-03
-472.500E-09,+5.150753691792E+00,-640.703581271E-03,-741.206094623E-03,-100.097656252E-03
-470.000E-09,+4.949748665097E+00,-741.206094620E-03,-942.211121321E-03,-200.500488284E-03
-467.500E-09,+4.849246151743E+00,-741.206094623E-03,-841.708607969E-03,-100.097656248E-03
-465.000E-09,+4.949748665094E+00,-540.201067925E-03,-942.211121321E-03,-401.306152344E-03
-462.500E-09,+5.050251178441E+00,-640.703581271E-03,-741.206094623E-03,-100.097656252E-03
-460.000E-09,+4.949748665094E+00,-741.206094620E-03,-540.201067929E-03,+201.110839836E-03
-457.500E-09,+5.050251178441E+00,-540.201067925E-03,-741.206094623E-03,-200.500488281E-03
-455.000E-09,+5.150753691790E+00,-540.201067927E-03,-942.211121316E-03,-401.306152336E-03
-452.500E-09,+5.050251178441E+00,-741.206094623E-03,-741.206094623E-03,+305.175781E-06
-450.000E-09,+4.949748665097E+00,-540.201067925E-03,-741.206094620E-03,-200.500488279E-03
-447.500E-09,+5.050251178446E+00,-640.703581276E-03,-540.201067925E-03,+100.708007815E-03
-445.000E-09,+4.949748665094E+00,-741.206094620E-03,-540.201067927E-03,+201.110839839E-03
-442.500E-09,+5.150753691792E+00,-640.703581271E-03,-741.206094623E-03,-100.097656253E-03
-440.000E-09,+5.150753691792E+00,-741.206094620E-03,-540.201067925E-03,+201.110839841E-03
-437.500E-09,+5.050251178446E+00,-640.703581271E-03,-741.206094623E-03,-100.097656253E-03
-435.000E-09,+4.949748665097E+00,-540.201067927E-03,-540.201067925E-03,+305.175784E-06
-432.500E-09,+5.050251178446E+00,-540.201067925E-03,-540.201067925E-03,+305.175781E-06
-430.000E-09,+5.150753691792E+00,-540.201067925E-03,-540.201067925E-03,+305.175781E-06
-427.500E-09,+4.949748665094E+00,-640.703581276E-03,-640.703581271E-03,+305.175786E-06
-425.000E-09,+4.949748665094E+00,-540.201067925E-03,-540.201067927E-03,+305.175779E-06
-422.500E-09,+4.949748665094E+00,-540.201067925E-03,-741.206094623E-03,-200.500488281E-03
-420.000E-09,+4.949748665094E+00,-741.206094623E-03,-540.201067925E-03,+201.110839844E-03
-417.500E-09,+5.050251178441E+00,-439.698554578E-03,-540.201067925E-03,-100.097656247E-03
-415.000E-09,+4.949748665094E+00,-540.201067925E-03,-741.206094620E-03,-200.500488279E-03
-412.500E-09,+4.949748665094E+00,-640.703581271E-03,-439.698554578E-03,+201.110839839E-03
-410.000E-09,+4.748743638396E+00,-540.201067925E-03,-540.201067922E-03,+305.175784E-06
-407.500E-09,+5.050251178446E+00,-540.201067925E-03,-540.201067925E-03,+305.175781E-06
-405.000E-09,+4.949748665097E+00,-741.206094623E-03,-339.196041229E-03,+401.916503904E-03
-402.500E-09,+4.949748665094E+00,-540.201067925E-03,-540.201067925E-03,+305.175781E-06
-400.000E-09,+4.748743638401E+00,-540.201067927E-03,-540.201067925E-03,+305.175784E-06
-397.500E-09,+4.849246151743E+00,-741.206094617E-03,-540.201067925E-03,+201.110839839E-03
-395.000E-09,+4.748743638396E+00,-540.201067927E-03,-540.201067925E-03,+305.175784E-06
-392.500E-09,+4.849246151748E+00,-439.698554573E-03,-540.201067925E-03,-100.097656253E-03
-390.000E-09,+4.949748665094E+00,-540.201067925E-03,-540.201067925E-03,+305.175781E-06
-387.500E-09,+4.849246151743E+00,-640.703581276E-03,-439.698554573E-03,+201.110839849E-03
-385.000E-09,+5.150753691790E+00,-540.201067925E-03,-540.201067925E-03,+305.175781E-06
-382.500E-09,+4.949748665094E+00,-640.703581271E-03,-540.201067925E-03,+100.708007810E-03
-380.000E-09,+4.949748665092E+00,-741.206094625E-03,-540.201067925E-03,+201.110839846E-03
-377.500E-09,+4.949748665094E+00,-540.201067925E-03,-540.201067925E-03,+305.175781E-06
-375.000E-09,+4.949748665092E+00,-540.201067925E-03,-540.201067925E-03,+305.175781E-06
-372.500E-09,+4.949748665094E+00,-841.708607969E-03,-540.201067925E-03,+301.513671872E-03
-370.000E-09,+5.150753691792E+00,-540.201067925E-03,-540.201067927E-03,+305.175779E-06
-367.500E-09,+4.949748665094E+00,-640.703581276E-03,-640.703581271E-03,+305.175787E-06
-365.000E-09,+4.748743638402E+00,-741.206094620E-03,-741.206094623E-03,+305.175779E-06
-362.500E-09,+5.050251178446E+00,-540.201067925E-03,-640.703581271E-03,-100.097656247E-03
-360.000E-09,+4.949748665094E+00,-540.201067922E-03,-540.201067925E-03,+305.175779E-06
-357.500E-09,+4.949748665094E+00,-640.703581271E-03,-640.703581271E-03,+305.175781E-06
-355.000E-09,+4.949748665094E+00,-540.201067927E-03,-741.206094620E-03,-200.500488276E-03
-352.500E-09,+4.949748665100E+00,-640.703581276E-03,-741.206094623E-03,-100.097656247E-03
-350.000E-09,+4.748743638396E+00,-741.206094620E-03,-741.206094623E-03,+305.175779E-06
-347.500E-09,+5.050251178446E+00,-640.703581276E-03,-640.703581271E-03,+305.175787E-06
-345.000E-09,+4.949748665094E+00,-741.206094623E-03,-942.211121318E-03,-200.500488279E-03
-342.500E-09,+4.849246151748E+00,-741.206094623E-03,-942.211121321E-03,-200.500488281E-03
-340.000E-09,+4.748743638396E+00,-942.211121318E-03,-741.206094623E-03,+201.110839841E-03
-337.500E-09,+4.949748665094E+00,-439.698554578E-03,-841.708607974E-03,-401.306152344E-03
-335.000E-09,+5.150753691790E+00,-741.206094623E-03,-942.211121318E-03,-200.500488279E-03
-332.500E-09,+5.050251178441E+00,-741.206094623E-03,-741.206094623E-03,+305.175781E-06
-330.000E-09,+4.949748665092E+00,-540.201067925E-03,-942.211121321E-03,-401.306152344E-03
-327.500E-09,+4.949748665094E+00,-540.201067925E-03,-841.708607969E-03,-300.903320310E-03
-325.000E-09,+4.949748665094E+00,-741.206094620E-03,-741.206094625E-03,+305.175776E-06
-322.500E-09,+5.050251178446E+00,-439.698554573E-03,-741.206094623E-03,-300.903320315E-03
-320.000E-09,+4.949748665094E+00,-741.206094620E-03,-540.201067927E-03,+201.110839838E-03
-317.500E-09,+4.949748665094E+00,-640.703581271E-03,-741.206094623E-03,-100.097656253E-03
-315.000E-09,+4.748743638396E+00,-540.201067927E-03,-741.206094620E-03,-200.500488276E-03
-312.500E-09,+4.949748665094E+00,-640.703581271E-03,-741.206094623E-03,-100.097656253E-03
-310.000E-09,+4.748743638399E+00,-540.201067925E-03,-942.211121321E-03,-401.306152344E-03
-307.500E-09,+5.050251178441E+00,-640.703581276E-03,-741.206094623E-03,-100.097656247E-03
-305.000E-09,+4.949748665094E+00,-741.206094623E-03,-741.206094623E-03,+305.175781E-06
-302.500E-09,+4.949748665094E+00,-640.703581271E-03,-841.708607974E-03,-200.500488287E-03
-300.000E-09,+4.949748665094E+00,-540.201067925E-03,-741.206094620E-03,-200.500488278E-03
-297.500E-09,+4.849246151748E+00,-741.206094623E-03,-741.206094628E-03,+305.175776E-06
-295.000E-09,+4.949748665092E+00,-540.201067927E-03,-741.206094620E-03,-200.500488276E-03
-292.500E-09,+4.849246151748E+00,-841.708607969E-03,-640.703581276E-03,+201.110839838E-03
-290.000E-09,+4.949748665094E+00,-540.201067925E-03,-942.211121318E-03,-401.306152341E-03
-287.500E-09,+4.949748665094E+00,-540.201067925E-03,-640.703581271E-03,-100.097656247E-03
-285.000E-09,+4.748743638396E+00,-540.201067925E-03,-741.206094623E-03,-200.500488281E-03
-282.500E-09,+4.849246151743E+00,-540.201067925E-03,-540.201067925E-03,+305.175781E-06
-280.000E-09,+4.748743638399E+00,-540.201067925E-03,-540.201067925E-03,+305.175781E-06
-277.500E-09,+4.748743638396E+00,-640.703581271E-03,-640.703581276E-03,+305.175776E-06
-275.000E-09,+4.949748665094E+00,-540.201067927E-03,-741.206094623E-03,-200.500488278E-03
-272.500E-09,+4.748743638396E+00,-640.703581276E-03,-540.201067925E-03,+100.708007815E-03
-270.000E-09,+4.748743638399E+00,-741.206094623E-03,-540.201067927E-03,+201.110839841E-03
-267.500E-09,+4.949748665094E+00,-640.703581276E-03,-540.201067925E-03,+100.708007815E-03
-265.000E-09,+5.150753691787E+00,-540.201067927E-03,-540.201067925E-03,+305.175784E-06
-262.500E-09,+4.748743638396E+00,-741.206094623E-03,-640.703581276E-03,+100.708007810E-03
-260.000E-09,+4.949748665094E+00,-741.206094623E-03,-540.201067925E-03,+201.110839844E-03
-257.500E-09,+4.949748665094E+00,-540.201067925E-03,-540.201067930E-03,+305.175776E-06
-255.000E-09,+4.949748665094E+00,-540.201067927E-03,-741.206094620E-03,-200.500488276E-03
-252.500E-09,+4.849246151742E+00,-741.206094623E-03,-540.201067925E-03,+201.110839844E-03
-250.000E-09,+4.949748665094E+00,-741.206094620E-03,-540.201067925E-03,+201.110839841E-03
-247.500E-09,+4.949748665094E+00,-540.201067925E-03,-640.703581271E-03,-100.097656247E-03
-245.000E-09,+4.748743638396E+00,-741.206094620E-03,-540.201067925E-03,+201.110839841E-03
-242.500E-09,+5.050251178441E+00,-540.201067925E-03,-540.201067925E-03,+305.175781E-06
-240.000E-09,+4.748743638402E+00,-540.201067925E-03,-540.201067925E-03,+305.175781E-06
-237.500E-09,+4.849246151748E+00,-540.201067919E-03,-540.201067925E-03,+305.175775E-06
-235.000E-09,+5.150753691790E+00,-540.201067927E-03,-540.201067922E-03,+305.175787E-06
-232.500E-09,+5.050251178441E+00,-439.698554573E-03,-540.201067925E-03,-100.097656253E-03
-230.000E-09,+4.748743638399E+00,-741.206094620E-03,-741.206094620E-03,+305.175781E-06
-227.500E-09,+4.849246151742E+00,-540.201067930E-03,-540.201067925E-03,+305.175787E-06
-225.000E-09,+4.949748665094E+00,-540.201067925E-03,-540.201067925E-03,+305.175781E-06
-222.500E-09,+4.849246151748E+00,-439.698554578E-03,-640.703581271E-03,-200.500488275E-03
-220.000E-09,+4.748743638399E+00,-540.201067927E-03,-741.206094620E-03,-200.500488275E-03
-217.500E-09,+4.849246151742E+00,-540.201067925E-03,-640.703581271E-03,-100.097656247E-03
-215.000E-09,+4.949748665097E+00,-540.201067927E-03,-540.201067925E-03,+305.175784E-06
-212.500E-09,+4.849246151742E+00,-640.703581276E-03,-540.201067925E-03,+100.708007815E-03
-210.000E-09,+5.150753691792E+00,-540.201067925E-03,-540.201067927E-03,+305.175778E-06
-207.500E-09,+5.050251178446E+00,-640.703581276E-03,-540.201067925E-03,+100.708007815E-03
-205.000E-09,+4.748743638396E+00,-741.206094620E-03,-540.201067927E-03,+201.110839838E-03
-202.500E-09,+5.050251178446E+00,-439.698554573E-03,-741.206094623E-03,-300.903320315E-03
-200.000E-09,+4.949748665097E+00,-540.201067925E-03,-540.201067925E-03,+305.175781E-06
-197.500E-09,+4.949748665094E+00,-741.206094623E-03,-741.206094623E-03,+305.175781E-06
-195.000E-09,+5.150753691790E+00,-540.201067927E-03,-540.201067925E-03,+305.175784E-06
-192.500E-09,+4.849246151748E+00,-540.201067925E-03,-540.201067925E-03,+305.175781E-06
-190.000E-09,+4.748743638399E+00,-741.206094620E-03,-741.206094623E-03,+305.175778E-06
-187.500E-09,+4.849246151748E+00,-640.703581276E-03,-640.703581271E-03,+305.175787E-06
-185.000E-09,+4.949748665094E+00,-339.196041229E-03,-741.206094620E-03,-401.306152338E-03
-182.500E-09,+4.748743638396E+00,-741.206094623E-03,-741.206094623E-03,+305.175781E-06
-180.000E-09,+4.949748665091E+00,-741.206094620E-03,-540.201067927E-03,+201.110839838E-03
-177.500E-09,+4.849246151742E+00,-540.201067925E-03,-640.703581271E-03,-100.097656247E-03
-175.000E-09,+5.150753691790E+00,-540.201067925E-03,-942.211121318E-03,-401.306152341E-03
-172.500E-09,+4.949748665094E+00,-640.703581271E-03,-640.703581271E-03,+305.175781E-06
-170.000E-09,+4.949748665091E+00,-741.206094620E-03,-741.206094623E-03,+305.175778E-06
-167.500E-09,+4.949748665094E+00,-540.201067925E-03,-841.708607969E-03,-300.903320310E-03
-165.000E-09,+4.949748665094E+00,-741.206094620E-03,-741.206094623E-03,+305.175778E-06
-162.500E-09,+4.949748665094E+00,-640.703581271E-03,-741.206094623E-03,-100.097656253E-03
-160.000E-09,+4.949748665097E+00,-741.206094620E-03,-540.201067930E-03,+201.110839835E-03
-157.500E-09,+4.849246151748E+00,-640.703581271E-03,-741.206094623E-03,-100.097656253E-03
-155.000E-09,+5.150753691790E+00,-540.201067930E-03,-741.206094625E-03,-200.500488278E-03
-152.500E-09,+4.949748665094E+00,-640.703581271E-03,-640.703581276E-03,+305.175775E-06
-150.000E-09,+4.949748665097E+00,-540.201067925E-03,-741.206094626E-03,-200.500488284E-03
-147.500E-09,+4.849246151748E+00,-640.703581276E-03,-741.206094623E-03,-100.097656247E-03
-145.000E-09,+5.150753691792E+00,-540.201067927E-03,-741.206094623E-03,-200.500488278E-03
-142.500E-09,+4.949748665094E+00,-439.698554578E-03,-741.206094623E-03,-300.903320310E-03
-140.000E-09,+5.150753691790E+00,-741.206094620E-03,-540.201067927E-03,+201.110839838E-03
-137.500E-09,+4.949748665094E+00,-439.698554578E-03,-741.206094628E-03,-300.903320315E-03
-135.000E-09,+4.949748665094E+00,-540.201067925E-03,-741.206094620E-03,-200.500488278E-03
-132.500E-09,+5.150753691792E+00,-741.206094623E-03,-540.201067925E-03,+201.110839844E-03
-130.000E-09,+5.150753691792E+00,-540.201067925E-03,-942.211121315E-03,-401.306152338E-03
-127.500E-09,+5.050251178446E+00,-540.201067925E-03,-741.206094617E-03,-200.500488275E-03
-125.000E-09,+4.949748665094E+00,-741.206094623E-03,-741.206094623E-03,+305.175781E-06
-122.500E-09,+5.050251178446E+00,-540.201067925E-03,-540.201067925E-03,+305.175781E-06
-120.000E-09,+4.748743638399E+00,-741.206094620E-03,-540.201067927E-03,+201.110839838E-03
-117.500E-09,+5.050251178446E+00,-640.703581271E-03,-640.703581276E-03,+305.175775E-06
-115.000E-09,+5.150753691792E+00,-540.201067927E-03,-540.201067925E-03,+305.175784E-06
-112.500E-09,+5.050251178441E+00,-540.201067919E-03,-640.703581276E-03,-100.097656259E-03
-110.000E-09,+4.949748665097E+00,-540.201067925E-03,-741.206094620E-03,-200.500488278E-03
-107.500E-09,+5.050251178446E+00,-640.703581276E-03,-540.201067925E-03,+100.708007815E-03
-105.000E-09,+5.150753691792E+00,-741.206094620E-03,-540.201067925E-03,+201.110839841E-03
-102.500E-09,+5.050251178446E+00,-540.201067925E-03,-540.201067925E-03,+305.175781E-06
-100.000E-09,+4.949748665094E+00,-741.206094623E-03,-540.201067925E-03,+201.110839844E-03
-97.500E-09,+4.849246151742E+00,-540.201067925E-03,-640.703581276E-03,-100.097656253E-03
-95.000E-09,+4.748743638396E+00,-540.201067925E-03,-741.206094620E-03,-200.500488278E-03
-92.500E-09,+4.849246151742E+00,-741.206094623E-03,-540.201067925E-03,+201.110839844E-03
-90.000E-09,+4.949748665094E+00,-741.206094620E-03,-540.201067925E-03,+201.110839841E-03
-87.500E-09,+4.849246151748E+00,-640.703581276E-03,-540.201067925E-03,+100.708007815E-03
-85.000E-09,+4.748743638399E+00,-741.206094620E-03,-540.201067925E-03,+201.110839841E-03
-82.500E-09,+4.949748665094E+00,-439.698554578E-03,-540.201067925E-03,-100.097656247E-03
-80.000E-09,+4.748743638399E+00,-540.201067925E-03,-540.201067925E-03,+305.175781E-06
-77.500E-09,+4.849246151748E+00,-640.703581271E-03,-540.201067925E-03,+100.708007810E-03
-75.000E-09,+4.748743638396E+00,-540.201067927E-03,-540.201067925E-03,+305.175784E-06
-72.500E-09,+4.849246151742E+00,-540.201067925E-03,-540.201067925E-03,+305.175781E-06
-70.000E-09,+4.748743638393E+00,-540.201067925E-03,-741.206094620E-03,-200.500488278E-03
-67.500E-09,+4.849246151748E+00,-640.703581276E-03,-439.698554573E-03,+201.110839850E-03
-65.000E-09,+4.949748665094E+00,-540.201067925E-03,-540.201067925E-03,+305.175781E-06
-62.500E-09,+4.849246151748E+00,-540.201067925E-03,-540.201067925E-03,+305.175781E-06
-60.000E-09,+4.949748665094E+00,-741.206094623E-03,-540.201067925E-03,+201.110839844E-03
-57.500E-09,+5.050251178441E+00,-540.201067925E-03,-640.703581271E-03,-100.097656247E-03
-55.000E-09,+4.949748665094E+00,-540.201067925E-03,-942.211121315E-03,-401.306152338E-03
-52.500E-09,+4.748743638396E+00,-741.206094623E-03,-640.703581271E-03,+100.708007815E-03
-50.000E-09,+5.150753691790E+00,-540.201067925E-03,-741.206094620E-03,-200.500488278E-03
-47.500E-09,+4.949748665094E+00,-640.703581271E-03,-540.201067925E-03,+100.708007810E-03
-45.000E-09,+4.949748665092E+00,-741.206094620E-03,-741.206094620E-03,+305.175781E-06
-42.500E-09,+4.949748665094E+00,-640.703581271E-03,-640.703581276E-03,+305.175776E-06
-40.000E-09,+4.748743638396E+00,-540.201067925E-03,-540.201067925E-03,+305.175781E-06
-37.500E-09,+4.849246151748E+00,-640.703581271E-03,-741.206094623E-03,-100.097656253E-03
-35.000E-09,+4.949748665094E+00,-540.201067927E-03,-741.206094623E-03,-200.500488278E-03
-32.500E-09,+4.949748665100E+00,-640.703581271E-03,-540.201067925E-03,+100.708007810E-03
-30.000E-09,+4.949748665092E+00,-741.206094620E-03,-741.206094625E-03,+305.175776E-06
-27.500E-09,+4.949748665094E+00,-640.703581276E-03,-540.201067925E-03,+100.708007815E-03
-25.000E-09,+4.949748665094E+00,-138.191014531E-03,-339.196041232E-03,-200.500488284E-03
-22.500E-09,+4.949748665094E+00,+464.824065560E-03,-339.196041226E-03,-802.917480463E-03
-20.000E-09,+4.949748665094E+00,+1.067839145658E+00,+263.819038865E-03,-802.917480469E-03
-17.500E-09,+5.050251178446E+00,+1.972361765799E+00,+163.316525516E-03,-1.806945800781E+00
-15.000E-09,+4.949748665092E+00,+2.876884385935E+00,+464.824065566E-03,-2.409362792960E+00
-12.500E-09,+4.949748665094E+00,+4.786432139561E+00,+1.871859252442E+00,-2.911376953122E+00
-10.000E-09,+5.150753691792E+00,+8.103015080080E+00,+3.479899466026E+00,-4.618225097653E+00
-7.500E-09,+5.150753691792E+00,+10.213567860416E+00,+4.082914546132E+00,-6.124267578117E+00
-5.000E-09,+4.949748665097E+00,+11.520100533957E+00,+4.886934652919E+00,-6.626281738281E+00
-2.500E-09,+4.246231071648E+00,+13.630653314278E+00,+6.494974866498E+00,-7.128295898435E+00
-0.0E+00,+5.351758718479E+00,+15.741206094614E+00,+8.304020106784E+00,-7.429504394531E+00
+2.500E-09,+6.356783851987E+00,+15.841708607975E+00,+9.510050266975E+00,-6.325073242196E+00
+5.000E-09,+3.743718504928E+00,+16.344221174708E+00,+10.917085453857E+00,-5.421447753909E+00
+7.500E-09,+2.839195884756E+00,+18.052763901642E+00,+12.324120640749E+00,-5.722656249997E+00
+10.000E-09,+4.547738611690E+00,+19.359296575186E+00,+13.932160854328E+00,-5.421447753915E+00
+12.500E-09,+4.145728558313E+00,+19.258794061837E+00,+15.037688501171E+00,-4.216613769537E+00
+15.000E-09,+2.939698398119E+00,+19.761306628579E+00,+16.143216148013E+00,-3.614196777344E+00
+17.500E-09,+3.643215991554E+00,+20.967336788768E+00,+17.349246308202E+00,-3.614196777344E+00
+20.000E-09,+3.542713478208E+00,+21.369346842170E+00,+18.153266414997E+00,-3.212585449222E+00
+22.500E-09,+3.442210964856E+00,+21.268844328818E+00,+19.158291548485E+00,-2.108154296878E+00
+25.000E-09,+3.341708451512E+00,+21.771356895560E+00,+20.163316681975E+00,-1.606140136719E+00
+27.500E-09,+3.442210964850E+00,+22.575377002353E+00,+21.067839302120E+00,-1.505737304685E+00
+30.000E-09,+4.547738611690E+00,+22.776382029059E+00,+21.369346842170E+00,-1.405334472659E+00
+32.500E-09,+5.552763745189E+00,+22.675879515705E+00,+22.072864435610E+00,-602.111816406E-03
+35.000E-09,+4.949748665100E+00,+22.776382029057E+00,+22.977387055746E+00,+201.110839835E-03
+37.500E-09,+4.849246151742E+00,+23.580402135849E+00,+23.178392082453E+00,-401.306152344E-03
+40.000E-09,+4.949748665094E+00,+23.379397109154E+00,+23.580402135846E+00,+201.110839838E-03
+42.500E-09,+4.447236098352E+00,+23.278894595805E+00,+23.580402135849E+00,+301.513671872E-03
+45.000E-09,+3.743718504914E+00,+23.781407162539E+00,+23.781407162547E+00,+305.175790E-06
+47.500E-09,+3.944723531604E+00,+23.881909675899E+00,+24.283919729290E+00,+401.916503901E-03
+50.000E-09,+3.944723531604E+00,+23.781407162550E+00,+24.384422242639E+00,+602.722167963E-03
+52.500E-09,+3.944723531604E+00,+23.580402135843E+00,+24.082914702597E+00,+502.319335946E-03
+55.000E-09,+3.542713478210E+00,+23.982412189242E+00,+24.183417215941E+00,+201.110839844E-03
+57.500E-09,+3.743718504900E+00,+24.082914702597E+00,+24.283919729290E+00,+201.110839838E-03
+60.000E-09,+4.145728558302E+00,+23.781407162547E+00,+24.384422242641E+00,+602.722167969E-03
+62.500E-09,+4.346733585000E+00,+23.881909675899E+00,+24.183417215943E+00,+301.513671872E-03
+65.000E-09,+3.743718504911E+00,+23.982412189245E+00,+24.183417215943E+00,+201.110839844E-03
+67.500E-09,+4.145728558302E+00,+23.982412189245E+00,+24.384422242641E+00,+401.916503906E-03
+70.000E-09,+4.346733584997E+00,+23.781407162553E+00,+24.384422242639E+00,+602.722167960E-03
+72.500E-09,+3.944723531604E+00,+23.881909675893E+00,+24.384422242641E+00,+502.319335940E-03
+75.000E-09,+4.145728558299E+00,+23.781407162550E+00,+24.384422242641E+00,+602.722167966E-03
+77.500E-09,+4.748743638396E+00,+24.183417215943E+00,+24.484924755988E+00,+301.513671872E-03
+80.000E-09,+4.748743638396E+00,+23.781407162553E+00,+24.585427269337E+00,+803.527832023E-03
+82.500E-09,+4.949748665094E+00,+23.881909675899E+00,+24.484924755993E+00,+602.722167969E-03
+85.000E-09,+4.949748665092E+00,+24.183417215938E+00,+24.384422242644E+00,+201.110839852E-03
+87.500E-09,+5.150753691792E+00,+23.881909675899E+00,+24.585427269334E+00,+703.124999992E-03
+90.000E-09,+5.552763745186E+00,+23.982412189248E+00,+24.585427269337E+00,+602.722167963E-03
+92.500E-09,+5.753768771881E+00,+23.982412189240E+00,+24.585427269340E+00,+602.722167974E-03
+95.000E-09,+5.552763745189E+00,+23.982412189245E+00,+24.384422242644E+00,+401.916503909E-03
+97.500E-09,+5.753768771887E+00,+23.881909675899E+00,+24.585427269340E+00,+703.124999997E-03
+100.000E-09,+5.753768771884E+00,+23.781407162547E+00,+24.786432296035E+00,+1.004333496091E+00
+102.500E-09,+5.351758718491E+00,+24.082914702591E+00,+24.585427269340E+00,+502.319335940E-03
+105.000E-09,+4.949748665097E+00,+24.183417215941E+00,+24.585427269345E+00,+401.916503915E-03
+107.500E-09,+4.949748665094E+00,+23.881909675893E+00,+24.886934809384E+00,+1.004333496094E+00
+110.000E-09,+4.949748665094E+00,+24.183417215943E+00,+24.786432296038E+00,+602.722167969E-03
+112.500E-09,+4.748743638396E+00,+24.082914702591E+00,+25.087939836088E+00,+1.004333496099E+00
+115.000E-09,+4.547738611701E+00,+23.781407162553E+00,+24.987437322739E+00,+1.205139160153E+00
+117.500E-09,+4.648241125044E+00,+24.082914702591E+00,+25.188442349434E+00,+1.104736328128E+00
+120.000E-09,+4.547738611701E+00,+24.183417215943E+00,+25.188442349434E+00,+1.004333496094E+00
+122.500E-09,+4.648241125050E+00,+23.881909675899E+00,+25.188442349434E+00,+1.305541992185E+00
+125.000E-09,+4.547738611695E+00,+24.183417215941E+00,+24.987437322739E+00,+803.527832037E-03
+127.500E-09,+4.447236098352E+00,+23.881909675899E+00,+24.987437322736E+00,+1.104736328122E+00
+130.000E-09,+4.547738611692E+00,+23.982412189245E+00,+24.786432296038E+00,+803.527832031E-03
+132.500E-09,+4.547738611698E+00,+23.881909675893E+00,+24.685929782692E+00,+803.527832037E-03
+135.000E-09,+4.748743638393E+00,+23.781407162547E+00,+24.384422242644E+00,+602.722167972E-03
+137.500E-09,+4.648241125050E+00,+23.781407162547E+00,+24.283919729290E+00,+502.319335935E-03
+140.000E-09,+4.748743638393E+00,+23.580402135849E+00,+23.982412189248E+00,+401.916503909E-03
+142.500E-09,+4.748743638396E+00,+23.680904649195E+00,+23.781407162547E+00,+100.708007815E-03
+145.000E-09,+4.748743638396E+00,+23.580402135852E+00,+23.580402135852E+00,+305.175781E-06
+147.500E-09,+4.949748665094E+00,+23.379397109151E+00,+23.379397109151E+00,+305.175781E-06
+150.000E-09,+4.949748665092E+00,+23.580402135849E+00,+23.178392082453E+00,-401.306152344E-03
+152.500E-09,+4.949748665094E+00,+23.479899622497E+00,+22.977387055760E+00,-501.708984367E-03
+155.000E-09,+5.150753691790E+00,+23.178392082456E+00,+22.776382029057E+00,-401.306152347E-03
+157.500E-09,+5.150753691792E+00,+23.580402135849E+00,+22.776382029057E+00,-802.917480469E-03
+160.000E-09,+5.150753691792E+00,+23.379397109154E+00,+22.776382029054E+00,-602.111816412E-03
+162.500E-09,+5.251256205139E+00,+23.379397109157E+00,+22.474874489012E+00,-903.320312503E-03
+165.000E-09,+5.150753691795E+00,+23.781407162539E+00,+22.374371975660E+00,-1.405334472648E+00
+167.500E-09,+5.251256205144E+00,+23.479899622503E+00,+22.273869462308E+00,-1.204528808599E+00
+170.000E-09,+4.949748665097E+00,+23.379397109151E+00,+22.374371975660E+00,-1.003723144531E+00
+172.500E-09,+4.949748665094E+00,+23.379397109151E+00,+22.374371975660E+00,-1.003723144531E+00
+175.000E-09,+5.150753691792E+00,+23.580402135849E+00,+22.374371975663E+00,-1.204528808591E+00
+177.500E-09,+5.150753691792E+00,+23.580402135849E+00,+22.575377002358E+00,-1.003723144531E+00
+180.000E-09,+5.150753691790E+00,+23.379397109148E+00,+22.776382029054E+00,-602.111816406E-03
+182.500E-09,+5.050251178446E+00,+23.580402135849E+00,+22.675879515710E+00,-903.320312497E-03
+185.000E-09,+4.949748665092E+00,+23.580402135846E+00,+22.575377002361E+00,-1.003723144526E+00
+187.500E-09,+4.748743638396E+00,+23.278894595805E+00,+22.977387055755E+00,-300.903320315E-03
+190.000E-09,+4.748743638396E+00,+23.580402135849E+00,+22.977387055752E+00,-602.111816409E-03
+192.500E-09,+4.849246151742E+00,+23.580402135849E+00,+23.077889569107E+00,-501.708984372E-03
+195.000E-09,+4.748743638396E+00,+23.178392082458E+00,+23.178392082453E+00,+305.175776E-06
+197.500E-09,+4.949748665094E+00,+23.379397109151E+00,+23.178392082447E+00,-200.500488287E-03
+200.000E-09,+4.748743638399E+00,+23.379397109154E+00,+23.379397109148E+00,+305.175776E-06
+202.500E-09,+4.748743638396E+00,+23.479899622503E+00,+23.178392082453E+00,-300.903320315E-03
+205.000E-09,+4.949748665094E+00,+23.379397109151E+00,+23.379397109151E+00,+305.175781E-06
+207.500E-09,+4.949748665094E+00,+23.479899622503E+00,+23.278894595799E+00,-200.500488287E-03
+210.000E-09,+4.949748665094E+00,+23.580402135849E+00,+23.379397109148E+00,-200.500488284E-03
+212.500E-09,+4.949748665094E+00,+23.379397109145E+00,+23.379397109151E+00,+305.175787E-06
+215.000E-09,+5.351758718485E+00,+23.580402135846E+00,+23.178392082456E+00,-401.306152338E-03
+217.500E-09,+5.150753691792E+00,+23.580402135849E+00,+23.178392082453E+00,-401.306152344E-03
+220.000E-09,+5.150753691787E+00,+23.178392082453E+00,+23.379397109151E+00,+201.110839844E-03
+222.500E-09,+5.251256205139E+00,+23.580402135849E+00,+23.278894595805E+00,-300.903320310E-03
+225.000E-09,+5.150753691792E+00,+23.580402135846E+00,+23.178392082456E+00,-401.306152338E-03
+227.500E-09,+5.251256205139E+00,+23.379397109151E+00,+23.379397109151E+00,+305.175781E-06
+230.000E-09,+5.150753691792E+00,+23.580402135846E+00,+23.379397109151E+00,-200.500488278E-03
+232.500E-09,+5.050251178446E+00,+23.379397109151E+00,+23.479899622503E+00,+100.708007815E-03
+235.000E-09,+4.949748665094E+00,+23.379397109154E+00,+23.379397109151E+00,+305.175778E-06
+237.500E-09,+5.050251178446E+00,+23.580402135849E+00,+23.680904649201E+00,+100.708007815E-03
+240.000E-09,+5.150753691792E+00,+23.379397109154E+00,+23.781407162544E+00,+401.916503901E-03
+242.500E-09,+4.949748665094E+00,+23.379397109151E+00,+23.781407162547E+00,+401.916503906E-03
+245.000E-09,+4.748743638399E+00,+23.379397109151E+00,+23.781407162547E+00,+401.916503906E-03
+247.500E-09,+4.849246151748E+00,+23.479899622503E+00,+23.881909675893E+00,+401.916503901E-03
+250.000E-09,+4.748743638396E+00,+23.580402135849E+00,+23.982412189245E+00,+401.916503906E-03
+252.500E-09,+4.949748665094E+00,+23.379397109151E+00,+24.183417215943E+00,+803.527832031E-03
+255.000E-09,+4.949748665094E+00,+23.580402135846E+00,+24.183417215941E+00,+602.722167969E-03
+257.500E-09,+5.150753691792E+00,+23.580402135849E+00,+23.982412189245E+00,+401.916503906E-03
+260.000E-09,+4.949748665094E+00,+23.178392082456E+00,+24.183417215943E+00,+1.004333496091E+00
+262.500E-09,+4.949748665094E+00,+23.479899622497E+00,+24.082914702591E+00,+602.722167969E-03
+265.000E-09,+4.949748665094E+00,+23.580402135846E+00,+23.982412189248E+00,+401.916503912E-03
+267.500E-09,+4.748743638396E+00,+23.178392082453E+00,+24.183417215943E+00,+1.004333496094E+00
+270.000E-09,+4.748743638396E+00,+23.379397109151E+00,+23.982412189245E+00,+602.722167969E-03
+272.500E-09,+4.849246151742E+00,+23.379397109151E+00,+23.881909675899E+00,+502.319335940E-03
+275.000E-09,+4.748743638396E+00,+23.178392082456E+00,+23.982412189245E+00,+803.527832028E-03
+277.500E-09,+4.648241125044E+00,+23.379397109151E+00,+23.881909675893E+00,+502.319335935E-03
+280.000E-09,+4.748743638396E+00,+23.379397109151E+00,+23.982412189242E+00,+602.722167966E-03
+282.500E-09,+4.748743638396E+00,+23.178392082453E+00,+23.881909675893E+00,+703.124999997E-03
+285.000E-09,+4.547738611698E+00,+23.379397109148E+00,+23.781407162547E+00,+401.916503909E-03
+287.500E-09,+4.748743638396E+00,+23.379397109151E+00,+23.580402135849E+00,+201.110839844E-03
+290.000E-09,+4.949748665091E+00,+23.178392082456E+00,+23.781407162544E+00,+602.722167963E-03
+292.500E-09,+4.849246151748E+00,+23.278894595799E+00,+23.580402135849E+00,+301.513671878E-03
+295.000E-09,+4.949748665094E+00,+23.379397109151E+00,+23.580402135846E+00,+201.110839841E-03
+297.500E-09,+5.150753691792E+00,+23.379397109151E+00,+23.379397109151E+00,+305.175781E-06
+300.000E-09,+5.150753691792E+00,+22.977387055755E+00,+23.379397109148E+00,+401.916503903E-03
+302.500E-09,+5.251256205139E+00,+23.278894595799E+00,+23.178392082453E+00,-100.097656247E-03
+305.000E-09,+4.949748665094E+00,+23.379397109145E+00,+23.178392082453E+00,-200.500488275E-03
+307.500E-09,+4.949748665094E+00,+22.977387055755E+00,+23.077889569101E+00,+100.708007810E-03
+310.000E-09,+4.949748665094E+00,+23.178392082453E+00,+22.977387055752E+00,-200.500488284E-03
+312.500E-09,+5.050251178446E+00,+23.178392082447E+00,+22.876884542409E+00,-300.903320304E-03
+315.000E-09,+4.949748665097E+00,+22.977387055758E+00,+22.776382029057E+00,-200.500488284E-03
+317.500E-09,+4.849246151748E+00,+23.077889569107E+00,+22.776382029057E+00,-300.903320315E-03
+320.000E-09,+4.748743638396E+00,+22.977387055758E+00,+22.776382029057E+00,-200.500488284E-03
+322.500E-09,+4.748743638396E+00,+23.077889569107E+00,+22.575377002358E+00,-501.708984378E-03
+325.000E-09,+4.949748665094E+00,+23.178392082450E+00,+22.575377002362E+00,-602.111816400E-03
+327.500E-09,+4.849246151742E+00,+23.077889569107E+00,+22.776382029057E+00,-300.903320316E-03
+330.000E-09,+5.150753691789E+00,+23.178392082456E+00,+22.776382029054E+00,-401.306152350E-03
+332.500E-09,+4.949748665094E+00,+23.077889569101E+00,+22.675879515711E+00,-401.306152338E-03
+335.000E-09,+5.150753691792E+00,+22.977387055755E+00,+22.575377002362E+00,-401.306152341E-03
+337.500E-09,+5.150753691792E+00,+23.178392082453E+00,+22.575377002358E+00,-602.111816406E-03
+340.000E-09,+5.150753691789E+00,+22.977387055755E+00,+22.575377002355E+00,-401.306152347E-03
+342.500E-09,+5.150753691792E+00,+22.876884542403E+00,+22.474874489012E+00,-401.306152338E-03
+345.000E-09,+5.150753691789E+00,+23.178392082447E+00,+22.575377002358E+00,-602.111816400E-03
+347.500E-09,+4.849246151742E+00,+22.776382029057E+00,+22.474874489006E+00,-300.903320316E-03
+350.000E-09,+4.949748665094E+00,+22.776382029060E+00,+22.575377002358E+00,-200.500488284E-03
+352.500E-09,+5.050251178440E+00,+22.876884542403E+00,+22.474874489012E+00,-401.306152338E-03
+355.000E-09,+4.748743638396E+00,+22.776382029060E+00,+22.374371975663E+00,-401.306152344E-03
+357.500E-09,+4.849246151748E+00,+22.876884542409E+00,+22.474874489012E+00,-401.306152344E-03
+360.000E-09,+4.949748665094E+00,+22.374371975666E+00,+22.374371975657E+00,+305.175772E-06
+362.500E-09,+4.949748665094E+00,+21.871859408924E+00,+22.072864435616E+00,+201.110839838E-03
+365.000E-09,+5.150753691792E+00,+20.766331762079E+00,+21.570351868874E+00,+803.527832034E-03
+367.500E-09,+5.150753691792E+00,+19.057789035157E+00,+21.067839302126E+00,+2.008361816394E+00
+370.000E-09,+4.949748665097E+00,+16.947236254827E+00,+20.163316681987E+00,+3.213195800772E+00
+372.500E-09,+5.050251178440E+00,+13.831658341006E+00,+18.957286521805E+00,+5.120849609372E+00
+375.000E-09,+4.949748665097E+00,+10.716080427192E+00,+17.550251334915E+00,+6.827697753894E+00
+377.500E-09,+4.849246151748E+00,+7.701005026717E+00,+15.942211121333E+00,+8.233337402338E+00
+380.000E-09,+4.748743638396E+00,+5.288944706333E+00,+14.334170907745E+00,+9.036560058591E+00
+382.500E-09,+5.050251178440E+00,+4.685929626226E+00,+13.329145774252E+00,+8.634948730475E+00
+385.000E-09,+4.748743638396E+00,+5.288944706311E+00,+12.123115614066E+00,+6.827697753925E+00
+387.500E-09,+4.949748665088E+00,+5.389447219673E+00,+10.615577913830E+00,+5.221252441412E+00
+390.000E-09,+5.351758718487E+00,+4.685929626236E+00,+8.907035186896E+00,+4.217224121094E+00
+392.500E-09,+5.150753691792E+00,+3.982412032786E+00,+7.500000000006E+00,+3.514404296878E+00
+395.000E-09,+5.954773798579E+00,+3.077889412648E+00,+6.896984919909E+00,+3.815612792966E+00
+397.500E-09,+6.256281338635E+00,+2.474874332553E+00,+5.992462299767E+00,+3.514404296872E+00
+400.000E-09,+5.552763745198E+00,+1.670854225758E+00,+5.087939679626E+00,+3.414001464844E+00
+402.500E-09,+4.447236098352E+00,+1.369346685711E+00,+3.881909519440E+00,+2.510375976566E+00
+405.000E-09,+5.150753691786E+00,+1.469849199054E+00,+3.077889412648E+00,+1.606750488291E+00
+407.500E-09,+5.050251178440E+00,+1.369346685711E+00,+2.675879359245E+00,+1.305541992184E+00
+410.000E-09,+4.949748665101E+00,+866.834118969E-03,+2.273869305852E+00,+1.405944824216E+00
+412.500E-09,+4.045226044962E+00,+464.824065566E-03,+1.369346685717E+00,+903.930664072E-03
+415.000E-09,+2.738693371418E+00,+263.819038865E-03,+665.829092264E-03,+401.916503909E-03
+417.500E-09,+2.035175777962E+00,+263.819038868E-03,+263.819038868E-03,+305.175781E-06
+420.000E-09,+2.336683318016E+00,-138.191014525E-03,+263.819038871E-03,+401.916503906E-03
+422.500E-09,+2.437185831365E+00,+163.316525522E-03,+62.814012170E-03,-100.097656253E-03
+425.000E-09,+3.341708451500E+00,+62.814012170E-03,-339.196041223E-03,-401.306152341E-03
+427.500E-09,+4.648241125038E+00,-138.191014528E-03,-439.698554579E-03,-300.903320316E-03
+430.000E-09,+5.954773798579E+00,-138.191014525E-03,-138.191014531E-03,+305.175775E-06
+432.500E-09,+6.356783851981E+00,-238.693527881E-03,-37.688501176E-03,+201.110839850E-03
+435.000E-09,+5.552763745195E+00,-540.201067921E-03,-138.191014528E-03,+401.916503903E-03
+437.500E-09,+5.050251178447E+00,-138.191014528E-03,-439.698554572E-03,-300.903320309E-03
+440.000E-09,+5.150753691792E+00,-339.196041223E-03,-339.196041230E-03,+305.175775E-06
+442.500E-09,+4.949748665094E+00,-439.698554572E-03,-138.191014535E-03,+301.513671865E-03
+445.000E-09,+4.748743638399E+00,-339.196041230E-03,-138.191014528E-03,+201.110839847E-03
+447.500E-09,+4.949748665094E+00,-339.196041226E-03,-439.698554579E-03,-100.097656253E-03
+450.000E-09,+5.150753691789E+00,-339.196041226E-03,-741.206094619E-03,-401.306152341E-03
+452.500E-09,+5.452261231836E+00,-339.196041233E-03,-741.206094623E-03,-401.306152337E-03
+455.000E-09,+5.552763745189E+00,-339.196041226E-03,-741.206094623E-03,-401.306152344E-03
+457.500E-09,+5.150753691792E+00,-339.196041226E-03,-841.708607975E-03,-501.708984378E-03
+460.000E-09,+4.547738611701E+00,-540.201067925E-03,-942.211121318E-03,-401.306152341E-03
+462.500E-09,+4.447236098352E+00,-339.196041226E-03,-1.042713634673E+00,-702.514648441E-03
+465.000E-09,+4.346733585000E+00,-540.201067925E-03,-1.143216148016E+00,-602.111816403E-03
+467.500E-09,+3.944723531604E+00,-640.703581277E-03,-1.042713634673E+00,-401.306152344E-03
+470.000E-09,+4.145728558302E+00,-339.196041226E-03,-942.211121321E-03,-602.111816406E-03
+472.500E-09,+3.944723531604E+00,-439.698554579E-03,-1.042713634666E+00,-602.111816400E-03
+475.000E-09,+3.542713478214E+00,-540.201067921E-03,-942.211121324E-03,-401.306152350E-03
+477.500E-09,+3.442210964862E+00,-640.703581270E-03,-1.042713634666E+00,-401.306152344E-03
+480.000E-09,+3.341708451509E+00,-540.201067921E-03,-1.143216148019E+00,-602.111816410E-03
+482.500E-09,+3.844221018251E+00,-640.703581270E-03,-1.344221174717E+00,-702.514648441E-03
+485.000E-09,+4.547738611692E+00,-540.201067931E-03,-1.545226201412E+00,-1.003723144521E+00
+487.500E-09,+5.150753691792E+00,-640.703581270E-03,-1.545226201415E+00,-903.320312503E-03
+490.000E-09,+5.150753691792E+00,-540.201067928E-03,-1.746231228113E+00,-1.204528808590E+00
+492.500E-09,+5.452261231843E+00,-741.206094629E-03,-1.846733741459E+00,-1.104125976553E+00
+495.000E-09,+5.351758718491E+00,-741.206094623E-03,-2.148241281509E+00,-1.405334472656E+00
+497.500E-09,+5.150753691792E+00,-741.206094623E-03,-2.248743794862E+00,-1.505737304691E+00
+500.000E-09,+4.949748665094E+00,-942.211121321E-03,-2.148241281513E+00,-1.204528808597E+00
+502.500E-09,+5.251256205138E+00,-741.206094623E-03,-2.248743794855E+00,-1.505737304684E+00
+505.000E-09,+5.150753691792E+00,-540.201067928E-03,-2.349246308204E+00,-1.806945800775E+00
+507.500E-09,+5.552763745189E+00,-841.708607968E-03,-2.148241281516E+00,-1.304931640635E+00
+510.000E-09,+5.552763745192E+00,-741.206094623E-03,-2.148241281509E+00,-1.405334472656E+00
+512.500E-09,+5.854271285239E+00,-640.703581277E-03,-1.846733741459E+00,-1.204528808587E+00
+515.000E-09,+5.552763745189E+00,-741.206094619E-03,-1.545226201418E+00,-802.917480476E-03
+517.500E-09,+5.251256205145E+00,-439.698554572E-03,-1.344221174717E+00,-903.320312503E-03
+520.000E-09,+4.949748665101E+00,-540.201067921E-03,-942.211121324E-03,-401.306152351E-03
+522.500E-09,+4.748743638396E+00,-439.698554572E-03,-841.708607975E-03,-401.306152351E-03
+525.000E-09,+4.949748665094E+00,-339.196041230E-03,-540.201067925E-03,-200.500488278E-03
+527.500E-09,+5.150753691792E+00,-439.698554572E-03,-238.693527881E-03,+201.110839837E-03
+530.000E-09,+5.150753691792E+00,-339.196041226E-03,-138.191014528E-03,+201.110839844E-03
+532.500E-09,+5.351758718497E+00,-339.196041226E-03,+163.316525516E-03,+502.319335934E-03
+535.000E-09,+5.150753691789E+00,-138.191014528E-03,+263.819038868E-03,+401.916503906E-03
+537.500E-09,+4.748743638396E+00,-238.693527881E-03,+263.819038868E-03,+502.319335941E-03
+540.000E-09,+4.547738611698E+00,-540.201067925E-03,+665.829092264E-03,+1.205139160156E+00
+542.500E-09,+4.346733585000E+00,-138.191014528E-03,+565.326578912E-03,+703.124999997E-03
+545.000E-09,+4.346733585000E+00,-138.191014532E-03,+464.824065573E-03,+602.722167979E-03
+547.500E-09,+4.447236098346E+00,-339.196041226E-03,+766.331605617E-03,+1.104736328128E+00
+550.000E-09,+4.748743638393E+00,-138.191014528E-03,+665.829092268E-03,+803.527832035E-03
+552.500E-09,+4.949748665094E+00,-339.196041226E-03,+766.331605617E-03,+1.104736328128E+00
+555.000E-09,+5.150753691786E+00,-339.196041226E-03,+665.829092268E-03,+1.004333496097E+00
+557.500E-09,+5.050251178440E+00,-339.196041226E-03,+565.326578912E-03,+903.930664059E-03
+560.000E-09,+4.748743638403E+00,-540.201067918E-03,+866.834118959E-03,+1.405944824208E+00
+562.500E-09,+4.849246151749E+00,-439.698554572E-03,+464.824065566E-03,+903.930664059E-03
+565.000E-09,+5.150753691789E+00,-138.191014532E-03,+464.824065566E-03,+602.722167972E-03
+567.500E-09,+5.150753691792E+00,-339.196041226E-03,+263.819038868E-03,+602.722167969E-03
+570.000E-09,+5.150753691792E+00,-339.196041226E-03,+62.814012173E-03,+401.916503910E-03
+572.500E-09,+5.251256205138E+00,-540.201067931E-03,+163.316525522E-03,+703.125000010E-03
+575.000E-09,+5.351758718491E+00,-339.196041226E-03,+62.814012170E-03,+401.916503906E-03
+577.500E-09,+5.251256205145E+00,-540.201067925E-03,-238.693527881E-03,+301.513671872E-03
+580.000E-09,+4.949748665101E+00,-540.201067925E-03,+62.814012170E-03,+602.722167969E-03
+582.500E-09,+4.949748665094E+00,-439.698554579E-03,-138.191014528E-03,+301.513671878E-03
+585.000E-09,+4.949748665094E+00,-540.201067925E-03,-339.196041223E-03,+201.110839847E-03
+587.500E-09,+5.050251178440E+00,-640.703581270E-03,-238.693527881E-03,+401.916503899E-03
+590.000E-09,+5.351758718491E+00,-339.196041226E-03,-138.191014532E-03,+201.110839840E-03
+592.500E-09,+5.150753691792E+00,-540.201067925E-03,-238.693527874E-03,+301.513671878E-03
+595.000E-09,+4.949748665098E+00,-540.201067921E-03,-138.191014532E-03,+401.916503899E-03
+597.500E-09,+4.849246151742E+00,-439.698554572E-03,-238.693527881E-03,+201.110839837E-03
+600.000E-09,+4.748743638396E+00,-540.201067925E-03,-138.191014532E-03,+401.916503903E-03
+602.500E-09,+4.648241125044E+00,-439.698554572E-03,-339.196041226E-03,+100.708007809E-03
+605.000E-09,+4.748743638393E+00,-339.196041233E-03,-138.191014532E-03,+201.110839847E-03
+607.500E-09,+4.748743638396E+00,-439.698554572E-03,-238.693527881E-03,+201.110839837E-03
+610.000E-09,+4.748743638396E+00,-540.201067925E-03,-339.196041226E-03,+201.110839844E-03
+612.500E-09,+4.949748665094E+00,-640.703581277E-03,-439.698554572E-03,+201.110839851E-03
+615.000E-09,+5.150753691792E+00,-540.201067925E-03,-540.201067925E-03,+305.175781E-06
+617.500E-09,+4.949748665094E+00,-439.698554579E-03,-741.206094615E-03,-300.903320302E-03
+620.000E-09,+4.748743638396E+00,-741.206094623E-03,-741.206094619E-03,+305.175785E-06
+622.500E-09,+5.150753691785E+00,-540.201067925E-03,-942.211121321E-03,-401.306152344E-03
+625.000E-09,+4.949748665098E+00,-540.201067925E-03,-1.143216148012E+00,-602.111816399E-03
+627.500E-09,+5.050251178440E+00,-741.206094623E-03,-1.143216148019E+00,-401.306152344E-03
+630.000E-09,+5.150753691792E+00,-540.201067925E-03,-1.344221174713E+00,-802.917480465E-03
+632.500E-09,+5.150753691792E+00,-540.201067925E-03,-1.344221174710E+00,-802.917480462E-03
+635.000E-09,+5.351758718487E+00,-741.206094623E-03,-1.344221174717E+00,-602.111816406E-03
+637.500E-09,+5.251256205145E+00,-540.201067925E-03,-1.444723688062E+00,-903.320312496E-03
+640.000E-09,+4.748743638400E+00,-540.201067921E-03,-1.344221174721E+00,-802.917480476E-03
+642.500E-09,+4.849246151742E+00,-741.206094623E-03,-1.444723688070E+00,-702.514648441E-03
+645.000E-09,+4.748743638400E+00,-540.201067928E-03,-1.344221174717E+00,-802.917480465E-03
+647.500E-09,+4.849246151749E+00,-640.703581270E-03,-1.444723688070E+00,-802.917480476E-03
+650.000E-09,+4.949748665094E+00,-741.206094623E-03,-1.545226201415E+00,-802.917480469E-03
+652.500E-09,+5.050251178440E+00,-741.206094630E-03,-1.344221174717E+00,-602.111816399E-03
+655.000E-09,+5.351758718487E+00,-741.206094619E-03,-1.143216148022E+00,-401.306152351E-03
+657.500E-09,+5.251256205145E+00,-640.703581270E-03,-1.344221174717E+00,-702.514648441E-03
+660.000E-09,+4.949748665098E+00,-741.206094626E-03,-1.143216148019E+00,-401.306152340E-03
+662.500E-09,+5.251256205138E+00,-640.703581277E-03,-1.243718661372E+00,-602.111816406E-03
+665.000E-09,+5.351758718491E+00,-540.201067925E-03,-1.344221174710E+00,-802.917480461E-03
+667.500E-09,+5.351758718491E+00,-841.708607975E-03,-1.042713634673E+00,-200.500488281E-03
+670.000E-09,+5.351758718491E+00,-540.201067928E-03,-1.344221174713E+00,-802.917480461E-03
+672.500E-09,+5.050251178447E+00,-540.201067925E-03,-1.143216148019E+00,-602.111816406E-03
+675.000E-09,+4.748743638400E+00,-741.206094623E-03,-942.211121324E-03,-200.500488285E-03
+677.500E-09,+4.949748665094E+00,-540.201067925E-03,-942.211121321E-03,-401.306152344E-03
+680.000E-09,+4.547738611705E+00,-540.201067925E-03,-741.206094626E-03,-200.500488285E-03
+682.500E-09,+4.748743638396E+00,-640.703581270E-03,-841.708607975E-03,-200.500488289E-03
+685.000E-09,+4.748743638396E+00,-540.201067928E-03,-741.206094619E-03,-200.500488274E-03
+687.500E-09,+4.849246151749E+00,-540.201067925E-03,-540.201067925E-03,+305.175781E-06
+690.000E-09,+4.748743638396E+00,-540.201067925E-03,-339.196041230E-03,+201.110839840E-03
+692.500E-09,+5.150753691792E+00,-640.703581277E-03,-339.196041226E-03,+301.513671879E-03
+695.000E-09,+5.150753691792E+00,-339.196041230E-03,-339.196041230E-03,+305.175781E-06
+697.500E-09,+5.251256205145E+00,-540.201067925E-03,-540.201067925E-03,+305.175781E-06
+700.000E-09,+4.949748665094E+00,-540.201067925E-03,-138.191014532E-03,+401.916503903E-03
+702.500E-09,+5.351758718491E+00,-439.698554579E-03,-339.196041226E-03,+100.708007816E-03
+705.000E-09,+5.150753691792E+00,-540.201067925E-03,-339.196041226E-03,+201.110839844E-03
+707.500E-09,+5.150753691792E+00,-741.206094623E-03,-339.196041226E-03,+401.916503906E-03
+710.000E-09,+5.150753691792E+00,-339.196041223E-03,-339.196041226E-03,+305.175778E-06
+712.500E-09,+5.050251178447E+00,-540.201067925E-03,-238.693527874E-03,+301.513671879E-03
+715.000E-09,+4.748743638400E+00,-540.201067921E-03,-339.196041226E-03,+201.110839840E-03
+717.500E-09,+4.949748665094E+00,-339.196041226E-03,-138.191014528E-03,+201.110839844E-03
+720.000E-09,+4.949748665094E+00,-339.196041226E-03,+62.814012166E-03,+401.916503903E-03
+722.500E-09,+4.849246151742E+00,-439.698554572E-03,+62.814012170E-03,+502.319335934E-03
+725.000E-09,+5.150753691789E+00,-339.196041230E-03,-138.191014528E-03,+201.110839847E-03
+727.500E-09,+5.251256205145E+00,-439.698554572E-03,+62.814012170E-03,+502.319335934E-03
+730.000E-09,+4.949748665098E+00,-339.196041230E-03,+62.814012170E-03,+401.916503910E-03
+732.500E-09,+5.351758718491E+00,-540.201067925E-03,+163.316525523E-03,+703.125000004E-03
+735.000E-09,+5.351758718491E+00,-339.196041226E-03,+62.814012170E-03,+401.916503906E-03
+737.500E-09,+5.251256205145E+00,-439.698554572E-03,-37.688501183E-03,+401.916503899E-03
+740.000E-09,+5.150753691792E+00,-741.206094619E-03,+263.819038864E-03,+1.004333496086E+00
+742.500E-09,+4.949748665102E+00,-439.698554579E-03,-138.191014528E-03,+301.513671879E-03
+745.000E-09,+4.949748665091E+00,-540.201067925E-03,-138.191014525E-03,+401.916503910E-03
+747.500E-09,+4.748743638396E+00,-540.201067925E-03,-138.191014528E-03,+401.916503906E-03
+750.000E-09,+4.748743638400E+00,-339.196041226E-03,-339.196041223E-03,+305.175785E-06
+752.500E-09,+4.748743638396E+00,-540.201067925E-03,-238.693527874E-03,+301.513671879E-03
+755.000E-09,+4.949748665091E+00,-741.206094619E-03,-339.196041226E-03,+401.916503902E-03
+757.500E-09,+4.849246151741E+00,-540.201067925E-03,-439.698554572E-03,+100.708007816E-03
+760.000E-09,+4.949748665094E+00,-540.201067925E-03,-138.191014532E-03,+401.916503902E-03
+762.500E-09,+4.949748665094E+00,-540.201067917E-03,-439.698554572E-03,+100.708007809E-03
+765.000E-09,+4.949748665091E+00,-540.201067928E-03,-540.201067925E-03,+305.175785E-06
+767.500E-09,+4.849246151749E+00,-540.201067925E-03,-540.201067925E-03,+305.175781E-06
+770.000E-09,+4.748743638400E+00,-540.201067925E-03,-741.206094619E-03,-200.500488277E-03
+772.500E-09,+4.748743638396E+00,-640.703581277E-03,-640.703581270E-03,+305.175789E-06
+775.000E-09,+5.150753691789E+00,-540.201067925E-03,-741.206094623E-03,-200.500488281E-03
+777.500E-09,+4.748743638396E+00,-540.201067925E-03,-741.206094623E-03,-200.500488281E-03
+780.000E-09,+4.949748665091E+00,-942.211121317E-03,-741.206094623E-03,+201.110839840E-03
+782.500E-09,+4.849246151741E+00,-540.201067925E-03,-942.211121321E-03,-401.306152344E-03
+785.000E-09,+4.949748665091E+00,-741.206094623E-03,-942.211121325E-03,-200.500488285E-03
+787.500E-09,+4.949748665094E+00,-741.206094623E-03,-1.042713634674E+00,-300.903320316E-03
+790.000E-09,+4.949748665094E+00,-540.201067925E-03,-1.143216148019E+00,-602.111816406E-03
+792.500E-09,+5.150753691792E+00,-640.703581277E-03,-1.243718661364E+00,-602.111816399E-03
+795.000E-09,+5.351758718487E+00,-942.211121313E-03,-1.143216148019E+00,-200.500488289E-03
+797.500E-09,+5.351758718491E+00,-640.703581270E-03,-1.042713634666E+00,-401.306152344E-03
+800.000E-09,+5.150753691796E+00,-540.201067925E-03,-942.211121321E-03,-401.306152344E-03
+802.500E-09,+5.050251178447E+00,-741.206094623E-03,-1.042713634666E+00,-300.903320309E-03
+805.000E-09,+5.351758718487E+00,-540.201067932E-03,-1.143216148015E+00,-602.111816394E-03
+807.500E-09,+4.949748665094E+00,-741.206094623E-03,-1.143216148019E+00,-401.306152344E-03
+810.000E-09,+5.150753691792E+00,-741.206094619E-03,-1.143216148023E+00,-401.306152352E-03
+812.500E-09,+5.251256205138E+00,-841.708607976E-03,-1.042713634674E+00,-200.500488281E-03
+815.000E-09,+5.351758718487E+00,-741.206094623E-03,-1.143216148019E+00,-401.306152344E-03
+817.500E-09,+5.050251178447E+00,-640.703581270E-03,-1.042713634674E+00,-401.306152352E-03
+820.000E-09,+4.949748665094E+00,-942.211121317E-03,-942.211121321E-03,+305.175777E-06
+822.500E-09,+5.150753691792E+00,-741.206094623E-03,-1.042713634674E+00,-300.903320316E-03
+825.000E-09,+5.150753691789E+00,-540.201067925E-03,-1.143216148015E+00,-602.111816402E-03
+827.500E-09,+4.949748665094E+00,-841.708607976E-03,-942.211121321E-03,-100.097656246E-03
+830.000E-09,+5.150753691792E+00,-540.201067925E-03,-942.211121321E-03,-401.306152344E-03
+832.500E-09,+5.150753691792E+00,-640.703581270E-03,-841.708607968E-03,-200.500488281E-03
+835.000E-09,+5.150753691792E+00,-741.206094619E-03,-942.211121321E-03,-200.500488285E-03
+837.500E-09,+5.251256205138E+00,-540.201067925E-03,-741.206094623E-03,-200.500488281E-03
+840.000E-09,+5.351758718487E+00,-741.206094619E-03,-540.201067928E-03,+201.110839836E-03
+842.500E-09,+4.949748665094E+00,-741.206094615E-03,-841.708607976E-03,-100.097656262E-03
+845.000E-09,+5.150753691792E+00,-540.201067928E-03,-741.206094623E-03,-200.500488277E-03
+847.500E-09,+4.949748665094E+00,-540.201067925E-03,-640.703581277E-03,-100.097656254E-03
+850.000E-09,+5.150753691788E+00,-540.201067929E-03,-741.206094623E-03,-200.500488277E-03
+852.500E-09,+5.050251178439E+00,-640.703581278E-03,-540.201067925E-03,+100.708007817E-03
+855.000E-09,+4.949748665094E+00,-540.201067925E-03,-741.206094619E-03,-200.500488277E-03
+857.500E-09,+5.251256205146E+00,-540.201067925E-03,-741.206094623E-03,-200.500488281E-03
+860.000E-09,+4.949748665094E+00,-741.206094619E-03,-540.201067929E-03,+201.110839836E-03
+862.500E-09,+5.150753691792E+00,-540.201067925E-03,-540.201067925E-03,+305.175781E-06
+865.000E-09,+4.949748665094E+00,-540.201067925E-03,-540.201067920E-03,+305.175785E-06
+867.500E-09,+4.949748665094E+00,-741.206094623E-03,-439.698554579E-03,+301.513671871E-03
+870.000E-09,+4.949748665094E+00,-540.201067925E-03,-339.196041226E-03,+201.110839844E-03
+872.500E-09,+4.748743638396E+00,-439.698554579E-03,-339.196041218E-03,+100.708007825E-03
+875.000E-09,+4.949748665094E+00,-540.201067925E-03,-339.196041226E-03,+201.110839844E-03
+877.500E-09,+5.150753691792E+00,-540.201067925E-03,-238.693527881E-03,+301.513671871E-03
+880.000E-09,+5.150753691792E+00,-540.201067920E-03,-138.191014532E-03,+401.916503898E-03
+882.500E-09,+4.949748665094E+00,-741.206094623E-03,-339.196041226E-03,+401.916503906E-03
+885.000E-09,+5.150753691788E+00,-339.196041234E-03,-138.191014528E-03,+201.110839852E-03
+887.500E-09,+5.150753691792E+00,-540.201067925E-03,-138.191014528E-03,+401.916503906E-03
+890.000E-09,+4.949748665098E+00,-540.201067925E-03,-339.196041226E-03,+201.110839844E-03
+892.500E-09,+4.949748665102E+00,-640.703581278E-03,-339.196041226E-03,+301.513671879E-03
+895.000E-09,+5.150753691788E+00,-540.201067925E-03,-339.196041226E-03,+201.110839844E-03
+897.500E-09,+4.949748665094E+00,-540.201067925E-03,-339.196041226E-03,+201.110839844E-03
+900.000E-09,+4.748743638396E+00,-741.206094618E-03,-339.196041231E-03,+401.916503898E-03
+902.500E-09,+5.150753691784E+00,-540.201067925E-03,-339.196041226E-03,+201.110839844E-03
+905.000E-09,+5.150753691788E+00,-540.201067925E-03,-540.201067920E-03,+305.175785E-06
+907.500E-09,+4.949748665094E+00,-640.703581278E-03,-439.698554580E-03,+201.110839844E-03
+910.000E-09,+5.150753691788E+00,-741.206094618E-03,-540.201067925E-03,+201.110839840E-03
+912.500E-09,+4.849246151741E+00,-640.703581278E-03,-339.196041218E-03,+301.513671887E-03
+915.000E-09,+4.949748665094E+00,-741.206094618E-03,-540.201067925E-03,+201.110839840E-03
+917.500E-09,+5.050251178439E+00,-640.703581269E-03,-540.201067925E-03,+100.708007808E-03
+920.000E-09,+5.150753691788E+00,-540.201067925E-03,-540.201067920E-03,+305.175785E-06
+922.500E-09,+4.949748665094E+00,-640.703581269E-03,-540.201067925E-03,+100.708007808E-03
+925.000E-09,+5.150753691788E+00,-540.201067925E-03,-540.201067925E-03,+305.175781E-06
+927.500E-09,+5.050251178448E+00,-640.703581269E-03,-540.201067925E-03,+100.708007808E-03
+930.000E-09,+4.949748665094E+00,-741.206094618E-03,-741.206094618E-03,+305.175781E-06
+932.500E-09,+5.050251178439E+00,-640.703581278E-03,-540.201067925E-03,+100.708007817E-03
+935.000E-09,+5.351758718486E+00,-339.196041235E-03,-741.206094623E-03,-401.306152336E-03
+937.500E-09,+5.150753691792E+00,-540.201067925E-03,-841.708607968E-03,-300.903320308E-03
+940.000E-09,+5.150753691788E+00,-741.206094627E-03,-741.206094623E-03,+305.175785E-06
+942.500E-09,+5.050251178448E+00,-741.206094623E-03,-841.708607968E-03,-100.097656246E-03
+945.000E-09,+5.150753691788E+00,-540.201067929E-03,-942.211121317E-03,-401.306152335E-03
+947.500E-09,+4.949748665094E+00,-741.206094614E-03,-741.206094631E-03,+305.175764E-06
+950.000E-09,+5.150753691788E+00,-741.206094618E-03,-1.143216148015E+00,-401.306152344E-03
+952.500E-09,+5.150753691792E+00,-640.703581278E-03,-841.708607967E-03,-200.500488273E-03
+955.000E-09,+5.150753691788E+00,-741.206094618E-03,-942.211121321E-03,-200.500488285E-03
+957.500E-09,+4.849246151750E+00,-540.201067925E-03,-942.211121321E-03,-401.306152344E-03
+960.000E-09,+4.748743638400E+00,-741.206094623E-03,-942.211121317E-03,-200.500488277E-03
+962.500E-09,+5.150753691792E+00,-640.703581269E-03,-841.708607976E-03,-200.500488290E-03
+965.000E-09,+4.748743638400E+00,-540.201067925E-03,-942.211121321E-03,-401.306152344E-03
+967.500E-09,+5.050251178448E+00,-640.703581269E-03,-741.206094623E-03,-100.097656254E-03
+970.000E-09,+4.949748665094E+00,-741.206094623E-03,-942.211121325E-03,-200.500488285E-03
+972.500E-09,+5.050251178439E+00,-640.703581278E-03,-1.042713634674E+00,-401.306152344E-03
+975.000E-09,+5.150753691788E+00,-741.206094623E-03,-942.211121321E-03,-200.500488281E-03
+977.500E-09,+5.150753691792E+00,-640.703581269E-03,-1.042713634674E+00,-401.306152352E-03
+980.000E-09,+5.150753691792E+00,-942.211121321E-03,-741.206094627E-03,+201.110839840E-03
+982.500E-09,+4.949748665094E+00,-640.703581278E-03,-841.708607976E-03,-200.500488281E-03
+985.000E-09,+5.150753691788E+00,-540.201067925E-03,-942.211121317E-03,-401.306152340E-03
+987.500E-09,+4.849246151741E+00,-841.708607976E-03,-741.206094623E-03,+100.708007817E-03
+990.000E-09,+5.150753691788E+00,-741.206094618E-03,-942.211121321E-03,-200.500488285E-03
+992.500E-09,+4.949748665094E+00,-741.206094623E-03,-741.206094614E-03,+305.175790E-06
+995.000E-09,+4.949748665099E+00,-741.206094623E-03,-942.211121321E-03,-200.500488281E-03
+997.500E-09,+5.050251178448E+00,-540.201067925E-03,-741.206094623E-03,-200.500488281E-03
+1.000000E-06,+4.748743638400E+00,-540.201067929E-03,-540.201067929E-03,+305.175781E-06
+1.002500E-06,+4.849246151750E+00,-741.206094623E-03,-841.708607976E-03,-100.097656254E-03
+1.005000E-06,+4.949748665094E+00,-540.201067929E-03,-741.206094623E-03,-200.500488277E-03
+1.007500E-06,+4.748743638396E+00,-741.206094623E-03,-640.703581278E-03,+100.708007808E-03
+1.010000E-06,+4.949748665094E+00,-339.196041231E-03,-942.211121316E-03,-602.111816398E-03
+1.012500E-06,+4.949748665094E+00,-640.703581278E-03,-741.206094623E-03,-100.097656246E-03
+1.015000E-06,+4.949748665099E+00,-741.206094618E-03,-741.206094627E-03,+305.175773E-06
+1.017500E-06,+5.050251178448E+00,-640.703581269E-03,-841.708607976E-03,-200.500488290E-03
+1.020000E-06,+4.949748665094E+00,-741.206094623E-03,-540.201067929E-03,+201.110839839E-03
+1.022500E-06,+5.050251178448E+00,-540.201067925E-03,-540.201067925E-03,+305.175781E-06
+1.025000E-06,+4.949748665090E+00,-540.201067925E-03,-540.201067925E-03,+305.175781E-06
+1.027500E-06,+4.849246151741E+00,-741.206094623E-03,-741.206094623E-03,+305.175781E-06
+1.030000E-06,+5.150753691788E+00,-741.206094618E-03,-540.201067925E-03,+201.110839839E-03
+1.032500E-06,+5.050251178448E+00,-540.201067925E-03,-640.703581269E-03,-100.097656246E-03
+1.035000E-06,+4.949748665094E+00,-741.206094618E-03,-540.201067925E-03,+201.110839839E-03
+1.037500E-06,+4.949748665094E+00,-540.201067925E-03,-540.201067925E-03,+305.175781E-06
+1.040000E-06,+4.748743638401E+00,-540.201067925E-03,-540.201067920E-03,+305.175786E-06
+1.042500E-06,+5.050251178448E+00,-540.201067925E-03,-640.703581278E-03,-100.097656254E-03
+1.045000E-06,+5.150753691788E+00,-540.201067929E-03,-540.201067925E-03,+305.175786E-06
+1.047500E-06,+4.949748665103E+00,-540.201067925E-03,-439.698554571E-03,+100.708007817E-03
+1.050000E-06,+4.748743638401E+00,-540.201067925E-03,-540.201067925E-03,+305.175781E-06
+1.052500E-06,+4.949748665094E+00,-540.201067925E-03,-640.703581278E-03,-100.097656254E-03
+1.055000E-06,+4.748743638401E+00,-540.201067929E-03,-339.196041231E-03,+201.110839844E-03
+1.057500E-06,+5.150753691801E+00,-540.201067925E-03,-540.201067925E-03,+305.175781E-06
+1.060000E-06,+4.949748665094E+00,-741.206094618E-03,-339.196041231E-03,+401.916503897E-03
+1.062500E-06,+4.949748665094E+00,-439.698554580E-03,-339.196041226E-03,+100.708007817E-03
+1.065000E-06,+5.150753691784E+00,-540.201067925E-03,-540.201067920E-03,+305.175786E-06
+1.067500E-06,+5.050251178439E+00,-741.206094623E-03,-339.196041226E-03,+401.916503906E-03
+1.070000E-06,+5.150753691792E+00,-741.206094618E-03,-339.196041231E-03,+401.916503897E-03
+1.072500E-06,+5.050251178448E+00,-640.703581278E-03,-540.201067925E-03,+100.708007817E-03
+1.075000E-06,+4.949748665094E+00,-741.206094623E-03,-540.201067920E-03,+201.110839848E-03
+1.077500E-06,+4.849246151741E+00,-640.703581269E-03,-540.201067925E-03,+100.708007808E-03
+1.080000E-06,+5.150753691792E+00,-540.201067929E-03,-339.196041231E-03,+201.110839844E-03
+1.082500E-06,+4.949748665094E+00,-741.206094614E-03,-540.201067925E-03,+201.110839835E-03
+1.085000E-06,+4.949748665094E+00,-540.201067929E-03,-540.201067920E-03,+305.175790E-06
+1.087500E-06,+4.849246151750E+00,-540.201067925E-03,-540.201067925E-03,+305.175781E-06
+1.090000E-06,+4.949748665094E+00,-540.201067925E-03,-540.201067925E-03,+305.175781E-06
+1.092500E-06,+5.050251178439E+00,-640.703581278E-03,-540.201067925E-03,+100.708007817E-03
+1.095000E-06,+4.949748665090E+00,-540.201067925E-03,-540.201067929E-03,+305.175777E-06
+1.097500E-06,+5.150753691792E+00,-540.201067925E-03,-640.703581278E-03,-100.097656254E-03
+1.100000E-06,+4.949748665090E+00,-741.206094627E-03,-540.201067925E-03,+201.110839848E-03
+1.102500E-06,+5.150753691792E+00,-640.703581278E-03,-640.703581278E-03,+305.175781E-06
+1.105000E-06,+4.949748665094E+00,-540.201067929E-03,-942.211121312E-03,-401.306152330E-03
+1.107500E-06,+4.949748665094E+00,-741.206094623E-03,-540.201067925E-03,+201.110839844E-03
+1.110000E-06,+5.150753691792E+00,-540.201067925E-03,-741.206094618E-03,-200.500488277E-03
+1.112500E-06,+5.050251178448E+00,-640.703581278E-03,-741.206094614E-03,-100.097656237E-03
+1.115000E-06,+4.949748665094E+00,-741.206094618E-03,-741.206094623E-03,+305.175777E-06
+1.117500E-06,+5.150753691792E+00,-540.201067925E-03,-841.708607967E-03,-300.903320308E-03
+1.120000E-06,+4.949748665094E+00,-741.206094618E-03,-741.206094623E-03,+305.175777E-06
+1.122500E-06,+4.849246151750E+00,-841.708607967E-03,-841.708607976E-03,+305.175772E-06
+1.125000E-06,+5.150753691788E+00,-540.201067929E-03,-942.211121316E-03,-401.306152335E-03
+1.127500E-06,+4.949748665094E+00,-640.703581278E-03,-841.708607976E-03,-200.500488281E-03
+1.130000E-06,+5.150753691788E+00,-741.206094618E-03,-741.206094627E-03,+305.175772E-06
+1.132500E-06,+5.050251178448E+00,-640.703581278E-03,-841.708607967E-03,-200.500488272E-03
+1.135000E-06,+4.748743638401E+00,-741.206094623E-03,-942.211121321E-03,-200.500488281E-03
+1.137500E-06,+4.949748665094E+00,-640.703581269E-03,-1.143216148019E+00,-501.708984379E-03
+1.140000E-06,+4.949748665094E+00,-741.206094623E-03,-741.206094627E-03,+305.175777E-06
+1.142500E-06,+4.949748665094E+00,-741.206094623E-03,-942.211121321E-03,-200.500488281E-03
+1.145000E-06,+4.949748665099E+00,-741.206094623E-03,-942.211121316E-03,-200.500488277E-03
+1.147500E-06,+4.849246151741E+00,-741.206094623E-03,-942.211121321E-03,-200.500488281E-03
+1.150000E-06,+4.949748665094E+00,-741.206094618E-03,-942.211121321E-03,-200.500488286E-03
+1.152500E-06,+4.849246151741E+00,-741.206094623E-03,-942.211121321E-03,-200.500488281E-03
+1.155000E-06,+4.949748665099E+00,-942.211121316E-03,-741.206094627E-03,+201.110839835E-03
+1.157500E-06,+4.949748665094E+00,-640.703581269E-03,-942.211121321E-03,-300.903320317E-03
+1.160000E-06,+5.150753691792E+00,-741.206094623E-03,-741.206094623E-03,+305.175781E-06
+1.162500E-06,+4.949748665094E+00,-741.206094623E-03,-942.211121321E-03,-200.500488281E-03
+1.165000E-06,+4.949748665094E+00,-540.201067929E-03,-741.206094623E-03,-200.500488277E-03
+1.167500E-06,+4.949748665094E+00,-640.703581269E-03,-741.206094623E-03,-100.097656255E-03
+1.170000E-06,+4.949748665094E+00,-339.196041236E-03,-942.211121321E-03,-602.111816397E-03
+1.172500E-06,+4.849246151750E+00,-640.703581278E-03,-841.708607967E-03,-200.500488272E-03
+1.175000E-06,+4.949748665094E+00,-540.201067925E-03,-540.201067929E-03,+305.175777E-06
+1.177500E-06,+4.949748665094E+00,-540.201067925E-03,-741.206094623E-03,-200.500488281E-03
+1.180000E-06,+4.949748665094E+00,-540.201067929E-03,-540.201067929E-03,+305.175781E-06
+1.182500E-06,+5.050251178439E+00,-439.698554580E-03,-540.201067925E-03,-100.097656245E-03
+1.185000E-06,+4.949748665099E+00,-540.201067929E-03,-741.206094618E-03,-200.500488272E-03
+1.187500E-06,+5.050251178439E+00,-741.206094623E-03,-741.206094623E-03,+305.175781E-06
+1.190000E-06,+5.150753691792E+00,-540.201067925E-03,-741.206094618E-03,-200.500488277E-03
+1.192500E-06,+5.150753691792E+00,-640.703581278E-03,-540.201067925E-03,+100.708007817E-03
+1.195000E-06,+4.949748665090E+00,-741.206094618E-03,-741.206094623E-03,+305.175777E-06
+1.197500E-06,+5.150753691792E+00,-540.201067925E-03,-540.201067925E-03,+305.175781E-06
+1.200000E-06,+4.949748665094E+00,-741.206094618E-03,-540.201067925E-03,+201.110839839E-03
+1.202500E-06,+4.849246151750E+00,-741.206094613E-03,-540.201067925E-03,+201.110839834E-03
+1.205000E-06,+5.150753691788E+00,-540.201067929E-03,-540.201067925E-03,+305.175786E-06
+1.207500E-06,+5.050251178439E+00,-640.703581278E-03,-439.698554580E-03,+201.110839844E-03
+1.210000E-06,+4.949748665094E+00,-540.201067929E-03,-540.201067925E-03,+305.175786E-06
+1.212500E-06,+5.251256205137E+00,-540.201067934E-03,-640.703581269E-03,-100.097656236E-03
+1.215000E-06,+4.949748665099E+00,-540.201067925E-03,-540.201067925E-03,+305.175781E-06
+1.217500E-06,+4.949748665094E+00,-540.201067925E-03,-540.201067925E-03,+305.175781E-06
+1.220000E-06,+4.748743638396E+00,-741.206094623E-03,-339.196041231E-03,+401.916503902E-03
+1.222500E-06,+4.949748665094E+00,-540.201067925E-03,-439.698554580E-03,+100.708007808E-03
+1.225000E-06,+4.949748665099E+00,-540.201067925E-03,-540.201067925E-03,+305.175781E-06
+1.227500E-06,+4.849246151741E+00,-741.206094623E-03,-540.201067925E-03,+201.110839844E-03
+1.230000E-06,+4.748743638406E+00,-741.206094618E-03,-540.201067925E-03,+201.110839839E-03
+1.232500E-06,+4.849246151750E+00,-540.201067925E-03,-540.201067925E-03,+305.175781E-06
+1.235000E-06,+4.949748665094E+00,-741.206094618E-03,-540.201067925E-03,+201.110839839E-03
+1.237500E-06,+4.949748665094E+00,-540.201067925E-03,-540.201067925E-03,+305.175781E-06
+1.240000E-06,+4.748743638396E+00,-540.201067925E-03,-540.201067925E-03,+305.175781E-06
+1.242500E-06,+4.849246151741E+00,-741.206094623E-03,-640.703581278E-03,+100.708007808E-03
+1.245000E-06,+4.949748665090E+00,-339.196041236E-03,-540.201067925E-03,-200.500488272E-03
+1.247500E-06,+4.949748665094E+00,-439.698554571E-03,-540.201067925E-03,-100.097656255E-03
+1.250000E-06,+5.150753691788E+00,-339.196041231E-03,-741.206094618E-03,-401.306152334E-03
+1.252500E-06,+5.050251178439E+00,-640.703581278E-03,-540.201067925E-03,+100.708007817E-03
+1.255000E-06,+4.949748665094E+00,-540.201067925E-03,-540.201067929E-03,+305.175777E-06
+1.257500E-06,+4.949748665104E+00,-540.201067925E-03,-741.206094623E-03,-200.500488281E-03
+1.260000E-06,+4.949748665094E+00,-540.201067929E-03,-540.201067929E-03,+305.175781E-06
+1.262500E-06,+5.150753691792E+00,-741.206094623E-03,-640.703581278E-03,+100.708007808E-03
+1.265000E-06,+5.150753691792E+00,-540.201067925E-03,-741.206094618E-03,-200.500488277E-03
+1.267500E-06,+4.949748665094E+00,-640.703581269E-03,-741.206094623E-03,-100.097656255E-03
+1.270000E-06,+5.150753691788E+00,-741.206094618E-03,-540.201067929E-03,+201.110839834E-03
+1.272500E-06,+4.949748665094E+00,-540.201067925E-03,-741.206094613E-03,-200.500488272E-03
+1.275000E-06,+4.949748665094E+00,-942.211121311E-03,-741.206094623E-03,+201.110839834E-03
+1.277500E-06,+4.949748665094E+00,-540.201067925E-03,-841.708607976E-03,-300.903320317E-03
+1.280000E-06,+5.150753691792E+00,-741.206094613E-03,-540.201067929E-03,+201.110839830E-03
+1.282500E-06,+4.949748665094E+00,-640.703581269E-03,-741.206094623E-03,-100.097656255E-03
+1.285000E-06,+4.949748665094E+00,-540.201067925E-03,-741.206094618E-03,-200.500488277E-03
+1.287500E-06,+4.949748665094E+00,-439.698554571E-03,-540.201067925E-03,-100.097656255E-03
+1.290000E-06,+4.949748665094E+00,-540.201067925E-03,-741.206094623E-03,-200.500488281E-03
+1.292500E-06,+5.050251178448E+00,-741.206094623E-03,-741.206094623E-03,+305.175781E-06
+1.295000E-06,+4.949748665090E+00,-741.206094623E-03,-741.206094623E-03,+305.175781E-06
+1.297500E-06,+5.050251178448E+00,-540.201067925E-03,-841.708607976E-03,-300.903320317E-03
+1.300000E-06,+4.949748665094E+00,-741.206094623E-03,-741.206094623E-03,+305.175781E-06
+1.302500E-06,+5.050251178439E+00,-540.201067925E-03,-841.708607977E-03,-300.903320317E-03
+1.305000E-06,+5.150753691792E+00,-540.201067925E-03,-942.211121316E-03,-401.306152339E-03
+1.307500E-06,+4.849246151740E+00,-741.206094623E-03,-741.206094623E-03,+305.175781E-06
+1.310000E-06,+4.949748665094E+00,-540.201067925E-03,-942.211121321E-03,-401.306152344E-03
+1.312500E-06,+4.949748665094E+00,-540.201067925E-03,-841.708607967E-03,-300.903320308E-03
+1.315000E-06,+4.949748665094E+00,-741.206094623E-03,-942.211121316E-03,-200.500488276E-03
+1.317500E-06,+5.050251178448E+00,-540.201067915E-03,-942.211121321E-03,-401.306152353E-03
+1.320000E-06,+4.949748665099E+00,-540.201067920E-03,-741.206094627E-03,-200.500488291E-03
+1.322500E-06,+4.849246151750E+00,-540.201067925E-03,-741.206094632E-03,-200.500488291E-03
+1.325000E-06,+4.748743638396E+00,-540.201067929E-03,-741.206094623E-03,-200.500488276E-03
+1.327500E-06,+4.748743638396E+00,-741.206094623E-03,-640.703581278E-03,+100.708007808E-03
+1.330000E-06,+4.748743638401E+00,-540.201067925E-03,-741.206094627E-03,-200.500488286E-03
+1.332500E-06,+4.849246151750E+00,-640.703581278E-03,-540.201067925E-03,+100.708007817E-03
+1.335000E-06,+5.150753691788E+00,-540.201067929E-03,-741.206094618E-03,-200.500488272E-03
+1.337500E-06,+4.949748665094E+00,-540.201067925E-03,-640.703581278E-03,-100.097656255E-03
+1.340000E-06,+4.748743638396E+00,-942.211121316E-03,-540.201067929E-03,+401.916503896E-03
+1.342500E-06,+4.849246151750E+00,-640.703581278E-03,-741.206094623E-03,-100.097656245E-03
+1.345000E-06,+4.748743638396E+00,-741.206094623E-03,-741.206094618E-03,+305.175786E-06
+1.347500E-06,+4.849246151750E+00,-741.206094623E-03,-640.703581278E-03,+100.708007808E-03
+1.350000E-06,+4.949748665089E+00,-540.201067920E-03,-741.206094618E-03,-200.500488281E-03
+1.352500E-06,+4.949748665094E+00,-640.703581278E-03,-640.703581269E-03,+305.175791E-06
+1.355000E-06,+4.949748665089E+00,-741.206094618E-03,-540.201067929E-03,+201.110839834E-03
+1.357500E-06,+4.849246151740E+00,-540.201067925E-03,-640.703581278E-03,-100.097656255E-03
+1.360000E-06,+4.949748665094E+00,-540.201067920E-03,-540.201067920E-03,+305.175781E-06
+1.362500E-06,+5.150753691792E+00,-640.703581269E-03,-540.201067925E-03,+100.708007808E-03
+1.365000E-06,+4.949748665099E+00,-540.201067929E-03,-540.201067929E-03,+305.175781E-06
+1.367500E-06,+4.949748665094E+00,-640.703581269E-03,-540.201067925E-03,+100.708007808E-03
+1.370000E-06,+4.748743638401E+00,-540.201067925E-03,-540.201067925E-03,+305.175781E-06
+1.372500E-06,+4.849246151740E+00,-640.703581278E-03,-439.698554571E-03,+201.110839854E-03
+1.375000E-06,+4.949748665094E+00,-339.196041236E-03,-540.201067920E-03,-200.500488266E-03
+1.377500E-06,+4.849246151750E+00,-540.201067925E-03,-540.201067925E-03,+305.175781E-06
+1.380000E-06,+4.949748665099E+00,-741.206094623E-03,-339.196041231E-03,+401.916503901E-03
+1.382500E-06,+5.050251178448E+00,-540.201067925E-03,-439.698554580E-03,+100.708007808E-03
+1.385000E-06,+4.949748665099E+00,-540.201067929E-03,-540.201067920E-03,+305.175791E-06
+1.387500E-06,+4.648241125042E+00,-741.206094623E-03,-540.201067925E-03,+201.110839844E-03
+1.390000E-06,+4.949748665094E+00,-741.206094613E-03,-540.201067925E-03,+201.110839834E-03
+1.392500E-06,+5.050251178439E+00,-540.201067925E-03,-540.201067925E-03,+305.175781E-06
+1.395000E-06,+4.949748665089E+00,-741.206094613E-03,-540.201067925E-03,+201.110839834E-03
+1.397500E-06,+4.949748665094E+00,-640.703581269E-03,-439.698554580E-03,+201.110839834E-03
+1.400000E-06,+5.150753691792E+00,-741.206094618E-03,-540.201067925E-03,+201.110839839E-03
+1.402500E-06,+5.050251178448E+00,-741.206094623E-03,-540.201067925E-03,+201.110839844E-03
+1.405000E-06,+5.150753691787E+00,-540.201067930E-03,-540.201067925E-03,+305.175786E-06
+1.407500E-06,+5.050251178448E+00,-640.703581269E-03,-540.201067925E-03,+100.708007807E-03
+1.410000E-06,+4.748743638401E+00,-540.201067925E-03,-540.201067930E-03,+305.175776E-06
+1.412500E-06,+4.849246151740E+00,-640.703581279E-03,-540.201067925E-03,+100.708007818E-03
+1.415000E-06,+5.150753691787E+00,-540.201067925E-03,-540.201067930E-03,+305.175776E-06
+1.417500E-06,+5.050251178448E+00,-540.201067925E-03,-540.201067925E-03,+305.175781E-06
+1.420000E-06,+4.748743638396E+00,-741.206094623E-03,-741.206094623E-03,+305.175781E-06
+1.422500E-06,+4.949748665094E+00,-540.201067925E-03,-640.703581279E-03,-100.097656255E-03
+1.425000E-06,+4.949748665094E+00,-540.201067925E-03,-741.206094618E-03,-200.500488276E-03
+1.427500E-06,+4.949748665094E+00,-741.206094623E-03,-640.703581279E-03,+100.708007807E-03
+1.430000E-06,+4.949748665089E+00,-540.201067930E-03,-540.201067930E-03,+305.175781E-06
+1.432500E-06,+5.050251178448E+00,-540.201067925E-03,-741.206094613E-03,-200.500488271E-03
+1.435000E-06,+4.748743638396E+00,-942.211121310E-03,-741.206094617E-03,+201.110839839E-03
+1.437500E-06,+4.849246151750E+00,-540.201067925E-03,-540.201067925E-03,+305.175781E-06
+1.440000E-06,+5.150753691782E+00,-540.201067930E-03,-540.201067930E-03,+305.175781E-06
+1.442500E-06,+4.748743638396E+00,-640.703581268E-03,-841.708607977E-03,-200.500488291E-03
+1.445000E-06,+4.748743638396E+00,-540.201067930E-03,-741.206094623E-03,-200.500488276E-03
+1.447500E-06,+5.050251178438E+00,-540.201067925E-03,-640.703581279E-03,-100.097656255E-03
+1.450000E-06,+4.949748665100E+00,-540.201067925E-03,-741.206094628E-03,-200.500488286E-03
+1.452500E-06,+5.050251178438E+00,-741.206094633E-03,-841.708607967E-03,-100.097656235E-03
+1.455000E-06,+5.150753691787E+00,-540.201067925E-03,-741.206094628E-03,-200.500488286E-03
+1.457500E-06,+5.150753691792E+00,-640.703581268E-03,-741.206094633E-03,-100.097656265E-03
+1.460000E-06,+4.949748665094E+00,-741.206094623E-03,-741.206094623E-03,+305.175781E-06
+1.462500E-06,+4.849246151740E+00,-640.703581279E-03,-741.206094623E-03,-100.097656245E-03
+1.465000E-06,+4.949748665089E+00,-540.201067925E-03,-942.211121316E-03,-401.306152339E-03
+1.467500E-06,+4.949748665094E+00,-841.708607977E-03,-841.708607977E-03,+305.175781E-06
+1.470000E-06,+4.949748665100E+00,-741.206094617E-03,-741.206094617E-03,+305.175781E-06
+1.472500E-06,+5.050251178449E+00,-540.201067925E-03,-640.703581268E-03,-100.097656245E-03
+1.475000E-06,+5.150753691792E+00,-942.211121310E-03,-741.206094628E-03,+201.110839828E-03
+1.477500E-06,+5.150753691792E+00,-540.201067925E-03,-741.206094623E-03,-200.500488281E-03
+1.480000E-06,+4.949748665094E+00,-540.201067930E-03,-540.201067930E-03,+305.175781E-06
+1.482500E-06,+4.949748665094E+00,-640.703581268E-03,-741.206094623E-03,-100.097656255E-03
+1.485000E-06,+5.150753691792E+00,-540.201067930E-03,-741.206094623E-03,-200.500488276E-03
+1.487500E-06,+5.050251178449E+00,-640.703581268E-03,-640.703581279E-03,+305.175771E-06
+1.490000E-06,+4.949748665094E+00,-339.196041232E-03,-741.206094623E-03,-401.306152339E-03
+1.492500E-06,+4.949748665094E+00,-640.703581279E-03,-640.703581268E-03,+305.175791E-06
+1.495000E-06,+5.150753691787E+00,-741.206094623E-03,-540.201067925E-03,+201.110839844E-03
+1.497500E-06,+5.050251178438E+00,-640.703581268E-03,-741.206094623E-03,-100.097656255E-03
+1.500000E-06,+4.949748665094E+00,-741.206094623E-03,-741.206094617E-03,+305.175786E-06
+1.502500E-06,+4.748743638396E+00,-540.201067925E-03,-640.703581279E-03,-100.097656255E-03
+1.505000E-06,+4.949748665089E+00,-540.201067925E-03,-741.206094617E-03,-200.500488276E-03
+1.507500E-06,+4.849246151740E+00,-741.206094623E-03,-741.206094623E-03,+305.175781E-06
+1.510000E-06,+5.150753691787E+00,-540.201067925E-03,-741.206094623E-03,-200.500488281E-03
+1.512500E-06,+5.050251178449E+00,-640.703581279E-03,-640.703581268E-03,+305.175792E-06
+1.515000E-06,+4.748743638401E+00,-741.206094623E-03,-540.201067930E-03,+201.110839839E-03
+1.517500E-06,+4.849246151740E+00,-540.201067925E-03,-640.703581279E-03,-100.097656255E-03
+1.520000E-06,+4.949748665094E+00,-540.201067919E-03,-540.201067925E-03,+305.175776E-06
+1.522500E-06,+4.949748665094E+00,-540.201067925E-03,-540.201067925E-03,+305.175781E-06
+1.525000E-06,+5.150753691787E+00,-540.201067930E-03,-540.201067925E-03,+305.175786E-06
+1.527500E-06,+4.949748665094E+00,-540.201067925E-03,-540.201067925E-03,+305.175781E-06
+1.530000E-06,+4.949748665100E+00,-540.201067925E-03,-540.201067930E-03,+305.175776E-06
+1.532500E-06,+4.949748665094E+00,-540.201067935E-03,-640.703581268E-03,-100.097656234E-03
+1.535000E-06,+4.949748665094E+00,-540.201067925E-03,-339.196041237E-03,+201.110839833E-03
+1.537500E-06,+5.050251178449E+00,-540.201067925E-03,-640.703581279E-03,-100.097656255E-03
+1.540000E-06,+4.949748665094E+00,-741.206094623E-03,-339.196041232E-03,+401.916503901E-03
+1.542500E-06,+4.949748665094E+00,-540.201067925E-03,-540.201067925E-03,+305.175781E-06
+1.545000E-06,+4.748743638396E+00,-540.201067930E-03,-540.201067925E-03,+305.175787E-06
+1.547500E-06,+4.849246151740E+00,-741.206094623E-03,-540.201067925E-03,+201.110839844E-03
+1.550000E-06,+4.949748665100E+00,-540.201067925E-03,-540.201067930E-03,+305.175776E-06
+1.552500E-06,+4.949748665094E+00,-540.201067925E-03,-540.201067925E-03,+305.175781E-06
+1.555000E-06,+4.949748665094E+00,-540.201067925E-03,-540.201067925E-03,+305.175781E-06
+1.557500E-06,+5.050251178449E+00,-640.703581279E-03,-540.201067925E-03,+100.708007818E-03
+1.560000E-06,+4.949748665100E+00,-741.206094617E-03,-540.201067925E-03,+201.110839838E-03
+1.562500E-06,+4.849246151740E+00,-841.708607966E-03,-540.201067925E-03,+301.513671870E-03
+1.565000E-06,+5.150753691787E+00,-540.201067930E-03,-540.201067925E-03,+305.175787E-06
+1.567500E-06,+4.949748665084E+00,-540.201067925E-03,-540.201067925E-03,+305.175781E-06
+1.570000E-06,+4.748743638407E+00,-540.201067925E-03,-741.206094623E-03,-200.500488281E-03
+1.572500E-06,+4.748743638396E+00,-640.703581279E-03,-540.201067925E-03,+100.708007818E-03
+1.575000E-06,+4.949748665094E+00,-540.201067925E-03,-741.206094623E-03,-200.500488281E-03
+1.577500E-06,+4.748743638396E+00,-640.703581268E-03,-640.703581279E-03,+305.175771E-06
+1.580000E-06,+4.949748665094E+00,-741.206094623E-03,-741.206094617E-03,+305.175787E-06
+1.582500E-06,+4.949748665094E+00,-540.201067925E-03,-741.206094623E-03,-200.500488281E-03
+1.585000E-06,+4.748743638396E+00,-540.201067930E-03,-942.211121310E-03,-401.306152328E-03
+1.587500E-06,+4.748743638396E+00,-741.206094623E-03,-540.201067925E-03,+201.110839844E-03
+1.590000E-06,+5.150753691792E+00,-741.206094623E-03,-741.206094628E-03,+305.175776E-06
+1.592500E-06,+4.949748665094E+00,-540.201067925E-03,-741.206094612E-03,-200.500488270E-03
+1.595000E-06,+4.748743638396E+00,-138.191014534E-03,-540.201067925E-03,-401.306152338E-03
+1.597500E-06,+4.849246151751E+00,+565.326578910E-03,-138.191014528E-03,-702.514648432E-03
+1.600000E-06,+4.748743638402E+00,+1.469849199046E+00,+263.819038863E-03,-1.204528808588E+00
+1.602500E-06,+4.547738611709E+00,+2.072864279151E+00,+364.321552212E-03,-1.706542968755E+00
+1.605000E-06,+4.748743638391E+00,+3.278894439323E+00,+866.834118957E-03,-2.409362792958E+00
+1.607500E-06,+4.949748665094E+00,+5.791457273028E+00,+2.374371819171E+00,-3.413391113270E+00
+1.610000E-06,+4.748743638402E+00,+8.907035186860E+00,+3.479899466032E+00,-5.421447753885E+00
+1.612500E-06,+5.150753691792E+00,+10.515075400450E+00,+4.283919572830E+00,-6.224670410135E+00
+1.615000E-06,+4.547738611709E+00,+12.123115614035E+00,+5.288944706305E+00,-6.827087402338E+00
+1.617500E-06,+4.246231071646E+00,+14.334170907714E+00,+7.097989946582E+00,-7.228698730469E+00
+1.620000E-06,+5.753768771860E+00,+15.741206094617E+00,+8.907035186865E+00,-6.827087402360E+00
+1.622500E-06,+5.954773798607E+00,+15.841708607966E+00,+9.912060320367E+00,-5.923461914068E+00
+1.625000E-06,+3.140703424838E+00,+16.746231228097E+00,+11.118090480555E+00,-5.622253417963E+00
+1.627500E-06,+3.241205938144E+00,+18.454773955031E+00,+12.826633207484E+00,-5.622253417969E+00
+1.630000E-06,+4.748743638385E+00,+19.359296575183E+00,+14.334170907714E+00,-5.019836425798E+00
+1.632500E-06,+3.542713478230E+00,+19.258794061834E+00,+15.339196041215E+00,-3.915405273443E+00
+1.635000E-06,+2.738693371410E+00,+19.962311655272E+00,+16.545226201399E+00,-3.413391113287E+00
+1.637500E-06,+4.045226044947E+00,+21.268844328815E+00,+17.550251334895E+00,-3.714599609380E+00
+1.640000E-06,+3.542713478219E+00,+21.369346842181E+00,+18.354271441693E+00,-3.011779785173E+00
+1.642500E-06,+3.442210964853E+00,+21.369346842170E+00,+19.359296575178E+00,-2.007751464855E+00
+1.645000E-06,+3.341708451515E+00,+21.972361922259E+00,+20.565326735366E+00,-1.405334472662E+00
+1.647500E-06,+3.743718504895E+00,+22.977387055755E+00,+21.168341815472E+00,-1.806945800781E+00
+1.650000E-06,+4.748743638385E+00,+22.776382029057E+00,+21.369346842170E+00,-1.405334472656E+00
+1.652500E-06,+5.351758718491E+00,+22.474874488993E+00,+22.273869462306E+00,-200.500488270E-03
+1.655000E-06,+4.949748665105E+00,+23.379397109140E+00,+22.977387055749E+00,-401.306152338E-03
+1.657500E-06,+5.050251178438E+00,+23.680904649204E+00,+23.278894595796E+00,-401.306152355E-03
+1.660000E-06,+4.949748665094E+00,+23.178392082458E+00,+23.580402135844E+00,+401.916503895E-03
+1.662500E-06,+4.346733585011E+00,+23.479899622495E+00,+23.680904649193E+00,+201.110839844E-03
+1.665000E-06,+3.944723531609E+00,+23.580402135849E+00,+23.982412189245E+00,+401.916503906E-03
+1.667500E-06,+3.944723531604E+00,+23.781407162547E+00,+24.283919729287E+00,+502.319335932E-03
+1.670000E-06,+3.944723531604E+00,+23.781407162547E+00,+23.982412189245E+00,+201.110839844E-03
+1.672500E-06,+3.944723531604E+00,+23.781407162536E+00,+24.082914702600E+00,+301.513671891E-03
+1.675000E-06,+3.743718504900E+00,+23.982412189240E+00,+24.183417215943E+00,+201.110839849E-03
+1.677500E-06,+4.045226044947E+00,+23.982412189245E+00,+24.283919729287E+00,+301.513671870E-03
+1.680000E-06,+4.346733584995E+00,+23.781407162553E+00,+24.384422242641E+00,+602.722167963E-03
+1.682500E-06,+4.045226044958E+00,+23.881909675902E+00,+24.384422242641E+00,+502.319335932E-03
+1.685000E-06,+3.743718504911E+00,+24.384422242631E+00,+24.384422242641E+00,+305.175792E-06
+1.687500E-06,+4.045226044958E+00,+24.082914702600E+00,+24.283919729287E+00,+201.110839833E-03
+1.690000E-06,+3.944723531609E+00,+23.781407162553E+00,+24.384422242636E+00,+602.722167958E-03
+1.692500E-06,+4.045226044958E+00,+23.982412189234E+00,+24.384422242641E+00,+401.916503917E-03
+1.695000E-06,+4.547738611687E+00,+24.183417215938E+00,+24.384422242641E+00,+201.110839849E-03
+1.697500E-06,+4.748743638396E+00,+24.082914702600E+00,+24.585427269340E+00,+502.319335932E-03
+1.700000E-06,+4.949748665094E+00,+23.781407162547E+00,+24.585427269340E+00,+803.527832031E-03
+1.702500E-06,+4.949748665094E+00,+24.082914702589E+00,+24.384422242641E+00,+301.513671881E-03
+1.705000E-06,+4.748743638396E+00,+24.183417215938E+00,+24.585427269334E+00,+401.916503906E-03
+1.707500E-06,+5.050251178438E+00,+23.781407162547E+00,+24.585427269340E+00,+803.527832031E-03
+1.710000E-06,+5.552763745183E+00,+23.982412189245E+00,+24.384422242647E+00,+401.916503912E-03
+1.712500E-06,+5.753768771887E+00,+24.082914702589E+00,+24.585427269340E+00,+502.319335943E-03
+1.715000E-06,+5.753768771881E+00,+23.982412189251E+00,+24.384422242647E+00,+401.916503906E-03
+1.717500E-06,+5.653266258532E+00,+24.082914702600E+00,+24.585427269340E+00,+502.319335932E-03
+1.720000E-06,+5.552763745194E+00,+23.982412189251E+00,+24.786432296032E+00,+803.527832020E-03
+1.722500E-06,+5.452261231845E+00,+24.082914702600E+00,+24.685929782683E+00,+602.722167958E-03
+1.725000E-06,+4.949748665100E+00,+24.183417215938E+00,+24.786432296038E+00,+602.722167974E-03
+1.727500E-06,+4.949748665094E+00,+24.082914702600E+00,+24.886934809381E+00,+803.527832020E-03
+1.730000E-06,+4.748743638396E+00,+23.982412189245E+00,+24.987437322736E+00,+1.004333496094E+00
+1.732500E-06,+4.748743638396E+00,+23.982412189245E+00,+24.987437322736E+00,+1.004333496094E+00
+1.735000E-06,+4.547738611698E+00,+24.183417215938E+00,+25.188442349434E+00,+1.004333496099E+00
+1.737500E-06,+4.648241125053E+00,+24.183417215943E+00,+25.188442349434E+00,+1.004333496094E+00
+1.740000E-06,+4.547738611692E+00,+23.982412189245E+00,+25.188442349434E+00,+1.205139160156E+00
+1.742500E-06,+4.447236098355E+00,+24.183417215943E+00,+25.188442349434E+00,+1.004333496094E+00
+1.745000E-06,+4.547738611698E+00,+23.982412189245E+00,+25.188442349434E+00,+1.205139160156E+00
+1.747500E-06,+4.246231071645E+00,+23.781407162547E+00,+24.987437322736E+00,+1.205139160156E+00
+1.750000E-06,+4.346733585000E+00,+23.781407162553E+00,+24.786432296038E+00,+1.004333496088E+00
+1.752500E-06,+4.547738611698E+00,+23.781407162547E+00,+24.585427269340E+00,+803.527832031E-03
+1.755000E-06,+4.748743638391E+00,+23.781407162553E+00,+24.384422242647E+00,+602.722167969E-03
+1.757500E-06,+4.648241125042E+00,+23.881909675902E+00,+24.183417215943E+00,+301.513671869E-03
+1.760000E-06,+4.547738611704E+00,+23.580402135855E+00,+24.183417215943E+00,+602.722167963E-03
+1.762500E-06,+4.648241125053E+00,+23.580402135849E+00,+23.680904649204E+00,+100.708007818E-03
+1.765000E-06,+4.748743638396E+00,+23.781407162541E+00,+23.580402135855E+00,-200.500488270E-03
+1.767500E-06,+4.849246151751E+00,+23.680904649204E+00,+23.278894595808E+00,-401.306152344E-03
+1.770000E-06,+4.748743638396E+00,+23.580402135849E+00,+22.977387055760E+00,-602.111816401E-03
+1.772500E-06,+5.050251178438E+00,+23.479899622494E+00,+22.876884542411E+00,-602.111816395E-03
+1.775000E-06,+5.150753691792E+00,+23.781407162541E+00,+22.977387055749E+00,-802.917480469E-03
+1.777500E-06,+5.251256205147E+00,+23.379397109151E+00,+22.575377002358E+00,-802.917480469E-03
+1.780000E-06,+5.351758718491E+00,+23.178392082458E+00,+22.575377002358E+00,-602.111816412E-03
+1.782500E-06,+5.050251178449E+00,+23.479899622494E+00,+22.374371975660E+00,-1.104125976557E+00
+1.785000E-06,+5.150753691792E+00,+23.580402135843E+00,+22.374371975660E+00,-1.204528808588E+00
+1.787500E-06,+5.050251178438E+00,+23.278894595796E+00,+22.374371975660E+00,-903.320312494E-03
+1.790000E-06,+4.748743638402E+00,+23.580402135855E+00,+22.575377002353E+00,-1.003723144543E+00
+1.792500E-06,+5.251256205147E+00,+23.479899622494E+00,+22.374371975660E+00,-1.104125976557E+00
+1.795000E-06,+5.150753691792E+00,+23.379397109151E+00,+22.575377002358E+00,-802.917480469E-03
+1.797500E-06,+5.150753691792E+00,+23.479899622494E+00,+22.575377002358E+00,-903.320312494E-03
+1.800000E-06,+5.150753691792E+00,+23.379397109151E+00,+22.776382029051E+00,-602.111816412E-03
+1.802500E-06,+5.050251178449E+00,+23.379397109162E+00,+22.776382029057E+00,-602.111816418E-03
+1.805000E-06,+4.748743638396E+00,+23.379397109145E+00,+22.776382029057E+00,-602.111816400E-03
+1.807500E-06,+4.748743638396E+00,+23.580402135849E+00,+22.977387055755E+00,-602.111816406E-03
+1.810000E-06,+4.748743638396E+00,+23.379397109151E+00,+23.178392082447E+00,-200.500488287E-03
+1.812500E-06,+4.748743638396E+00,+23.479899622494E+00,+23.077889569110E+00,-401.306152332E-03
+1.815000E-06,+4.949748665089E+00,+23.580402135843E+00,+23.178392082453E+00,-401.306152338E-03
+1.817500E-06,+4.748743638396E+00,+23.580402135849E+00,+23.178392082453E+00,-401.306152344E-03
+1.820000E-06,+4.748743638396E+00,+23.178392082459E+00,+23.379397109151E+00,+201.110839838E-03
+1.822500E-06,+4.748743638385E+00,+23.479899622494E+00,+23.278894595796E+00,-200.500488281E-03
+1.825000E-06,+4.949748665100E+00,+23.580402135843E+00,+23.178392082459E+00,-401.306152332E-03
+1.827500E-06,+4.748743638396E+00,+23.278894595796E+00,+23.479899622506E+00,+201.110839855E-03
+1.830000E-06,+4.949748665094E+00,+23.379397109157E+00,+23.379397109151E+00,+305.175775E-06
+1.832500E-06,+5.050251178449E+00,+23.479899622494E+00,+23.278894595808E+00,-200.500488270E-03
+1.835000E-06,+4.748743638402E+00,+23.379397109157E+00,+23.379397109151E+00,+305.175775E-06
+1.837500E-06,+4.949748665094E+00,+23.479899622494E+00,+23.278894595808E+00,-200.500488270E-03
+1.840000E-06,+5.150753691787E+00,+23.580402135849E+00,+23.178392082459E+00,-401.306152338E-03
+1.842500E-06,+5.050251178449E+00,+23.278894595808E+00,+23.479899622494E+00,+201.110839832E-03
+1.845000E-06,+5.150753691787E+00,+23.379397109151E+00,+23.379397109151E+00,+305.175781E-06
+1.847500E-06,+4.949748665094E+00,+23.479899622506E+00,+23.479899622494E+00,+305.175770E-06
+1.850000E-06,+4.949748665106E+00,+23.379397109157E+00,+23.379397109157E+00,+305.175781E-06
+1.852500E-06,+4.949748665094E+00,+23.479899622494E+00,+23.479899622506E+00,+305.175793E-06
+1.855000E-06,+4.949748665094E+00,+23.580402135849E+00,+23.580402135849E+00,+305.175781E-06
+1.857500E-06,+5.050251178449E+00,+23.580402135849E+00,+23.580402135849E+00,+305.175781E-06
+1.860000E-06,+4.949748665094E+00,+23.379397109151E+00,+23.781407162547E+00,+401.916503906E-03
+1.862500E-06,+5.050251178438E+00,+23.580402135849E+00,+23.680904649204E+00,+100.708007818E-03
+1.865000E-06,+4.748743638396E+00,+23.580402135843E+00,+23.781407162553E+00,+201.110839855E-03
+1.867500E-06,+4.849246151739E+00,+23.278894595808E+00,+23.982412189245E+00,+703.124999994E-03
+1.870000E-06,+4.949748665094E+00,+23.379397109151E+00,+23.982412189245E+00,+602.722167969E-03
+1.872500E-06,+4.949748665094E+00,+23.479899622494E+00,+24.082914702600E+00,+602.722167980E-03
+1.875000E-06,+4.949748665089E+00,+23.379397109157E+00,+23.982412189245E+00,+602.722167963E-03
+1.877500E-06,+4.949748665094E+00,+23.479899622506E+00,+24.183417215943E+00,+703.124999994E-03
+1.880000E-06,+4.949748665100E+00,+23.379397109157E+00,+24.183417215943E+00,+803.527832025E-03
+1.882500E-06,+4.849246151739E+00,+23.479899622506E+00,+24.082914702588E+00,+602.722167957E-03
+1.885000E-06,+4.949748665094E+00,+23.580402135843E+00,+24.183417215938E+00,+602.722167969E-03
+1.887500E-06,+4.849246151751E+00,+23.479899622506E+00,+23.982412189245E+00,+502.319335932E-03
+1.890000E-06,+4.748743638396E+00,+23.379397109151E+00,+24.183417215938E+00,+803.527832025E-03
+1.892500E-06,+4.648241125041E+00,+23.278894595796E+00,+23.982412189245E+00,+703.125000006E-03
+1.895000E-06,+4.748743638402E+00,+23.580402135843E+00,+23.982412189245E+00,+401.916503912E-03
+1.897500E-06,+4.748743638396E+00,+23.580402135849E+00,+23.680904649192E+00,+100.708007807E-03
+1.900000E-06,+4.547738611704E+00,+23.178392082453E+00,+23.781407162547E+00,+602.722167969E-03
+1.902500E-06,+4.547738611698E+00,+23.278894595796E+00,+23.781407162547E+00,+502.319335943E-03
+1.905000E-06,+4.748743638390E+00,+23.379397109151E+00,+23.580402135861E+00,+201.110839856E-03
+1.907500E-06,+4.648241125041E+00,+23.178392082453E+00,+23.680904649204E+00,+502.319335943E-03
+1.910000E-06,+4.949748665088E+00,+23.379397109151E+00,+23.580402135849E+00,+201.110839844E-03
+1.912500E-06,+4.949748665094E+00,+23.379397109151E+00,+23.580402135849E+00,+201.110839844E-03
+1.915000E-06,+4.949748665094E+00,+23.178392082459E+00,+23.580402135849E+00,+401.916503900E-03
+1.917500E-06,+5.050251178437E+00,+23.178392082453E+00,+23.278894595796E+00,+100.708007807E-03
+1.920000E-06,+5.150753691792E+00,+23.178392082465E+00,+23.178392082459E+00,+305.175775E-06
+1.922500E-06,+5.050251178449E+00,+23.077889569110E+00,+23.178392082453E+00,+100.708007806E-03
+1.925000E-06,+5.150753691786E+00,+23.178392082453E+00,+22.977387055761E+00,-200.500488275E-03
+1.927500E-06,+5.150753691792E+00,+23.178392082453E+00,+22.876884542400E+00,-300.903320319E-03
+1.930000E-06,+4.949748665100E+00,+23.178392082453E+00,+22.977387055755E+00,-200.500488281E-03
+1.932500E-06,+4.949748665094E+00,+23.077889569098E+00,+22.876884542412E+00,-200.500488269E-03
+1.935000E-06,+4.949748665088E+00,+23.178392082453E+00,+22.776382029057E+00,-401.306152344E-03
+1.937500E-06,+4.849246151751E+00,+23.178392082453E+00,+22.675879515714E+00,-501.708984369E-03
+1.940000E-06,+4.949748665094E+00,+22.977387055761E+00,+22.776382029057E+00,-200.500488287E-03
+1.942500E-06,+4.849246151751E+00,+23.077889569098E+00,+22.776382029057E+00,-300.903320306E-03
+1.945000E-06,+5.150753691780E+00,+22.977387055755E+00,+22.575377002365E+00,-401.306152338E-03
+1.947500E-06,+4.949748665094E+00,+23.077889569098E+00,+22.675879515702E+00,-401.306152344E-03
+1.950000E-06,+4.949748665094E+00,+22.977387055761E+00,+22.575377002358E+00,-401.306152350E-03
+1.952500E-06,+4.949748665094E+00,+22.977387055755E+00,+22.675879515714E+00,-300.903320306E-03
+1.955000E-06,+4.949748665094E+00,+22.776382029069E+00,+22.575377002365E+00,-200.500488287E-03
+1.957500E-06,+5.050251178449E+00,+22.977387055755E+00,+22.575377002358E+00,-401.306152344E-03
+1.960000E-06,+4.949748665100E+00,+22.977387055755E+00,+22.575377002352E+00,-401.306152350E-03
+1.962500E-06,+4.849246151751E+00,+22.977387055767E+00,+22.474874489015E+00,-501.708984381E-03
+1.965000E-06,+4.748743638402E+00,+22.977387055755E+00,+22.374371975666E+00,-602.111816400E-03
+1.967500E-06,+5.150753691792E+00,+22.977387055755E+00,+22.374371975660E+00,-602.111816406E-03
+1.970000E-06,+4.949748665088E+00,+23.178392082447E+00,+22.575377002358E+00,-602.111816400E-03
+1.972500E-06,+4.949748665094E+00,+22.876884542400E+00,+22.474874489015E+00,-401.306152332E-03
+1.975000E-06,+4.748743638396E+00,+22.977387055749E+00,+22.374371975660E+00,-602.111816400E-03
+1.977500E-06,+4.849246151751E+00,+22.575377002371E+00,+22.374371975660E+00,-200.500488293E-03
+1.980000E-06,+4.949748665094E+00,+21.771356895578E+00,+22.173366948962E+00,+401.916503894E-03
+1.982500E-06,+4.949748665094E+00,+20.866834275443E+00,+21.670854382223E+00,+803.527832019E-03
+1.985000E-06,+4.949748665100E+00,+19.359296575207E+00,+21.168341815478E+00,+1.807556152332E+00
+1.987500E-06,+4.949748665094E+00,+16.846733741492E+00,+20.163316681993E+00,+3.313598632794E+00
+1.990000E-06,+4.949748665100E+00,+14.334170907772E+00,+18.957286521811E+00,+4.618835449201E+00
+1.992500E-06,+4.849246151739E+00,+10.917085453904E+00,+17.550251334930E+00,+6.626892089832E+00
+1.995000E-06,+4.748743638396E+00,+7.701005026747E+00,+16.143216148031E+00,+8.434143066370E+00
+1.997500E-06,+4.748743638384E+00,+5.590452246386E+00,+14.334170907748E+00,+8.735351562494E+00
+2.000000E-06,+4.748743638396E+00,+4.484924599541E+00,+13.128140747566E+00,+8.634948730475E+00
+2.002500E-06,+4.748743638396E+00,+5.188442192966E+00,+12.223618127424E+00,+7.028503417993E+00
+2.005000E-06,+4.949748665088E+00,+5.690954759711E+00,+10.716080427188E+00,+5.020446777368E+00
+2.007500E-06,+5.251256205148E+00,+4.786432139594E+00,+8.806532673556E+00,+4.016418457031E+00
+2.010000E-06,+4.748743638402E+00,+4.082914546144E+00,+7.500000000012E+00,+3.414001464844E+00
+2.012500E-06,+5.854271285218E+00,+3.278894439340E+00,+6.695979893220E+00,+3.414001464856E+00
+2.015000E-06,+6.557788878679E+00,+2.876884385950E+00,+5.891959786427E+00,+3.012390136725E+00
+2.017500E-06,+5.552763745214E+00,+1.972361765808E+00,+5.087939679635E+00,+3.112792968756E+00
+2.020000E-06,+4.145728558314E+00,+1.268844172365E+00,+3.881909519446E+00,+2.610778808600E+00
+2.022500E-06,+4.748743638396E+00,+1.469849199044E+00,+3.077889412654E+00,+1.606750488306E+00
+2.025000E-06,+4.949748665088E+00,+1.268844172365E+00,+2.675879359258E+00,+1.405944824225E+00
+2.027500E-06,+4.849246151752E+00,+665.829092277E-03,+2.273869305862E+00,+1.606750488281E+00
+2.030000E-06,+4.145728558308E+00,+263.819038880E-03,+1.469849199057E+00,+1.205139160144E+00
+2.032500E-06,+2.638190858085E+00,+263.819038868E-03,+565.326578921E-03,+301.513671881E-03
+2.035000E-06,+1.934673264616E+00,+62.814012176E-03,+263.819038868E-03,+201.110839838E-03
+2.037500E-06,+2.336683318006E+00,+364.321552223E-03,+263.819038868E-03,-100.097656256E-03
+2.040000E-06,+2.336683318025E+00,+62.814012170E-03,+263.819038868E-03,+201.110839844E-03
+2.042500E-06,+3.140703424799E+00,+62.814012170E-03,-339.196041226E-03,-401.306152344E-03
+2.045000E-06,+4.748743638371E+00,+62.814012164E-03,-339.196041226E-03,-401.306152338E-03
+2.047500E-06,+5.954773798573E+00,+62.814012170E-03,-238.693527884E-03,-300.903320319E-03
+2.050000E-06,+6.356783851975E+00,-339.196041220E-03,-138.191014534E-03,+201.110839831E-03
+2.052500E-06,+5.753768771899E+00,-339.196041226E-03,-138.191014528E-03,+201.110839844E-03
+2.055000E-06,+4.949748665101E+00,-138.191014528E-03,-339.196041226E-03,-200.500488281E-03
+2.057500E-06,+5.050251178437E+00,-138.191014528E-03,-439.698554582E-03,-300.903320319E-03
+2.060000E-06,+4.949748665094E+00,-339.196041226E-03,-138.191014534E-03,+201.110839838E-03
+2.062500E-06,+4.949748665094E+00,-339.196041226E-03,-238.693527871E-03,+100.708007819E-03
+2.065000E-06,+4.949748665094E+00,-540.201067918E-03,-540.201067912E-03,+305.175787E-06
+2.067500E-06,+5.150753691792E+00,-540.201067925E-03,-540.201067925E-03,+305.175781E-06
+2.070000E-06,+5.753768771874E+00,-339.196041220E-03,-741.206094623E-03,-401.306152350E-03
+2.072500E-06,+5.753768771887E+00,-540.201067925E-03,-640.703581267E-03,-100.097656244E-03
+2.075000E-06,+5.351758718497E+00,-339.196041233E-03,-741.206094623E-03,-401.306152338E-03
+2.077500E-06,+4.648241125053E+00,-339.196041226E-03,-942.211121321E-03,-602.111816406E-03
+2.080000E-06,+4.547738611698E+00,-339.196041220E-03,-942.211121321E-03,-602.111816412E-03
+2.082500E-06,+4.145728558302E+00,-540.201067912E-03,-841.708607978E-03,-300.903320331E-03
+2.085000E-06,+3.944723531604E+00,-339.196041239E-03,-942.211121315E-03,-602.111816388E-03
+2.087500E-06,+3.944723531604E+00,-339.196041226E-03,-1.042713634676E+00,-702.514648444E-03
+2.090000E-06,+3.743718504912E+00,-339.196041233E-03,-942.211121327E-03,-602.111816406E-03
+2.092500E-06,+3.743718504906E+00,-439.698554582E-03,-1.143216148019E+00,-702.514648431E-03
+2.095000E-06,+3.743718504912E+00,-339.196041226E-03,-1.143216148019E+00,-802.917480469E-03
+2.097500E-06,+3.341708451509E+00,-540.201067925E-03,-1.344221174717E+00,-802.917480469E-03
+2.100000E-06,+3.542713478208E+00,-741.206094623E-03,-1.143216148019E+00,-401.306152344E-03
+2.102500E-06,+4.447236098343E+00,-640.703581267E-03,-1.545226201415E+00,-903.320312506E-03
+2.105000E-06,+5.150753691786E+00,-540.201067931E-03,-1.746231228107E+00,-1.204528808581E+00
+2.107500E-06,+5.251256205135E+00,-741.206094623E-03,-1.645728714758E+00,-903.320312494E-03
+2.110000E-06,+5.552763745189E+00,-540.201067925E-03,-1.947236254805E+00,-1.405334472650E+00
+2.112500E-06,+5.351758718478E+00,-741.206094623E-03,-2.148241281497E+00,-1.405334472644E+00
+2.115000E-06,+5.150753691799E+00,-741.206094616E-03,-2.148241281503E+00,-1.405334472656E+00
+2.117500E-06,+5.150753691792E+00,-741.206094623E-03,-2.449748821550E+00,-1.706542968744E+00
+2.120000E-06,+5.150753691792E+00,-741.206094616E-03,-2.349246308208E+00,-1.606140136725E+00
+2.122500E-06,+5.251256205135E+00,-741.206094623E-03,-2.349246308195E+00,-1.606140136706E+00
+2.125000E-06,+5.753768771880E+00,-741.206094623E-03,-2.148241281509E+00,-1.405334472656E+00
+2.127500E-06,+5.753768771887E+00,-741.206094623E-03,-1.947236254811E+00,-1.204528808594E+00
+2.130000E-06,+5.753768771893E+00,-540.201067925E-03,-1.746231228120E+00,-1.204528808600E+00
+2.132500E-06,+5.653266258544E+00,-439.698554582E-03,-1.545226201415E+00,-1.104125976556E+00
+2.135000E-06,+5.351758718497E+00,-540.201067918E-03,-1.344221174717E+00,-802.917480475E-03
+2.137500E-06,+5.050251178450E+00,-540.201067925E-03,-1.143216148032E+00,-602.111816419E-03
+2.140000E-06,+4.949748665101E+00,-540.201067931E-03,-741.206094623E-03,-200.500488275E-03
+2.142500E-06,+5.150753691792E+00,-339.196041226E-03,-540.201067925E-03,-200.500488281E-03
+2.145000E-06,+5.150753691792E+00,-339.196041226E-03,-339.196041220E-03,+305.175788E-06
+2.147500E-06,+5.251256205135E+00,-339.196041226E-03,-37.688501186E-03,+301.513671869E-03
+2.150000E-06,+5.150753691799E+00,-339.196041220E-03,+62.814012170E-03,+401.916503900E-03
+2.152500E-06,+5.050251178450E+00,-339.196041226E-03,+263.819038868E-03,+602.722167969E-03
+2.155000E-06,+4.748743638403E+00,-339.196041214E-03,+464.824065560E-03,+803.527832012E-03
+2.157500E-06,+4.748743638396E+00,-238.693527871E-03,+665.829092264E-03,+903.930664056E-03
+2.160000E-06,+4.346733585000E+00,-138.191014528E-03,+665.829092264E-03,+803.527832031E-03
+2.162500E-06,+4.447236098355E+00,-339.196041226E-03,+766.331605620E-03,+1.104736328131E+00
+2.165000E-06,+4.346733585006E+00,-138.191014535E-03,+866.834118956E-03,+1.004333496094E+00
+2.167500E-06,+4.748743638396E+00,-339.196041226E-03,+766.331605607E-03,+1.104736328119E+00
+2.170000E-06,+4.748743638396E+00,-138.191014528E-03,+665.829092264E-03,+803.527832031E-03
+2.172500E-06,+4.849246151739E+00,-339.196041239E-03,+665.829092264E-03,+1.004333496107E+00
+2.175000E-06,+4.748743638403E+00,-339.196041226E-03,+665.829092264E-03,+1.004333496094E+00
+2.177500E-06,+4.949748665094E+00,-238.693527884E-03,+364.321552223E-03,+602.722167982E-03
+2.180000E-06,+4.949748665088E+00,-540.201067918E-03,+464.824065566E-03,+1.004333496087E+00
+2.182500E-06,+4.748743638396E+00,-339.196041226E-03,+364.321552211E-03,+703.124999994E-03
+2.185000E-06,+4.949748665094E+00,-339.196041226E-03,+263.819038868E-03,+602.722167969E-03
+2.187500E-06,+5.251256205135E+00,-540.201067925E-03,+263.819038868E-03,+803.527832031E-03
+2.190000E-06,+5.552763745182E+00,-540.201067918E-03,+263.819038868E-03,+803.527832025E-03
+2.192500E-06,+5.351758718491E+00,-439.698554569E-03,+163.316525525E-03,+602.722167969E-03
+2.195000E-06,+5.150753691799E+00,-540.201067925E-03,-138.191014522E-03,+401.916503913E-03
+2.197500E-06,+5.150753691805E+00,-540.201067925E-03,-138.191014528E-03,+401.916503906E-03
+2.200000E-06,+4.949748665094E+00,-540.201067918E-03,-138.191014528E-03,+401.916503900E-03
+2.202500E-06,+4.949748665094E+00,-540.201067925E-03,-37.688501186E-03,+502.319335931E-03
+2.205000E-06,+5.150753691786E+00,-339.196041233E-03,-138.191014528E-03,+201.110839850E-03
+2.207500E-06,+5.150753691792E+00,-339.196041226E-03,-138.191014541E-03,+201.110839831E-03
+2.210000E-06,+5.351758718491E+00,-339.196041233E-03,-138.191014535E-03,+201.110839844E-03
+2.212500E-06,+4.949748665094E+00,-439.698554582E-03,-138.191014528E-03,+301.513671882E-03
+2.215000E-06,+4.748743638390E+00,-339.196041226E-03,-138.191014528E-03,+201.110839844E-03
+2.217500E-06,+4.547738611698E+00,-339.196041226E-03,-238.693527884E-03,+100.708007806E-03
+2.220000E-06,+4.949748665081E+00,-540.201067925E-03,-138.191014535E-03,+401.916503900E-03
+2.222500E-06,+4.748743638396E+00,-439.698554582E-03,-138.191014528E-03,+301.513671882E-03
+2.225000E-06,+4.949748665088E+00,-540.201067925E-03,-540.201067911E-03,+305.175794E-06
+2.227500E-06,+4.748743638383E+00,-640.703581267E-03,-339.196041226E-03,+301.513671868E-03
+2.230000E-06,+4.748743638396E+00,-540.201067918E-03,-339.196041226E-03,+201.110839837E-03
+2.232500E-06,+5.150753691792E+00,-439.698554569E-03,-540.201067925E-03,-100.097656257E-03
+2.235000E-06,+4.949748665094E+00,-741.206094616E-03,-741.206094616E-03,+305.175781E-06
+2.237500E-06,+4.949748665094E+00,-540.201067925E-03,-640.703581267E-03,-100.097656243E-03
+2.240000E-06,+4.949748665094E+00,-540.201067925E-03,-741.206094623E-03,-200.500488281E-03
+2.242500E-06,+4.949748665094E+00,-640.703581267E-03,-942.211121321E-03,-300.903320319E-03
+2.245000E-06,+4.949748665094E+00,-540.201067931E-03,-1.143216148012E+00,-602.111816393E-03
+2.247500E-06,+5.050251178450E+00,-640.703581267E-03,-1.243718661374E+00,-602.111816419E-03
+2.250000E-06,+5.150753691792E+00,-741.206094623E-03,-1.344221174710E+00,-602.111816400E-03
+2.252500E-06,+5.251256205135E+00,-640.703581280E-03,-1.344221174717E+00,-702.514648431E-03
+2.255000E-06,+5.351758718491E+00,-741.206094623E-03,-1.545226201422E+00,-802.917480475E-03
+2.257500E-06,+4.849246151752E+00,-640.703581267E-03,-1.545226201415E+00,-903.320312507E-03
+2.260000E-06,+4.748743638396E+00,-741.206094629E-03,-1.344221174724E+00,-602.111816406E-03
+2.262500E-06,+4.849246151752E+00,-741.206094623E-03,-1.545226201415E+00,-802.917480469E-03
+2.265000E-06,+4.949748665094E+00,-540.201067931E-03,-1.545226201415E+00,-1.003723144525E+00
+2.267500E-06,+4.949748665094E+00,-841.708607978E-03,-1.444723688073E+00,-602.111816406E-03
+2.270000E-06,+4.949748665094E+00,-741.206094616E-03,-1.344221174717E+00,-602.111816413E-03
+2.272500E-06,+5.452261231846E+00,-640.703581280E-03,-1.344221174717E+00,-702.514648431E-03
+2.275000E-06,+5.351758718491E+00,-942.211121314E-03,-1.344221174710E+00,-401.306152344E-03
+2.277500E-06,+5.351758718491E+00,-540.201067925E-03,-1.243718661374E+00,-702.514648444E-03
+2.280000E-06,+5.351758718491E+00,-540.201067925E-03,-1.143216148019E+00,-602.111816406E-03
+2.282500E-06,+5.050251178450E+00,-640.703581267E-03,-1.143216148019E+00,-501.708984382E-03
+2.285000E-06,+5.150753691792E+00,-741.206094623E-03,-942.211121327E-03,-200.500488288E-03
+2.287500E-06,+5.050251178450E+00,-741.206094623E-03,-1.042713634676E+00,-300.903320319E-03
+2.290000E-06,+4.949748665101E+00,-741.206094616E-03,-1.143216148019E+00,-401.306152350E-03
+2.292500E-06,+5.150753691792E+00,-540.201067938E-03,-942.211121321E-03,-401.306152330E-03
+2.295000E-06,+4.748743638403E+00,-339.196041233E-03,-942.211121321E-03,-602.111816400E-03
+2.297500E-06,+4.949748665094E+00,-439.698554582E-03,-942.211121321E-03,-501.708984368E-03
+2.300000E-06,+4.547738611705E+00,-741.206094623E-03,-741.206094623E-03,+305.175781E-06
+2.302500E-06,+4.748743638396E+00,-439.698554582E-03,-540.201067925E-03,-100.097656243E-03
+2.305000E-06,+4.547738611705E+00,-540.201067931E-03,-741.206094616E-03,-200.500488268E-03
+2.307500E-06,+4.849246151739E+00,-741.206094623E-03,-439.698554582E-03,+301.513671868E-03
+2.310000E-06,+5.150753691779E+00,-540.201067918E-03,-540.201067925E-03,+305.175774E-06
+2.312500E-06,+5.150753691792E+00,-540.201067925E-03,-339.196041213E-03,+201.110839857E-03
+2.315000E-06,+5.351758718484E+00,-741.206094623E-03,-339.196041226E-03,+401.916503906E-03
+2.317500E-06,+5.251256205135E+00,-439.698554569E-03,-339.196041226E-03,+100.708007806E-03
+2.320000E-06,+5.351758718491E+00,-540.201067925E-03,-138.191014528E-03,+401.916503906E-03
+2.322500E-06,+5.150753691792E+00,-640.703581267E-03,-238.693527871E-03,+401.916503906E-03
+2.325000E-06,+5.150753691792E+00,-540.201067931E-03,-339.196041220E-03,+201.110839857E-03
+2.327500E-06,+5.251256205148E+00,-540.201067925E-03,-238.693527884E-03,+301.513671868E-03
+2.330000E-06,+5.150753691786E+00,-339.196041233E-03,-339.196041233E-03,+305.175781E-06
+2.332500E-06,+5.050251178450E+00,-640.703581280E-03,-138.191014528E-03,+502.319335944E-03
+2.335000E-06,+4.949748665101E+00,-339.196041226E-03,-138.191014528E-03,+201.110839844E-03
+2.337500E-06,+4.748743638396E+00,-540.201067925E-03,-238.693527884E-03,+301.513671868E-03
+2.340000E-06,+4.748743638396E+00,-741.206094616E-03,+62.814012170E-03,+803.527832024E-03
+2.342500E-06,+4.748743638396E+00,-439.698554582E-03,-138.191014528E-03,+301.513671882E-03
+2.345000E-06,+4.748743638390E+00,-339.196041233E-03,-138.191014522E-03,+201.110839857E-03
+2.347500E-06,+5.050251178437E+00,-640.703581267E-03,+62.814012170E-03,+703.124999993E-03
+2.350000E-06,+5.150753691792E+00,-540.201067918E-03,+62.814012170E-03,+602.722167962E-03
+2.352500E-06,+5.251256205148E+00,-439.698554582E-03,-37.688501172E-03,+401.916503920E-03
+2.355000E-06,+4.949748665094E+00,-741.206094609E-03,+62.814012170E-03,+803.527832018E-03
+2.357500E-06,+5.150753691806E+00,-439.698554569E-03,-138.191014528E-03,+301.513671868E-03
+2.360000E-06,+4.949748665094E+00,-540.201067918E-03,+62.814012170E-03,+602.722167962E-03
+2.362500E-06,+4.949748665094E+00,-439.698554569E-03,-37.688501186E-03,+401.916503893E-03
+2.365000E-06,+4.949748665094E+00,-540.201067931E-03,-138.191014522E-03,+401.916503920E-03
+2.367500E-06,+4.849246151752E+00,-439.698554569E-03,-37.688501172E-03,+401.916503906E-03
+2.370000E-06,+4.949748665094E+00,-540.201067925E-03,-138.191014528E-03,+401.916503906E-03
+2.372500E-06,+4.949748665081E+00,-640.703581280E-03,-339.196041226E-03,+301.513671882E-03
+2.375000E-06,+4.748743638403E+00,-540.201067925E-03,-138.191014535E-03,+401.916503899E-03
+2.377500E-06,+5.050251178450E+00,-540.201067925E-03,-439.698554582E-03,+100.708007806E-03
+2.380000E-06,+4.949748665094E+00,-741.206094623E-03,-339.196041233E-03,+401.916503899E-03
+2.382500E-06,+5.050251178436E+00,-439.698554582E-03,-540.201067925E-03,-100.097656243E-03
+2.385000E-06,+4.949748665094E+00,-540.201067925E-03,-540.201067925E-03,+305.175781E-06
+2.387500E-06,+5.150753691792E+00,-741.206094623E-03,-640.703581281E-03,+100.708007806E-03
+2.390000E-06,+4.949748665108E+00,-741.206094616E-03,-741.206094623E-03,+305.175774E-06
+2.392500E-06,+4.748743638396E+00,-540.201067925E-03,-841.708607965E-03,-300.903320306E-03
+2.395000E-06,+4.949748665087E+00,-942.211121307E-03,-741.206094630E-03,+201.110839823E-03
+2.397500E-06,+4.849246151752E+00,-640.703581267E-03,-942.211121321E-03,-300.903320319E-03
+2.400000E-06,+4.748743638396E+00,-741.206094623E-03,-741.206094630E-03,+305.175774E-06
+2.402500E-06,+4.849246151738E+00,-640.703581267E-03,-942.211121321E-03,-300.903320319E-03
+2.405000E-06,+4.949748665087E+00,-540.201067938E-03,-1.143216148012E+00,-602.111816385E-03
+2.407500E-06,+5.050251178450E+00,-741.206094623E-03,-942.211121321E-03,-200.500488281E-03
+2.410000E-06,+4.949748665101E+00,-540.201067931E-03,-942.211121335E-03,-401.306152351E-03
+2.412500E-06,+5.150753691792E+00,-640.703581281E-03,-1.042713634663E+00,-401.306152330E-03
+2.415000E-06,+5.150753691792E+00,-540.201067925E-03,-1.143216148019E+00,-602.111816406E-03
+2.417500E-06,+5.150753691792E+00,-540.201067925E-03,-1.344221174717E+00,-802.917480469E-03
+2.420000E-06,+5.150753691786E+00,-741.206094623E-03,-1.143216148019E+00,-401.306152344E-03
+2.422500E-06,+5.150753691792E+00,-640.703581267E-03,-1.143216148019E+00,-501.708984382E-03
+2.425000E-06,+4.949748665101E+00,-540.201067925E-03,-1.143216148012E+00,-602.111816399E-03
+2.427500E-06,+4.949748665094E+00,-741.206094623E-03,-1.143216148019E+00,-401.306152344E-03
+2.430000E-06,+4.748743638403E+00,-741.206094616E-03,-1.143216148019E+00,-401.306152351E-03
+2.432500E-06,+5.050251178450E+00,-640.703581281E-03,-1.243718661361E+00,-602.111816392E-03
+2.435000E-06,+4.949748665094E+00,-942.211121314E-03,-1.143216148019E+00,-200.500488288E-03
+2.437500E-06,+5.050251178450E+00,-741.206094623E-03,-1.143216148019E+00,-401.306152344E-03
+2.440000E-06,+4.949748665094E+00,-741.206094616E-03,-942.211121328E-03,-200.500488295E-03
+2.442500E-06,+4.849246151752E+00,-741.206094623E-03,-1.143216148019E+00,-401.306152344E-03
+2.445000E-06,+5.150753691786E+00,-741.206094623E-03,-942.211121314E-03,-200.500488274E-03
+2.447500E-06,+5.050251178436E+00,-640.703581267E-03,-841.708607979E-03,-200.500488295E-03
+2.450000E-06,+5.150753691792E+00,-741.206094616E-03,-942.211121321E-03,-200.500488288E-03
+2.452500E-06,+4.949748665094E+00,-640.703581281E-03,-942.211121321E-03,-300.903320306E-03
+2.455000E-06,+4.949748665094E+00,-540.201067925E-03,-942.211121314E-03,-401.306152337E-03
+2.457500E-06,+5.150753691792E+00,-640.703581267E-03,-841.708607979E-03,-200.500488295E-03
+2.460000E-06,+5.351758718484E+00,-741.206094623E-03,-741.206094623E-03,+305.175781E-06
+2.462500E-06,+5.050251178450E+00,-741.206094623E-03,-741.206094623E-03,+305.175781E-06
+2.465000E-06,+4.949748665101E+00,-540.201067931E-03,-942.211121307E-03,-401.306152323E-03
+2.467500E-06,+5.050251178436E+00,-741.206094623E-03,-640.703581267E-03,+100.708007819E-03
+2.470000E-06,+4.949748665101E+00,-540.201067925E-03,-741.206094623E-03,-200.500488281E-03
+2.472500E-06,+5.050251178450E+00,-540.201067925E-03,-640.703581267E-03,-100.097656243E-03
+2.475000E-06,+4.949748665094E+00,-741.206094616E-03,-540.201067925E-03,+201.110839837E-03
+2.477500E-06,+5.150753691792E+00,-640.703581267E-03,-540.201067925E-03,+100.708007806E-03
+2.480000E-06,+5.150753691792E+00,-540.201067925E-03,-540.201067925E-03,+305.175781E-06
+2.482500E-06,+4.949748665094E+00,-540.201067925E-03,-439.698554582E-03,+100.708007806E-03
+2.485000E-06,+4.748743638403E+00,-540.201067925E-03,-540.201067918E-03,+305.175788E-06
+2.487500E-06,+4.949748665094E+00,-540.201067925E-03,-339.196041226E-03,+201.110839844E-03
+2.490000E-06,+4.748743638403E+00,-540.201067925E-03,-339.196041233E-03,+201.110839837E-03
+2.492500E-06,+4.949748665094E+00,-540.201067938E-03,-339.196041226E-03,+201.110839858E-03
+2.495000E-06,+5.150753691792E+00,-339.196041233E-03,-339.196041226E-03,+305.175788E-06
+2.497500E-06,+5.150753691792E+00,-540.201067925E-03,-439.698554582E-03,+100.708007806E-03
+2.500000E-06,+4.949748665094E+00,-741.206094623E-03,-138.191014535E-03,+602.722167962E-03
+2.502500E-06,+5.251256205134E+00,-540.201067925E-03,-238.693527884E-03,+301.513671868E-03
+2.505000E-06,+5.150753691785E+00,-540.201067925E-03,-339.196041219E-03,+201.110839851E-03
+2.507500E-06,+5.150753691792E+00,-640.703581281E-03,-339.196041226E-03,+301.513671882E-03
+2.510000E-06,+5.150753691792E+00,-540.201067917E-03,-138.191014535E-03,+401.916503892E-03
+2.512500E-06,+5.050251178451E+00,-540.201067925E-03,-439.698554568E-03,+100.708007820E-03
+2.515000E-06,+4.748743638403E+00,-540.201067917E-03,-540.201067917E-03,+305.175781E-06
+2.517500E-06,+4.849246151738E+00,-439.698554583E-03,-339.196041226E-03,+100.708007820E-03
+2.520000E-06,+4.949748665102E+00,-540.201067917E-03,-540.201067917E-03,+305.175781E-06
+2.522500E-06,+4.949748665094E+00,-439.698554568E-03,-540.201067925E-03,-100.097656257E-03
+2.525000E-06,+4.949748665087E+00,-540.201067939E-03,-339.196041226E-03,+201.110839858E-03
+2.527500E-06,+5.050251178436E+00,-439.698554568E-03,-339.196041212E-03,+100.708007820E-03
+2.530000E-06,+5.150753691792E+00,-339.196041234E-03,-540.201067925E-03,-200.500488274E-03
+2.532500E-06,+5.150753691792E+00,-540.201067925E-03,-439.698554568E-03,+100.708007820E-03
+2.535000E-06,+5.150753691792E+00,-540.201067925E-03,-540.201067925E-03,+305.175781E-06
+2.537500E-06,+5.150753691792E+00,-540.201067925E-03,-540.201067925E-03,+305.175781E-06
+2.540000E-06,+4.949748665094E+00,-741.206094615E-03,-540.201067925E-03,+201.110839837E-03
+2.542500E-06,+5.150753691792E+00,-640.703581281E-03,-439.698554583E-03,+201.110839844E-03
+2.545000E-06,+4.949748665102E+00,-540.201067925E-03,-741.206094615E-03,-200.500488274E-03
+2.547500E-06,+5.050251178436E+00,-741.206094623E-03,-640.703581281E-03,+100.708007805E-03
+2.550000E-06,+4.949748665102E+00,-741.206094623E-03,-540.201067932E-03,+201.110839837E-03
+2.552500E-06,+4.949748665094E+00,-640.703581281E-03,-640.703581266E-03,+305.175795E-06
+2.555000E-06,+5.150753691792E+00,-741.206094615E-03,-741.206094630E-03,+305.175767E-06
+2.557500E-06,+5.150753691792E+00,-640.703581266E-03,-640.703581266E-03,+305.175781E-06
+2.560000E-06,+4.949748665094E+00,-741.206094623E-03,-540.201067932E-03,+201.110839837E-03
+2.562500E-06,+4.949748665094E+00,-741.206094623E-03,-841.708607979E-03,-100.097656257E-03
+2.565000E-06,+5.150753691785E+00,-540.201067932E-03,-741.206094623E-03,-200.500488274E-03
+2.567500E-06,+5.050251178451E+00,-741.206094623E-03,-741.206094623E-03,+305.175781E-06
+2.570000E-06,+4.949748665094E+00,-540.201067925E-03,-942.211121321E-03,-401.306152344E-03
+2.572500E-06,+5.050251178436E+00,-741.206094637E-03,-741.206094623E-03,+305.175796E-06
+2.575000E-06,+5.150753691792E+00,-540.201067932E-03,-942.211121321E-03,-401.306152336E-03
+2.577500E-06,+5.150753691792E+00,-640.703581266E-03,-942.211121321E-03,-300.903320320E-03
+2.580000E-06,+4.949748665094E+00,-741.206094623E-03,-741.206094623E-03,+305.175781E-06
+2.582500E-06,+4.949748665094E+00,-640.703581266E-03,-841.708607979E-03,-200.500488296E-03
+2.585000E-06,+4.949748665102E+00,-540.201067925E-03,-942.211121321E-03,-401.306152344E-03
+2.587500E-06,+4.949748665094E+00,-741.206094623E-03,-841.708607964E-03,-100.097656243E-03
+2.590000E-06,+4.949748665102E+00,-741.206094615E-03,-942.211121321E-03,-200.500488289E-03
+2.592500E-06,+4.949748665094E+00,-741.206094623E-03,-942.211121321E-03,-200.500488281E-03
+2.595000E-06,+4.949748665094E+00,-741.206094615E-03,-942.211121321E-03,-200.500488289E-03
+2.597500E-06,+5.150753691792E+00,-640.703581266E-03,-942.211121321E-03,-300.903320320E-03
+2.600000E-06,+5.150753691785E+00,-741.206094615E-03,-942.211121321E-03,-200.500488289E-03
+2.602500E-06,+5.050251178451E+00,-640.703581266E-03,-841.708607979E-03,-200.500488296E-03
+2.605000E-06,+5.150753691785E+00,-540.201067939E-03,-942.211121313E-03,-401.306152322E-03
+2.607500E-06,+5.150753691792E+00,-640.703581266E-03,-942.211121321E-03,-300.903320320E-03
+2.610000E-06,+5.150753691792E+00,-540.201067925E-03,-942.211121321E-03,-401.306152344E-03
+2.612500E-06,+5.150753691792E+00,-640.703581281E-03,-841.708607964E-03,-200.500488267E-03
+2.615000E-06,+4.949748665109E+00,-540.201067925E-03,-741.206094630E-03,-200.500488289E-03
+2.617500E-06,+4.949748665094E+00,-540.201067925E-03,-942.211121321E-03,-401.306152344E-03
+2.620000E-06,+4.748743638404E+00,-741.206094623E-03,-741.206094623E-03,+305.175781E-06
+2.622500E-06,+5.050251178436E+00,-540.201067925E-03,-741.206094623E-03,-200.500488281E-03
+2.625000E-06,+4.949748665102E+00,-540.201067925E-03,-942.211121313E-03,-401.306152336E-03
+2.627500E-06,+5.050251178436E+00,-741.206094623E-03,-640.703581281E-03,+100.708007805E-03
+2.630000E-06,+4.949748665094E+00,-741.206094615E-03,-741.206094615E-03,+305.175781E-06
+2.632500E-06,+4.949748665094E+00,-540.201067925E-03,-741.206094623E-03,-200.500488281E-03
+2.635000E-06,+4.949748665102E+00,-741.206094615E-03,-540.201067932E-03,+201.110839829E-03
+2.637500E-06,+5.150753691792E+00,-439.698554568E-03,-741.206094608E-03,-300.903320305E-03
+2.640000E-06,+4.748743638411E+00,-540.201067925E-03,-540.201067925E-03,+305.175781E-06
+2.642500E-06,+4.849246151753E+00,-741.206094623E-03,-640.703581281E-03,+100.708007805E-03
+2.645000E-06,+4.949748665094E+00,-540.201067932E-03,-540.201067925E-03,+305.175789E-06
+2.647500E-06,+5.150753691792E+00,-439.698554568E-03,-540.201067925E-03,-100.097656257E-03
+2.650000E-06,+4.949748665094E+00,-540.201067925E-03,-741.206094623E-03,-200.500488281E-03
+2.652500E-06,+5.251256205149E+00,-640.703581281E-03,-540.201067925E-03,+100.708007820E-03
+2.655000E-06,+5.150753691792E+00,-540.201067925E-03,-540.201067925E-03,+305.175781E-06
+2.657500E-06,+5.150753691792E+00,-540.201067925E-03,-540.201067925E-03,+305.175781E-06
+2.660000E-06,+4.949748665102E+00,-540.201067939E-03,-540.201067925E-03,+305.175796E-06
+2.662500E-06,+4.949748665094E+00,-540.201067925E-03,-540.201067925E-03,+305.175781E-06
+2.665000E-06,+4.949748665102E+00,-540.201067925E-03,-540.201067925E-03,+305.175781E-06
+2.667500E-06,+5.050251178436E+00,-741.206094623E-03,-540.201067925E-03,+201.110839844E-03
+2.670000E-06,+5.150753691792E+00,-540.201067925E-03,-540.201067925E-03,+305.175781E-06
+2.672500E-06,+5.150753691792E+00,-540.201067925E-03,-439.698554568E-03,+100.708007820E-03
+2.675000E-06,+4.748743638404E+00,-741.206094615E-03,-540.201067925E-03,+201.110839836E-03
+2.677500E-06,+5.150753691792E+00,-640.703581266E-03,-540.201067925E-03,+100.708007805E-03
+2.680000E-06,+4.949748665102E+00,-540.201067925E-03,-540.201067917E-03,+305.175789E-06
+2.682500E-06,+5.050251178451E+00,-741.206094623E-03,-439.698554568E-03,+301.513671882E-03
+2.685000E-06,+5.150753691785E+00,-540.201067925E-03,-339.196041234E-03,+201.110839836E-03
+2.687500E-06,+5.150753691792E+00,-640.703581281E-03,-339.196041226E-03,+301.513671882E-03
+2.690000E-06,+4.949748665102E+00,-540.201067925E-03,-540.201067925E-03,+305.175781E-06
+2.692500E-06,+5.050251178436E+00,-640.703581281E-03,-439.698554568E-03,+201.110839859E-03
+2.695000E-06,+5.150753691785E+00,-540.201067932E-03,-339.196041234E-03,+201.110839844E-03
+2.697500E-06,+5.050251178451E+00,-640.703581266E-03,-540.201067925E-03,+100.708007805E-03
+2.700000E-06,+4.949748665094E+00,-741.206094623E-03,-540.201067925E-03,+201.110839844E-03
+2.702500E-06,+5.150753691792E+00,-540.201067925E-03,-540.201067925E-03,+305.175781E-06
+2.705000E-06,+5.150753691785E+00,-540.201067925E-03,-741.206094615E-03,-200.500488274E-03
+2.707500E-06,+4.849246151738E+00,-741.206094623E-03,-640.703581266E-03,+100.708007820E-03
+2.710000E-06,+4.949748665102E+00,-540.201067925E-03,-540.201067932E-03,+305.175774E-06
+2.712500E-06,+4.849246151738E+00,-540.201067925E-03,-741.206094608E-03,-200.500488266E-03
+2.715000E-06,+4.949748665094E+00,-942.211121306E-03,-540.201067932E-03,+401.916503884E-03
+2.717500E-06,+5.050251178451E+00,-640.703581281E-03,-741.206094623E-03,-100.097656243E-03
+2.720000E-06,+5.150753691792E+00,-741.206094615E-03,-540.201067925E-03,+201.110839836E-03
+2.722500E-06,+4.849246151753E+00,-640.703581266E-03,-640.703581281E-03,+305.175766E-06
+2.725000E-06,+4.949748665094E+00,-540.201067932E-03,-942.211121313E-03,-401.306152329E-03
+2.727500E-06,+4.949748665094E+00,-540.201067910E-03,-540.201067925E-03,+305.175766E-06
+2.730000E-06,+4.949748665102E+00,-540.201067932E-03,-741.206094615E-03,-200.500488266E-03
+2.732500E-06,+5.050251178436E+00,-640.703581281E-03,-741.206094623E-03,-100.097656243E-03
+2.735000E-06,+5.351758718476E+00,-540.201067925E-03,-942.211121313E-03,-401.306152336E-03
+2.737500E-06,+4.949748665094E+00,-640.703581266E-03,-741.206094623E-03,-100.097656257E-03
+2.740000E-06,+4.949748665094E+00,-741.206094630E-03,-741.206094623E-03,+305.175789E-06
+2.742500E-06,+5.050251178436E+00,-741.206094623E-03,-841.708607979E-03,-100.097656257E-03
+2.745000E-06,+5.150753691792E+00,-540.201067925E-03,-942.211121306E-03,-401.306152329E-03
+2.747500E-06,+4.949748665094E+00,-841.708607979E-03,-741.206094623E-03,+100.708007820E-03
+2.750000E-06,+5.150753691785E+00,-540.201067925E-03,-942.211121313E-03,-401.306152336E-03
+2.752500E-06,+5.050251178436E+00,-540.201067925E-03,-841.708607964E-03,-300.903320305E-03
+2.755000E-06,+4.949748665102E+00,-741.206094615E-03,-741.206094623E-03,+305.175774E-06
+2.757500E-06,+4.949748665094E+00,-640.703581281E-03,-942.211121321E-03,-300.903320305E-03
+2.760000E-06,+4.949748665109E+00,-741.206094623E-03,-741.206094630E-03,+305.175774E-06
+2.762500E-06,+4.748743638396E+00,-741.206094623E-03,-841.708607979E-03,-100.097656257E-03
+2.765000E-06,+4.949748665094E+00,-741.206094623E-03,-942.211121321E-03,-200.500488281E-03
+2.767500E-06,+4.949748665079E+00,-640.703581281E-03,-640.703581281E-03,+305.175781E-06
+2.770000E-06,+4.949748665094E+00,-540.201067925E-03,-942.211121313E-03,-401.306152336E-03
+2.772500E-06,+5.050251178436E+00,-640.703581281E-03,-841.708607964E-03,-200.500488266E-03
+2.775000E-06,+4.949748665094E+00,-741.206094623E-03,-741.206094630E-03,+305.175774E-06
+2.777500E-06,+4.849246151753E+00,-540.201067925E-03,-942.211121321E-03,-401.306152344E-03
+2.780000E-06,+4.949748665087E+00,-741.206094623E-03,-741.206094623E-03,+305.175781E-06
+2.782500E-06,+4.949748665094E+00,-540.201067925E-03,-841.708607979E-03,-300.903320320E-03
+2.785000E-06,+4.949748665094E+00,-540.201067925E-03,-942.211121313E-03,-401.306152336E-03
+2.787500E-06,+4.949748665094E+00,-741.206094623E-03,-841.708607979E-03,-100.097656258E-03
+2.790000E-06,+4.949748665102E+00,-741.206094615E-03,-741.206094623E-03,+305.175774E-06
+2.792500E-06,+4.949748665110E+00,-640.703581281E-03,-640.703581266E-03,+305.175797E-06
+2.795000E-06,+4.949748665094E+00,-741.206094615E-03,-741.206094623E-03,+305.175774E-06
+2.797500E-06,+4.949748665094E+00,-640.703581266E-03,-640.703581281E-03,+305.175766E-06
+2.800000E-06,+4.949748665102E+00,-741.206094607E-03,-540.201067932E-03,+201.110839821E-03
+2.802500E-06,+4.849246151738E+00,-741.206094623E-03,-741.206094623E-03,+305.175781E-06
+2.805000E-06,+5.150753691785E+00,-339.196041242E-03,-741.206094623E-03,-401.306152328E-03
+2.807500E-06,+4.849246151753E+00,-540.201067909E-03,-540.201067925E-03,+305.175766E-06
+2.810000E-06,+4.748743638396E+00,-339.196041234E-03,-540.201067932E-03,-200.500488281E-03
+2.812500E-06,+4.849246151738E+00,-640.703581281E-03,-540.201067925E-03,+100.708007820E-03
+2.815000E-06,+4.949748665102E+00,-540.201067925E-03,-540.201067932E-03,+305.175774E-06
+2.817500E-06,+4.849246151753E+00,-540.201067925E-03,-640.703581281E-03,-100.097656258E-03
+2.820000E-06,+5.150753691785E+00,-741.206094623E-03,-540.201067925E-03,+201.110839844E-03
+2.822500E-06,+4.849246151738E+00,-640.703581281E-03,-540.201067925E-03,+100.708007820E-03
+2.825000E-06,+4.949748665087E+00,-540.201067917E-03,-540.201067925E-03,+305.175774E-06
+2.827500E-06,+4.949748665094E+00,-741.206094623E-03,-540.201067925E-03,+201.110839844E-03
+2.830000E-06,+5.150753691792E+00,-741.206094615E-03,-540.201067925E-03,+201.110839836E-03
+2.832500E-06,+5.050251178451E+00,-540.201067925E-03,-640.703581266E-03,-100.097656242E-03
+2.835000E-06,+4.949748665094E+00,-741.206094607E-03,-540.201067925E-03,+201.110839828E-03
+2.837500E-06,+5.050251178436E+00,-439.698554568E-03,-439.698554568E-03,+305.175781E-06
+2.840000E-06,+4.748743638412E+00,-741.206094615E-03,-138.191014544E-03,+602.722167946E-03
+2.842500E-06,+4.949748665094E+00,-640.703581281E-03,-640.703581281E-03,+305.175781E-06
+2.845000E-06,+4.949748665094E+00,-540.201067932E-03,-540.201067917E-03,+305.175797E-06
+2.847500E-06,+4.949748665094E+00,-741.206094607E-03,-540.201067925E-03,+201.110839828E-03
+2.850000E-06,+4.949748665094E+00,-540.201067925E-03,-540.201067925E-03,+305.175781E-06
+2.852500E-06,+5.050251178436E+00,-540.201067940E-03,-540.201067925E-03,+305.175797E-06
+2.855000E-06,+5.150753691792E+00,-540.201067932E-03,-339.196041234E-03,+201.110839844E-03
+2.857500E-06,+4.949748665094E+00,-540.201067925E-03,-540.201067925E-03,+305.175781E-06
+2.860000E-06,+4.949748665094E+00,-741.206094623E-03,-540.201067925E-03,+201.110839844E-03
+2.862500E-06,+5.150753691792E+00,-540.201067925E-03,-540.201067925E-03,+305.175781E-06
+2.865000E-06,+4.949748665094E+00,-540.201067932E-03,-741.206094615E-03,-200.500488266E-03
+2.867500E-06,+5.050251178436E+00,-741.206094623E-03,-540.201067925E-03,+201.110839844E-03
+2.870000E-06,+4.949748665102E+00,-540.201067925E-03,-540.201067925E-03,+305.175781E-06
+2.872500E-06,+5.050251178451E+00,-640.703581281E-03,-540.201067925E-03,+100.708007820E-03
+2.875000E-06,+4.748743638404E+00,-741.206094623E-03,-741.206094623E-03,+305.175781E-06
+2.877500E-06,+4.949748665094E+00,-640.703581266E-03,-640.703581281E-03,+305.175766E-06
+2.880000E-06,+4.949748665102E+00,-741.206094615E-03,-540.201067925E-03,+201.110839836E-03
+2.882500E-06,+5.050251178451E+00,-640.703581266E-03,-640.703581281E-03,+305.175766E-06
+2.885000E-06,+5.150753691785E+00,-540.201067940E-03,-741.206094623E-03,-200.500488266E-03
+2.887500E-06,+4.949748665079E+00,-540.201067925E-03,-741.206094638E-03,-200.500488297E-03
+2.890000E-06,+4.748743638404E+00,-540.201067925E-03,-741.206094623E-03,-200.500488281E-03
+2.892500E-06,+4.849246151738E+00,-540.201067925E-03,-741.206094623E-03,-200.500488281E-03
+2.895000E-06,+4.748743638404E+00,-540.201067932E-03,-741.206094623E-03,-200.500488274E-03
+2.897500E-06,+4.849246151753E+00,-741.206094623E-03,-841.708607980E-03,-100.097656258E-03
+2.900000E-06,+4.949748665087E+00,-741.206094623E-03,-741.206094630E-03,+305.175773E-06
+2.902500E-06,+4.949748665094E+00,-640.703581281E-03,-741.206094623E-03,-100.097656242E-03
+2.905000E-06,+4.949748665094E+00,-540.201067932E-03,-942.211121313E-03,-401.306152328E-03
+2.907500E-06,+4.949748665094E+00,-741.206094623E-03,-741.206094623E-03,+305.175781E-06
+2.910000E-06,+4.949748665094E+00,-540.201067917E-03,-741.206094623E-03,-200.500488289E-03
+2.912500E-06,+4.949748665094E+00,-540.201067925E-03,-841.708607964E-03,-300.903320305E-03
+2.915000E-06,+4.748743638404E+00,-741.206094615E-03,-741.206094623E-03,+305.175773E-06
+2.917500E-06,+4.849246151737E+00,-640.703581266E-03,-942.211121321E-03,-300.903320320E-03
+2.920000E-06,+4.949748665094E+00,-741.206094623E-03,-540.201067940E-03,+201.110839828E-03
+2.922500E-06,+4.849246151737E+00,-640.703581266E-03,-841.708607980E-03,-200.500488297E-03
+2.925000E-06,+5.150753691792E+00,-540.201067932E-03,-942.211121313E-03,-401.306152328E-03
+2.927500E-06,+4.949748665094E+00,-540.201067925E-03,-841.708607980E-03,-300.903320320E-03
+2.930000E-06,+4.949748665102E+00,-741.206094615E-03,-741.206094630E-03,+305.175766E-06
+2.932500E-06,+5.050251178436E+00,-640.703581281E-03,-841.708607964E-03,-200.500488266E-03
+2.935000E-06,+5.150753691792E+00,-339.196041234E-03,-741.206094630E-03,-401.306152344E-03
+2.937500E-06,+4.949748665094E+00,-540.201067925E-03,-741.206094623E-03,-200.500488281E-03
+2.940000E-06,+5.150753691792E+00,-741.206094623E-03,-741.206094630E-03,+305.175773E-06
+2.942500E-06,+5.150753691792E+00,-741.206094623E-03,-841.708607980E-03,-100.097656258E-03
+2.945000E-06,+4.949748665094E+00,-540.201067925E-03,-942.211121305E-03,-401.306152328E-03
+2.947500E-06,+5.150753691776E+00,-741.206094623E-03,-741.206094623E-03,+305.175781E-06
+2.950000E-06,+4.949748665102E+00,-741.206094615E-03,-942.211121313E-03,-200.500488281E-03
+2.952500E-06,+4.949748665094E+00,-640.703581282E-03,-741.206094623E-03,-100.097656242E-03
+2.955000E-06,+4.949748665102E+00,-741.206094623E-03,-741.206094623E-03,+305.175781E-06
+2.957500E-06,+4.748743638396E+00,-540.201067925E-03,-640.703581266E-03,-100.097656242E-03
+2.960000E-06,+5.150753691784E+00,-540.201067925E-03,-741.206094623E-03,-200.500488281E-03
+2.962500E-06,+4.949748665094E+00,-640.703581266E-03,-741.206094623E-03,-100.097656258E-03
+2.965000E-06,+4.949748665094E+00,-540.201067941E-03,-741.206094623E-03,-200.500488265E-03
+2.967500E-06,+4.748743638396E+00,-540.201067925E-03,-540.201067925E-03,+305.175781E-06
+2.970000E-06,+4.949748665094E+00,-339.196041234E-03,-741.206094623E-03,-401.306152336E-03
+2.972500E-06,+4.949748665094E+00,-640.703581282E-03,-640.703581266E-03,+305.175797E-06
+2.975000E-06,+4.949748665102E+00,-540.201067925E-03,-741.206094623E-03,-200.500488281E-03
+2.977500E-06,+4.849246151753E+00,-640.703581266E-03,-741.206094623E-03,-100.097656258E-03
+2.980000E-06,+4.748743638404E+00,-540.201067933E-03,-540.201067925E-03,+305.175789E-06
+2.982500E-06,+4.949748665094E+00,-439.698554583E-03,-640.703581282E-03,-200.500488281E-03
+2.985000E-06,+4.949748665086E+00,-741.206094615E-03,-741.206094615E-03,+305.175781E-06
+2.987500E-06,+4.849246151737E+00,-741.206094623E-03,-439.698554583E-03,+301.513671867E-03
+2.990000E-06,+4.949748665094E+00,-540.201067925E-03,-540.201067925E-03,+305.175781E-06
+2.992500E-06,+4.949748665094E+00,-540.201067925E-03,-540.201067925E-03,+305.175781E-06
+2.995000E-06,+4.748743638396E+00,-540.201067925E-03,-741.206094615E-03,-200.500488273E-03
+2.997500E-06,+4.949748665094E+00,-540.201067925E-03,-540.201067925E-03,+305.175781E-06
+3.000000E-06,+4.949748665094E+00,-540.201067925E-03,-540.201067925E-03,+305.175781E-06
+3.002500E-06,+4.949748665094E+00,-741.206094607E-03,-540.201067925E-03,+201.110839828E-03
+3.005000E-06,+5.150753691784E+00,-540.201067933E-03,-540.201067925E-03,+305.175789E-06
+3.007500E-06,+4.949748665094E+00,-540.201067908E-03,-540.201067925E-03,+305.175765E-06
+3.010000E-06,+4.949748665102E+00,-540.201067925E-03,-741.206094615E-03,-200.500488273E-03
+3.012500E-06,+4.949748665094E+00,-640.703581282E-03,-540.201067908E-03,+100.708007837E-03
+3.015000E-06,+4.748743638404E+00,-741.206094623E-03,-540.201067925E-03,+201.110839844E-03
+3.017500E-06,+4.949748665094E+00,-540.201067925E-03,-640.703581266E-03,-100.097656242E-03
+3.020000E-06,+4.949748665094E+00,-741.206094623E-03,-540.201067925E-03,+201.110839844E-03
+3.022500E-06,+4.849246151737E+00,-640.703581282E-03,-540.201067925E-03,+100.708007821E-03
+3.025000E-06,+4.949748665094E+00,-741.206094615E-03,-942.211121305E-03,-200.500488273E-03
+3.027500E-06,+4.949748665094E+00,-741.206094623E-03,-741.206094623E-03,+305.175781E-06
+3.030000E-06,+4.949748665094E+00,-540.201067925E-03,-540.201067925E-03,+305.175781E-06
+3.032500E-06,+4.949748665094E+00,-540.201067925E-03,-540.201067925E-03,+305.175781E-06
+3.035000E-06,+4.949748665086E+00,-540.201067925E-03,-741.206094623E-03,-200.500488281E-03
+3.037500E-06,+4.849246151753E+00,-640.703581266E-03,-640.703581266E-03,+305.175781E-06
+3.040000E-06,+4.748743638404E+00,-540.201067925E-03,-540.201067925E-03,+305.175781E-06
+3.042500E-06,+4.949748665094E+00,-741.206094623E-03,-741.206094623E-03,+305.175781E-06
+3.045000E-06,+4.748743638404E+00,-540.201067933E-03,-540.201067925E-03,+305.175789E-06
+3.047500E-06,+4.849246151753E+00,-741.206094623E-03,-540.201067925E-03,+201.110839844E-03
+3.050000E-06,+4.748743638396E+00,-741.206094615E-03,-741.206094623E-03,+305.175773E-06
+3.052500E-06,+5.050251178435E+00,-540.201067941E-03,-540.201067925E-03,+305.175797E-06
+3.055000E-06,+4.949748665094E+00,-540.201067925E-03,-741.206094623E-03,-200.500488281E-03
+3.057500E-06,+4.949748665094E+00,-540.201067925E-03,-741.206094623E-03,-200.500488281E-03
+3.060000E-06,+4.949748665086E+00,-741.206094623E-03,-540.201067933E-03,+201.110839836E-03
+3.062500E-06,+4.849246151737E+00,-741.206094623E-03,-741.206094623E-03,+305.175781E-06
+3.065000E-06,+4.949748665086E+00,-540.201067933E-03,-942.211121305E-03,-401.306152320E-03
+3.067500E-06,+4.849246151737E+00,-942.211121321E-03,-841.708607964E-03,+100.708007821E-03
+3.070000E-06,+4.949748665094E+00,-741.206094615E-03,-741.206094631E-03,+305.175765E-06
+3.072500E-06,+4.949748665094E+00,-741.206094623E-03,-741.206094607E-03,+305.175797E-06
+3.075000E-06,+4.748743638404E+00,-741.206094623E-03,-741.206094631E-03,+305.175773E-06
+3.077500E-06,+4.949748665094E+00,-640.703581266E-03,-942.211121321E-03,-300.903320321E-03
+3.080000E-06,+4.748743638404E+00,-741.206094623E-03,-540.201067933E-03,+201.110839836E-03
+3.082500E-06,+4.949748665094E+00,-741.206094623E-03,-741.206094623E-03,+305.175781E-06
+3.085000E-06,+4.949748665086E+00,-540.201067933E-03,-942.211121313E-03,-401.306152328E-03
+3.087500E-06,+4.849246151753E+00,-640.703581266E-03,-640.703581282E-03,+305.175765E-06
+3.090000E-06,+4.949748665094E+00,-741.206094614E-03,-741.206094631E-03,+305.175765E-06
+3.092500E-06,+4.949748665078E+00,-640.703581282E-03,-841.708607963E-03,-200.500488265E-03
+3.095000E-06,+4.949748665094E+00,-540.201067933E-03,-741.206094631E-03,-200.500488281E-03
+3.097500E-06,+4.949748665111E+00,-540.201067925E-03,-741.206094623E-03,-200.500488281E-03
+3.100000E-06,+4.949748665094E+00,-741.206094623E-03,-540.201067933E-03,+201.110839836E-03
+3.102500E-06,+4.949748665094E+00,-640.703581282E-03,-741.206094623E-03,-100.097656242E-03
+3.105000E-06,+4.949748665094E+00,-540.201067933E-03,-942.211121304E-03,-401.306152319E-03
+3.107500E-06,+4.949748665094E+00,-741.206094623E-03,-741.206094623E-03,+305.175781E-06
+3.110000E-06,+4.949748665103E+00,-540.201067925E-03,-942.211121312E-03,-401.306152336E-03
+3.112500E-06,+4.949748665094E+00,-640.703581282E-03,-640.703581265E-03,+305.175798E-06
+3.115000E-06,+4.949748665094E+00,-741.206094614E-03,-741.206094623E-03,+305.175773E-06
+3.117500E-06,+4.849246151737E+00,-540.201067925E-03,-741.206094606E-03,-200.500488265E-03
+3.120000E-06,+4.748743638404E+00,-540.201067916E-03,-540.201067925E-03,+305.175773E-06
+3.122500E-06,+4.748743638396E+00,-741.206094606E-03,-741.206094623E-03,+305.175765E-06
+3.125000E-06,+4.748743638404E+00,-540.201067933E-03,-540.201067925E-03,+305.175789E-06
+3.127500E-06,+4.949748665094E+00,-540.201067908E-03,-640.703581282E-03,-100.097656275E-03
+3.130000E-06,+4.949748665094E+00,-540.201067925E-03,-741.206094623E-03,-200.500488281E-03
+3.132500E-06,+4.748743638396E+00,-640.703581282E-03,-540.201067925E-03,+100.708007821E-03
+3.135000E-06,+4.949748665094E+00,-540.201067925E-03,-540.201067933E-03,+305.175773E-06
+3.137500E-06,+4.849246151754E+00,-540.201067925E-03,-741.206094623E-03,-200.500488281E-03
+3.140000E-06,+4.748743638396E+00,-741.206094623E-03,-741.206094623E-03,+305.175781E-06
+3.142500E-06,+4.949748665094E+00,-540.201067925E-03,-841.708607980E-03,-300.903320321E-03
+3.145000E-06,+4.949748665086E+00,-540.201067925E-03,-540.201067925E-03,+305.175781E-06
+3.147500E-06,+4.849246151737E+00,-741.206094623E-03,-540.201067925E-03,+201.110839844E-03
+3.150000E-06,+4.949748665103E+00,-540.201067925E-03,-741.206094614E-03,-200.500488273E-03
+3.152500E-06,+4.849246151737E+00,-540.201067925E-03,-640.703581265E-03,-100.097656242E-03
+3.155000E-06,+4.949748665086E+00,-741.206094614E-03,-540.201067925E-03,+201.110839835E-03
+3.157500E-06,+4.849246151754E+00,-640.703581265E-03,-540.201067925E-03,+100.708007804E-03
+3.160000E-06,+4.949748665094E+00,-741.206094606E-03,-540.201067933E-03,+201.110839819E-03
+3.162500E-06,+4.949748665111E+00,-640.703581265E-03,-741.206094623E-03,-100.097656258E-03
+3.165000E-06,+4.949748665094E+00,-339.196041243E-03,-540.201067933E-03,-200.500488273E-03
+3.167500E-06,+4.849246151754E+00,-439.698554567E-03,-540.201067925E-03,-100.097656258E-03
+3.170000E-06,+4.949748665094E+00,-540.201067933E-03,-540.201067925E-03,+305.175790E-06
+3.172500E-06,+4.849246151754E+00,-640.703581282E-03,-640.703581282E-03,+305.175781E-06
+3.175000E-06,+4.949748665094E+00,-540.201067933E-03,-540.201067925E-03,+305.175790E-06
+3.177500E-06,+4.849246151737E+00,-540.201067925E-03,-640.703581265E-03,-100.097656242E-03
+3.180000E-06,+4.748743638396E+00,-741.206094623E-03,-540.201067925E-03,+201.110839844E-03
+3.182500E-06,+4.748743638396E+00,-540.201067925E-03,-640.703581265E-03,-100.097656242E-03
+3.185000E-06,+4.949748665094E+00,-540.201067925E-03,-540.201067925E-03,+305.175781E-06
+3.187500E-06,+4.849246151737E+00,-741.206094623E-03,-640.703581265E-03,+100.708007821E-03
+3.190000E-06,+4.949748665094E+00,-540.201067925E-03,-540.201067925E-03,+305.175781E-06
+3.192500E-06,+4.849246151737E+00,-640.703581282E-03,-640.703581265E-03,+305.175798E-06
+3.195000E-06,+4.949748665086E+00,-741.206094606E-03,-540.201067933E-03,+201.110839819E-03
+3.197500E-06,+4.748743638396E+00,-640.703581265E-03,-540.201067925E-03,+100.708007804E-03
+3.200000E-06,+4.748743638405E+00,-741.206094623E-03,-540.201067925E-03,+201.110839844E-03
+3.202500E-06,+4.748743638396E+00,-640.703581265E-03,-741.206094623E-03,-100.097656258E-03
+3.205000E-06,+4.949748665086E+00,-741.206094623E-03,-741.206094623E-03,+305.175781E-06
+3.207500E-06,+4.949748665094E+00,-540.201067925E-03,-640.703581282E-03,-100.097656258E-03
+3.210000E-06,+4.949748665094E+00,-540.201067925E-03,-741.206094631E-03,-200.500488290E-03
+3.212500E-06,+4.849246151737E+00,-439.698554601E-03,-640.703581282E-03,-200.500488264E-03
+3.215000E-06,+4.748743638405E+00,+62.814012153E-03,-339.196041226E-03,-401.306152327E-03
+3.217500E-06,+4.849246151737E+00,+866.834118945E-03,-238.693527886E-03,-1.104125976554E+00
+3.220000E-06,+4.748743638405E+00,+1.469849199048E+00,-138.191014520E-03,-1.606140136702E+00
+3.222500E-06,+4.748743638396E+00,+2.374371819190E+00,+364.321552209E-03,-2.007751464844E+00
+3.225000E-06,+4.748743638396E+00,+3.680904492702E+00,+866.834118954E-03,-2.810974121069E+00
+3.227500E-06,+4.849246151737E+00,+6.494974866459E+00,+2.675879359212E+00,-3.815002441389E+00
+3.230000E-06,+4.949748665094E+00,+9.309045240258E+00,+3.680904492727E+00,-5.622253417952E+00
+3.232500E-06,+5.351758718491E+00,+10.816582940494E+00,+4.283919572830E+00,-6.525878906225E+00
+3.235000E-06,+4.346733585017E+00,+12.324120640730E+00,+5.489949733002E+00,-6.827087402335E+00
+3.237500E-06,+4.547738611681E+00,+14.736180961098E+00,+7.399497486626E+00,-7.329101562492E+00
+3.240000E-06,+6.155778825258E+00,+15.942211121312E+00,+8.907035186862E+00,-7.027893066423E+00
+3.242500E-06,+5.552763745239E+00,+15.841708607980E+00,+10.113065347059E+00,-5.722656250025E+00
+3.245000E-06,+2.738693371449E+00,+17.148241281467E+00,+11.520100533937E+00,-5.622253417952E+00
+3.247500E-06,+3.643215991531E+00,+18.957286521776E+00,+13.228643260871E+00,-5.722656250008E+00
