x-axis,1,2,4,F1
second,Volt,Volt,Volt,Volt
-1.750000E-06,+4.547738611698E+00,-678.392082453E-03,-678.392082453E-03,+305.175781E-06
-1.747500E-06,+4.748743638396E+00,-477.387055755E-03,-577.889569104E-03,-100.097656250E-03
-1.745000E-06,+4.748743638396E+00,-678.392082453E-03,-477.387055755E-03,+201.110839844E-03
-1.742500E-06,+4.748743638396E+00,-477.387055755E-03,-678.392082453E-03,-200.500488281E-03
-1.740000E-06,+4.748743638396E+00,-477.387055755E-03,-477.387055755E-03,+305.175781E-06
-1.737500E-06,+4.748743638396E+00,-678.392082453E-03,-577.889569104E-03,+100.708007812E-03
-1.735000E-06,+4.748743638396E+00,-477.387055755E-03,-678.392082453E-03,-200.500488281E-03
-1.732500E-06,+4.849246151745E+00,-577.889569104E-03,-577.889569104E-03,+305.175781E-06
-1.730000E-06,+4.748743638396E+00,-477.387055755E-03,-678.392082453E-03,-200.500488281E-03
-1.727500E-06,+4.648241125047E+00,-477.387055755E-03,-477.387055755E-03,+305.175781E-06
-1.725000E-06,+4.748743638396E+00,-477.387055755E-03,-678.392082453E-03,-200.500488281E-03
-1.722500E-06,+4.748743638396E+00,-577.889569104E-03,-477.387055755E-03,+100.708007813E-03
-1.720000E-06,+4.748743638396E+00,-477.387055755E-03,-477.387055755E-03,+305.175781E-06
-1.717500E-06,+4.748743638396E+00,-477.387055755E-03,-678.392082453E-03,-200.500488281E-03
-1.715000E-06,+4.748743638396E+00,-678.392082453E-03,-678.392082453E-03,+305.175781E-06
-1.712500E-06,+4.648241125047E+00,-678.392082453E-03,-477.387055755E-03,+201.110839844E-03
-1.710000E-06,+4.748743638396E+00,-477.387055755E-03,-678.392082453E-03,-200.500488281E-03
-1.707500E-06,+4.648241125047E+00,-477.387055755E-03,-577.889569104E-03,-100.097656250E-03
-1.705000E-06,+4.748743638396E+00,-678.392082453E-03,-678.392082453E-03,+305.175781E-06
-1.702500E-06,+4.949748665094E+00,-477.387055754E-03,-678.392082453E-03,-200.500488281E-03
-1.700000E-06,+4.748743638396E+00,-276.382029057E-03,-477.387055755E-03,-200.500488281E-03
-1.697500E-06,+4.849246151745E+00,-577.889569104E-03,-577.889569104E-03,+305.175781E-06
-1.695000E-06,+4.949748665094E+00,-477.387055755E-03,-678.392082453E-03,-200.500488281E-03
-1.692500E-06,+4.849246151746E+00,-577.889569104E-03,-577.889569104E-03,+305.175781E-06
-1.690000E-06,+4.748743638396E+00,-678.392082453E-03,-678.392082453E-03,+305.175781E-06
-1.687500E-06,+4.748743638396E+00,-577.889569104E-03,-577.889569104E-03,+305.175782E-06
-1.685000E-06,+4.748743638396E+00,-477.387055755E-03,-879.397109151E-03,-401.306152343E-03
-1.682500E-06,+4.748743638396E+00,-477.387055755E-03,-577.889569104E-03,-100.097656250E-03
-1.680000E-06,+4.748743638396E+00,-678.392082453E-03,-678.392082453E-03,+305.175781E-06
-1.677500E-06,+4.648241125047E+00,-376.884542405E-03,-879.397109151E-03,-501.708984375E-03
-1.675000E-06,+4.748743638396E+00,-477.387055755E-03,-879.397109151E-03,-401.306152344E-03
-1.672500E-06,+4.849246151745E+00,-678.392082453E-03,-678.392082453E-03,+305.175781E-06
-1.670000E-06,+4.748743638396E+00,-678.392082453E-03,-678.392082453E-03,+305.175781E-06
-1.667500E-06,+4.748743638396E+00,-577.889569104E-03,-678.392082453E-03,-100.097656250E-03
-1.665000E-06,+4.547738611698E+00,-678.392082453E-03,-678.392082453E-03,+305.175781E-06
-1.662500E-06,+4.849246151745E+00,-577.889569104E-03,-678.392082453E-03,-100.097656250E-03
-1.660000E-06,+4.748743638396E+00,-477.387055755E-03,-678.392082453E-03,-200.500488281E-03
-1.657500E-06,+4.748743638396E+00,-577.889569104E-03,-778.894595802E-03,-200.500488281E-03
-1.655000E-06,+4.748743638396E+00,-276.382029057E-03,-477.387055755E-03,-200.500488281E-03
-1.652500E-06,+4.748743638396E+00,+326.633051037E-03,-376.884542406E-03,-702.514648437E-03
-1.650000E-06,+4.949748665094E+00,+1.331658184528E+00,-75.377002358E-03,-1.405334472656E+00
-1.647500E-06,+4.748743638396E+00,+1.934673264622E+00,+226.130537689E-03,-1.706542968750E+00
-1.645000E-06,+4.748743638396E+00,+2.939698398113E+00,+527.638077736E-03,-2.409362792968E+00
-1.642500E-06,+4.748743638396E+00,+3.341708451509E+00,+1.030150644480E+00,-2.308959960938E+00
-1.640000E-06,+4.949748665094E+00,+4.748743638395E+00,+2.336683318018E+00,-2.409362792969E+00
-1.637500E-06,+4.748743638397E+00,+8.065326578913E+00,+4.045226044952E+00,-4.015808105468E+00
-1.635000E-06,+4.748743638396E+00,+10.979899466036E+00,+4.949748665094E+00,-6.023864746092E+00
-1.632500E-06,+4.648241125047E+00,+12.286432139575E+00,+6.155778825283E+00,-6.124267578125E+00
-1.630000E-06,+4.145728558302E+00,+13.592964813112E+00,+7.763819038867E+00,-5.823059082032E+00
-1.627500E-06,+4.949748665093E+00,+16.005025133490E+00,+10.075376845895E+00,-5.923461914062E+00
-1.625000E-06,+6.155778825283E+00,+17.010050266981E+00,+11.582914546131E+00,-5.421447753907E+00
-1.622500E-06,+4.145728558304E+00,+17.512562833727E+00,+12.989949733018E+00,-4.517822265626E+00
-1.620000E-06,+2.135678291322E+00,+18.216080427169E+00,+14.798994973301E+00,-3.413391113282E+00
-1.617500E-06,+3.442210964858E+00,+20.025125667452E+00,+16.507537700235E+00,-3.513793945313E+00
-1.615000E-06,+4.346733585000E+00,+20.829145774245E+00,+17.814070373773E+00,-3.011779785157E+00
-1.612500E-06,+3.241205938161E+00,+20.829145774245E+00,+19.321608074009E+00,-1.505737304688E+00
-1.610000E-06,+3.341708451509E+00,+21.432160854339E+00,+20.427135720848E+00,-1.003723144532E+00
-1.607500E-06,+4.145728558302E+00,+22.437185987830E+00,+21.532663367688E+00,-903.320312500E-03
-1.605000E-06,+3.341708451510E+00,+22.638191014529E+00,+22.437185987830E+00,-200.500488282E-03
-1.602500E-06,+2.336683318019E+00,+22.437185987830E+00,+23.643216148018E+00,+1.205139160156E+00
-1.600000E-06,+3.140703424811E+00,+23.241206094622E+00,+24.648241281509E+00,+1.405944824219E+00
-1.597500E-06,+4.045226044953E+00,+23.944723688066E+00,+25.050251334906E+00,+1.104736328125E+00
-1.595000E-06,+4.949748665094E+00,+23.643216148019E+00,+25.452261388302E+00,+1.807556152343E+00
-1.592500E-06,+4.949748665094E+00,+23.341708607971E+00,+26.356784008443E+00,+3.012390136719E+00
-1.590000E-06,+5.150753691792E+00,+23.844221174717E+00,+26.859296575188E+00,+3.012390136718E+00
-1.587500E-06,+4.648241125048E+00,+24.246231228113E+00,+26.959799088538E+00,+2.711181640625E+00
-1.585000E-06,+3.944723531605E+00,+23.844221174717E+00,+26.859296575188E+00,+3.012390136718E+00
-1.582500E-06,+3.743718504906E+00,+23.844221174717E+00,+26.859296575189E+00,+3.012390136719E+00
-1.580000E-06,+4.145728558302E+00,+24.246231228113E+00,+27.060301601887E+00,+2.811584472656E+00
-1.577500E-06,+4.145728558302E+00,+24.246231228114E+00,+26.557789035142E+00,+2.309570312500E+00
-1.575000E-06,+3.542713478208E+00,+23.844221174717E+00,+26.256281495095E+00,+2.409973144531E+00
-1.572500E-06,+3.743718504906E+00,+23.944723688066E+00,+26.155778981746E+00,+2.209167480469E+00
-1.570000E-06,+3.542713478208E+00,+24.246231228113E+00,+26.055276468396E+00,+1.807556152344E+00
-1.567500E-06,+3.643215991556E+00,+24.045226201415E+00,+25.753768928349E+00,+1.707153320313E+00
-1.565000E-06,+3.743718504906E+00,+24.045226201415E+00,+25.251256361605E+00,+1.205139160157E+00
-1.562500E-06,+3.743718504906E+00,+23.944723688066E+00,+25.150753848254E+00,+1.205139160156E+00
-1.560000E-06,+3.542713478208E+00,+23.844221174717E+00,+25.251256361604E+00,+1.405944824218E+00
-1.557500E-06,+3.844221018254E+00,+23.944723688066E+00,+24.849246308208E+00,+903.930664063E-03
-1.555000E-06,+3.542713478208E+00,+23.844221174717E+00,+24.648241281509E+00,+803.527832031E-03
-1.552500E-06,+3.844221018254E+00,+23.743718661368E+00,+24.648241281509E+00,+903.930664062E-03
-1.550000E-06,+4.748743638396E+00,+23.844221174717E+00,+24.447236254811E+00,+602.722167969E-03
-1.547500E-06,+5.050251178444E+00,+23.844221174717E+00,+24.447236254811E+00,+602.722167969E-03
-1.545000E-06,+5.150753691792E+00,+23.643216148019E+00,+24.246231228114E+00,+602.722167969E-03
-1.542500E-06,+5.150753691792E+00,+23.743718661368E+00,+24.045226201415E+00,+301.513671875E-03
-1.540000E-06,+5.150753691793E+00,+23.442211121322E+00,+24.045226201415E+00,+602.722167967E-03
-1.537500E-06,+5.150753691792E+00,+23.542713634670E+00,+23.844221174717E+00,+301.513671875E-03
-1.535000E-06,+5.351758718490E+00,+23.643216148018E+00,+23.844221174717E+00,+201.110839844E-03
-1.532500E-06,+5.150753691793E+00,+23.743718661368E+00,+23.844221174717E+00,+100.708007812E-03
-1.530000E-06,+5.552763745188E+00,+23.844221174717E+00,+23.844221174717E+00,+305.175782E-06
-1.527500E-06,+5.351758718491E+00,+23.743718661367E+00,+23.844221174717E+00,+100.708007813E-03
-1.525000E-06,+5.150753691792E+00,+23.844221174717E+00,+23.844221174717E+00,+305.175781E-06
-1.522500E-06,+4.648241125047E+00,+23.743718661367E+00,+24.045226201415E+00,+301.513671875E-03
-1.520000E-06,+4.547738611698E+00,+23.442211121321E+00,+24.246231228113E+00,+803.527832030E-03
-1.517500E-06,+4.648241125047E+00,+23.743718661367E+00,+24.447236254811E+00,+703.125000000E-03
-1.515000E-06,+4.547738611698E+00,+23.844221174717E+00,+24.447236254811E+00,+602.722167969E-03
-1.512500E-06,+4.547738611698E+00,+23.643216148019E+00,+24.648241281509E+00,+1.004333496094E+00
-1.510000E-06,+4.547738611698E+00,+23.643216148019E+00,+24.648241281510E+00,+1.004333496094E+00
-1.507500E-06,+4.447236098350E+00,+23.743718661368E+00,+24.748743794859E+00,+1.004333496094E+00
-1.505000E-06,+4.346733585000E+00,+23.643216148019E+00,+24.849246308208E+00,+1.205139160156E+00
-1.502500E-06,+4.648241125047E+00,+23.643216148019E+00,+24.648241281509E+00,+1.004333496094E+00
-1.500000E-06,+4.547738611698E+00,+23.442211121321E+00,+24.648241281509E+00,+1.205139160155E+00
-1.497500E-06,+4.547738611698E+00,+23.442211121322E+00,+24.447236254811E+00,+1.004333496093E+00
-1.495000E-06,+4.346733585000E+00,+23.442211121320E+00,+24.045226201416E+00,+602.722167970E-03
-1.492500E-06,+4.346733585000E+00,+23.442211121321E+00,+23.743718661367E+00,+301.513671874E-03
-1.490000E-06,+4.145728558302E+00,+23.442211121321E+00,+23.442211121321E+00,+305.175781E-06
-1.487500E-06,+4.145728558302E+00,+23.241206094623E+00,+23.241206094623E+00,+305.175781E-06
-1.485000E-06,+4.346733585000E+00,+23.442211121320E+00,+22.839196041227E+00,-602.111816405E-03
-1.482500E-06,+4.547738611698E+00,+23.341708607971E+00,+22.537688501180E+00,-802.917480468E-03
-1.480000E-06,+4.748743638396E+00,+23.040201067925E+00,+22.437185987831E+00,-602.111816406E-03
-1.477500E-06,+4.849246151746E+00,+23.241206094622E+00,+22.135678447782E+00,-1.104125976562E+00
-1.475000E-06,+4.748743638397E+00,+23.040201067925E+00,+21.834170907737E+00,-1.204528808593E+00
-1.472500E-06,+4.949748665094E+00,+23.040201067925E+00,+21.834170907736E+00,-1.204528808594E+00
-1.470000E-06,+4.949748665094E+00,+23.040201067925E+00,+21.633165881038E+00,-1.405334472656E+00
-1.467500E-06,+4.949748665094E+00,+23.040201067925E+00,+21.532663367689E+00,-1.505737304687E+00
-1.465000E-06,+5.150753691792E+00,+22.839196041227E+00,+21.231155827643E+00,-1.606140136718E+00
-1.462500E-06,+5.150753691792E+00,+22.939698554576E+00,+21.432160854340E+00,-1.505737304688E+00
-1.460000E-06,+5.150753691792E+00,+23.040201067925E+00,+21.432160854340E+00,-1.606140136719E+00
-1.457500E-06,+4.949748665094E+00,+22.939698554576E+00,+21.633165881038E+00,-1.304931640626E+00
-1.455000E-06,+4.748743638397E+00,+23.241206094622E+00,+21.633165881038E+00,-1.606140136717E+00
-1.452500E-06,+4.849246151746E+00,+23.140703581274E+00,+22.035175934434E+00,-1.104125976563E+00
-1.450000E-06,+4.949748665094E+00,+23.040201067925E+00,+21.834170907737E+00,-1.204528808593E+00
-1.447500E-06,+5.050251178444E+00,+23.040201067923E+00,+22.035175934434E+00,-1.003723144530E+00
-1.445000E-06,+4.949748665094E+00,+23.241206094622E+00,+22.437185987830E+00,-802.917480469E-03
-1.442500E-06,+4.949748665094E+00,+23.241206094621E+00,+22.437185987830E+00,-802.917480467E-03
-1.440000E-06,+4.547738611699E+00,+23.040201067925E+00,+22.638191014528E+00,-401.306152344E-03
-1.437500E-06,+4.648241125047E+00,+23.040201067925E+00,+22.839196041226E+00,-200.500488281E-03
-1.435000E-06,+4.748743638396E+00,+23.241206094622E+00,+22.839196041227E+00,-401.306152342E-03
-1.432500E-06,+4.547738611698E+00,+23.040201067925E+00,+23.140703581273E+00,+100.708007812E-03
-1.430000E-06,+4.748743638396E+00,+23.040201067925E+00,+23.040201067925E+00,+305.175781E-06
-1.427500E-06,+4.748743638396E+00,+23.140703581273E+00,+23.442211121321E+00,+301.513671876E-03
-1.425000E-06,+4.547738611698E+00,+22.839196041228E+00,+23.442211121320E+00,+602.722167967E-03
-1.422500E-06,+4.648241125047E+00,+23.140703581274E+00,+23.341708607972E+00,+201.110839844E-03
-1.420000E-06,+4.748743638396E+00,+23.241206094622E+00,+23.442211121320E+00,+201.110839844E-03
-1.417500E-06,+4.648241125048E+00,+23.140703581274E+00,+23.341708607972E+00,+201.110839844E-03
-1.415000E-06,+4.748743638396E+00,+23.040201067925E+00,+23.241206094623E+00,+201.110839844E-03
-1.412500E-06,+4.648241125047E+00,+23.040201067925E+00,+23.341708607972E+00,+301.513671876E-03
-1.410000E-06,+4.748743638396E+00,+23.040201067925E+00,+23.241206094623E+00,+201.110839844E-03
-1.407500E-06,+4.648241125048E+00,+22.939698554575E+00,+23.341708607972E+00,+401.916503908E-03
-1.405000E-06,+4.949748665094E+00,+23.040201067924E+00,+23.442211121320E+00,+401.916503906E-03
-1.402500E-06,+4.748743638396E+00,+23.040201067925E+00,+23.341708607971E+00,+301.513671874E-03
-1.400000E-06,+4.547738611699E+00,+22.839196041226E+00,+23.442211121321E+00,+602.722167969E-03
-1.397500E-06,+4.849246151745E+00,+23.140703581273E+00,+23.442211121321E+00,+301.513671876E-03
-1.395000E-06,+4.748743638396E+00,+23.040201067925E+00,+23.442211121320E+00,+401.916503906E-03
-1.392500E-06,+4.748743638396E+00,+22.939698554576E+00,+23.442211121321E+00,+502.319335937E-03
-1.390000E-06,+4.949748665094E+00,+23.040201067925E+00,+23.442211121322E+00,+401.916503906E-03
-1.387500E-06,+4.748743638396E+00,+23.040201067925E+00,+23.542713634671E+00,+502.319335938E-03
-1.385000E-06,+4.748743638396E+00,+23.040201067925E+00,+23.442211121321E+00,+401.916503906E-03
-1.382500E-06,+4.849246151745E+00,+23.040201067925E+00,+23.643216148019E+00,+602.722167969E-03
-1.380000E-06,+4.748743638396E+00,+23.040201067925E+00,+23.643216148019E+00,+602.722167969E-03
-1.377500E-06,+4.748743638396E+00,+22.839196041228E+00,+23.542713634671E+00,+703.124999999E-03
-1.375000E-06,+4.547738611699E+00,+23.040201067923E+00,+23.442211121322E+00,+401.916503908E-03
-1.372500E-06,+4.748743638396E+00,+23.040201067925E+00,+23.643216148019E+00,+602.722167969E-03
-1.370000E-06,+4.748743638396E+00,+23.040201067925E+00,+23.442211121321E+00,+401.916503906E-03
-1.367500E-06,+4.648241125048E+00,+22.939698554575E+00,+23.643216148019E+00,+703.125000001E-03
-1.365000E-06,+4.547738611698E+00,+23.040201067925E+00,+23.442211121322E+00,+401.916503907E-03
-1.362500E-06,+4.648241125046E+00,+22.939698554576E+00,+23.542713634671E+00,+602.722167969E-03
-1.360000E-06,+4.547738611698E+00,+22.638191014529E+00,+23.442211121321E+00,+803.527832031E-03
-1.357500E-06,+4.849246151745E+00,+22.939698554576E+00,+23.341708607972E+00,+401.916503906E-03
-1.355000E-06,+4.748743638396E+00,+22.839196041226E+00,+23.241206094623E+00,+401.916503906E-03
-1.352500E-06,+4.547738611698E+00,+22.537688501180E+00,+23.241206094623E+00,+703.124999999E-03
-1.350000E-06,+4.547738611698E+00,+22.839196041227E+00,+23.040201067925E+00,+201.110839844E-03
-1.347500E-06,+4.648241125046E+00,+22.839196041226E+00,+23.140703581274E+00,+301.513671876E-03
-1.345000E-06,+4.547738611699E+00,+22.638191014529E+00,+23.040201067925E+00,+401.916503905E-03
-1.342500E-06,+4.648241125046E+00,+22.738693527877E+00,+22.939698554576E+00,+201.110839845E-03
-1.340000E-06,+4.748743638396E+00,+23.040201067924E+00,+22.839196041226E+00,-200.500488280E-03
-1.337500E-06,+4.648241125048E+00,+22.638191014528E+00,+22.638191014528E+00,+305.175781E-06
-1.335000E-06,+4.949748665094E+00,+22.638191014528E+00,+22.638191014528E+00,+305.175781E-06
-1.332500E-06,+4.849246151746E+00,+22.638191014528E+00,+22.437185987830E+00,-200.500488281E-03
-1.330000E-06,+4.547738611699E+00,+22.638191014528E+00,+22.437185987830E+00,-200.500488281E-03
-1.327500E-06,+4.748743638396E+00,+22.638191014527E+00,+22.336683474482E+00,-300.903320310E-03
-1.325000E-06,+4.748743638396E+00,+22.839196041226E+00,+22.437185987829E+00,-401.306152344E-03
-1.322500E-06,+4.849246151745E+00,+22.738693527878E+00,+22.236180961132E+00,-501.708984376E-03
-1.320000E-06,+4.547738611699E+00,+22.437185987829E+00,+22.236180961131E+00,-200.500488281E-03
-1.317500E-06,+4.648241125048E+00,+22.638191014528E+00,+22.035175934434E+00,-602.111816406E-03
-1.315000E-06,+4.748743638396E+00,+22.638191014528E+00,+21.834170907737E+00,-802.917480468E-03
-1.312500E-06,+4.849246151745E+00,+22.437185987830E+00,+21.934673421086E+00,-501.708984374E-03
-1.310000E-06,+5.150753691791E+00,+22.437185987831E+00,+22.035175934433E+00,-401.306152345E-03
-1.307500E-06,+4.648241125046E+00,+22.437185987830E+00,+21.934673421086E+00,-501.708984374E-03
-1.305000E-06,+4.547738611699E+00,+22.437185987831E+00,+21.834170907736E+00,-602.111816407E-03
-1.302500E-06,+4.849246151744E+00,+22.537688501180E+00,+21.834170907736E+00,-702.514648438E-03
-1.300000E-06,+4.748743638397E+00,+22.638191014528E+00,+22.035175934434E+00,-602.111816406E-03
-1.297500E-06,+4.748743638396E+00,+22.437185987832E+00,+21.934673421084E+00,-501.708984378E-03
-1.295000E-06,+4.748743638396E+00,+22.638191014527E+00,+21.834170907737E+00,-802.917480466E-03
-1.292500E-06,+4.748743638396E+00,+22.336683474482E+00,+21.934673421086E+00,-401.306152344E-03
-1.290000E-06,+4.748743638396E+00,+22.638191014528E+00,+21.834170907736E+00,-802.917480469E-03
-1.287500E-06,+4.648241125048E+00,+22.437185987828E+00,+21.834170907736E+00,-602.111816404E-03
-1.285000E-06,+4.748743638396E+00,+22.437185987830E+00,+22.035175934433E+00,-401.306152345E-03
-1.282500E-06,+4.949748665094E+00,+22.437185987830E+00,+21.834170907736E+00,-602.111816406E-03
-1.280000E-06,+4.748743638396E+00,+22.437185987829E+00,+22.035175934434E+00,-401.306152343E-03
-1.277500E-06,+4.748743638396E+00,+22.437185987830E+00,+22.035175934434E+00,-401.306152344E-03
-1.275000E-06,+4.748743638396E+00,+22.437185987829E+00,+22.236180961132E+00,-200.500488280E-03
-1.272500E-06,+4.648241125046E+00,+22.236180961132E+00,+22.135678447782E+00,-100.097656251E-03
-1.270000E-06,+4.748743638396E+00,+22.236180961134E+00,+22.035175934434E+00,-200.500488283E-03
-1.267500E-06,+4.748743638396E+00,+22.437185987830E+00,+22.236180961132E+00,-200.500488281E-03
-1.265000E-06,+4.748743638396E+00,+22.236180961132E+00,+22.236180961131E+00,+305.175780E-06
-1.262500E-06,+4.849246151744E+00,+22.135678447784E+00,+22.035175934436E+00,-100.097656249E-03
-1.260000E-06,+4.748743638398E+00,+21.633165881040E+00,+22.035175934434E+00,+401.916503904E-03
-1.257500E-06,+4.849246151744E+00,+20.326633207503E+00,+21.432160854342E+00,+1.104736328124E+00
-1.255000E-06,+4.748743638396E+00,+18.819095507267E+00,+20.829145774246E+00,+2.008361816404E+00
-1.252500E-06,+4.849246151746E+00,+16.507537700241E+00,+19.723618127409E+00,+3.213195800779E+00
-1.250000E-06,+4.949748665093E+00,+13.592964813119E+00,+18.417085453871E+00,+4.819641113278E+00
-1.247500E-06,+4.748743638396E+00,+10.175879359251E+00,+16.708542726939E+00,+6.526489257812E+00
-1.245000E-06,+4.547738611698E+00,+6.959798932082E+00,+15.000000000004E+00,+8.032531738279E+00
-1.242500E-06,+4.547738611696E+00,+4.045226044958E+00,+12.889447219673E+00,+8.835754394529E+00
-1.240000E-06,+4.547738611698E+00,+2.135678291323E+00,+10.979899466041E+00,+8.835754394532E+00
-1.237500E-06,+4.547738611698E+00,+2.236180804669E+00,+9.572864279153E+00,+7.329711914066E+00
-1.235000E-06,+4.547738611697E+00,+2.738693371415E+00,+7.964824065570E+00,+5.221252441410E+00
-1.232500E-06,+4.849246151744E+00,+3.040200911463E+00,+6.055276311939E+00,+3.012390136723E+00
-1.230000E-06,+4.949748665093E+00,+2.738693371416E+00,+4.547738611701E+00,+1.807556152346E+00
-1.227500E-06,+4.949748665094E+00,+2.236180804671E+00,+3.241205938163E+00,+1.004333496096E+00
-1.225000E-06,+5.753768771886E+00,+1.532663211228E+00,+2.135678291323E+00,+602.722167969E-03
-1.222500E-06,+5.452261231841E+00,+527.638077738E-03,+1.231155671182E+00,+703.125000001E-03
-1.220000E-06,+4.748743638397E+00,-75.377002357E-03,+326.633051040E-03,+401.916503907E-03
-1.217500E-06,+4.748743638394E+00,+25.125510992E-03,-577.889569103E-03,-602.111816406E-03
-1.215000E-06,+5.351758718490E+00,+326.633051037E-03,-1.080402135848E+00,-1.405334472654E+00
-1.212500E-06,+4.648241125048E+00,-75.377002358E-03,-1.783919729291E+00,-1.706542968749E+00
-1.210000E-06,+4.346733585001E+00,-477.387055755E-03,-2.487437322736E+00,-2.007751464844E+00
-1.207500E-06,+3.341708451514E+00,-577.889569105E-03,-2.989949889480E+00,-2.409362792967E+00
-1.205000E-06,+2.135678291324E+00,-477.387055756E-03,-3.492462456225E+00,-3.011779785154E+00
-1.202500E-06,+1.532663211226E+00,-678.392082453E-03,-3.492462456226E+00,-2.810974121094E+00
-1.200000E-06,+1.934673264622E+00,-879.397109150E-03,-3.492462456227E+00,-2.610168457033E+00
-1.197500E-06,+3.040200911459E+00,-577.889569105E-03,-3.693467482924E+00,-3.112182617186E+00
-1.195000E-06,+4.949748665089E+00,-678.392082452E-03,-3.492462456226E+00,-2.810974121095E+00
-1.192500E-06,+5.954773798583E+00,-678.392082453E-03,-3.090452402830E+00,-2.409362792969E+00
-1.190000E-06,+6.356783851981E+00,-678.392082453E-03,-2.889447376132E+00,-2.208557128906E+00
-1.187500E-06,+5.753768771889E+00,-477.387055755E-03,-2.587939836084E+00,-2.108154296874E+00
-1.185000E-06,+4.949748665097E+00,-678.392082452E-03,-2.085427269340E+00,-1.405334472657E+00
-1.182500E-06,+4.648241125046E+00,-577.889569103E-03,-1.884422242641E+00,-1.304931640626E+00
-1.180000E-06,+5.150753691791E+00,-678.392082453E-03,-1.683417215943E+00,-1.003723144531E+00
-1.177500E-06,+5.653266258537E+00,-678.392082453E-03,-1.582914702595E+00,-903.320312501E-03
-1.175000E-06,+6.356783851979E+00,-477.387055756E-03,-1.482412189245E+00,-1.003723144530E+00
-1.172500E-06,+6.859296418728E+00,-577.889569103E-03,-1.381909675897E+00,-802.917480471E-03
-1.170000E-06,+6.758793905376E+00,-678.392082452E-03,-1.683417215942E+00,-1.003723144531E+00
-1.167500E-06,+6.256281338636E+00,-678.392082455E-03,-1.281407162547E+00,-602.111816404E-03
-1.165000E-06,+5.753768771887E+00,-477.387055756E-03,-1.281407162547E+00,-802.917480468E-03
-1.162500E-06,+5.251256205143E+00,-577.889569103E-03,-1.281407162547E+00,-702.514648439E-03
-1.160000E-06,+4.346733585000E+00,-678.392082453E-03,-1.080402135849E+00,-401.306152344E-03
-1.157500E-06,+3.944723531604E+00,-376.884542404E-03,-1.080402135849E+00,-702.514648439E-03
-1.155000E-06,+3.743718504906E+00,-477.387055755E-03,-1.080402135848E+00,-602.111816405E-03
-1.152500E-06,+3.341708451509E+00,-577.889569105E-03,-778.894595803E-03,-200.500488281E-03
-1.150000E-06,+3.743718504906E+00,-276.382029057E-03,-879.397109151E-03,-602.111816406E-03
-1.147500E-06,+3.844221018254E+00,-477.387055755E-03,-778.894595801E-03,-300.903320311E-03
-1.145000E-06,+3.944723531605E+00,-678.392082452E-03,-678.392082454E-03,+305.175779E-06
-1.142500E-06,+4.346733585000E+00,-577.889569103E-03,-879.397109151E-03,-300.903320314E-03
-1.140000E-06,+4.547738611697E+00,-678.392082452E-03,-1.080402135849E+00,-401.306152345E-03
-1.137500E-06,+4.346733585002E+00,-778.894595801E-03,-1.180904649199E+00,-401.306152346E-03
-1.135000E-06,+4.547738611697E+00,-678.392082454E-03,-1.482412189244E+00,-802.917480466E-03
-1.132500E-06,+4.849246151744E+00,-778.894595801E-03,-1.683417215943E+00,-903.320312501E-03
-1.130000E-06,+5.150753691792E+00,-678.392082454E-03,-2.085427269340E+00,-1.405334472655E+00
-1.127500E-06,+5.351758718491E+00,-979.899622501E-03,-2.286432296035E+00,-1.304931640621E+00
-1.125000E-06,+5.351758718489E+00,-879.397109152E-03,-2.487437322735E+00,-1.606140136716E+00
-1.122500E-06,+5.351758718488E+00,-879.397109151E-03,-2.587939836086E+00,-1.706542968751E+00
-1.120000E-06,+4.949748665096E+00,-879.397109152E-03,-2.487437322737E+00,-1.606140136719E+00
-1.117500E-06,+4.949748665094E+00,-879.397109151E-03,-2.386934809388E+00,-1.505737304689E+00
-1.115000E-06,+5.150753691792E+00,-879.397109151E-03,-2.487437322733E+00,-1.606140136716E+00
-1.112500E-06,+5.050251178442E+00,-879.397109151E-03,-1.884422242641E+00,-1.003723144531E+00
-1.110000E-06,+5.552763745187E+00,-678.392082453E-03,-1.884422242640E+00,-1.204528808593E+00
-1.107500E-06,+5.552763745189E+00,-577.889569105E-03,-1.180904649197E+00,-602.111816404E-03
-1.105000E-06,+5.552763745189E+00,-678.392082452E-03,-879.397109151E-03,-200.500488282E-03
-1.102500E-06,+5.452261231841E+00,-477.387055755E-03,-577.889569105E-03,-100.097656251E-03
-1.100000E-06,+5.351758718491E+00,-477.387055753E-03,-75.377002361E-03,+401.916503902E-03
-1.097500E-06,+5.050251178445E+00,-376.884542404E-03,+226.130537687E-03,+602.722167966E-03
-1.095000E-06,+4.748743638398E+00,-75.377002361E-03,+728.643104433E-03,+803.527832033E-03
-1.092500E-06,+4.648241125048E+00,-276.382029057E-03,+728.643104431E-03,+1.004333496091E+00
-1.090000E-06,+4.547738611698E+00,-276.382029057E-03,+1.130653157829E+00,+1.405944824217E+00
-1.087500E-06,+4.547738611696E+00,-175.879515709E-03,+1.231155671178E+00,+1.405944824219E+00
-1.085000E-06,+4.547738611699E+00,-75.377002358E-03,+1.532663211226E+00,+1.606750488281E+00
-1.082500E-06,+4.648241125048E+00,-75.377002358E-03,+1.633165724574E+00,+1.707153320311E+00
-1.080000E-06,+4.748743638394E+00,-276.382029055E-03,+1.733668237925E+00,+2.008361816405E+00
-1.077500E-06,+4.547738611698E+00,-175.879515706E-03,+1.532663211226E+00,+1.707153320311E+00
-1.075000E-06,+4.547738611698E+00,-75.377002358E-03,+1.532663211228E+00,+1.606750488283E+00
-1.072500E-06,+4.246231071652E+00,-276.382029057E-03,+1.633165724574E+00,+1.907958984374E+00
-1.070000E-06,+4.547738611697E+00,-276.382029055E-03,+1.532663211226E+00,+1.807556152342E+00
-1.067500E-06,+4.547738611698E+00,-276.382029057E-03,+1.331658184528E+00,+1.606750488281E+00
-1.065000E-06,+4.547738611698E+00,-276.382029057E-03,+1.130653157830E+00,+1.405944824219E+00
-1.062500E-06,+4.949748665094E+00,-276.382029057E-03,+829.145617784E-03,+1.104736328126E+00
-1.060000E-06,+4.748743638398E+00,-276.382029057E-03,+527.638077737E-03,+803.527832033E-03
-1.057500E-06,+4.849246151747E+00,-577.889569102E-03,+427.135564388E-03,+1.004333496094E+00
-1.055000E-06,+4.748743638395E+00,-276.382029058E-03,+125.628024340E-03,+401.916503908E-03
-1.052500E-06,+4.849246151747E+00,-376.884542404E-03,-175.879515706E-03,+201.110839844E-03
-1.050000E-06,+4.748743638396E+00,-477.387055753E-03,-276.382029057E-03,+201.110839842E-03
-1.047500E-06,+4.949748665094E+00,-577.889569105E-03,-477.387055755E-03,+100.708007814E-03
-1.045000E-06,+4.949748665094E+00,-477.387055755E-03,-678.392082453E-03,-200.500488281E-03
-1.042500E-06,+4.949748665094E+00,-477.387055755E-03,-778.894595803E-03,-300.903320314E-03
-1.040000E-06,+4.949748665094E+00,-678.392082453E-03,-678.392082454E-03,+305.175780E-06
-1.037500E-06,+4.949748665094E+00,-477.387055755E-03,-879.397109151E-03,-401.306152344E-03
-1.035000E-06,+4.748743638396E+00,-477.387055756E-03,-1.080402135848E+00,-602.111816404E-03
-1.032500E-06,+4.748743638396E+00,-778.894595800E-03,-879.397109151E-03,-100.097656251E-03
-1.030000E-06,+4.949748665093E+00,-678.392082451E-03,-879.397109151E-03,-200.500488283E-03
-1.027500E-06,+4.849246151747E+00,-477.387055755E-03,-778.894595800E-03,-300.903320311E-03
-1.025000E-06,+4.346733585003E+00,-678.392082451E-03,-879.397109149E-03,-200.500488281E-03
-1.022500E-06,+4.648241125046E+00,-577.889569102E-03,-879.397109151E-03,-300.903320314E-03
-1.020000E-06,+4.748743638396E+00,-678.392082451E-03,-879.397109151E-03,-200.500488283E-03
-1.017500E-06,+4.748743638396E+00,-577.889569102E-03,-879.397109151E-03,-300.903320314E-03
-1.015000E-06,+4.547738611700E+00,-477.387055757E-03,-879.397109149E-03,-401.306152340E-03
-1.012500E-06,+4.849246151747E+00,-477.387055755E-03,-979.899622499E-03,-501.708984374E-03
-1.010000E-06,+4.748743638396E+00,-477.387055755E-03,-1.080402135849E+00,-602.111816406E-03
-1.007500E-06,+4.748743638396E+00,-577.889569105E-03,-1.080402135849E+00,-501.708984374E-03
-1.005000E-06,+4.547738611698E+00,-477.387055755E-03,-1.281407162547E+00,-802.917480469E-03
-1.002500E-06,+4.648241125049E+00,-678.392082453E-03,-1.281407162547E+00,-602.111816406E-03
-1.000000E-06,+4.748743638395E+00,-879.397109151E-03,-1.281407162549E+00,-401.306152345E-03
-997.500E-09,+4.748743638396E+00,-678.392082453E-03,-1.381909675895E+00,-702.514648436E-03
-995.000E-09,+4.547738611698E+00,-678.392082454E-03,-1.482412189245E+00,-802.917480467E-03
-992.500E-09,+4.547738611698E+00,-778.894595800E-03,-1.582914702596E+00,-802.917480472E-03
-990.000E-09,+4.748743638396E+00,-678.392082451E-03,-1.482412189245E+00,-802.917480470E-03
-987.500E-09,+4.849246151744E+00,-778.894595803E-03,-1.683417215943E+00,-903.320312499E-03
-985.000E-09,+4.949748665094E+00,-1.080402135846E+00,-1.683417215943E+00,-602.111816409E-03
-982.500E-09,+4.849246151744E+00,-678.392082453E-03,-1.482412189245E+00,-802.917480469E-03
-980.000E-09,+4.949748665094E+00,-477.387055755E-03,-1.482412189247E+00,-1.003723144533E+00
-977.500E-09,+4.849246151747E+00,-778.894595800E-03,-1.482412189245E+00,-702.514648439E-03
-975.000E-09,+4.748743638395E+00,-477.387055758E-03,-1.482412189245E+00,-1.003723144528E+00
-972.500E-09,+4.849246151747E+00,-678.392082453E-03,-1.381909675898E+00,-702.514648439E-03
-970.000E-09,+4.748743638396E+00,-477.387055756E-03,-1.281407162549E+00,-802.917480469E-03
-967.500E-09,+5.050251178442E+00,-678.392082456E-03,-1.180904649200E+00,-501.708984373E-03
-965.000E-09,+5.150753691792E+00,-477.387055756E-03,-1.080402135849E+00,-602.111816405E-03
-962.500E-09,+5.150753691792E+00,-577.889569105E-03,-1.080402135849E+00,-501.708984373E-03
-960.000E-09,+4.949748665094E+00,-477.387055756E-03,-879.397109152E-03,-401.306152344E-03
-957.500E-09,+4.849246151744E+00,-477.387055755E-03,-979.899622501E-03,-501.708984377E-03
-955.000E-09,+4.748743638398E+00,-477.387055755E-03,-879.397109151E-03,-401.306152344E-03
-952.500E-09,+4.748743638396E+00,-678.392082453E-03,-778.894595803E-03,-100.097656252E-03
-950.000E-09,+4.748743638398E+00,-477.387055755E-03,-879.397109149E-03,-401.306152342E-03
-947.500E-09,+4.748743638396E+00,-477.387055755E-03,-678.392082453E-03,-200.500488281E-03
-945.000E-09,+4.748743638396E+00,-678.392082451E-03,-477.387055753E-03,+201.110839844E-03
-942.500E-09,+4.949748665094E+00,-376.884542404E-03,-376.884542404E-03,+305.175781E-06
-940.000E-09,+4.748743638398E+00,-477.387055756E-03,-276.382029057E-03,+201.110839845E-03
-937.500E-09,+4.849246151747E+00,-577.889569102E-03,-75.377002358E-03,+502.319335936E-03
-935.000E-09,+4.748743638398E+00,-276.382029058E-03,-75.377002358E-03,+201.110839845E-03
-932.500E-09,+4.648241125046E+00,-376.884542404E-03,-75.377002358E-03,+301.513671873E-03
-930.000E-09,+4.748743638396E+00,-276.382029058E-03,-75.377002358E-03,+201.110839845E-03
-927.500E-09,+4.547738611698E+00,-376.884542407E-03,+125.628024340E-03,+502.319335939E-03
-925.000E-09,+4.748743638396E+00,-276.382029058E-03,-75.377002358E-03,+201.110839845E-03
-922.500E-09,+4.748743638396E+00,-477.387055755E-03,+226.130537687E-03,+703.124999998E-03
-920.000E-09,+4.748743638395E+00,-477.387055755E-03,+326.633051036E-03,+803.527832030E-03
-917.500E-09,+4.949748665091E+00,-376.884542407E-03,+125.628024340E-03,+502.319335939E-03
-915.000E-09,+4.748743638396E+00,-477.387055755E-03,+125.628024341E-03,+602.722167970E-03
-912.500E-09,+4.648241125046E+00,-577.889569105E-03,+226.130537690E-03,+803.527832034E-03
-910.000E-09,+4.949748665093E+00,-477.387055753E-03,+125.628024343E-03,+602.722167970E-03
-907.500E-09,+4.648241125049E+00,-477.387055755E-03,+125.628024340E-03,+602.722167969E-03
-905.000E-09,+4.748743638396E+00,-678.392082449E-03,+125.628024340E-03,+803.527832028E-03
-902.500E-09,+4.748743638396E+00,-376.884542404E-03,+226.130537687E-03,+602.722167965E-03
-900.000E-09,+4.748743638396E+00,-477.387055753E-03,+125.628024340E-03,+602.722167967E-03
-897.500E-09,+4.748743638396E+00,-577.889569102E-03,+125.628024340E-03,+703.124999998E-03
-895.000E-09,+4.748743638396E+00,-477.387055755E-03,+125.628024340E-03,+602.722167969E-03
-892.500E-09,+4.849246151747E+00,-477.387055755E-03,-75.377002358E-03,+401.916503906E-03
-890.000E-09,+4.748743638395E+00,-276.382029058E-03,-75.377002358E-03,+201.110839845E-03
-887.500E-09,+4.849246151747E+00,-577.889569105E-03,-75.377002358E-03,+502.319335939E-03
-885.000E-09,+4.949748665094E+00,-477.387055756E-03,-75.377002360E-03,+401.916503906E-03
-882.500E-09,+4.949748665094E+00,-477.387055758E-03,-75.377002358E-03,+401.916503910E-03
-880.000E-09,+4.748743638398E+00,-678.392082453E-03,-276.382029055E-03,+401.916503908E-03
-877.500E-09,+4.748743638396E+00,-376.884542407E-03,-376.884542404E-03,+305.175785E-06
-875.000E-09,+4.748743638396E+00,-678.392082451E-03,-276.382029057E-03,+401.916503905E-03
-872.500E-09,+4.547738611698E+00,-678.392082453E-03,-276.382029057E-03,+401.916503906E-03
-870.000E-09,+4.748743638396E+00,-477.387055755E-03,-477.387055755E-03,+305.175781E-06
-867.500E-09,+4.748743638396E+00,-577.889569102E-03,-577.889569102E-03,+305.175781E-06
-865.000E-09,+4.547738611700E+00,-678.392082451E-03,-477.387055756E-03,+201.110839840E-03
-862.500E-09,+4.648241125049E+00,-477.387055755E-03,-678.392082453E-03,-200.500488281E-03
-860.000E-09,+4.748743638395E+00,-477.387055756E-03,-678.392082455E-03,-200.500488281E-03
-857.500E-09,+4.648241125049E+00,-778.894595800E-03,-879.397109151E-03,-100.097656252E-03
-855.000E-09,+4.748743638396E+00,-678.392082453E-03,-879.397109151E-03,-200.500488281E-03
-852.500E-09,+4.849246151747E+00,-477.387055755E-03,-1.080402135849E+00,-602.111816406E-03
-850.000E-09,+4.748743638396E+00,-477.387055756E-03,-1.080402135851E+00,-602.111816406E-03
-847.500E-09,+4.748743638396E+00,-778.894595804E-03,-1.080402135849E+00,-300.903320311E-03
-845.000E-09,+4.547738611700E+00,-678.392082453E-03,-1.281407162547E+00,-602.111816406E-03
-842.500E-09,+4.748743638396E+00,-778.894595804E-03,-1.381909675898E+00,-602.111816406E-03
-840.000E-09,+4.748743638396E+00,-879.397109151E-03,-1.281407162547E+00,-401.306152344E-03
-837.500E-09,+4.849246151744E+00,-678.392082453E-03,-1.281407162547E+00,-602.111816406E-03
-835.000E-09,+4.748743638396E+00,-678.392082455E-03,-1.683417215940E+00,-1.003723144526E+00
-832.500E-09,+4.849246151744E+00,-879.397109151E-03,-1.381909675894E+00,-501.708984373E-03
-830.000E-09,+4.949748665093E+00,-678.392082453E-03,-1.482412189245E+00,-802.917480469E-03
-827.500E-09,+4.748743638396E+00,-778.894595804E-03,-1.381909675894E+00,-602.111816403E-03
-825.000E-09,+4.748743638396E+00,-879.397109149E-03,-1.281407162547E+00,-401.306152346E-03
-822.500E-09,+4.748743638396E+00,-678.392082453E-03,-1.381909675898E+00,-702.514648439E-03
-820.000E-09,+4.748743638396E+00,-678.392082453E-03,-1.281407162547E+00,-602.111816406E-03
-817.500E-09,+4.648241125049E+00,-678.392082453E-03,-1.281407162547E+00,-602.111816406E-03
-815.000E-09,+4.748743638396E+00,-678.392082453E-03,-1.281407162547E+00,-602.111816406E-03
-812.500E-09,+4.849246151747E+00,-577.889569102E-03,-1.180904649200E+00,-602.111816410E-03
-810.000E-09,+4.748743638396E+00,-678.392082453E-03,-1.281407162547E+00,-602.111816406E-03
-807.500E-09,+4.949748665094E+00,-577.889569106E-03,-1.080402135849E+00,-501.708984373E-03
-805.000E-09,+4.949748665094E+00,-477.387055756E-03,-1.080402135851E+00,-602.111816406E-03
-802.500E-09,+4.648241125045E+00,-577.889569102E-03,-1.080402135849E+00,-501.708984377E-03
-800.000E-09,+4.547738611700E+00,-678.392082453E-03,-879.397109151E-03,-200.500488281E-03
-797.500E-09,+4.648241125049E+00,-577.889569106E-03,-979.899622502E-03,-401.306152344E-03
-795.000E-09,+4.748743638394E+00,-477.387055756E-03,-879.397109149E-03,-401.306152340E-03
-792.500E-09,+4.748743638396E+00,-678.392082453E-03,-778.894595804E-03,-100.097656252E-03
-790.000E-09,+4.748743638396E+00,-477.387055755E-03,-678.392082453E-03,-200.500488281E-03
-787.500E-09,+4.748743638396E+00,-477.387055755E-03,-477.387055755E-03,+305.175781E-06
-785.000E-09,+4.748743638396E+00,-678.392082451E-03,-477.387055755E-03,+201.110839842E-03
-782.500E-09,+4.849246151743E+00,-477.387055755E-03,-477.387055755E-03,+305.175781E-06
-780.000E-09,+4.748743638398E+00,-678.392082451E-03,-477.387055755E-03,+201.110839842E-03
-777.500E-09,+4.849246151747E+00,-577.889569102E-03,-276.382029057E-03,+301.513671873E-03
-775.000E-09,+5.150753691791E+00,-477.387055758E-03,-477.387055755E-03,+305.175785E-06
-772.500E-09,+5.251256205143E+00,-477.387055755E-03,-376.884542407E-03,+100.708007811E-03
-770.000E-09,+4.748743638398E+00,-477.387055755E-03,-276.382029057E-03,+201.110839844E-03
-767.500E-09,+4.648241125045E+00,-577.889569106E-03,-175.879515706E-03,+401.916503910E-03
-765.000E-09,+4.949748665093E+00,-477.387055755E-03,-276.382029057E-03,+201.110839844E-03
-762.500E-09,+4.648241125045E+00,-477.387055755E-03,-276.382029057E-03,+201.110839844E-03
-760.000E-09,+4.748743638396E+00,-678.392082453E-03,-276.382029055E-03,+401.916503908E-03
-757.500E-09,+4.748743638396E+00,-276.382029057E-03,-276.382029057E-03,+305.175781E-06
-755.000E-09,+4.748743638396E+00,-477.387055755E-03,-276.382029055E-03,+201.110839846E-03
-752.500E-09,+4.748743638396E+00,-577.889569106E-03,-75.377002358E-03,+502.319335939E-03
-750.000E-09,+4.748743638396E+00,-477.387055753E-03,-276.382029057E-03,+201.110839842E-03
-747.500E-09,+4.748743638396E+00,-477.387055755E-03,-75.377002358E-03,+401.916503906E-03
-745.000E-09,+4.748743638396E+00,-678.392082451E-03,-75.377002358E-03,+602.722167967E-03
-742.500E-09,+4.648241125049E+00,-577.889569102E-03,-175.879515706E-03,+401.916503906E-03
-740.000E-09,+4.748743638398E+00,-477.387055755E-03,-75.377002358E-03,+401.916503906E-03
-737.500E-09,+4.748743638396E+00,-577.889569102E-03,-175.879515706E-03,+401.916503906E-03
-735.000E-09,+4.949748665092E+00,-477.387055757E-03,-276.382029057E-03,+201.110839846E-03
-732.500E-09,+4.748743638396E+00,-477.387055755E-03,-376.884542408E-03,+100.708007811E-03
-730.000E-09,+4.748743638398E+00,-477.387055755E-03,-276.382029059E-03,+201.110839842E-03
-727.500E-09,+4.849246151743E+00,-678.392082457E-03,-276.382029057E-03,+401.916503910E-03
-725.000E-09,+4.949748665094E+00,-477.387055757E-03,-477.387055755E-03,+305.175783E-06
-722.500E-09,+4.849246151743E+00,-577.889569102E-03,-577.889569106E-03,+305.175777E-06
-720.000E-09,+4.547738611700E+00,-678.392082453E-03,-276.382029059E-03,+401.916503904E-03
-717.500E-09,+4.949748665094E+00,-678.392082453E-03,-678.392082453E-03,+305.175781E-06
-715.000E-09,+4.748743638396E+00,-477.387055755E-03,-678.392082451E-03,-200.500488279E-03
-712.500E-09,+4.849246151747E+00,-678.392082453E-03,-477.387055755E-03,+201.110839844E-03
-710.000E-09,+4.748743638396E+00,-678.392082451E-03,-678.392082453E-03,+305.175779E-06
-707.500E-09,+4.849246151747E+00,-577.889569106E-03,-778.894595800E-03,-200.500488277E-03
-705.000E-09,+4.748743638396E+00,-678.392082451E-03,-879.397109149E-03,-200.500488281E-03
-702.500E-09,+4.748743638396E+00,-577.889569102E-03,-879.397109151E-03,-300.903320315E-03
-700.000E-09,+4.748743638396E+00,-477.387055755E-03,-678.392082453E-03,-200.500488281E-03
-697.500E-09,+4.547738611702E+00,-678.392082453E-03,-778.894595800E-03,-100.097656248E-03
-695.000E-09,+4.748743638396E+00,-678.392082455E-03,-879.397109149E-03,-200.500488277E-03
-692.500E-09,+4.849246151743E+00,-678.392082453E-03,-879.397109151E-03,-200.500488281E-03
-690.000E-09,+4.949748665092E+00,-477.387055757E-03,-1.080402135849E+00,-602.111816404E-03
-687.500E-09,+4.748743638396E+00,-577.889569106E-03,-979.899622498E-03,-401.306152340E-03
-685.000E-09,+4.949748665092E+00,-678.392082453E-03,-1.080402135847E+00,-401.306152342E-03
-682.500E-09,+4.748743638396E+00,-577.889569102E-03,-1.080402135849E+00,-501.708984377E-03
-680.000E-09,+4.748743638396E+00,-879.397109151E-03,-879.397109151E-03,+305.175781E-06
-677.500E-09,+4.748743638396E+00,-577.889569106E-03,-1.080402135849E+00,-501.708984373E-03
-675.000E-09,+4.547738611700E+00,-477.387055755E-03,-1.281407162545E+00,-802.917480467E-03
-672.500E-09,+4.748743638396E+00,-678.392082453E-03,-979.899622502E-03,-300.903320315E-03
-670.000E-09,+4.949748665092E+00,-477.387055755E-03,-1.080402135849E+00,-602.111816406E-03
-667.500E-09,+5.050251178441E+00,-577.889569106E-03,-1.080402135849E+00,-501.708984373E-03
-665.000E-09,+4.547738611702E+00,-879.397109149E-03,-1.080402135849E+00,-200.500488283E-03
-662.500E-09,+4.849246151743E+00,-678.392082453E-03,-1.180904649196E+00,-501.708984373E-03
-660.000E-09,+4.949748665094E+00,-678.392082451E-03,-1.080402135849E+00,-401.306152346E-03
-657.500E-09,+4.949748665094E+00,-778.894595800E-03,-1.080402135849E+00,-300.903320315E-03
-655.000E-09,+4.748743638398E+00,-477.387055757E-03,-879.397109151E-03,-401.306152342E-03
-652.500E-09,+4.748743638396E+00,-778.894595800E-03,-879.397109151E-03,-100.097656252E-03
-650.000E-09,+4.748743638398E+00,-477.387055755E-03,-879.397109153E-03,-401.306152346E-03
-647.500E-09,+4.849246151743E+00,-577.889569110E-03,-879.397109151E-03,-300.903320306E-03
-645.000E-09,+4.949748665094E+00,-477.387055757E-03,-879.397109153E-03,-401.306152344E-03
-642.500E-09,+4.748743638396E+00,-577.889569102E-03,-879.397109151E-03,-300.903320315E-03
-640.000E-09,+4.949748665092E+00,-879.397109149E-03,-678.392082455E-03,+201.110839839E-03
-637.500E-09,+4.949748665094E+00,-678.392082453E-03,-778.894595800E-03,-100.097656248E-03
-635.000E-09,+4.748743638396E+00,-477.387055755E-03,-879.397109149E-03,-401.306152342E-03
-632.500E-09,+4.748743638396E+00,-778.894595800E-03,-678.392082453E-03,+100.708007810E-03
-630.000E-09,+4.949748665092E+00,-678.392082448E-03,-678.392082453E-03,+305.175777E-06
-627.500E-09,+4.748743638396E+00,-577.889569106E-03,-678.392082453E-03,-100.097656248E-03
-625.000E-09,+4.748743638396E+00,-678.392082451E-03,-477.387055757E-03,+201.110839839E-03
-622.500E-09,+4.849246151747E+00,-577.889569102E-03,-678.392082453E-03,-100.097656252E-03
-620.000E-09,+4.748743638396E+00,-477.387055755E-03,-477.387055757E-03,+305.175779E-06
-617.500E-09,+4.849246151748E+00,-678.392082453E-03,-477.387055755E-03,+201.110839844E-03
-615.000E-09,+5.150753691790E+00,-477.387055757E-03,-477.387055755E-03,+305.175783E-06
-612.500E-09,+4.748743638396E+00,-477.387055755E-03,-477.387055755E-03,+305.175781E-06
-610.000E-09,+4.748743638398E+00,-678.392082451E-03,-477.387055757E-03,+201.110839839E-03
-607.500E-09,+4.849246151743E+00,-477.387055759E-03,-477.387055755E-03,+305.175786E-06
-605.000E-09,+4.949748665094E+00,-477.387055755E-03,-477.387055757E-03,+305.175779E-06
-602.500E-09,+4.849246151748E+00,-577.889569102E-03,-477.387055759E-03,+100.708007806E-03
-600.000E-09,+4.748743638396E+00,-678.392082453E-03,-276.382029057E-03,+401.916503906E-03
-597.500E-09,+4.949748665094E+00,-577.889569106E-03,-477.387055755E-03,+100.708007815E-03
-595.000E-09,+4.949748665092E+00,-477.387055757E-03,-276.382029059E-03,+201.110839844E-03
-592.500E-09,+4.748743638396E+00,-577.889569106E-03,-477.387055755E-03,+100.708007815E-03
-590.000E-09,+4.748743638399E+00,-477.387055755E-03,-477.387055755E-03,+305.175781E-06
-587.500E-09,+4.849246151748E+00,-477.387055755E-03,-477.387055755E-03,+305.175781E-06
-585.000E-09,+4.547738611700E+00,-678.392082451E-03,-477.387055752E-03,+201.110839844E-03
-582.500E-09,+4.949748665094E+00,-477.387055750E-03,-477.387055755E-03,+305.175777E-06
-580.000E-09,+4.748743638399E+00,-477.387055755E-03,-477.387055752E-03,+305.175783E-06
-577.500E-09,+4.949748665094E+00,-477.387055750E-03,-376.884542403E-03,+100.708007810E-03
-575.000E-09,+4.748743638396E+00,-477.387055757E-03,-477.387055752E-03,+305.175786E-06
-572.500E-09,+4.949748665094E+00,-477.387055755E-03,-376.884542408E-03,+100.708007810E-03
-570.000E-09,+4.949748665092E+00,-678.392082450E-03,-477.387055755E-03,+201.110839841E-03
-567.500E-09,+4.849246151743E+00,-477.387055755E-03,-276.382029057E-03,+201.110839844E-03
-565.000E-09,+4.748743638399E+00,-477.387055755E-03,-477.387055755E-03,+305.175781E-06
-562.500E-09,+4.849246151748E+00,-477.387055755E-03,-477.387055755E-03,+305.175781E-06
-560.000E-09,+4.748743638396E+00,-678.392082453E-03,-477.387055752E-03,+201.110839846E-03
-557.500E-09,+4.949748665094E+00,-577.889569106E-03,-477.387055755E-03,+100.708007815E-03
-555.000E-09,+4.949748665094E+00,-477.387055755E-03,-879.397109149E-03,-401.306152341E-03
-552.500E-09,+4.748743638396E+00,-678.392082453E-03,-477.387055755E-03,+201.110839844E-03
-550.000E-09,+4.748743638399E+00,-477.387055755E-03,-678.392082453E-03,-200.500488281E-03
-547.500E-09,+4.748743638396E+00,-678.392082453E-03,-778.894595800E-03,-100.097656248E-03
-545.000E-09,+4.748743638396E+00,-678.392082450E-03,-477.387055755E-03,+201.110839841E-03
-542.500E-09,+4.748743638396E+00,-577.889569101E-03,-778.894595800E-03,-200.500488281E-03
-540.000E-09,+4.748743638399E+00,-678.392082450E-03,-678.392082453E-03,+305.175779E-06
-537.500E-09,+4.748743638396E+00,-678.392082453E-03,-678.392082448E-03,+305.175786E-06
-535.000E-09,+4.748743638396E+00,-477.387055757E-03,-678.392082450E-03,-200.500488277E-03
-532.500E-09,+4.748743638396E+00,-477.387055755E-03,-778.894595804E-03,-300.903320315E-03
-530.000E-09,+4.748743638396E+00,-678.392082450E-03,-678.392082455E-03,+305.175777E-06
-527.500E-09,+4.748743638396E+00,-678.392082457E-03,-678.392082453E-03,+305.175786E-06
-525.000E-09,+4.748743638396E+00,-477.387055757E-03,-879.397109151E-03,-401.306152341E-03
-522.500E-09,+4.849246151748E+00,-577.889569106E-03,-879.397109151E-03,-300.903320310E-03
-520.000E-09,+4.949748665092E+00,-678.392082453E-03,-879.397109151E-03,-200.500488281E-03
-517.500E-09,+4.949748665090E+00,-477.387055755E-03,-879.397109151E-03,-401.306152344E-03
-515.000E-09,+4.748743638396E+00,-477.387055755E-03,-879.397109149E-03,-401.306152341E-03
-512.500E-09,+4.748743638396E+00,-778.894595804E-03,-879.397109156E-03,-100.097656252E-03
-510.000E-09,+4.949748665092E+00,-678.392082450E-03,-879.397109151E-03,-200.500488284E-03
-507.500E-09,+4.748743638396E+00,-577.889569101E-03,-778.894595799E-03,-200.500488281E-03
-505.000E-09,+4.949748665092E+00,-678.392082450E-03,-879.397109151E-03,-200.500488284E-03
-502.500E-09,+4.748743638396E+00,-577.889569101E-03,-879.397109151E-03,-300.903320315E-03
-500.000E-09,+4.949748665094E+00,-879.397109149E-03,-879.397109151E-03,+305.175779E-06
-497.500E-09,+4.748743638396E+00,-577.889569101E-03,-1.080402135849E+00,-501.708984377E-03
-495.000E-09,+4.748743638396E+00,-477.387055757E-03,-1.080402135847E+00,-602.111816401E-03
-492.500E-09,+4.648241125050E+00,-477.387055755E-03,-879.397109151E-03,-401.306152344E-03
-490.000E-09,+4.748743638396E+00,-477.387055755E-03,-879.397109151E-03,-401.306152344E-03
-487.500E-09,+4.547738611698E+00,-577.889569106E-03,-879.397109151E-03,-300.903320310E-03
-485.000E-09,+4.748743638396E+00,-477.387055755E-03,-879.397109151E-03,-401.306152344E-03
-482.500E-09,+4.748743638396E+00,-678.392082453E-03,-979.899622502E-03,-300.903320315E-03
-480.000E-09,+4.748743638394E+00,-678.392082453E-03,-879.397109151E-03,-200.500488281E-03
-477.500E-09,+4.748743638396E+00,-577.889569101E-03,-778.894595804E-03,-200.500488286E-03
-475.000E-09,+4.949748665092E+00,-477.387055757E-03,-879.397109148E-03,-401.306152339E-03
-472.500E-09,+4.748743638396E+00,-879.397109151E-03,-778.894595804E-03,+100.708007810E-03
-470.000E-09,+4.748743638396E+00,-678.392082450E-03,-678.392082453E-03,+305.175779E-06
-467.500E-09,+4.748743638396E+00,-477.387055755E-03,-778.894595799E-03,-300.903320310E-03
-465.000E-09,+4.748743638396E+00,-678.392082450E-03,-879.397109151E-03,-200.500488284E-03
-462.500E-09,+4.748743638396E+00,-477.387055755E-03,-678.392082453E-03,-200.500488281E-03
-460.000E-09,+4.748743638399E+00,-477.387055755E-03,-678.392082453E-03,-200.500488281E-03
-457.500E-09,+4.748743638396E+00,-577.889569101E-03,-577.889569106E-03,+305.175776E-06
-455.000E-09,+4.748743638396E+00,-477.387055757E-03,-678.392082450E-03,-200.500488276E-03
-452.500E-09,+4.748743638396E+00,-477.387055755E-03,-577.889569106E-03,-100.097656252E-03
-450.000E-09,+4.748743638396E+00,-678.392082450E-03,-678.392082453E-03,+305.175779E-06
-447.500E-09,+4.648241125045E+00,-577.889569106E-03,-477.387055755E-03,+100.708007815E-03
-445.000E-09,+4.748743638396E+00,-276.382029059E-03,-477.387055757E-03,-200.500488281E-03
-442.500E-09,+4.849246151748E+00,-577.889569101E-03,-477.387055755E-03,+100.708007810E-03
-440.000E-09,+4.748743638394E+00,-477.387055757E-03,-276.382029059E-03,+201.110839844E-03
-437.500E-09,+4.748743638396E+00,-477.387055755E-03,-477.387055755E-03,+305.175781E-06
-435.000E-09,+4.748743638396E+00,-477.387055755E-03,-276.382029057E-03,+201.110839844E-03
-432.500E-09,+4.748743638391E+00,-577.889569106E-03,-276.382029057E-03,+301.513671878E-03
-430.000E-09,+4.949748665094E+00,-477.387055755E-03,-276.382029059E-03,+201.110839841E-03
-427.500E-09,+4.648241125045E+00,-376.884542403E-03,-477.387055755E-03,-100.097656253E-03
-425.000E-09,+4.748743638394E+00,-678.392082450E-03,-276.382029057E-03,+401.916503904E-03
-422.500E-09,+4.748743638396E+00,-376.884542403E-03,-477.387055755E-03,-100.097656253E-03
-420.000E-09,+4.748743638396E+00,-477.387055752E-03,-276.382029059E-03,+201.110839839E-03
-417.500E-09,+4.648241125050E+00,-577.889569101E-03,-376.884542403E-03,+201.110839844E-03
-415.000E-09,+4.748743638394E+00,-276.382029059E-03,-477.387055752E-03,-200.500488276E-03
-412.500E-09,+4.849246151748E+00,-577.889569101E-03,-376.884542408E-03,+201.110839839E-03
-410.000E-09,+4.748743638396E+00,-678.392082450E-03,-477.387055755E-03,+201.110839841E-03
-407.500E-09,+4.748743638396E+00,-577.889569106E-03,-477.387055755E-03,+100.708007815E-03
-405.000E-09,+4.949748665094E+00,-477.387055757E-03,-477.387055755E-03,+305.175784E-06
-402.500E-09,+4.748743638396E+00,-477.387055755E-03,-376.884542403E-03,+100.708007815E-03
-400.000E-09,+4.748743638396E+00,-678.392082453E-03,-477.387055755E-03,+201.110839844E-03
-397.500E-09,+4.748743638396E+00,-678.392082453E-03,-577.889569101E-03,+100.708007815E-03
-395.000E-09,+4.748743638396E+00,-477.387055755E-03,-678.392082450E-03,-200.500488279E-03
-392.500E-09,+4.748743638396E+00,-678.392082453E-03,-477.387055755E-03,+201.110839844E-03
-390.000E-09,+4.748743638399E+00,-678.392082450E-03,-678.392082453E-03,+305.175779E-06
-387.500E-09,+4.748743638396E+00,-477.387055755E-03,-577.889569106E-03,-100.097656253E-03
-385.000E-09,+4.547738611701E+00,-678.392082450E-03,-879.397109146E-03,-200.500488279E-03
-382.500E-09,+4.648241125045E+00,-577.889569101E-03,-678.392082453E-03,-100.097656253E-03
-380.000E-09,+4.748743638396E+00,-678.392082453E-03,-678.392082453E-03,+305.175781E-06
-377.500E-09,+4.849246151748E+00,-678.392082447E-03,-678.392082453E-03,+305.175776E-06
-375.000E-09,+4.949748665092E+00,-678.392082453E-03,-879.397109148E-03,-200.500488279E-03
-372.500E-09,+4.849246151748E+00,-477.387055755E-03,-778.894595804E-03,-300.903320315E-03
-370.000E-09,+4.748743638396E+00,-477.387055755E-03,-678.392082455E-03,-200.500488284E-03
-367.500E-09,+4.748743638396E+00,-577.889569106E-03,-678.392082453E-03,-100.097656247E-03
-365.000E-09,+4.949748665092E+00,-477.387055757E-03,-879.397109148E-03,-401.306152338E-03
-362.500E-09,+4.849246151748E+00,-577.889569101E-03,-778.894595804E-03,-200.500488287E-03
-360.000E-09,+4.748743638396E+00,-678.392082453E-03,-678.392082455E-03,+305.175779E-06
-357.500E-09,+4.849246151743E+00,-577.889569106E-03,-979.899622503E-03,-401.306152344E-03
-355.000E-09,+4.748743638396E+00,-678.392082453E-03,-1.080402135846E+00,-401.306152341E-03
-352.500E-09,+4.547738611693E+00,-678.392082453E-03,-879.397109151E-03,-200.500488281E-03
-350.000E-09,+4.748743638399E+00,-678.392082450E-03,-879.397109151E-03,-200.500488284E-03
-347.500E-09,+4.748743638396E+00,-477.387055755E-03,-979.899622497E-03,-501.708984372E-03
-345.000E-09,+4.547738611704E+00,-678.392082450E-03,-1.080402135846E+00,-401.306152344E-03
-342.500E-09,+4.748743638396E+00,-678.392082453E-03,-879.397109151E-03,-200.500488281E-03
-340.000E-09,+4.748743638399E+00,-678.392082447E-03,-879.397109151E-03,-200.500488287E-03
-337.500E-09,+4.648241125050E+00,-678.392082453E-03,-778.894595799E-03,-100.097656247E-03
-335.000E-09,+4.748743638394E+00,-477.387055757E-03,-879.397109151E-03,-401.306152341E-03
-332.500E-09,+4.849246151748E+00,-577.889569106E-03,-778.894595805E-03,-200.500488281E-03
-330.000E-09,+4.748743638396E+00,-477.387055755E-03,-879.397109151E-03,-401.306152344E-03
-327.500E-09,+4.648241125044E+00,-778.894595805E-03,-778.894595799E-03,+305.175787E-06
-325.000E-09,+4.949748665092E+00,-477.387055757E-03,-879.397109151E-03,-401.306152341E-03
-322.500E-09,+4.849246151743E+00,-678.392082453E-03,-778.894595805E-03,-100.097656253E-03
-320.000E-09,+4.949748665092E+00,-678.392082456E-03,-678.392082456E-03,+305.175781E-06
-317.500E-09,+4.949748665094E+00,-678.392082458E-03,-778.894595799E-03,-100.097656242E-03
-315.000E-09,+4.748743638396E+00,-477.387055757E-03,-879.397109151E-03,-401.306152341E-03
-312.500E-09,+4.547738611698E+00,-879.397109151E-03,-678.392082453E-03,+201.110839844E-03
-310.000E-09,+4.949748665092E+00,-678.392082450E-03,-678.392082453E-03,+305.175779E-06
-307.500E-09,+4.849246151748E+00,-477.387055755E-03,-678.392082453E-03,-200.500488281E-03
-305.000E-09,+4.547738611704E+00,-678.392082450E-03,-678.392082450E-03,+305.175781E-06
-302.500E-09,+4.748743638396E+00,-376.884542403E-03,-678.392082453E-03,-300.903320315E-03
-300.000E-09,+4.748743638399E+00,-477.387055755E-03,-678.392082456E-03,-200.500488284E-03
-297.500E-09,+4.648241125050E+00,-577.889569101E-03,-376.884542403E-03,+201.110839844E-03
-295.000E-09,+4.748743638396E+00,-477.387055760E-03,-678.392082450E-03,-200.500488273E-03
-292.500E-09,+4.648241125050E+00,-477.387055755E-03,-678.392082453E-03,-200.500488281E-03
-290.000E-09,+4.748743638396E+00,-678.392082453E-03,-477.387055760E-03,+201.110839838E-03
-287.500E-09,+4.849246151748E+00,-477.387055760E-03,-477.387055755E-03,+305.175787E-06
-285.000E-09,+5.150753691790E+00,-477.387055755E-03,-477.387055757E-03,+305.175778E-06
-282.500E-09,+4.748743638396E+00,-577.889569101E-03,-477.387055755E-03,+100.708007810E-03
-280.000E-09,+4.748743638396E+00,-678.392082453E-03,-477.387055755E-03,+201.110839844E-03
-277.500E-09,+4.748743638396E+00,-577.889569107E-03,-678.392082453E-03,-100.097656247E-03
-275.000E-09,+4.547738611701E+00,-678.392082450E-03,-678.392082450E-03,+305.175781E-06
-272.500E-09,+4.648241125044E+00,-778.894595805E-03,-477.387055755E-03,+301.513671878E-03
-270.000E-09,+4.748743638393E+00,-678.392082450E-03,-678.392082450E-03,+305.175781E-06
-267.500E-09,+4.849246151742E+00,-577.889569107E-03,-477.387055755E-03,+100.708007815E-03
-265.000E-09,+4.949748665094E+00,-678.392082450E-03,-477.387055757E-03,+201.110839838E-03
-262.500E-09,+4.648241125044E+00,-577.889569107E-03,-477.387055755E-03,+100.708007815E-03
-260.000E-09,+4.748743638396E+00,-477.387055755E-03,-477.387055755E-03,+305.175781E-06
-257.500E-09,+4.648241125050E+00,-678.392082447E-03,-477.387055755E-03,+201.110839838E-03
-255.000E-09,+4.748743638393E+00,-477.387055757E-03,-477.387055755E-03,+305.175784E-06
-252.500E-09,+4.849246151742E+00,-577.889569101E-03,-477.387055760E-03,+100.708007804E-03
-250.000E-09,+4.748743638396E+00,-477.387055755E-03,-477.387055755E-03,+305.175781E-06
-247.500E-09,+4.648241125044E+00,-577.889569107E-03,-577.889569101E-03,+305.175787E-06
-245.000E-09,+4.949748665094E+00,-477.387055755E-03,-678.392082453E-03,-200.500488281E-03
-242.500E-09,+4.748743638396E+00,-477.387055755E-03,-577.889569107E-03,-100.097656253E-03
-240.000E-09,+4.748743638393E+00,-879.397109148E-03,-477.387055755E-03,+401.916503903E-03
-237.500E-09,+4.949748665094E+00,-577.889569107E-03,-678.392082453E-03,-100.097656247E-03
-235.000E-09,+4.748743638399E+00,-477.387055758E-03,-678.392082450E-03,-200.500488275E-03
-232.500E-09,+4.748743638396E+00,-678.392082453E-03,-477.387055755E-03,+201.110839844E-03
-230.000E-09,+4.748743638396E+00,-477.387055755E-03,-477.387055758E-03,+305.175778E-06
-227.500E-09,+4.748743638396E+00,-577.889569107E-03,-678.392082453E-03,-100.097656247E-03
-225.000E-09,+4.748743638396E+00,-678.392082453E-03,-477.387055758E-03,+201.110839841E-03
-222.500E-09,+4.849246151748E+00,-577.889569101E-03,-678.392082453E-03,-100.097656253E-03
-220.000E-09,+4.949748665094E+00,-678.392082450E-03,-477.387055758E-03,+201.110839838E-03
-217.500E-09,+4.748743638396E+00,-678.392082447E-03,-678.392082453E-03,+305.175775E-06
-215.000E-09,+4.748743638396E+00,-477.387055758E-03,-678.392082453E-03,-200.500488278E-03
-212.500E-09,+4.748743638396E+00,-376.884542403E-03,-778.894595805E-03,-401.306152350E-03
-210.000E-09,+4.949748665091E+00,-678.392082450E-03,-477.387055761E-03,+201.110839835E-03
-207.500E-09,+4.648241125044E+00,-678.392082453E-03,-678.392082453E-03,+305.175781E-06
-205.000E-09,+4.949748665091E+00,-276.382029059E-03,-879.397109148E-03,-602.111816400E-03
-202.500E-09,+4.648241125044E+00,-477.387055755E-03,-778.894595805E-03,-300.903320315E-03
-200.000E-09,+4.748743638393E+00,-477.387055758E-03,-678.392082453E-03,-200.500488278E-03
-197.500E-09,+4.648241125044E+00,-376.884542409E-03,-778.894595799E-03,-401.306152338E-03
-195.000E-09,+4.748743638396E+00,-477.387055755E-03,-1.080402135843E+00,-602.111816400E-03
-192.500E-09,+4.447236098346E+00,-879.397109151E-03,-678.392082453E-03,+201.110839844E-03
-190.000E-09,+4.949748665094E+00,-477.387055755E-03,-678.392082453E-03,-200.500488281E-03
-187.500E-09,+4.748743638396E+00,-477.387055755E-03,-778.894595799E-03,-300.903320310E-03
-185.000E-09,+4.748743638396E+00,-678.392082450E-03,-678.392082456E-03,+305.175775E-06
-182.500E-09,+4.748743638396E+00,-577.889569107E-03,-678.392082453E-03,-100.097656247E-03
-180.000E-09,+5.150753691792E+00,-678.392082450E-03,-678.392082456E-03,+305.175775E-06
-177.500E-09,+4.748743638396E+00,-778.894595799E-03,-778.894595799E-03,+305.175781E-06
-175.000E-09,+4.748743638396E+00,-477.387055755E-03,-678.392082453E-03,-200.500488281E-03
-172.500E-09,+4.849246151748E+00,-577.889569101E-03,-879.397109151E-03,-300.903320315E-03
-170.000E-09,+4.748743638396E+00,-477.387055755E-03,-879.397109154E-03,-401.306152347E-03
-167.500E-09,+4.648241125050E+00,-577.889569107E-03,-778.894595799E-03,-200.500488275E-03
-165.000E-09,+4.949748665091E+00,-477.387055755E-03,-879.397109148E-03,-401.306152341E-03
-162.500E-09,+4.748743638396E+00,-678.392082453E-03,-879.397109151E-03,-200.500488281E-03
-160.000E-09,+4.748743638396E+00,-678.392082453E-03,-678.392082450E-03,+305.175784E-06
-157.500E-09,+4.748743638396E+00,-577.889569107E-03,-879.397109151E-03,-300.903320310E-03
-155.000E-09,+4.748743638396E+00,-678.392082456E-03,-1.080402135843E+00,-401.306152335E-03
-152.500E-09,+4.547738611692E+00,-778.894595799E-03,-678.392082453E-03,+100.708007810E-03
-150.000E-09,+4.547738611698E+00,-678.392082450E-03,-879.397109148E-03,-200.500488281E-03
-147.500E-09,+4.748743638396E+00,-477.387055755E-03,-778.894595799E-03,-300.903320310E-03
-145.000E-09,+4.346733585003E+00,-879.397109145E-03,-477.387055758E-03,+401.916503897E-03
-142.500E-09,+4.648241125044E+00,-577.889569101E-03,-678.392082453E-03,-100.097656253E-03
-140.000E-09,+4.748743638393E+00,-477.387055752E-03,-678.392082453E-03,-200.500488284E-03
-137.500E-09,+4.648241125050E+00,-577.889569101E-03,-477.387055755E-03,+100.708007810E-03
-135.000E-09,+4.748743638393E+00,-477.387055758E-03,-678.392082450E-03,-200.500488275E-03
-132.500E-09,+4.849246151748E+00,-477.387055755E-03,-678.392082453E-03,-200.500488281E-03
-130.000E-09,+4.748743638396E+00,-678.392082450E-03,-477.387055758E-03,+201.110839838E-03
-127.500E-09,+4.748743638396E+00,-678.392082459E-03,-678.392082453E-03,+305.175787E-06
-125.000E-09,+4.748743638393E+00,-477.387055758E-03,-477.387055755E-03,+305.175784E-06
-122.500E-09,+4.949748665094E+00,-577.889569107E-03,-678.392082453E-03,-100.097656247E-03
-120.000E-09,+4.748743638393E+00,-879.397109148E-03,-477.387055755E-03,+401.916503903E-03
-117.500E-09,+4.748743638396E+00,-376.884542408E-03,-577.889569101E-03,-200.500488275E-03
-115.000E-09,+4.547738611698E+00,-477.387055758E-03,-879.397109145E-03,-401.306152335E-03
-112.500E-09,+4.648241125044E+00,-778.894595805E-03,-477.387055755E-03,+301.513671878E-03
-110.000E-09,+4.547738611698E+00,-678.392082450E-03,-477.387055755E-03,+201.110839841E-03
-107.500E-09,+4.748743638396E+00,-577.889569107E-03,-577.889569107E-03,+305.175781E-06
-105.000E-09,+4.346733585006E+00,-678.392082450E-03,-477.387055755E-03,+201.110839841E-03
-102.500E-09,+4.648241125050E+00,-477.387055755E-03,-577.889569101E-03,-100.097656247E-03
-100.000E-09,+4.949748665092E+00,-678.392082450E-03,-678.392082450E-03,+305.175781E-06
-97.500E-09,+4.648241125050E+00,-577.889569101E-03,-376.884542408E-03,+201.110839838E-03
-95.000E-09,+4.547738611701E+00,-477.387055757E-03,-477.387055755E-03,+305.175784E-06
-92.500E-09,+4.748743638396E+00,-477.387055755E-03,-577.889569101E-03,-100.097656247E-03
-90.000E-09,+4.748743638393E+00,-477.387055755E-03,-477.387055758E-03,+305.175778E-06
-87.500E-09,+4.748743638396E+00,-678.392082453E-03,-577.889569101E-03,+100.708007815E-03
-85.000E-09,+4.748743638399E+00,-477.387055755E-03,-678.392082453E-03,-200.500488281E-03
-82.500E-09,+4.748743638396E+00,-477.387055755E-03,-577.889569107E-03,-100.097656253E-03
-80.000E-09,+4.748743638393E+00,-678.392082453E-03,-477.387055755E-03,+201.110839844E-03
-77.500E-09,+4.849246151742E+00,-477.387055760E-03,-577.889569107E-03,-100.097656247E-03
-75.000E-09,+4.748743638396E+00,-678.392082456E-03,-678.392082450E-03,+305.175787E-06
-72.500E-09,+4.748743638391E+00,-577.889569107E-03,-577.889569107E-03,+305.175781E-06
-70.000E-09,+4.748743638396E+00,-477.387055752E-03,-678.392082453E-03,-200.500488284E-03
-67.500E-09,+4.748743638396E+00,-477.387055755E-03,-678.392082453E-03,-200.500488281E-03
-65.000E-09,+4.547738611698E+00,-678.392082453E-03,-678.392082450E-03,+305.175784E-06
-62.500E-09,+4.748743638396E+00,-577.889569101E-03,-678.392082453E-03,-100.097656253E-03
-60.000E-09,+4.949748665094E+00,-477.387055755E-03,-477.387055758E-03,+305.175778E-06
-57.500E-09,+4.748743638396E+00,-577.889569101E-03,-577.889569101E-03,+305.175781E-06
-55.000E-09,+4.748743638393E+00,-678.392082453E-03,-678.392082450E-03,+305.175784E-06
-52.500E-09,+4.748743638396E+00,-577.889569101E-03,-678.392082453E-03,-100.097656253E-03
-50.000E-09,+4.748743638396E+00,-477.387055755E-03,-678.392082453E-03,-200.500488281E-03
-47.500E-09,+4.849246151748E+00,-577.889569107E-03,-678.392082453E-03,-100.097656247E-03
-45.000E-09,+4.748743638393E+00,-477.387055755E-03,-678.392082453E-03,-200.500488281E-03
-42.500E-09,+4.648241125050E+00,-577.889569107E-03,-778.894595805E-03,-200.500488281E-03
-40.000E-09,+4.748743638393E+00,-477.387055757E-03,-678.392082453E-03,-200.500488278E-03
-37.500E-09,+4.748743638396E+00,-477.387055755E-03,-879.397109151E-03,-401.306152344E-03
-35.000E-09,+4.748743638396E+00,-477.387055755E-03,-879.397109148E-03,-401.306152341E-03
-32.500E-09,+4.447236098346E+00,-778.894595799E-03,-577.889569101E-03,+201.110839844E-03
-30.000E-09,+4.748743638396E+00,-678.392082450E-03,-678.392082456E-03,+305.175776E-06
-27.500E-09,+4.748743638396E+00,-276.382029057E-03,-678.392082453E-03,-401.306152344E-03
-25.000E-09,+4.748743638396E+00,+326.633051035E-03,-276.382029059E-03,-602.111816406E-03
-22.500E-09,+4.748743638396E+00,+1.130653157830E+00,-75.377002358E-03,-1.204528808594E+00
-20.000E-09,+4.748743638396E+00,+1.934673264620E+00,+326.633051035E-03,-1.606140136719E+00
-17.500E-09,+4.648241125050E+00,+2.537688344717E+00,+628.140591082E-03,-1.907348632815E+00
-15.000E-09,+4.748743638393E+00,+3.542713478199E+00,+929.648131132E-03,-2.610168457023E+00
-12.500E-09,+4.748743638396E+00,+4.447236098341E+00,+2.135678291309E+00,-2.308959960940E+00
-10.000E-09,+4.547738611701E+00,+7.562814012150E+00,+3.944723531590E+00,-3.614196777338E+00
-7.500E-09,+4.849246151742E+00,+10.678391925976E+00,+5.150753691787E+00,-5.521850585929E+00
-5.000E-09,+4.949748665097E+00,+12.386934652916E+00,+5.753768771881E+00,-6.626281738278E+00
-2.500E-09,+4.145728558308E+00,+13.492462299756E+00,+7.462311498806E+00,-6.023864746100E+00
-0.0E+00,+4.547738611692E+00,+15.603015080080E+00,+9.974874332533E+00,-5.622253417969E+00
+2.500E-09,+6.155778825277E+00,+17.010050266976E+00,+11.281407006076E+00,-5.722656250003E+00
+5.000E-09,+4.748743638410E+00,+17.412060320375E+00,+12.788944706315E+00,-4.618225097659E+00
+7.500E-09,+2.537688344717E+00,+17.914572887114E+00,+14.497487433246E+00,-3.413391113281E+00
+10.000E-09,+3.341708451501E+00,+20.025125667442E+00,+16.407035186876E+00,-3.614196777344E+00
+12.500E-09,+4.447236098346E+00,+20.829145774245E+00,+17.613065347070E+00,-3.212585449224E+00
+15.000E-09,+3.341708451521E+00,+20.427135720852E+00,+19.020100533954E+00,-1.405334472668E+00
+17.500E-09,+3.241205938158E+00,+21.331658340982E+00,+20.226130694145E+00,-1.104125976560E+00
+20.000E-09,+4.145728558296E+00,+22.437185987824E+00,+21.633165881029E+00,-802.917480472E-03
+22.500E-09,+3.442210964867E+00,+22.638191014528E+00,+22.537688501171E+00,-100.097656258E-03
+25.000E-09,+2.537688344720E+00,+22.638191014523E+00,+23.643216148010E+00,+1.004333496091E+00
+27.500E-09,+2.738693371409E+00,+23.140703581265E+00,+24.547738768158E+00,+1.405944824224E+00
+30.000E-09,+3.743718504897E+00,+23.844221174714E+00,+25.050251334903E+00,+1.205139160156E+00
+32.500E-09,+4.949748665089E+00,+23.643216148019E+00,+25.452261388296E+00,+1.807556152338E+00
+35.000E-09,+5.351758718493E+00,+23.643216148016E+00,+26.457286521784E+00,+2.811584472651E+00
+37.500E-09,+5.050251178446E+00,+23.844221174711E+00,+26.859296575189E+00,+3.012390136724E+00
+40.000E-09,+4.748743638396E+00,+24.246231228113E+00,+26.859296575189E+00,+2.610778808594E+00
+42.500E-09,+4.346733585006E+00,+24.045226201415E+00,+26.758794061837E+00,+2.711181640622E+00
+45.000E-09,+3.944723531604E+00,+23.844221174717E+00,+27.060301601887E+00,+3.213195800781E+00
+47.500E-09,+4.045226044950E+00,+24.145728714761E+00,+26.959799088541E+00,+2.811584472662E+00
+50.000E-09,+4.346733585000E+00,+24.246231228113E+00,+26.658291548493E+00,+2.409973144534E+00
+52.500E-09,+3.643215991559E+00,+24.045226201415E+00,+26.557789035144E+00,+2.510375976565E+00
+55.000E-09,+3.542713478210E+00,+23.844221174717E+00,+26.055276468396E+00,+2.209167480469E+00
+57.500E-09,+3.643215991554E+00,+24.145728714761E+00,+25.954773955050E+00,+1.807556152349E+00
+60.000E-09,+3.542713478208E+00,+24.045226201418E+00,+25.653266415003E+00,+1.606750488281E+00
+62.500E-09,+3.542713478208E+00,+23.944723688069E+00,+25.452261388302E+00,+1.506347656247E+00
+65.000E-09,+3.743718504903E+00,+23.844221174717E+00,+25.251256361604E+00,+1.405944824219E+00
+67.500E-09,+3.643215991559E+00,+24.145728714761E+00,+25.050251334906E+00,+903.930664065E-03
+70.000E-09,+3.743718504906E+00,+24.045226201418E+00,+24.849246308208E+00,+803.527832028E-03
+72.500E-09,+3.643215991554E+00,+23.743718661365E+00,+24.748743794861E+00,+1.004333496099E+00
+75.000E-09,+3.944723531598E+00,+23.844221174717E+00,+24.447236254817E+00,+602.722167974E-03
+77.500E-09,+4.547738611698E+00,+23.944723688063E+00,+24.447236254811E+00,+502.319335940E-03
+80.000E-09,+4.949748665092E+00,+23.844221174714E+00,+24.246231228116E+00,+401.916503912E-03
+82.500E-09,+5.150753691792E+00,+23.743718661365E+00,+24.346733741465E+00,+602.722167974E-03
+85.000E-09,+5.150753691792E+00,+23.643216148019E+00,+24.045226201418E+00,+401.916503909E-03
+87.500E-09,+5.150753691792E+00,+23.542713634673E+00,+24.045226201415E+00,+502.319335935E-03
+90.000E-09,+5.351758718493E+00,+23.643216148019E+00,+23.643216148022E+00,+305.175784E-06
+92.500E-09,+5.150753691792E+00,+23.542713634667E+00,+23.743718661371E+00,+201.110839849E-03
+95.000E-09,+5.351758718493E+00,+23.442211121326E+00,+23.643216148019E+00,+201.110839838E-03
+97.500E-09,+5.452261231842E+00,+23.743718661365E+00,+23.743718661365E+00,+305.175781E-06
+100.000E-09,+5.351758718493E+00,+23.643216148022E+00,+23.643216148022E+00,+305.175781E-06
+102.500E-09,+5.150753691792E+00,+23.743718661371E+00,+23.944723688063E+00,+201.110839838E-03
+105.000E-09,+4.748743638399E+00,+23.844221174714E+00,+24.045226201415E+00,+201.110839847E-03
+107.500E-09,+4.648241125044E+00,+23.944723688069E+00,+24.246231228113E+00,+301.513671872E-03
+110.000E-09,+4.346733585003E+00,+23.844221174717E+00,+24.246231228113E+00,+401.916503906E-03
+112.500E-09,+4.447236098346E+00,+23.743718661365E+00,+24.447236254811E+00,+703.125000003E-03
+115.000E-09,+4.547738611701E+00,+23.844221174717E+00,+24.648241281509E+00,+803.527832031E-03
+117.500E-09,+4.648241125044E+00,+23.844221174717E+00,+24.748743794856E+00,+903.930664060E-03
+120.000E-09,+4.547738611698E+00,+23.643216148019E+00,+24.849246308205E+00,+1.205139160153E+00
+122.500E-09,+4.547738611698E+00,+23.844221174717E+00,+24.849246308208E+00,+1.004333496094E+00
+125.000E-09,+4.547738611698E+00,+23.643216148022E+00,+24.648241281512E+00,+1.004333496094E+00
+127.500E-09,+4.346733585000E+00,+23.442211121321E+00,+24.648241281509E+00,+1.205139160156E+00
+130.000E-09,+4.547738611695E+00,+23.643216148016E+00,+24.246231228116E+00,+602.722167974E-03
+132.500E-09,+4.346733585006E+00,+23.442211121321E+00,+24.145728714767E+00,+703.125000003E-03
+135.000E-09,+4.145728558305E+00,+23.442211121324E+00,+23.844221174717E+00,+401.916503903E-03
+137.500E-09,+4.346733585000E+00,+23.442211121321E+00,+23.341708607975E+00,-100.097656247E-03
+140.000E-09,+4.346733584997E+00,+23.442211121321E+00,+23.241206094623E+00,-200.500488281E-03
+142.500E-09,+4.447236098352E+00,+23.341708607975E+00,+22.839196041226E+00,-501.708984378E-03
+145.000E-09,+4.748743638393E+00,+23.040201067925E+00,+22.638191014528E+00,-401.306152344E-03
+147.500E-09,+4.849246151748E+00,+23.341708607975E+00,+22.437185987830E+00,-903.320312503E-03
+150.000E-09,+4.748743638396E+00,+23.241206094623E+00,+22.236180961132E+00,-1.003723144531E+00
+152.500E-09,+4.748743638396E+00,+23.140703581271E+00,+21.934673421088E+00,-1.204528808588E+00
+155.000E-09,+4.748743638399E+00,+23.241206094623E+00,+21.633165881038E+00,-1.606140136719E+00
+157.500E-09,+4.849246151742E+00,+23.140703581276E+00,+21.532663367692E+00,-1.606140136719E+00
+160.000E-09,+4.748743638399E+00,+22.839196041229E+00,+21.633165881035E+00,-1.204528808599E+00
+162.500E-09,+5.150753691792E+00,+23.040201067925E+00,+21.331658340993E+00,-1.706542968747E+00
+165.000E-09,+4.949748665097E+00,+22.839196041226E+00,+21.231155827644E+00,-1.606140136716E+00
+167.500E-09,+5.050251178441E+00,+22.839196041226E+00,+21.432160854340E+00,-1.405334472656E+00
+170.000E-09,+4.949748665097E+00,+22.839196041229E+00,+21.432160854340E+00,-1.405334472659E+00
+172.500E-09,+4.748743638396E+00,+22.939698554573E+00,+21.733668394390E+00,-1.204528808588E+00
+175.000E-09,+4.748743638399E+00,+22.839196041229E+00,+21.633165881038E+00,-1.204528808597E+00
+177.500E-09,+4.949748665094E+00,+23.040201067925E+00,+21.834170907736E+00,-1.204528808594E+00
+180.000E-09,+4.949748665094E+00,+23.040201067925E+00,+22.236180961129E+00,-802.917480472E-03
+182.500E-09,+4.949748665094E+00,+23.040201067925E+00,+22.135678447780E+00,-903.320312503E-03
+185.000E-09,+4.748743638396E+00,+23.040201067925E+00,+22.437185987827E+00,-602.111816409E-03
+187.500E-09,+4.547738611698E+00,+23.140703581276E+00,+22.537688501176E+00,-602.111816412E-03
+190.000E-09,+4.547738611698E+00,+23.241206094620E+00,+22.638191014528E+00,-602.111816403E-03
+192.500E-09,+4.648241125044E+00,+23.140703581271E+00,+22.939698554573E+00,-200.500488281E-03
+195.000E-09,+4.748743638399E+00,+23.241206094620E+00,+23.040201067925E+00,-200.500488278E-03
+197.500E-09,+4.648241125044E+00,+23.140703581271E+00,+23.241206094623E+00,+100.708007815E-03
+200.000E-09,+4.547738611698E+00,+23.040201067925E+00,+23.241206094623E+00,+201.110839844E-03
+202.500E-09,+4.648241125050E+00,+23.140703581271E+00,+23.341708607975E+00,+201.110839849E-03
+205.000E-09,+4.748743638396E+00,+23.040201067927E+00,+23.442211121321E+00,+401.916503903E-03
+207.500E-09,+4.547738611698E+00,+22.939698554578E+00,+23.442211121321E+00,+502.319335935E-03
+210.000E-09,+4.748743638396E+00,+23.040201067927E+00,+23.442211121321E+00,+401.916503903E-03
+212.500E-09,+4.648241125050E+00,+23.241206094623E+00,+23.442211121321E+00,+201.110839844E-03
+215.000E-09,+4.547738611698E+00,+23.040201067927E+00,+23.442211121321E+00,+401.916503903E-03
+217.500E-09,+4.748743638396E+00,+23.140703581276E+00,+23.542713634667E+00,+401.916503901E-03
+220.000E-09,+4.748743638396E+00,+22.839196041232E+00,+23.442211121318E+00,+602.722167960E-03
+222.500E-09,+4.748743638396E+00,+23.140703581276E+00,+23.442211121321E+00,+301.513671872E-03
+225.000E-09,+4.547738611701E+00,+23.241206094620E+00,+23.442211121321E+00,+201.110839847E-03
+227.500E-09,+4.748743638396E+00,+23.140703581276E+00,+23.442211121321E+00,+301.513671872E-03
+230.000E-09,+4.748743638396E+00,+23.040201067927E+00,+23.241206094628E+00,+201.110839847E-03
+232.500E-09,+4.748743638396E+00,+23.040201067925E+00,+23.442211121321E+00,+401.916503906E-03
+235.000E-09,+4.949748665092E+00,+23.241206094620E+00,+23.643216148016E+00,+401.916503906E-03
+237.500E-09,+4.748743638396E+00,+23.040201067919E+00,+23.442211121321E+00,+401.916503912E-03
+240.000E-09,+4.748743638396E+00,+22.839196041226E+00,+23.442211121321E+00,+602.722167969E-03
+242.500E-09,+4.949748665094E+00,+23.040201067925E+00,+23.542713634673E+00,+502.319335940E-03
+245.000E-09,+4.748743638402E+00,+23.040201067925E+00,+23.643216148019E+00,+602.722167969E-03
+247.500E-09,+4.748743638391E+00,+22.839196041226E+00,+23.442211121321E+00,+602.722167969E-03
+250.000E-09,+4.748743638396E+00,+22.839196041232E+00,+23.643216148019E+00,+803.527832026E-03
+252.500E-09,+4.748743638396E+00,+23.040201067925E+00,+23.542713634673E+00,+502.319335940E-03
+255.000E-09,+4.547738611698E+00,+22.839196041226E+00,+23.643216148019E+00,+803.527832031E-03
+257.500E-09,+4.748743638396E+00,+23.040201067925E+00,+23.542713634673E+00,+502.319335940E-03
+260.000E-09,+4.547738611698E+00,+22.839196041229E+00,+23.643216148016E+00,+803.527832026E-03
+262.500E-09,+4.547738611698E+00,+22.839196041226E+00,+23.442211121321E+00,+602.722167969E-03
+265.000E-09,+4.547738611701E+00,+23.040201067925E+00,+23.442211121321E+00,+401.916503906E-03
+267.500E-09,+4.748743638396E+00,+22.839196041226E+00,+23.542713634667E+00,+703.124999997E-03
+270.000E-09,+4.748743638393E+00,+23.040201067922E+00,+23.442211121321E+00,+401.916503909E-03
+272.500E-09,+4.648241125044E+00,+22.839196041226E+00,+23.341708607975E+00,+502.319335940E-03
+275.000E-09,+4.949748665092E+00,+22.839196041226E+00,+23.442211121318E+00,+602.722167966E-03
+277.500E-09,+4.648241125044E+00,+22.839196041226E+00,+23.241206094623E+00,+401.916503906E-03
+280.000E-09,+4.547738611701E+00,+22.638191014528E+00,+23.040201067925E+00,+401.916503906E-03
+282.500E-09,+4.648241125050E+00,+22.839196041226E+00,+23.040201067925E+00,+201.110839844E-03
+285.000E-09,+4.748743638393E+00,+22.839196041226E+00,+23.040201067925E+00,+201.110839844E-03
+287.500E-09,+4.748743638396E+00,+22.638191014528E+00,+22.839196041226E+00,+201.110839844E-03
+290.000E-09,+4.748743638396E+00,+22.638191014531E+00,+22.638191014531E+00,+305.175781E-06
+292.500E-09,+4.648241125044E+00,+22.638191014528E+00,+22.638191014528E+00,+305.175781E-06
+295.000E-09,+4.748743638396E+00,+22.437185987833E+00,+22.437185987833E+00,+305.175781E-06
+297.500E-09,+4.547738611698E+00,+22.738693527874E+00,+22.537688501176E+00,-200.500488281E-03
+300.000E-09,+4.748743638393E+00,+22.638191014528E+00,+22.437185987830E+00,-200.500488281E-03
+302.500E-09,+4.849246151742E+00,+22.537688501182E+00,+22.236180961132E+00,-300.903320315E-03
+305.000E-09,+4.748743638396E+00,+22.638191014525E+00,+22.236180961132E+00,-401.306152341E-03
+307.500E-09,+4.748743638396E+00,+22.638191014528E+00,+22.135678447786E+00,-501.708984372E-03
+310.000E-09,+4.748743638396E+00,+22.638191014528E+00,+22.035175934434E+00,-602.111816406E-03
+312.500E-09,+4.748743638396E+00,+22.537688501176E+00,+22.135678447780E+00,-401.306152344E-03
+315.000E-09,+4.949748665091E+00,+22.638191014528E+00,+22.035175934434E+00,-602.111816406E-03
+317.500E-09,+4.849246151748E+00,+22.638191014528E+00,+22.135678447786E+00,-501.708984372E-03
+320.000E-09,+4.748743638396E+00,+22.437185987830E+00,+21.834170907739E+00,-602.111816403E-03
+322.500E-09,+4.849246151742E+00,+22.537688501176E+00,+21.934673421082E+00,-602.111816406E-03
+325.000E-09,+4.949748665091E+00,+22.638191014525E+00,+21.834170907739E+00,-802.917480463E-03
+327.500E-09,+4.748743638396E+00,+22.437185987830E+00,+21.834170907736E+00,-602.111816406E-03
+330.000E-09,+4.949748665094E+00,+22.437185987830E+00,+21.834170907736E+00,-602.111816406E-03
+332.500E-09,+4.748743638390E+00,+22.437185987830E+00,+21.834170907736E+00,-602.111816406E-03
+335.000E-09,+4.547738611701E+00,+22.236180961135E+00,+21.834170907736E+00,-401.306152347E-03
+337.500E-09,+4.849246151742E+00,+22.537688501176E+00,+21.834170907736E+00,-702.514648434E-03
+340.000E-09,+4.748743638396E+00,+22.437185987830E+00,+22.035175934434E+00,-401.306152344E-03
+342.500E-09,+4.748743638396E+00,+22.437185987830E+00,+21.834170907736E+00,-602.111816406E-03
+345.000E-09,+4.949748665088E+00,+22.437185987824E+00,+21.834170907739E+00,-602.111816397E-03
+347.500E-09,+4.748743638396E+00,+22.336683474484E+00,+22.035175934434E+00,-300.903320316E-03
+350.000E-09,+4.748743638396E+00,+22.437185987830E+00,+22.035175934431E+00,-401.306152347E-03
+352.500E-09,+4.748743638396E+00,+22.437185987830E+00,+22.035175934434E+00,-401.306152344E-03
+355.000E-09,+4.949748665094E+00,+22.437185987827E+00,+22.035175934434E+00,-401.306152341E-03
+357.500E-09,+4.748743638396E+00,+22.537688501182E+00,+22.035175934434E+00,-501.708984378E-03
+360.000E-09,+4.748743638396E+00,+22.236180961132E+00,+22.236180961129E+00,+305.175778E-06
+362.500E-09,+4.849246151748E+00,+22.236180961132E+00,+22.035175934434E+00,-200.500488281E-03
+365.000E-09,+4.949748665091E+00,+21.834170907736E+00,+22.035175934437E+00,+201.110839847E-03
+367.500E-09,+4.849246151742E+00,+20.829145774252E+00,+21.633165881044E+00,+803.527832031E-03
+370.000E-09,+4.748743638399E+00,+19.422110587371E+00,+21.030150800950E+00,+1.606750488275E+00
+372.500E-09,+4.849246151742E+00,+17.512562833742E+00,+20.125628180811E+00,+2.610778808588E+00
+375.000E-09,+4.949748665094E+00,+14.798994973324E+00,+19.020100533969E+00,+4.217224121078E+00
+377.500E-09,+4.849246151748E+00,+11.683417059503E+00,+17.311557807038E+00,+5.622863769519E+00
+380.000E-09,+4.547738611701E+00,+8.165829092289E+00,+15.603015080104E+00,+7.430114746078E+00
+382.500E-09,+4.547738611698E+00,+5.050251178465E+00,+13.793969839824E+00,+8.735351562491E+00
+385.000E-09,+4.547738611698E+00,+2.738693371428E+00,+11.582914546145E+00,+8.835754394531E+00
+387.500E-09,+4.447236098352E+00,+2.135678291321E+00,+10.175879359252E+00,+8.032531738287E+00
+390.000E-09,+4.346733585000E+00,+2.738693371412E+00,+8.567839145670E+00,+5.823669433606E+00
+392.500E-09,+4.849246151742E+00,+3.140703424805E+00,+6.758793905396E+00,+3.614807128931E+00
+395.000E-09,+4.748743638399E+00,+2.939698398113E+00,+4.949748665104E+00,+2.008361816416E+00
+397.500E-09,+4.849246151748E+00,+2.437185831371E+00,+3.643215991566E+00,+1.205139160162E+00
+400.000E-09,+5.552763745179E+00,+1.733668237928E+00,+2.738693371418E+00,+1.004333496094E+00
+402.500E-09,+5.854271285239E+00,+1.030150644484E+00,+1.432160697881E+00,+401.916503906E-03
+405.000E-09,+4.949748665097E+00,+125.628024346E-03,+527.638077745E-03,+401.916503909E-03
+407.500E-09,+4.447236098346E+00,-75.377002358E-03,-276.382029050E-03,-200.500488275E-03
+410.000E-09,+5.150753691786E+00,+326.633051035E-03,-1.080402135843E+00,-1.405334472647E+00
+412.500E-09,+4.748743638402E+00,-175.879515704E-03,-1.482412189239E+00,-1.304931640622E+00
+415.000E-09,+4.346733585003E+00,-678.392082447E-03,-2.085427269340E+00,-1.405334472662E+00
+417.500E-09,+3.743718504906E+00,-477.387055755E-03,-2.688442349428E+00,-2.208557128900E+00
+420.000E-09,+2.738693371422E+00,-678.392082450E-03,-3.090452402830E+00,-2.409362792972E+00
+422.500E-09,+1.633165724579E+00,-778.894595799E-03,-3.391959942880E+00,-2.610168457038E+00
+425.000E-09,+1.934673264619E+00,-678.392082456E-03,-3.492462456223E+00,-2.810974121087E+00
+427.500E-09,+2.738693371409E+00,-678.392082446E-03,-3.492462456226E+00,-2.810974121100E+00
+430.000E-09,+4.145728558289E+00,-477.387055755E-03,-3.492462456230E+00,-3.011779785159E+00
+432.500E-09,+5.653266258528E+00,-477.387055761E-03,-3.190954916182E+00,-2.710571289059E+00
+435.000E-09,+6.758793905371E+00,-477.387055758E-03,-2.889447376132E+00,-2.409362792966E+00
+437.500E-09,+6.055276311937E+00,-678.392082453E-03,-2.587939836088E+00,-1.907348632816E+00
+440.000E-09,+5.150753691802E+00,-477.387055761E-03,-2.085427269343E+00,-1.606140136716E+00
+442.500E-09,+4.748743638396E+00,-577.889569107E-03,-1.984924755994E+00,-1.405334472656E+00
+445.000E-09,+4.748743638396E+00,-678.392082450E-03,-1.884422242638E+00,-1.204528808594E+00
+447.500E-09,+5.251256205138E+00,-778.894595799E-03,-1.482412189245E+00,-702.514648441E-03
+450.000E-09,+5.954773798579E+00,-477.387055755E-03,-1.281407162550E+00,-802.917480472E-03
+452.500E-09,+6.557788878673E+00,-577.889569107E-03,-1.381909675893E+00,-802.917480462E-03
+455.000E-09,+6.758793905377E+00,-678.392082450E-03,-1.482412189242E+00,-802.917480469E-03
+457.500E-09,+6.356783851981E+00,-276.382029057E-03,-1.281407162547E+00,-1.003723144531E+00
+460.000E-09,+5.954773798588E+00,-477.387055751E-03,-1.281407162550E+00,-802.917480475E-03
+462.500E-09,+5.251256205145E+00,-577.889569100E-03,-1.281407162547E+00,-702.514648441E-03
+465.000E-09,+4.748743638400E+00,-276.382029060E-03,-1.080402135852E+00,-802.917480469E-03
+467.500E-09,+4.045226044956E+00,-376.884542402E-03,-1.080402135849E+00,-702.514648441E-03
+470.000E-09,+3.743718504909E+00,-477.387055755E-03,-879.397109154E-03,-401.306152347E-03
+472.500E-09,+3.442210964862E+00,-577.889569107E-03,-979.899622497E-03,-401.306152337E-03
+475.000E-09,+3.743718504899E+00,-276.382029057E-03,-879.397109151E-03,-602.111816406E-03
+477.500E-09,+3.844221018251E+00,-477.387055755E-03,-778.894595805E-03,-300.903320316E-03
+480.000E-09,+4.145728558299E+00,-477.387055758E-03,-678.392082456E-03,-200.500488281E-03
+482.500E-09,+4.346733584993E+00,-477.387055755E-03,-879.397109151E-03,-401.306152344E-03
+485.000E-09,+4.346733585003E+00,-477.387055751E-03,-1.080402135846E+00,-602.111816406E-03
+487.500E-09,+4.246231071648E+00,-778.894595799E-03,-1.080402135849E+00,-300.903320316E-03
+490.000E-09,+4.748743638390E+00,-1.080402135842E+00,-1.281407162544E+00,-200.500488285E-03
+492.500E-09,+4.748743638396E+00,-778.894595805E-03,-1.683417215943E+00,-903.320312497E-03
+495.000E-09,+4.949748665098E+00,-879.397109151E-03,-1.683417215943E+00,-802.917480469E-03
+497.500E-09,+5.351758718491E+00,-778.894595799E-03,-2.085427269340E+00,-1.304931640628E+00
+500.000E-09,+5.552763745189E+00,-1.080402135846E+00,-2.286432296041E+00,-1.204528808600E+00
+502.500E-09,+5.351758718497E+00,-979.899622497E-03,-2.587939836082E+00,-1.606140136719E+00
+505.000E-09,+5.150753691796E+00,-678.392082459E-03,-2.487437322739E+00,-1.806945800778E+00
+507.500E-09,+5.050251178447E+00,-678.392082446E-03,-2.587939836088E+00,-1.907348632822E+00
+510.000E-09,+5.150753691792E+00,-879.397109151E-03,-2.085427269349E+00,-1.204528808604E+00
+512.500E-09,+5.150753691792E+00,-778.894595805E-03,-1.984924755994E+00,-1.204528808594E+00
+515.000E-09,+5.552763745185E+00,-477.387055758E-03,-1.683417215947E+00,-1.204528808594E+00
+517.500E-09,+5.653266258541E+00,-577.889569100E-03,-1.482412189252E+00,-903.320312510E-03
+520.000E-09,+5.753768771880E+00,-678.392082453E-03,-1.080402135849E+00,-401.306152344E-03
+522.500E-09,+5.552763745189E+00,-376.884542409E-03,-678.392082453E-03,-300.903320309E-03
+525.000E-09,+5.150753691799E+00,-276.382029057E-03,-276.382029057E-03,+305.175781E-06
+527.500E-09,+4.949748665094E+00,-477.387055755E-03,+125.628024333E-03,+602.722167962E-03
+530.000E-09,+4.949748665094E+00,-75.377002362E-03,+326.633051038E-03,+401.916503910E-03
+532.500E-09,+4.748743638396E+00,-175.879515704E-03,+527.638077736E-03,+703.124999997E-03
+535.000E-09,+4.547738611702E+00,-276.382029057E-03,+929.648131132E-03,+1.205139160156E+00
+537.500E-09,+4.748743638396E+00,-175.879515704E-03,+1.231155671176E+00,+1.405944824212E+00
+540.000E-09,+4.547738611702E+00,-75.377002358E-03,+1.532663211223E+00,+1.606750488278E+00
+542.500E-09,+4.547738611705E+00,-175.879515697E-03,+1.532663211226E+00,+1.707153320302E+00
+545.000E-09,+4.547738611698E+00,-75.377002362E-03,+1.733668237921E+00,+1.807556152344E+00
+547.500E-09,+4.547738611698E+00,-75.377002358E-03,+1.633165724572E+00,+1.707153320309E+00
+550.000E-09,+4.748743638396E+00,+125.628024333E-03,+1.733668237918E+00,+1.606750488281E+00
+552.500E-09,+4.246231071654E+00,-175.879515711E-03,+1.633165724579E+00,+1.807556152351E+00
+555.000E-09,+4.145728558302E+00,-276.382029053E-03,+1.331658184532E+00,+1.606750488281E+00
+557.500E-09,+4.447236098346E+00,-276.382029057E-03,+1.331658184528E+00,+1.606750488281E+00
+560.000E-09,+4.346733585000E+00,-477.387055755E-03,+1.130653157834E+00,+1.606750488285E+00
+562.500E-09,+4.748743638396E+00,-276.382029057E-03,+728.643104434E-03,+1.004333496094E+00
+565.000E-09,+4.949748665094E+00,-477.387055751E-03,+527.638077743E-03,+1.004333496097E+00
+567.500E-09,+4.849246151749E+00,-577.889569107E-03,+427.135564383E-03,+1.004333496094E+00
+570.000E-09,+4.949748665094E+00,-477.387055751E-03,+125.628024343E-03,+602.722167969E-03
+572.500E-09,+4.849246151749E+00,-477.387055755E-03,+25.125510994E-03,+502.319335941E-03
+575.000E-09,+4.748743638396E+00,-477.387055755E-03,-276.382029057E-03,+201.110839844E-03
+577.500E-09,+5.251256205138E+00,-477.387055748E-03,-376.884542402E-03,+100.708007809E-03
+580.000E-09,+5.150753691796E+00,-477.387055755E-03,-477.387055755E-03,+305.175781E-06
+582.500E-09,+5.150753691792E+00,-577.889569100E-03,-477.387055755E-03,+100.708007809E-03
+585.000E-09,+4.748743638400E+00,-678.392082453E-03,-678.392082449E-03,+305.175785E-06
+587.500E-09,+5.050251178447E+00,-477.387055755E-03,-879.397109151E-03,-401.306152344E-03
+590.000E-09,+4.748743638396E+00,-477.387055758E-03,-879.397109154E-03,-401.306152344E-03
+592.500E-09,+4.849246151742E+00,-577.889569107E-03,-778.894595798E-03,-200.500488274E-03
+595.000E-09,+4.748743638400E+00,-477.387055758E-03,-879.397109154E-03,-401.306152344E-03
+597.500E-09,+4.748743638396E+00,-477.387055755E-03,-879.397109151E-03,-401.306152344E-03
+600.000E-09,+4.748743638396E+00,-678.392082456E-03,-678.392082456E-03,+305.175781E-06
+602.500E-09,+4.648241125051E+00,-477.387055755E-03,-879.397109151E-03,-401.306152344E-03
+605.000E-09,+4.547738611702E+00,-678.392082453E-03,-1.080402135846E+00,-401.306152340E-03
+607.500E-09,+4.748743638396E+00,-678.392082453E-03,-778.894595805E-03,-100.097656253E-03
+610.000E-09,+4.949748665094E+00,-678.392082446E-03,-879.397109151E-03,-200.500488288E-03
+612.500E-09,+4.949748665094E+00,-577.889569107E-03,-879.397109151E-03,-300.903320309E-03
+615.000E-09,+4.748743638400E+00,-879.397109144E-03,-1.080402135845E+00,-200.500488285E-03
+617.500E-09,+4.748743638396E+00,-678.392082446E-03,-1.180904649194E+00,-501.708984379E-03
+620.000E-09,+4.748743638396E+00,-678.392082449E-03,-1.080402135849E+00,-401.306152347E-03
+622.500E-09,+4.648241125051E+00,-778.894595798E-03,-1.281407162547E+00,-501.708984379E-03
+625.000E-09,+4.949748665091E+00,-678.392082456E-03,-1.281407162547E+00,-602.111816403E-03
+627.500E-09,+4.648241125051E+00,-678.392082453E-03,-1.381909675900E+00,-702.514648441E-03
+630.000E-09,+4.748743638396E+00,-678.392082453E-03,-1.281407162551E+00,-602.111816410E-03
+632.500E-09,+4.648241125051E+00,-678.392082453E-03,-1.482412189245E+00,-802.917480469E-03
+635.000E-09,+4.547738611702E+00,-678.392082453E-03,-1.482412189245E+00,-802.917480469E-03
+637.500E-09,+4.949748665094E+00,-577.889569100E-03,-1.482412189245E+00,-903.320312504E-03
+640.000E-09,+4.748743638400E+00,-879.397109151E-03,-1.482412189245E+00,-602.111816406E-03
+642.500E-09,+5.251256205138E+00,-678.392082453E-03,-1.482412189245E+00,-802.917480469E-03
+645.000E-09,+4.949748665098E+00,-678.392082453E-03,-1.482412189242E+00,-802.917480465E-03
+647.500E-09,+4.849246151749E+00,-879.397109151E-03,-1.482412189245E+00,-602.111816406E-03
+650.000E-09,+4.949748665091E+00,-879.397109144E-03,-1.482412189245E+00,-602.111816413E-03
+652.500E-09,+4.748743638396E+00,-678.392082460E-03,-1.381909675893E+00,-702.514648427E-03
+655.000E-09,+4.949748665094E+00,-678.392082453E-03,-1.281407162547E+00,-602.111816406E-03
+657.500E-09,+5.050251178440E+00,-577.889569100E-03,-1.180904649194E+00,-602.111816406E-03
+660.000E-09,+5.150753691789E+00,-477.387055758E-03,-1.281407162547E+00,-802.917480465E-03
+662.500E-09,+5.050251178447E+00,-678.392082453E-03,-1.080402135849E+00,-401.306152344E-03
+665.000E-09,+5.150753691789E+00,-276.382029064E-03,-1.080402135849E+00,-802.917480461E-03
+667.500E-09,+5.150753691792E+00,-577.889569107E-03,-979.899622504E-03,-401.306152344E-03
+670.000E-09,+4.949748665098E+00,-678.392082449E-03,-879.397109155E-03,-200.500488289E-03
+672.500E-09,+4.849246151749E+00,-577.889569107E-03,-778.894595805E-03,-200.500488281E-03
+675.000E-09,+4.748743638396E+00,-477.387055755E-03,-879.397109151E-03,-401.306152344E-03
+677.500E-09,+4.849246151742E+00,-477.387055755E-03,-678.392082460E-03,-200.500488289E-03
+680.000E-09,+4.748743638393E+00,-477.387055758E-03,-477.387055755E-03,+305.175785E-06
+682.500E-09,+4.748743638396E+00,-376.884542409E-03,-678.392082453E-03,-300.903320309E-03
+685.000E-09,+4.748743638396E+00,-477.387055755E-03,-477.387055755E-03,+305.175781E-06
+687.500E-09,+4.648241125044E+00,-577.889569107E-03,-276.382029057E-03,+301.513671879E-03
+690.000E-09,+4.949748665091E+00,-477.387055758E-03,-477.387055751E-03,+305.175789E-06
+692.500E-09,+4.748743638396E+00,-477.387055755E-03,-175.879515704E-03,+301.513671879E-03
+695.000E-09,+4.547738611702E+00,-678.392082445E-03,-75.377002358E-03,+602.722167961E-03
+697.500E-09,+4.748743638396E+00,-276.382029057E-03,+25.125510994E-03,+301.513671879E-03
+700.000E-09,+4.748743638396E+00,-477.387055751E-03,+125.628024340E-03,+602.722167965E-03
+702.500E-09,+4.748743638404E+00,-577.889569100E-03,+125.628024340E-03,+703.124999996E-03
+705.000E-09,+4.748743638396E+00,-276.382029060E-03,+125.628024340E-03,+401.916503910E-03
+707.500E-09,+4.748743638396E+00,-376.884542402E-03,+125.628024340E-03,+502.319335934E-03
+710.000E-09,+4.748743638396E+00,-477.387055755E-03,+125.628024340E-03,+602.722167969E-03
+712.500E-09,+4.748743638396E+00,-477.387055755E-03,+226.130537692E-03,+703.125000004E-03
+715.000E-09,+4.748743638400E+00,-276.382029060E-03,+125.628024336E-03,+401.916503906E-03
+717.500E-09,+4.849246151749E+00,-477.387055755E-03,+25.125510987E-03,+502.319335934E-03
+720.000E-09,+4.748743638400E+00,-477.387055755E-03,+125.628024340E-03,+602.722167969E-03
+722.500E-09,+5.050251178447E+00,-477.387055755E-03,+125.628024340E-03,+602.722167969E-03
+725.000E-09,+4.748743638396E+00,-477.387055755E-03,+125.628024340E-03,+602.722167969E-03
+727.500E-09,+4.547738611691E+00,-577.889569107E-03,+125.628024340E-03,+703.125000004E-03
+730.000E-09,+4.949748665094E+00,-276.382029057E-03,+125.628024343E-03,+401.916503910E-03
+732.500E-09,+4.949748665094E+00,-376.884542409E-03,+25.125510987E-03,+401.916503906E-03
+735.000E-09,+4.949748665098E+00,-678.392082449E-03,-75.377002355E-03,+602.722167969E-03
+737.500E-09,+5.150753691792E+00,-276.382029057E-03,+25.125510994E-03,+301.513671879E-03
+740.000E-09,+4.748743638400E+00,-276.382029057E-03,+125.628024336E-03,+401.916503903E-03
+742.500E-09,+4.648241125051E+00,-577.889569100E-03,-175.879515711E-03,+401.916503899E-03
+745.000E-09,+4.748743638396E+00,-477.387055755E-03,-276.382029057E-03,+201.110839844E-03
+747.500E-09,+4.748743638396E+00,-477.387055755E-03,-276.382029057E-03,+201.110839844E-03
+750.000E-09,+4.748743638396E+00,-477.387055755E-03,-276.382029057E-03,+201.110839844E-03
+752.500E-09,+4.547738611698E+00,-577.889569107E-03,-376.884542402E-03,+201.110839851E-03
+755.000E-09,+4.748743638396E+00,-477.387055751E-03,-678.392082449E-03,-200.500488281E-03
+757.500E-09,+4.849246151749E+00,-678.392082453E-03,-577.889569108E-03,+100.708007809E-03
+760.000E-09,+4.748743638396E+00,-477.387055759E-03,-477.387055755E-03,+305.175785E-06
+762.500E-09,+4.849246151741E+00,-577.889569108E-03,-678.392082453E-03,-100.097656246E-03
+765.000E-09,+4.748743638396E+00,-678.392082449E-03,-678.392082453E-03,+305.175777E-06
+767.500E-09,+4.748743638396E+00,-778.894595806E-03,-879.397109151E-03,-100.097656246E-03
+770.000E-09,+4.748743638400E+00,-678.392082449E-03,-1.080402135845E+00,-401.306152344E-03
+772.500E-09,+4.648241125043E+00,-678.392082453E-03,-1.080402135841E+00,-401.306152336E-03
+775.000E-09,+4.748743638396E+00,-879.397109147E-03,-1.080402135849E+00,-200.500488285E-03
+777.500E-09,+4.849246151741E+00,-577.889569108E-03,-1.180904649194E+00,-602.111816399E-03
+780.000E-09,+4.748743638396E+00,-879.397109147E-03,-1.281407162547E+00,-401.306152348E-03
+782.500E-09,+4.748743638396E+00,-678.392082453E-03,-1.281407162547E+00,-602.111816406E-03
+785.000E-09,+4.949748665094E+00,-477.387055755E-03,-1.281407162547E+00,-802.917480469E-03
+787.500E-09,+4.949748665094E+00,-678.392082453E-03,-1.381909675892E+00,-702.514648434E-03
+790.000E-09,+4.949748665094E+00,-678.392082453E-03,-1.281407162551E+00,-602.111816410E-03
+792.500E-09,+4.849246151741E+00,-778.894595806E-03,-1.482412189245E+00,-702.514648434E-03
+795.000E-09,+5.150753691789E+00,-678.392082453E-03,-1.281407162551E+00,-602.111816410E-03
+797.500E-09,+4.949748665094E+00,-577.889569108E-03,-1.381909675900E+00,-802.917480469E-03
+800.000E-09,+4.748743638400E+00,-879.397109151E-03,-1.482412189241E+00,-602.111816402E-03
+802.500E-09,+4.849246151741E+00,-678.392082453E-03,-1.381909675900E+00,-702.514648441E-03
+805.000E-09,+5.150753691789E+00,-477.387055763E-03,-1.482412189241E+00,-1.003723144519E+00
+807.500E-09,+4.949748665087E+00,-778.894595806E-03,-1.281407162547E+00,-501.708984371E-03
+810.000E-09,+4.748743638396E+00,-678.392082449E-03,-1.281407162547E+00,-602.111816410E-03
+812.500E-09,+4.949748665102E+00,-678.392082461E-03,-1.180904649194E+00,-501.708984363E-03
+815.000E-09,+4.949748665090E+00,-678.392082453E-03,-1.080402135853E+00,-401.306152348E-03
+817.500E-09,+5.050251178447E+00,-678.392082445E-03,-1.180904649194E+00,-501.708984379E-03
+820.000E-09,+4.748743638400E+00,-879.397109147E-03,-879.397109155E-03,+305.175773E-06
+822.500E-09,+4.748743638404E+00,-678.392082453E-03,-879.397109151E-03,-200.500488281E-03
+825.000E-09,+4.748743638396E+00,-477.387055759E-03,-879.397109151E-03,-401.306152340E-03
+827.500E-09,+4.748743638396E+00,-577.889569100E-03,-979.899622504E-03,-401.306152352E-03
+830.000E-09,+4.748743638396E+00,-477.387055755E-03,-879.397109151E-03,-401.306152344E-03
+832.500E-09,+4.949748665094E+00,-477.387055755E-03,-678.392082453E-03,-200.500488281E-03
+835.000E-09,+4.748743638396E+00,-477.387055759E-03,-879.397109147E-03,-401.306152336E-03
+837.500E-09,+4.849246151749E+00,-376.884542410E-03,-678.392082461E-03,-300.903320316E-03
+840.000E-09,+4.949748665090E+00,-678.392082453E-03,-477.387055755E-03,+201.110839844E-03
+842.500E-09,+4.849246151741E+00,-477.387055755E-03,-577.889569108E-03,-100.097656254E-03
+845.000E-09,+4.748743638396E+00,-477.387055755E-03,-477.387055755E-03,+305.175781E-06
+847.500E-09,+4.748743638396E+00,-577.889569108E-03,-376.884542410E-03,+201.110839844E-03
+850.000E-09,+4.748743638396E+00,-477.387055755E-03,-477.387055755E-03,+305.175781E-06
+852.500E-09,+4.748743638396E+00,-477.387055755E-03,-276.382029057E-03,+201.110839844E-03
+855.000E-09,+4.949748665090E+00,-678.392082449E-03,-276.382029057E-03,+401.916503902E-03
+857.500E-09,+4.849246151741E+00,-376.884542410E-03,-175.879515703E-03,+201.110839852E-03
+860.000E-09,+4.748743638400E+00,-477.387055755E-03,-276.382029061E-03,+201.110839840E-03
+862.500E-09,+4.849246151749E+00,-678.392082453E-03,-276.382029057E-03,+401.916503906E-03
+865.000E-09,+4.949748665098E+00,-477.387055759E-03,-75.377002358E-03,+401.916503910E-03
+867.500E-09,+4.748743638396E+00,-577.889569100E-03,-276.382029057E-03,+301.513671871E-03
+870.000E-09,+4.748743638396E+00,-477.387055755E-03,-276.382029057E-03,+201.110839844E-03
+872.500E-09,+4.648241125043E+00,-577.889569108E-03,-75.377002358E-03,+502.319335942E-03
+875.000E-09,+4.949748665090E+00,-477.387055759E-03,-75.377002362E-03,+401.916503906E-03
+877.500E-09,+4.748743638396E+00,-577.889569108E-03,-75.377002358E-03,+502.319335942E-03
+880.000E-09,+4.949748665086E+00,-678.392082453E-03,-75.377002358E-03,+602.722167969E-03
+882.500E-09,+4.748743638388E+00,-477.387055755E-03,-376.884542402E-03,+100.708007817E-03
+885.000E-09,+4.748743638396E+00,-477.387055763E-03,-75.377002362E-03,+401.916503910E-03
+887.500E-09,+4.949748665094E+00,-678.392082453E-03,-175.879515712E-03,+502.319335933E-03
+890.000E-09,+4.949748665090E+00,-678.392082449E-03,-276.382029053E-03,+401.916503906E-03
+892.500E-09,+4.748743638396E+00,-477.387055755E-03,-276.382029057E-03,+201.110839844E-03
+895.000E-09,+4.748743638396E+00,-678.392082453E-03,-75.377002362E-03,+602.722167965E-03
+897.500E-09,+4.849246151741E+00,-577.889569100E-03,-376.884542402E-03,+201.110839844E-03
+900.000E-09,+4.748743638400E+00,-477.387055755E-03,-276.382029057E-03,+201.110839844E-03
+902.500E-09,+4.547738611706E+00,-678.392082445E-03,-477.387055755E-03,+201.110839836E-03
+905.000E-09,+4.748743638392E+00,-477.387055763E-03,-477.387055755E-03,+305.175789E-06
+907.500E-09,+4.748743638396E+00,-477.387055755E-03,-477.387055755E-03,+305.175781E-06
+910.000E-09,+4.748743638396E+00,-276.382029061E-03,-477.387055755E-03,-200.500488277E-03
+912.500E-09,+4.849246151741E+00,-577.889569108E-03,-678.392082453E-03,-100.097656246E-03
+915.000E-09,+4.949748665090E+00,-477.387055759E-03,-678.392082453E-03,-200.500488277E-03
+917.500E-09,+4.949748665094E+00,-678.392082453E-03,-678.392082453E-03,+305.175781E-06
+920.000E-09,+4.949748665090E+00,-678.392082453E-03,-678.392082453E-03,+305.175781E-06
+922.500E-09,+4.949748665094E+00,-477.387055755E-03,-778.894595798E-03,-300.903320308E-03
+925.000E-09,+4.949748665094E+00,-678.392082449E-03,-879.397109147E-03,-200.500488281E-03
+927.500E-09,+4.849246151741E+00,-778.894595806E-03,-678.392082453E-03,+100.708007817E-03
+930.000E-09,+4.748743638396E+00,-477.387055755E-03,-879.397109147E-03,-401.306152340E-03
+932.500E-09,+4.748743638396E+00,-577.889569108E-03,-979.899622496E-03,-401.306152336E-03
+935.000E-09,+4.748743638400E+00,-678.392082449E-03,-1.080402135845E+00,-401.306152344E-03
+937.500E-09,+4.849246151749E+00,-577.889569100E-03,-879.397109151E-03,-300.903320317E-03
+940.000E-09,+4.949748665094E+00,-678.392082453E-03,-879.397109151E-03,-200.500488281E-03
+942.500E-09,+4.849246151749E+00,-678.392082445E-03,-1.080402135849E+00,-401.306152352E-03
+945.000E-09,+4.748743638400E+00,-477.387055759E-03,-879.397109151E-03,-401.306152340E-03
+947.500E-09,+4.849246151750E+00,-577.889569100E-03,-1.080402135849E+00,-501.708984379E-03
+950.000E-09,+4.748743638400E+00,-678.392082453E-03,-879.397109155E-03,-200.500488285E-03
+952.500E-09,+4.648241125043E+00,-778.894595806E-03,-979.899622496E-03,-200.500488273E-03
+955.000E-09,+4.949748665094E+00,-477.387055759E-03,-1.281407162543E+00,-802.917480461E-03
+957.500E-09,+4.748743638396E+00,-477.387055755E-03,-1.080402135849E+00,-602.111816406E-03
+960.000E-09,+4.949748665090E+00,-879.397109147E-03,-1.080402135849E+00,-200.500488285E-03
+962.500E-09,+4.949748665103E+00,-577.889569108E-03,-1.080402135849E+00,-501.708984371E-03
+965.000E-09,+4.748743638396E+00,-477.387055759E-03,-1.080402135845E+00,-602.111816398E-03
+967.500E-09,+4.748743638396E+00,-778.894595798E-03,-879.397109151E-03,-100.097656254E-03
+970.000E-09,+4.748743638396E+00,-678.392082453E-03,-1.080402135845E+00,-401.306152340E-03
+972.500E-09,+4.849246151750E+00,-477.387055755E-03,-1.080402135849E+00,-602.111816406E-03
+975.000E-09,+4.748743638400E+00,-879.397109147E-03,-879.397109151E-03,+305.175777E-06
+977.500E-09,+4.949748665094E+00,-577.889569100E-03,-979.899622496E-03,-401.306152344E-03
+980.000E-09,+4.949748665099E+00,-879.397109142E-03,-879.397109151E-03,+305.175773E-06
+982.500E-09,+4.748743638396E+00,-678.392082453E-03,-879.397109151E-03,-200.500488281E-03
+985.000E-09,+4.949748665094E+00,-678.392082453E-03,-879.397109147E-03,-200.500488277E-03
+987.500E-09,+5.150753691792E+00,-678.392082453E-03,-879.397109151E-03,-200.500488281E-03
+990.000E-09,+4.748743638400E+00,-477.387055755E-03,-879.397109151E-03,-401.306152344E-03
+992.500E-09,+5.050251178439E+00,-577.889569108E-03,-879.397109151E-03,-300.903320308E-03
+995.000E-09,+4.949748665094E+00,-678.392082449E-03,-879.397109151E-03,-200.500488285E-03
+997.500E-09,+4.949748665094E+00,-477.387055755E-03,-778.894595806E-03,-300.903320317E-03
+1.000000E-06,+4.748743638396E+00,-477.387055759E-03,-678.392082457E-03,-200.500488281E-03
+1.002500E-06,+4.949748665094E+00,-577.889569108E-03,-678.392082453E-03,-100.097656246E-03
+1.005000E-06,+4.748743638396E+00,-477.387055755E-03,-879.397109147E-03,-401.306152340E-03
+1.007500E-06,+4.648241125043E+00,-577.889569108E-03,-376.884542401E-03,+201.110839852E-03
+1.010000E-06,+4.748743638396E+00,-477.387055755E-03,-678.392082448E-03,-200.500488277E-03
+1.012500E-06,+4.748743638396E+00,-577.889569108E-03,-477.387055755E-03,+100.708007817E-03
+1.015000E-06,+4.748743638396E+00,-678.392082453E-03,-477.387055755E-03,+201.110839844E-03
+1.017500E-06,+4.748743638396E+00,-577.889569099E-03,-577.889569099E-03,+305.175781E-06
+1.020000E-06,+4.748743638396E+00,-678.392082448E-03,-477.387055755E-03,+201.110839839E-03
+1.022500E-06,+4.748743638396E+00,-577.889569099E-03,-477.387055755E-03,+100.708007808E-03
+1.025000E-06,+4.748743638396E+00,-477.387055763E-03,-477.387055755E-03,+305.175790E-06
+1.027500E-06,+4.949748665094E+00,-577.889569108E-03,-477.387055755E-03,+100.708007817E-03
+1.030000E-06,+4.748743638401E+00,-477.387055755E-03,-477.387055755E-03,+305.175781E-06
+1.032500E-06,+4.748743638396E+00,-577.889569108E-03,-376.884542401E-03,+201.110839852E-03
+1.035000E-06,+4.748743638401E+00,-477.387055755E-03,-477.387055755E-03,+305.175781E-06
+1.037500E-06,+4.748743638396E+00,-678.392082453E-03,-376.884542410E-03,+301.513671871E-03
+1.040000E-06,+4.748743638388E+00,-477.387055759E-03,-477.387055750E-03,+305.175790E-06
+1.042500E-06,+4.748743638396E+00,-477.387055755E-03,-477.387055755E-03,+305.175781E-06
+1.045000E-06,+4.748743638405E+00,-477.387055755E-03,-276.382029057E-03,+201.110839844E-03
+1.047500E-06,+4.748743638396E+00,-577.889569099E-03,-477.387055755E-03,+100.708007808E-03
+1.050000E-06,+4.748743638396E+00,-477.387055755E-03,-477.387055755E-03,+305.175781E-06
+1.052500E-06,+4.849246151741E+00,-477.387055755E-03,-376.884542401E-03,+100.708007817E-03
+1.055000E-06,+4.748743638396E+00,-678.392082448E-03,-477.387055755E-03,+201.110839839E-03
+1.057500E-06,+4.748743638396E+00,-577.889569099E-03,-477.387055755E-03,+100.708007808E-03
+1.060000E-06,+4.748743638401E+00,-477.387055750E-03,-477.387055755E-03,+305.175777E-06
+1.062500E-06,+4.849246151750E+00,-678.392082453E-03,-376.884542410E-03,+301.513671871E-03
+1.065000E-06,+4.748743638396E+00,-477.387055759E-03,-477.387055755E-03,+305.175786E-06
+1.067500E-06,+4.949748665094E+00,-477.387055755E-03,-477.387055755E-03,+305.175781E-06
+1.070000E-06,+4.748743638401E+00,-477.387055755E-03,-477.387055755E-03,+305.175781E-06
+1.072500E-06,+4.648241125043E+00,-577.889569108E-03,-477.387055755E-03,+100.708007817E-03
+1.075000E-06,+4.547738611703E+00,-678.392082453E-03,-477.387055755E-03,+201.110839844E-03
+1.077500E-06,+4.748743638396E+00,-477.387055755E-03,-577.889569108E-03,-100.097656254E-03
+1.080000E-06,+4.748743638401E+00,-477.387055759E-03,-477.387055755E-03,+305.175786E-06
+1.082500E-06,+4.748743638396E+00,-477.387055755E-03,-577.889569108E-03,-100.097656254E-03
+1.085000E-06,+4.748743638396E+00,-477.387055755E-03,-678.392082448E-03,-200.500488277E-03
+1.087500E-06,+4.849246151741E+00,-678.392082453E-03,-477.387055755E-03,+201.110839844E-03
+1.090000E-06,+4.748743638405E+00,-477.387055755E-03,-879.397109146E-03,-401.306152339E-03
+1.092500E-06,+4.648241125052E+00,-477.387055755E-03,-778.894595797E-03,-300.903320308E-03
+1.095000E-06,+4.547738611703E+00,-879.397109146E-03,-678.392082453E-03,+201.110839839E-03
+1.097500E-06,+4.648241125043E+00,-577.889569099E-03,-678.392082453E-03,-100.097656254E-03
+1.100000E-06,+4.748743638396E+00,-477.387055759E-03,-678.392082457E-03,-200.500488281E-03
+1.102500E-06,+4.648241125052E+00,-678.392082444E-03,-778.894595797E-03,-100.097656254E-03
+1.105000E-06,+4.748743638392E+00,-477.387055764E-03,-879.397109146E-03,-401.306152330E-03
+1.107500E-06,+4.849246151750E+00,-577.889569099E-03,-778.894595806E-03,-200.500488290E-03
+1.110000E-06,+4.748743638396E+00,-477.387055755E-03,-879.397109151E-03,-401.306152344E-03
+1.112500E-06,+4.748743638396E+00,-778.894595806E-03,-879.397109151E-03,-100.097656246E-03
+1.115000E-06,+4.748743638396E+00,-678.392082453E-03,-879.397109151E-03,-200.500488281E-03
+1.117500E-06,+4.949748665094E+00,-477.387055755E-03,-979.899622504E-03,-501.708984379E-03
+1.120000E-06,+4.949748665090E+00,-879.397109146E-03,-879.397109151E-03,+305.175777E-06
+1.122500E-06,+4.849246151741E+00,-577.889569108E-03,-979.899622504E-03,-401.306152344E-03
+1.125000E-06,+4.748743638396E+00,-678.392082453E-03,-1.080402135840E+00,-401.306152335E-03
+1.127500E-06,+4.748743638396E+00,-778.894595806E-03,-879.397109151E-03,-100.097656246E-03
+1.130000E-06,+4.949748665090E+00,-678.392082453E-03,-879.397109151E-03,-200.500488281E-03
+1.132500E-06,+4.849246151750E+00,-678.392082453E-03,-979.899622495E-03,-300.903320308E-03
+1.135000E-06,+4.949748665094E+00,-678.392082453E-03,-879.397109151E-03,-200.500488281E-03
+1.137500E-06,+4.748743638396E+00,-577.889569099E-03,-979.899622495E-03,-401.306152344E-03
+1.140000E-06,+4.748743638401E+00,-477.387055759E-03,-879.397109151E-03,-401.306152339E-03
+1.142500E-06,+4.748743638396E+00,-678.392082453E-03,-879.397109151E-03,-200.500488281E-03
+1.145000E-06,+4.748743638396E+00,-477.387055764E-03,-879.397109151E-03,-401.306152335E-03
+1.147500E-06,+4.949748665085E+00,-678.392082453E-03,-879.397109151E-03,-200.500488281E-03
+1.150000E-06,+4.748743638401E+00,-477.387055755E-03,-879.397109151E-03,-401.306152344E-03
+1.152500E-06,+4.748743638396E+00,-577.889569108E-03,-778.894595806E-03,-200.500488281E-03
+1.155000E-06,+4.748743638396E+00,-477.387055759E-03,-879.397109151E-03,-401.306152339E-03
+1.157500E-06,+4.849246151741E+00,-577.889569099E-03,-778.894595806E-03,-200.500488290E-03
+1.160000E-06,+4.949748665094E+00,-879.397109151E-03,-678.392082457E-03,+201.110839839E-03
+1.162500E-06,+4.748743638396E+00,-577.889569099E-03,-678.392082453E-03,-100.097656255E-03
+1.165000E-06,+4.748743638396E+00,-477.387055759E-03,-879.397109146E-03,-401.306152335E-03
+1.167500E-06,+4.748743638396E+00,-778.894595797E-03,-577.889569108E-03,+201.110839835E-03
+1.170000E-06,+4.748743638401E+00,-678.392082448E-03,-678.392082453E-03,+305.175777E-06
+1.172500E-06,+4.849246151741E+00,-577.889569099E-03,-678.392082444E-03,-100.097656245E-03
+1.175000E-06,+4.748743638396E+00,-678.392082453E-03,-678.392082448E-03,+305.175786E-06
+1.177500E-06,+4.949748665094E+00,-477.387055755E-03,-477.387055755E-03,+305.175781E-06
+1.180000E-06,+4.748743638401E+00,-678.392082448E-03,-477.387055755E-03,+201.110839839E-03
+1.182500E-06,+4.748743638396E+00,-577.889569099E-03,-477.387055755E-03,+100.708007808E-03
+1.185000E-06,+4.949748665090E+00,-477.387055759E-03,-477.387055755E-03,+305.175786E-06
+1.187500E-06,+4.949748665104E+00,-477.387055755E-03,-477.387055755E-03,+305.175781E-06
+1.190000E-06,+4.949748665094E+00,-276.382029057E-03,-477.387055755E-03,-200.500488281E-03
+1.192500E-06,+4.748743638396E+00,-678.392082462E-03,-276.382029057E-03,+401.916503915E-03
+1.195000E-06,+4.748743638401E+00,-477.387055755E-03,-477.387055755E-03,+305.175781E-06
+1.197500E-06,+4.949748665094E+00,-477.387055755E-03,-477.387055764E-03,+305.175772E-06
+1.200000E-06,+4.748743638392E+00,-678.392082453E-03,-276.382029057E-03,+401.916503906E-03
+1.202500E-06,+4.648241125043E+00,-477.387055755E-03,-477.387055755E-03,+305.175781E-06
+1.205000E-06,+4.949748665090E+00,-477.387055755E-03,-477.387055750E-03,+305.175786E-06
+1.207500E-06,+4.748743638396E+00,-678.392082453E-03,-376.884542401E-03,+301.513671880E-03
+1.210000E-06,+4.547738611703E+00,-477.387055750E-03,-477.387055750E-03,+305.175781E-06
+1.212500E-06,+4.648241125052E+00,-577.889569099E-03,-276.382029057E-03,+301.513671870E-03
+1.215000E-06,+4.748743638396E+00,-879.397109146E-03,-477.387055750E-03,+401.916503906E-03
+1.217500E-06,+4.748743638396E+00,-577.889569099E-03,-477.387055755E-03,+100.708007808E-03
+1.220000E-06,+4.748743638396E+00,-477.387055755E-03,-276.382029061E-03,+201.110839839E-03
+1.222500E-06,+4.849246151750E+00,-577.889569099E-03,-376.884542410E-03,+201.110839834E-03
+1.225000E-06,+4.748743638392E+00,-477.387055755E-03,-477.387055750E-03,+305.175786E-06
+1.227500E-06,+4.849246151750E+00,-477.387055755E-03,-577.889569099E-03,-100.097656245E-03
+1.230000E-06,+4.748743638396E+00,-477.387055755E-03,-477.387055755E-03,+305.175781E-06
+1.232500E-06,+4.748743638396E+00,-477.387055755E-03,-477.387055755E-03,+305.175781E-06
+1.235000E-06,+4.547738611707E+00,-477.387055755E-03,-477.387055759E-03,+305.175777E-06
+1.237500E-06,+4.748743638396E+00,-477.387055755E-03,-678.392082453E-03,-200.500488281E-03
+1.240000E-06,+4.748743638396E+00,-678.392082453E-03,-678.392082448E-03,+305.175786E-06
+1.242500E-06,+4.949748665094E+00,-577.889569099E-03,-577.889569108E-03,+305.175772E-06
+1.245000E-06,+4.949748665090E+00,-477.387055759E-03,-678.392082453E-03,-200.500488277E-03
+1.247500E-06,+4.748743638396E+00,-778.894595807E-03,-577.889569099E-03,+201.110839853E-03
+1.250000E-06,+4.748743638396E+00,-678.392082448E-03,-678.392082453E-03,+305.175777E-06
+1.252500E-06,+4.849246151750E+00,-678.392082453E-03,-778.894595797E-03,-100.097656245E-03
+1.255000E-06,+4.547738611703E+00,-1.080402135839E+00,-678.392082453E-03,+401.916503897E-03
+1.257500E-06,+4.748743638396E+00,-477.387055755E-03,-778.894595797E-03,-300.903320308E-03
+1.260000E-06,+4.748743638396E+00,-477.387055755E-03,-678.392082458E-03,-200.500488286E-03
+1.262500E-06,+4.748743638396E+00,-577.889569099E-03,-879.397109151E-03,-300.903320317E-03
+1.265000E-06,+4.748743638396E+00,-477.387055759E-03,-879.397109146E-03,-401.306152334E-03
+1.267500E-06,+4.748743638396E+00,-778.894595797E-03,-879.397109151E-03,-100.097656255E-03
+1.270000E-06,+4.748743638401E+00,-678.392082448E-03,-879.397109151E-03,-200.500488286E-03
+1.272500E-06,+4.648241125042E+00,-678.392082462E-03,-778.894595797E-03,-100.097656236E-03
+1.275000E-06,+4.748743638396E+00,-477.387055759E-03,-879.397109151E-03,-401.306152339E-03
+1.277500E-06,+4.849246151750E+00,-477.387055755E-03,-979.899622505E-03,-501.708984380E-03
+1.280000E-06,+4.748743638392E+00,-678.392082458E-03,-879.397109151E-03,-200.500488277E-03
+1.282500E-06,+4.748743638396E+00,-577.889569108E-03,-879.397109151E-03,-300.903320308E-03
+1.285000E-06,+4.748743638396E+00,-678.392082448E-03,-1.080402135844E+00,-401.306152344E-03
+1.287500E-06,+4.748743638396E+00,-778.894595807E-03,-778.894595797E-03,+305.175791E-06
+1.290000E-06,+4.949748665090E+00,-678.392082448E-03,-678.392082453E-03,+305.175777E-06
+1.292500E-06,+4.648241125052E+00,-577.889569108E-03,-979.899622495E-03,-401.306152334E-03
+1.295000E-06,+4.547738611698E+00,-678.392082453E-03,-879.397109151E-03,-200.500488281E-03
+1.297500E-06,+4.648241125052E+00,-477.387055745E-03,-979.899622495E-03,-501.708984380E-03
+1.300000E-06,+4.748743638396E+00,-477.387055755E-03,-678.392082458E-03,-200.500488286E-03
+1.302500E-06,+4.748743638396E+00,-678.392082453E-03,-778.894595797E-03,-100.097656245E-03
+1.305000E-06,+4.748743638396E+00,-477.387055764E-03,-678.392082458E-03,-200.500488276E-03
+1.307500E-06,+4.748743638396E+00,-577.889569099E-03,-778.894595807E-03,-200.500488291E-03
+1.310000E-06,+4.949748665090E+00,-477.387055755E-03,-678.392082458E-03,-200.500488286E-03
+1.312500E-06,+4.849246151750E+00,-678.392082453E-03,-678.392082453E-03,+305.175781E-06
+1.315000E-06,+4.748743638396E+00,-477.387055755E-03,-879.397109146E-03,-401.306152339E-03
+1.317500E-06,+4.849246151750E+00,-477.387055755E-03,-778.894595807E-03,-300.903320317E-03
+1.320000E-06,+4.748743638396E+00,-879.397109151E-03,-678.392082448E-03,+201.110839849E-03
+1.322500E-06,+4.748743638396E+00,-577.889569109E-03,-577.889569099E-03,+305.175791E-06
+1.325000E-06,+4.748743638396E+00,-678.392082448E-03,-879.397109146E-03,-200.500488281E-03
+1.327500E-06,+4.748743638396E+00,-778.894595807E-03,-477.387055755E-03,+301.513671880E-03
+1.330000E-06,+4.748743638396E+00,-678.392082453E-03,-678.392082453E-03,+305.175781E-06
+1.332500E-06,+4.849246151740E+00,-678.392082462E-03,-678.392082453E-03,+305.175791E-06
+1.335000E-06,+4.748743638401E+00,-678.392082448E-03,-477.387055760E-03,+201.110839834E-03
+1.337500E-06,+4.748743638396E+00,-477.387055755E-03,-678.392082453E-03,-200.500488281E-03
+1.340000E-06,+4.748743638401E+00,-477.387055755E-03,-477.387055760E-03,+305.175776E-06
+1.342500E-06,+4.748743638396E+00,-577.889569099E-03,-577.889569109E-03,+305.175771E-06
+1.345000E-06,+4.748743638401E+00,-477.387055755E-03,-477.387055755E-03,+305.175781E-06
+1.347500E-06,+4.849246151750E+00,-477.387055755E-03,-577.889569109E-03,-100.097656255E-03
+1.350000E-06,+4.748743638396E+00,-276.382029061E-03,-477.387055760E-03,-200.500488281E-03
+1.352500E-06,+4.547738611698E+00,-577.889569109E-03,-477.387055755E-03,+100.708007817E-03
+1.355000E-06,+4.748743638396E+00,-477.387055760E-03,-477.387055760E-03,+305.175781E-06
+1.357500E-06,+4.748743638396E+00,-477.387055755E-03,-577.889569109E-03,-100.097656255E-03
+1.360000E-06,+4.748743638391E+00,-477.387055760E-03,-477.387055755E-03,+305.175786E-06
+1.362500E-06,+4.849246151740E+00,-477.387055755E-03,-678.392082453E-03,-200.500488281E-03
+1.365000E-06,+4.748743638396E+00,-477.387055755E-03,-477.387055760E-03,+305.175776E-06
+1.367500E-06,+4.648241125042E+00,-678.392082453E-03,-477.387055755E-03,+201.110839844E-03
+1.370000E-06,+4.748743638396E+00,-678.392082448E-03,-477.387055755E-03,+201.110839839E-03
+1.372500E-06,+4.748743638396E+00,-678.392082453E-03,-577.889569099E-03,+100.708007817E-03
+1.375000E-06,+4.748743638401E+00,-678.392082448E-03,-477.387055755E-03,+201.110839839E-03
+1.377500E-06,+4.748743638396E+00,-376.884542401E-03,-678.392082453E-03,-300.903320317E-03
+1.380000E-06,+4.748743638396E+00,-477.387055755E-03,-477.387055760E-03,+305.175776E-06
+1.382500E-06,+4.748743638396E+00,-577.889569099E-03,-477.387055755E-03,+100.708007808E-03
+1.385000E-06,+4.748743638396E+00,-477.387055755E-03,-477.387055755E-03,+305.175781E-06
+1.387500E-06,+4.648241125052E+00,-477.387055755E-03,-678.392082453E-03,-200.500488281E-03
+1.390000E-06,+4.748743638396E+00,-678.392082448E-03,-477.387055760E-03,+201.110839834E-03
+1.392500E-06,+4.648241125042E+00,-577.889569109E-03,-577.889569099E-03,+305.175791E-06
+1.395000E-06,+4.547738611703E+00,-678.392082453E-03,-678.392082453E-03,+305.175781E-06
+1.397500E-06,+4.748743638396E+00,-577.889569109E-03,-577.889569109E-03,+305.175781E-06
+1.400000E-06,+4.748743638391E+00,-678.392082453E-03,-477.387055755E-03,+201.110839844E-03
+1.402500E-06,+4.748743638396E+00,-477.387055755E-03,-678.392082453E-03,-200.500488281E-03
+1.405000E-06,+4.748743638396E+00,-678.392082448E-03,-678.392082453E-03,+305.175776E-06
+1.407500E-06,+4.648241125042E+00,-678.392082453E-03,-678.392082453E-03,+305.175781E-06
+1.410000E-06,+4.748743638396E+00,-678.392082448E-03,-678.392082453E-03,+305.175776E-06
+1.412500E-06,+4.849246151740E+00,-577.889569099E-03,-678.392082453E-03,-100.097656255E-03
+1.415000E-06,+4.547738611708E+00,-678.392082453E-03,-879.397109146E-03,-200.500488276E-03
+1.417500E-06,+4.949748665094E+00,-477.387055755E-03,-678.392082453E-03,-200.500488281E-03
+1.420000E-06,+4.748743638401E+00,-477.387055755E-03,-678.392082458E-03,-200.500488286E-03
+1.422500E-06,+4.648241125052E+00,-577.889569099E-03,-678.392082453E-03,-100.097656255E-03
+1.425000E-06,+4.547738611693E+00,-276.382029062E-03,-678.392082453E-03,-401.306152339E-03
+1.427500E-06,+4.648241125052E+00,-577.889569099E-03,-678.392082453E-03,-100.097656255E-03
+1.430000E-06,+4.748743638391E+00,-477.387055760E-03,-879.397109151E-03,-401.306152339E-03
+1.432500E-06,+4.748743638396E+00,-577.889569109E-03,-678.392082453E-03,-100.097656245E-03
+1.435000E-06,+4.748743638396E+00,-477.387055760E-03,-879.397109146E-03,-401.306152334E-03
+1.437500E-06,+4.849246151740E+00,-477.387055755E-03,-778.894595807E-03,-300.903320318E-03
+1.440000E-06,+4.547738611703E+00,-477.387055765E-03,-678.392082453E-03,-200.500488271E-03
+1.442500E-06,+4.949748665094E+00,-477.387055755E-03,-879.397109151E-03,-401.306152344E-03
+1.445000E-06,+4.949748665089E+00,-477.387055760E-03,-879.397109146E-03,-401.306152334E-03
+1.447500E-06,+4.849246151740E+00,-678.392082453E-03,-778.894595807E-03,-100.097656255E-03
+1.450000E-06,+4.748743638396E+00,-477.387055755E-03,-678.392082453E-03,-200.500488281E-03
+1.452500E-06,+4.748743638396E+00,-577.889569109E-03,-879.397109151E-03,-300.903320307E-03
+1.455000E-06,+4.547738611703E+00,-678.392082448E-03,-678.392082453E-03,+305.175776E-06
+1.457500E-06,+4.949748665094E+00,-778.894595797E-03,-778.894595797E-03,+305.175781E-06
+1.460000E-06,+4.748743638401E+00,-678.392082448E-03,-678.392082453E-03,+305.175776E-06
+1.462500E-06,+4.748743638396E+00,-577.889569099E-03,-678.392082453E-03,-100.097656255E-03
+1.465000E-06,+4.748743638396E+00,-477.387055760E-03,-678.392082453E-03,-200.500488276E-03
+1.467500E-06,+4.849246151750E+00,-477.387055755E-03,-678.392082453E-03,-200.500488281E-03
+1.470000E-06,+4.748743638396E+00,-477.387055755E-03,-678.392082458E-03,-200.500488286E-03
+1.472500E-06,+4.748743638396E+00,-678.392082463E-03,-678.392082453E-03,+305.175791E-06
+1.475000E-06,+4.949748665089E+00,-678.392082448E-03,-678.392082453E-03,+305.175776E-06
+1.477500E-06,+4.748743638396E+00,-577.889569109E-03,-678.392082453E-03,-100.097656245E-03
+1.480000E-06,+4.547738611698E+00,-477.387055760E-03,-678.392082458E-03,-200.500488281E-03
+1.482500E-06,+4.849246151740E+00,-577.889569109E-03,-678.392082453E-03,-100.097656245E-03
+1.485000E-06,+4.748743638396E+00,-477.387055755E-03,-678.392082453E-03,-200.500488281E-03
+1.487500E-06,+4.748743638396E+00,-678.392082453E-03,-577.889569109E-03,+100.708007807E-03
+1.490000E-06,+4.949748665089E+00,-477.387055760E-03,-678.392082453E-03,-200.500488276E-03
+1.492500E-06,+4.547738611698E+00,-577.889569109E-03,-678.392082453E-03,-100.097656245E-03
+1.495000E-06,+4.748743638396E+00,-678.392082453E-03,-477.387055755E-03,+201.110839844E-03
+1.497500E-06,+4.748743638396E+00,-477.387055755E-03,-678.392082453E-03,-200.500488281E-03
+1.500000E-06,+4.748743638391E+00,-477.387055755E-03,-477.387055760E-03,+305.175776E-06
+1.502500E-06,+4.648241125052E+00,-577.889569099E-03,-477.387055755E-03,+100.708007807E-03
+1.505000E-06,+4.748743638396E+00,-477.387055760E-03,-477.387055755E-03,+305.175786E-06
+1.507500E-06,+4.748743638396E+00,-477.387055755E-03,-376.884542411E-03,+100.708007807E-03
+1.510000E-06,+4.748743638396E+00,-477.387055755E-03,-477.387055760E-03,+305.175776E-06
+1.512500E-06,+4.748743638396E+00,-477.387055755E-03,-376.884542411E-03,+100.708007807E-03
+1.515000E-06,+4.748743638396E+00,-477.387055760E-03,-477.387055755E-03,+305.175786E-06
+1.517500E-06,+4.849246151740E+00,-376.884542411E-03,-678.392082453E-03,-300.903320307E-03
+1.520000E-06,+4.748743638391E+00,-678.392082453E-03,-477.387055755E-03,+201.110839844E-03
+1.522500E-06,+4.748743638396E+00,-376.884542411E-03,-577.889569109E-03,-200.500488281E-03
+1.525000E-06,+4.547738611703E+00,-477.387055755E-03,-879.397109146E-03,-401.306152339E-03
+1.527500E-06,+4.648241125042E+00,-678.392082453E-03,-477.387055755E-03,+201.110839844E-03
+1.530000E-06,+4.748743638396E+00,-678.392082447E-03,-678.392082447E-03,+305.175781E-06
+1.532500E-06,+4.748743638396E+00,-477.387055755E-03,-678.392082453E-03,-200.500488281E-03
+1.535000E-06,+4.748743638396E+00,-879.397109140E-03,-477.387055760E-03,+401.916503890E-03
+1.537500E-06,+4.748743638396E+00,-376.884542400E-03,-477.387055755E-03,-100.097656255E-03
+1.540000E-06,+4.748743638396E+00,-477.387055755E-03,-477.387055760E-03,+305.175776E-06
+1.542500E-06,+4.748743638396E+00,-678.392082442E-03,-477.387055755E-03,+201.110839833E-03
+1.545000E-06,+4.748743638396E+00,-678.392082453E-03,-678.392082447E-03,+305.175787E-06
+1.547500E-06,+4.849246151751E+00,-477.387055755E-03,-577.889569109E-03,-100.097656255E-03
+1.550000E-06,+4.748743638396E+00,-477.387055755E-03,-477.387055760E-03,+305.175776E-06
+1.552500E-06,+4.849246151740E+00,-577.889569109E-03,-577.889569098E-03,+305.175792E-06
+1.555000E-06,+4.748743638396E+00,-477.387055755E-03,-678.392082453E-03,-200.500488281E-03
+1.557500E-06,+4.748743638396E+00,-477.387055755E-03,-678.392082453E-03,-200.500488281E-03
+1.560000E-06,+4.547738611703E+00,-879.397109146E-03,-678.392082453E-03,+201.110839838E-03
+1.562500E-06,+4.547738611698E+00,-577.889569109E-03,-678.392082453E-03,-100.097656245E-03
+1.565000E-06,+4.547738611698E+00,-678.392082447E-03,-879.397109146E-03,-200.500488281E-03
+1.567500E-06,+4.648241125042E+00,-778.894595797E-03,-477.387055755E-03,+301.513671870E-03
+1.570000E-06,+4.748743638396E+00,-678.392082447E-03,-678.392082447E-03,+305.175781E-06
+1.572500E-06,+4.648241125053E+00,-477.387055755E-03,-778.894595797E-03,-300.903320307E-03
+1.575000E-06,+4.949748665089E+00,-678.392082447E-03,-678.392082453E-03,+305.175776E-06
+1.577500E-06,+4.849246151740E+00,-577.889569098E-03,-577.889569109E-03,+305.175771E-06
+1.580000E-06,+4.748743638407E+00,-477.387055760E-03,-678.392082453E-03,-200.500488276E-03
+1.582500E-06,+4.547738611709E+00,-678.392082453E-03,-577.889569098E-03,+100.708007818E-03
+1.585000E-06,+4.748743638391E+00,-477.387055760E-03,-678.392082447E-03,-200.500488271E-03
+1.587500E-06,+4.648241125042E+00,-577.889569098E-03,-778.894595807E-03,-200.500488292E-03
+1.590000E-06,+4.748743638391E+00,-678.392082447E-03,-678.392082458E-03,+305.175770E-06
+1.592500E-06,+4.748743638396E+00,-477.387055755E-03,-678.392082453E-03,-200.500488281E-03
+1.595000E-06,+4.748743638396E+00,-477.387055760E-03,-678.392082458E-03,-200.500488281E-03
+1.597500E-06,+4.949748665094E+00,-477.387055755E-03,-778.894595807E-03,-300.903320318E-03
+1.600000E-06,+4.748743638402E+00,-678.392082453E-03,-477.387055760E-03,+201.110839838E-03
+1.602500E-06,+4.849246151751E+00,+125.628024329E-03,-477.387055755E-03,-602.111816395E-03
+1.605000E-06,+4.748743638396E+00,+728.643104429E-03,-276.382029051E-03,-1.003723144520E+00
+1.607500E-06,+4.748743638396E+00,+1.432160697861E+00,+326.633051027E-03,-1.104125976557E+00
+1.610000E-06,+4.547738611709E+00,+2.738693371399E+00,+527.638077731E-03,-2.208557128895E+00
+1.612500E-06,+4.849246151740E+00,+3.040200911457E+00,+929.648131132E-03,-2.108154296870E+00
+1.615000E-06,+4.748743638402E+00,+3.743718504900E+00,+1.532663211221E+00,-2.208557128906E+00
+1.617500E-06,+4.748743638396E+00,+6.557788878647E+00,+3.542713478186E+00,-3.011779785145E+00
+1.620000E-06,+4.748743638396E+00,+9.974874332515E+00,+4.949748665078E+00,-5.019836425765E+00
+1.622500E-06,+5.050251178449E+00,+11.884422086174E+00,+5.753768771876E+00,-6.124267578130E+00
+1.625000E-06,+4.145728558318E+00,+13.190954759701E+00,+6.959798932059E+00,-6.224670410156E+00
+1.627500E-06,+4.447236098333E+00,+15.201005026676E+00,+9.371859252431E+00,-5.823059082031E+00
+1.630000E-06,+5.954773798563E+00,+17.010050266965E+00,+10.979899466021E+00,-6.023864746094E+00
+1.632500E-06,+5.351758718524E+00,+17.211055293679E+00,+12.587939679601E+00,-4.618225097678E+00
+1.635000E-06,+2.939698398135E+00,+17.613065347065E+00,+13.994974866499E+00,-3.614196777344E+00
+1.637500E-06,+3.140703424800E+00,+19.522613100680E+00,+15.904522620125E+00,-3.614196777333E+00
+1.640000E-06,+4.547738611676E+00,+20.628140747536E+00,+17.211055293668E+00,-3.413391113281E+00
+1.642500E-06,+3.844221018271E+00,+20.427135720849E+00,+18.819095507253E+00,-1.606140136730E+00
+1.645000E-06,+2.939698398113E+00,+21.030150800932E+00,+20.025125667442E+00,-1.003723144531E+00
+1.647500E-06,+3.944723531593E+00,+22.035175934423E+00,+21.231155827631E+00,-802.917480469E-03
+1.650000E-06,+3.743718504917E+00,+22.638191014528E+00,+22.035175934429E+00,-602.111816412E-03
+1.652500E-06,+2.738693371426E+00,+22.336683474476E+00,+23.241206094612E+00,+903.930664057E-03
+1.655000E-06,+2.537688344712E+00,+22.638191014528E+00,+24.246231228102E+00,+1.606750488270E+00
+1.657500E-06,+3.442210964842E+00,+23.743718661362E+00,+24.949748821551E+00,+1.205139160156E+00
+1.660000E-06,+4.547738611693E+00,+23.643216148030E+00,+25.452261388296E+00,+1.807556152327E+00
+1.662500E-06,+5.452261231845E+00,+23.442211121332E+00,+25.954773955042E+00,+2.510375976546E+00
+1.665000E-06,+5.150753691798E+00,+23.844221174706E+00,+26.859296575172E+00,+3.012390136713E+00
+1.667500E-06,+4.849246151751E+00,+24.246231228113E+00,+26.859296575189E+00,+2.610778808594E+00
+1.670000E-06,+4.346733585006E+00,+24.045226201421E+00,+26.658291548491E+00,+2.610778808588E+00
+1.672500E-06,+3.743718504906E+00,+23.743718661362E+00,+26.859296575189E+00,+3.112792968755E+00
+1.675000E-06,+3.944723531598E+00,+24.246231228102E+00,+27.060301601881E+00,+2.811584472662E+00
+1.677500E-06,+4.246231071646E+00,+24.447236254811E+00,+26.758794061845E+00,+2.309570312505E+00
+1.680000E-06,+3.743718504911E+00,+23.844221174722E+00,+26.457286521792E+00,+2.610778808588E+00
+1.682500E-06,+3.743718504906E+00,+23.944723688072E+00,+26.055276468396E+00,+2.108764648432E+00
+1.685000E-06,+3.743718504900E+00,+24.045226201410E+00,+26.055276468402E+00,+2.008361816417E+00
+1.687500E-06,+3.542713478208E+00,+24.045226201415E+00,+25.854271441698E+00,+1.807556152344E+00
+1.690000E-06,+3.542713478208E+00,+23.844221174723E+00,+25.452261388307E+00,+1.606750488281E+00
+1.692500E-06,+3.743718504906E+00,+23.743718661362E+00,+25.351758874958E+00,+1.606750488292E+00
+1.695000E-06,+3.542713478213E+00,+23.844221174723E+00,+25.050251334911E+00,+1.205139160156E+00
+1.697500E-06,+3.643215991551E+00,+24.045226201415E+00,+24.949748821562E+00,+903.930664068E-03
+1.700000E-06,+3.743718504906E+00,+23.844221174723E+00,+24.849246308208E+00,+1.004333496088E+00
+1.702500E-06,+3.643215991551E+00,+23.743718661374E+00,+24.648241281509E+00,+903.930664057E-03
+1.705000E-06,+4.346733584994E+00,+23.844221174711E+00,+24.648241281509E+00,+803.527832037E-03
+1.707500E-06,+4.849246151740E+00,+23.944723688072E+00,+24.447236254811E+00,+502.319335932E-03
+1.710000E-06,+5.150753691787E+00,+23.844221174717E+00,+24.246231228119E+00,+401.916503912E-03
+1.712500E-06,+5.150753691792E+00,+23.743718661362E+00,+24.145728714770E+00,+401.916503917E-03
+1.715000E-06,+5.351758718485E+00,+23.643216148019E+00,+24.045226201415E+00,+401.916503906E-03
+1.717500E-06,+5.251256205147E+00,+23.643216148019E+00,+23.844221174717E+00,+201.110839844E-03
+1.720000E-06,+5.351758718485E+00,+23.844221174706E+00,+23.844221174717E+00,+305.175792E-06
+1.722500E-06,+5.251256205136E+00,+23.743718661362E+00,+23.844221174717E+00,+100.708007818E-03
+1.725000E-06,+5.351758718485E+00,+23.844221174706E+00,+23.643216148024E+00,-200.500488265E-03
+1.727500E-06,+5.351758718491E+00,+23.442211121321E+00,+23.844221174717E+00,+401.916503906E-03
+1.730000E-06,+5.150753691798E+00,+23.442211121326E+00,+23.844221174723E+00,+401.916503906E-03
+1.732500E-06,+4.949748665094E+00,+23.743718661374E+00,+23.944723688072E+00,+201.110839844E-03
+1.735000E-06,+4.748743638402E+00,+23.844221174723E+00,+24.246231228113E+00,+401.916503901E-03
+1.737500E-06,+4.547738611698E+00,+23.743718661362E+00,+24.246231228113E+00,+502.319335943E-03
+1.740000E-06,+4.547738611698E+00,+23.643216148025E+00,+24.648241281504E+00,+1.004333496082E+00
+1.742500E-06,+4.547738611698E+00,+23.743718661374E+00,+24.648241281509E+00,+903.930664057E-03
+1.745000E-06,+4.748743638391E+00,+23.844221174717E+00,+24.849246308208E+00,+1.004333496094E+00
+1.747500E-06,+4.346733585000E+00,+23.743718661374E+00,+24.748743794853E+00,+1.004333496082E+00
+1.750000E-06,+4.346733585000E+00,+23.844221174711E+00,+24.849246308208E+00,+1.004333496099E+00
+1.752500E-06,+4.346733585000E+00,+23.743718661362E+00,+24.748743794864E+00,+1.004333496105E+00
+1.755000E-06,+4.145728558308E+00,+23.844221174711E+00,+24.447236254817E+00,+602.722167980E-03
+1.757500E-06,+4.447236098343E+00,+23.643216148019E+00,+24.447236254811E+00,+803.527832031E-03
+1.760000E-06,+4.145728558302E+00,+23.442211121321E+00,+24.045226201421E+00,+602.722167974E-03
+1.762500E-06,+4.246231071645E+00,+23.542713634664E+00,+23.844221174717E+00,+301.513671881E-03
+1.765000E-06,+4.145728558308E+00,+23.442211121321E+00,+23.643216148025E+00,+201.110839849E-03
+1.767500E-06,+4.246231071645E+00,+23.241206094623E+00,+23.341708607977E+00,+100.708007818E-03
+1.770000E-06,+4.547738611698E+00,+23.241206094628E+00,+23.040201067930E+00,-200.500488281E-03
+1.772500E-06,+4.648241125042E+00,+23.241206094623E+00,+22.839196041238E+00,-401.306152332E-03
+1.775000E-06,+4.547738611698E+00,+23.241206094628E+00,+22.638191014523E+00,-602.111816418E-03
+1.777500E-06,+4.748743638396E+00,+23.140703581279E+00,+22.135678447789E+00,-1.003723144531E+00
+1.780000E-06,+4.748743638396E+00,+23.040201067925E+00,+22.035175934434E+00,-1.003723144531E+00
+1.782500E-06,+4.748743638396E+00,+22.939698554581E+00,+21.733668394392E+00,-1.204528808594E+00
+1.785000E-06,+4.949748665089E+00,+23.040201067925E+00,+21.633165881038E+00,-1.405334472656E+00
+1.787500E-06,+4.949748665083E+00,+22.839196041226E+00,+21.532663367694E+00,-1.304931640619E+00
+1.790000E-06,+4.949748665100E+00,+22.839196041232E+00,+21.432160854340E+00,-1.405334472662E+00
+1.792500E-06,+5.150753691792E+00,+23.040201067925E+00,+21.432160854340E+00,-1.606140136719E+00
+1.795000E-06,+4.949748665100E+00,+23.040201067925E+00,+21.432160854345E+00,-1.606140136713E+00
+1.797500E-06,+4.849246151751E+00,+22.939698554581E+00,+21.432160854328E+00,-1.505737304704E+00
+1.800000E-06,+4.949748665089E+00,+22.839196041226E+00,+21.834170907730E+00,-1.003723144537E+00
+1.802500E-06,+4.849246151740E+00,+23.140703581268E+00,+21.834170907736E+00,-1.304931640619E+00
+1.805000E-06,+4.949748665094E+00,+23.040201067925E+00,+21.834170907742E+00,-1.204528808588E+00
+1.807500E-06,+4.949748665094E+00,+23.040201067925E+00,+22.135678447777E+00,-903.320312506E-03
+1.810000E-06,+4.949748665089E+00,+23.040201067925E+00,+22.236180961132E+00,-802.917480469E-03
+1.812500E-06,+4.949748665094E+00,+23.241206094623E+00,+22.537688501174E+00,-702.514648443E-03
+1.815000E-06,+4.547738611704E+00,+23.040201067930E+00,+22.638191014523E+00,-401.306152355E-03
+1.817500E-06,+4.547738611698E+00,+23.040201067925E+00,+22.939698554570E+00,-100.097656256E-03
+1.820000E-06,+4.748743638396E+00,+23.241206094623E+00,+22.839196041226E+00,-401.306152344E-03
+1.822500E-06,+4.648241125053E+00,+23.241206094634E+00,+23.040201067925E+00,-200.500488293E-03
+1.825000E-06,+4.748743638390E+00,+23.241206094617E+00,+23.241206094617E+00,+305.175781E-06
+1.827500E-06,+4.748743638396E+00,+23.140703581279E+00,+23.241206094623E+00,+100.708007807E-03
+1.830000E-06,+4.748743638402E+00,+23.241206094623E+00,+23.241206094623E+00,+305.175781E-06
+1.832500E-06,+4.748743638396E+00,+23.140703581268E+00,+23.442211121321E+00,+301.513671881E-03
+1.835000E-06,+4.748743638396E+00,+23.040201067930E+00,+23.241206094623E+00,+201.110839838E-03
+1.837500E-06,+4.748743638396E+00,+23.140703581279E+00,+23.341708607978E+00,+201.110839844E-03
+1.840000E-06,+4.748743638390E+00,+23.040201067925E+00,+23.442211121321E+00,+401.916503906E-03
+1.842500E-06,+4.748743638396E+00,+23.040201067925E+00,+23.241206094623E+00,+201.110839844E-03
+1.845000E-06,+4.547738611704E+00,+23.241206094617E+00,+23.442211121315E+00,+201.110839844E-03
+1.847500E-06,+4.648241125041E+00,+22.839196041226E+00,+23.341708607978E+00,+502.319335943E-03
+1.850000E-06,+4.547738611704E+00,+23.040201067930E+00,+23.442211121315E+00,+401.916503895E-03
+1.852500E-06,+4.748743638396E+00,+23.040201067925E+00,+23.442211121321E+00,+401.916503906E-03
+1.855000E-06,+4.748743638396E+00,+22.839196041232E+00,+23.442211121315E+00,+602.722167957E-03
+1.857500E-06,+4.748743638396E+00,+23.040201067925E+00,+23.341708607978E+00,+301.513671881E-03
+1.860000E-06,+4.748743638396E+00,+23.040201067925E+00,+23.442211121321E+00,+401.916503906E-03
+1.862500E-06,+4.849246151751E+00,+23.140703581279E+00,+23.442211121321E+00,+301.513671869E-03
+1.865000E-06,+4.748743638396E+00,+23.040201067925E+00,+23.442211121321E+00,+401.916503906E-03
+1.867500E-06,+4.748743638396E+00,+22.939698554581E+00,+23.442211121321E+00,+502.319335932E-03
+1.870000E-06,+4.949748665094E+00,+23.241206094617E+00,+23.442211121321E+00,+201.110839850E-03
+1.872500E-06,+4.849246151739E+00,+22.939698554570E+00,+23.542713634676E+00,+602.722167980E-03
+1.875000E-06,+4.748743638402E+00,+23.040201067925E+00,+23.643216148019E+00,+602.722167969E-03
+1.877500E-06,+4.648241125041E+00,+23.241206094623E+00,+23.542713634676E+00,+301.513671881E-03
+1.880000E-06,+4.748743638390E+00,+23.040201067913E+00,+23.643216148013E+00,+602.722167975E-03
+1.882500E-06,+4.547738611698E+00,+23.040201067925E+00,+23.542713634676E+00,+502.319335943E-03
+1.885000E-06,+4.547738611698E+00,+22.839196041226E+00,+23.442211121321E+00,+602.722167969E-03
+1.887500E-06,+4.748743638396E+00,+22.839196041226E+00,+23.542713634676E+00,+703.125000006E-03
+1.890000E-06,+4.547738611704E+00,+23.040201067925E+00,+23.442211121321E+00,+401.916503906E-03
+1.892500E-06,+4.447236098355E+00,+22.939698554581E+00,+23.542713634676E+00,+602.722167969E-03
+1.895000E-06,+4.547738611698E+00,+22.839196041226E+00,+23.442211121315E+00,+602.722167963E-03
+1.897500E-06,+4.748743638396E+00,+22.939698554581E+00,+23.542713634676E+00,+602.722167969E-03
+1.900000E-06,+4.547738611692E+00,+22.839196041232E+00,+23.442211121315E+00,+602.722167957E-03
+1.902500E-06,+4.547738611710E+00,+22.939698554581E+00,+23.241206094623E+00,+301.513671869E-03
+1.905000E-06,+4.748743638396E+00,+22.839196041226E+00,+23.241206094623E+00,+401.916503906E-03
+1.907500E-06,+4.648241125041E+00,+22.939698554570E+00,+23.140703581280E+00,+201.110839856E-03
+1.910000E-06,+4.547738611698E+00,+22.638191014534E+00,+23.040201067930E+00,+401.916503906E-03
+1.912500E-06,+4.547738611698E+00,+22.839196041226E+00,+22.939698554581E+00,+100.708007818E-03
+1.915000E-06,+4.547738611698E+00,+22.638191014534E+00,+22.839196041226E+00,+201.110839838E-03
+1.917500E-06,+4.748743638396E+00,+22.638191014528E+00,+22.738693527883E+00,+100.708007818E-03
+1.920000E-06,+4.547738611698E+00,+22.638191014522E+00,+22.638191014528E+00,+305.175787E-06
+1.922500E-06,+4.648241125053E+00,+22.738693527871E+00,+22.437185987830E+00,-300.903320306E-03
+1.925000E-06,+4.748743638396E+00,+22.638191014528E+00,+22.437185987836E+00,-200.500488275E-03
+1.927500E-06,+4.547738611698E+00,+22.537688501185E+00,+22.437185987830E+00,-100.097656256E-03
+1.930000E-06,+4.748743638396E+00,+22.638191014528E+00,+22.236180961132E+00,-401.306152344E-03
+1.932500E-06,+4.547738611698E+00,+22.638191014528E+00,+22.336683474487E+00,-300.903320306E-03
+1.935000E-06,+4.547738611704E+00,+22.437185987830E+00,+22.035175934440E+00,-401.306152338E-03
+1.937500E-06,+4.849246151739E+00,+22.638191014528E+00,+22.035175934434E+00,-602.111816406E-03
+1.940000E-06,+4.748743638402E+00,+22.437185987836E+00,+22.035175934434E+00,-401.306152350E-03
+1.942500E-06,+4.748743638396E+00,+22.537688501185E+00,+22.035175934434E+00,-501.708984381E-03
+1.945000E-06,+4.748743638396E+00,+22.638191014522E+00,+21.834170907742E+00,-802.917480457E-03
+1.947500E-06,+4.648241125041E+00,+22.537688501185E+00,+22.035175934434E+00,-501.708984381E-03
+1.950000E-06,+4.748743638396E+00,+22.437185987830E+00,+21.834170907742E+00,-602.111816400E-03
+1.952500E-06,+4.748743638396E+00,+22.537688501173E+00,+21.934673421091E+00,-602.111816394E-03
+1.955000E-06,+4.949748665094E+00,+22.638191014528E+00,+22.035175934428E+00,-602.111816412E-03
+1.957500E-06,+4.748743638396E+00,+22.638191014528E+00,+22.035175934434E+00,-602.111816406E-03
+1.960000E-06,+4.748743638396E+00,+22.437185987824E+00,+22.035175934428E+00,-401.306152344E-03
+1.962500E-06,+4.949748665106E+00,+22.437185987830E+00,+21.934673421079E+00,-501.708984381E-03
+1.965000E-06,+4.748743638396E+00,+22.437185987830E+00,+22.035175934434E+00,-401.306152344E-03
+1.967500E-06,+4.748743638396E+00,+22.437185987830E+00,+21.934673421079E+00,-501.708984381E-03
+1.970000E-06,+4.748743638396E+00,+22.638191014522E+00,+22.035175934428E+00,-602.111816406E-03
+1.972500E-06,+4.748743638396E+00,+22.537688501173E+00,+22.035175934434E+00,-501.708984369E-03
+1.975000E-06,+4.547738611704E+00,+22.236180961138E+00,+22.035175934428E+00,-200.500488293E-03
+1.977500E-06,+4.648241125041E+00,+22.537688501185E+00,+22.035175934434E+00,-501.708984381E-03
+1.980000E-06,+4.748743638390E+00,+22.236180961144E+00,+22.236180961132E+00,+305.175769E-06
+1.982500E-06,+4.748743638396E+00,+22.336683474487E+00,+22.035175934434E+00,-300.903320319E-03
+1.985000E-06,+4.949748665094E+00,+22.638191014516E+00,+22.236180961132E+00,-401.306152332E-03
+1.987500E-06,+5.050251178449E+00,+22.336683474487E+00,+22.236180961132E+00,-100.097656256E-03
+1.990000E-06,+4.748743638402E+00,+22.236180961132E+00,+22.035175934440E+00,-200.500488275E-03
+1.992500E-06,+4.748743638396E+00,+21.733668394393E+00,+21.934673421091E+00,+201.110839844E-03
+1.995000E-06,+4.748743638396E+00,+21.030150800962E+00,+21.633165881050E+00,+602.722167963E-03
+1.997500E-06,+4.949748665094E+00,+19.924623154134E+00,+21.130653314299E+00,+1.205139160132E+00
+2.000000E-06,+4.748743638396E+00,+18.015075400496E+00,+20.628140747553E+00,+2.610778808575E+00
+2.002500E-06,+4.547738611698E+00,+15.502512566776E+00,+19.422110587371E+00,+3.916015624982E+00
+2.005000E-06,+4.949748665088E+00,+12.386934652961E+00,+17.814070373792E+00,+5.422058105450E+00
+2.007500E-06,+4.648241125053E+00,+8.768844172395E+00,+16.105527646858E+00,+7.329711914044E+00
+2.010000E-06,+4.748743638396E+00,+5.753768771930E+00,+14.195979893232E+00,+8.434143066388E+00
+2.012500E-06,+4.748743638396E+00,+3.241205938191E+00,+12.085427112908E+00,+8.835754394531E+00
+2.015000E-06,+4.346733585006E+00,+1.733668237937E+00,+10.376884385962E+00,+8.634948730475E+00
+2.017500E-06,+4.346733585000E+00,+2.336683318019E+00,+8.869346685726E+00,+6.526489257831E+00
+2.020000E-06,+4.949748665082E+00,+3.140703424805E+00,+7.361808985484E+00,+4.217224121112E+00
+2.022500E-06,+4.849246151752E+00,+2.939698398126E+00,+5.351758718503E+00,+2.409973144531E+00
+2.025000E-06,+4.748743638390E+00,+2.738693371415E+00,+3.944723531622E+00,+1.205139160175E+00
+2.027500E-06,+5.351758718478E+00,+1.934673264635E+00,+2.839195884770E+00,+903.930664056E-03
+2.030000E-06,+5.954773798579E+00,+1.130653157836E+00,+1.733668237943E+00,+602.722167981E-03
+2.032500E-06,+5.150753691792E+00,+326.633051038E-03,+829.145617789E-03,+502.319335944E-03
+2.035000E-06,+4.547738611704E+00,+125.628024340E-03,-75.377002352E-03,-200.500488275E-03
+2.037500E-06,+4.949748665082E+00,+125.628024340E-03,-979.899622494E-03,-1.104125976556E+00
+2.040000E-06,+4.949748665094E+00,-75.377002358E-03,-1.482412189239E+00,-1.405334472650E+00
+2.042500E-06,+4.547738611698E+00,-276.382029057E-03,-2.185929782682E+00,-1.907348632806E+00
+2.045000E-06,+4.145728558308E+00,-678.392082447E-03,-2.688442349421E+00,-2.007751464838E+00
+2.047500E-06,+2.939698398138E+00,-778.894595808E-03,-3.090452402830E+00,-2.308959960931E+00
+2.050000E-06,+2.135678291327E+00,-879.397109145E-03,-3.492462456220E+00,-2.610168457031E+00
+2.052500E-06,+1.633165724569E+00,-778.894595796E-03,-3.592964969569E+00,-2.810974121094E+00
+2.055000E-06,+2.336683318006E+00,-879.397109145E-03,-3.492462456233E+00,-2.610168457044E+00
+2.057500E-06,+3.643215991538E+00,-477.387055755E-03,-3.693467482924E+00,-3.212585449219E+00
+2.060000E-06,+5.753768771862E+00,-477.387055755E-03,-3.291457429534E+00,-2.810974121100E+00
+2.062500E-06,+6.356783851981E+00,-678.392082453E-03,-2.989949889487E+00,-2.308959960944E+00
+2.065000E-06,+6.356783851981E+00,-477.387055761E-03,-2.688442349434E+00,-2.208557128900E+00
+2.067500E-06,+5.351758718503E+00,-477.387055755E-03,-2.185929782695E+00,-1.706542968756E+00
+2.070000E-06,+4.949748665094E+00,-477.387055755E-03,-2.085427269346E+00,-1.606140136725E+00
+2.072500E-06,+4.648241125041E+00,-577.889569110E-03,-1.783919729299E+00,-1.204528808594E+00
+2.075000E-06,+5.150753691780E+00,-477.387055761E-03,-1.683417215943E+00,-1.204528808588E+00
+2.077500E-06,+5.753768771887E+00,-577.889569098E-03,-1.482412189258E+00,-903.320312519E-03
+2.080000E-06,+6.356783851975E+00,-477.387055767E-03,-1.482412189245E+00,-1.003723144519E+00
+2.082500E-06,+6.557788878679E+00,-477.387055755E-03,-1.482412189245E+00,-1.003723144531E+00
+2.085000E-06,+6.356783851981E+00,-477.387055755E-03,-1.482412189245E+00,-1.003723144531E+00
+2.087500E-06,+5.854271285242E+00,-577.889569110E-03,-1.180904649204E+00,-602.111816406E-03
+2.090000E-06,+5.351758718503E+00,-276.382029057E-03,-1.281407162547E+00,-1.003723144531E+00
+2.092500E-06,+4.748743638409E+00,-477.387055755E-03,-1.180904649192E+00,-702.514648431E-03
+2.095000E-06,+4.145728558315E+00,-477.387055755E-03,-879.397109157E-03,-401.306152350E-03
+2.097500E-06,+3.844221018261E+00,-477.387055742E-03,-979.899622494E-03,-501.708984381E-03
+2.100000E-06,+3.341708451516E+00,-477.387055748E-03,-879.397109157E-03,-401.306152356E-03
+2.102500E-06,+3.542713478208E+00,-577.889569097E-03,-879.397109151E-03,-300.903320319E-03
+2.105000E-06,+3.743718504906E+00,-477.387055761E-03,-678.392082453E-03,-200.500488275E-03
+2.107500E-06,+3.944723531604E+00,-477.387055755E-03,-678.392082453E-03,-200.500488281E-03
+2.110000E-06,+4.346733584994E+00,-477.387055755E-03,-879.397109151E-03,-401.306152344E-03
+2.112500E-06,+4.447236098355E+00,-577.889569110E-03,-778.894595796E-03,-200.500488269E-03
+2.115000E-06,+4.547738611692E+00,-678.392082459E-03,-1.080402135855E+00,-401.306152344E-03
+2.117500E-06,+4.447236098343E+00,-879.397109151E-03,-1.381909675890E+00,-501.708984369E-03
+2.120000E-06,+4.547738611698E+00,-1.080402135843E+00,-1.482412189245E+00,-401.306152350E-03
+2.122500E-06,+5.150753691780E+00,-778.894595808E-03,-1.884422242641E+00,-1.104125976556E+00
+2.125000E-06,+5.351758718484E+00,-879.397109144E-03,-2.286432296025E+00,-1.405334472650E+00
+2.127500E-06,+5.351758718491E+00,-1.080402135849E+00,-2.286432296038E+00,-1.204528808594E+00
+2.130000E-06,+5.150753691799E+00,-678.392082459E-03,-2.286432296038E+00,-1.606140136712E+00
+2.132500E-06,+5.150753691792E+00,-879.397109151E-03,-2.587939836078E+00,-1.706542968744E+00
+2.135000E-06,+4.949748665101E+00,-879.397109144E-03,-2.487437322736E+00,-1.606140136725E+00
+2.137500E-06,+4.849246151739E+00,-778.894595795E-03,-2.386934809393E+00,-1.606140136732E+00
+2.140000E-06,+4.949748665094E+00,-678.392082453E-03,-2.085427269346E+00,-1.405334472663E+00
+2.142500E-06,+5.150753691792E+00,-678.392082440E-03,-1.783919729299E+00,-1.104125976582E+00
+2.145000E-06,+5.552763745182E+00,-477.387055761E-03,-1.482412189245E+00,-1.003723144525E+00
+2.147500E-06,+5.552763745189E+00,-376.884542399E-03,-1.080402135862E+00,-702.514648457E-03
+2.150000E-06,+5.351758718497E+00,-477.387055755E-03,-678.392082466E-03,-200.500488294E-03
+2.152500E-06,+5.150753691792E+00,-376.884542412E-03,-276.382029057E-03,+100.708007819E-03
+2.155000E-06,+5.150753691792E+00,-276.382029057E-03,+125.628024333E-03,+401.916503900E-03
+2.157500E-06,+4.949748665094E+00,-276.382029057E-03,+527.638077736E-03,+803.527832031E-03
+2.160000E-06,+4.547738611705E+00,-477.387055748E-03,+728.643104434E-03,+1.205139160150E+00
+2.162500E-06,+4.748743638396E+00,-276.382029057E-03,+829.145617777E-03,+1.104736328119E+00
+2.165000E-06,+4.346733585000E+00,-75.377002358E-03,+1.331658184528E+00,+1.405944824219E+00
+2.167500E-06,+4.447236098343E+00,-276.382029057E-03,+1.432160697871E+00,+1.707153320306E+00
+2.170000E-06,+4.547738611692E+00,-75.377002358E-03,+1.532663211226E+00,+1.606750488281E+00
+2.172500E-06,+4.547738611698E+00,-75.377002358E-03,+1.532663211226E+00,+1.606750488281E+00
+2.175000E-06,+4.547738611698E+00,-477.387055742E-03,+1.733668237918E+00,+2.209167480450E+00
+2.177500E-06,+4.447236098355E+00,-175.879515701E-03,+1.633165724582E+00,+1.807556152344E+00
+2.180000E-06,+4.547738611692E+00,-276.382029057E-03,+1.532663211226E+00,+1.807556152344E+00
+2.182500E-06,+4.447236098355E+00,-276.382029057E-03,+1.633165724582E+00,+1.907958984381E+00
+2.185000E-06,+4.346733585000E+00,-75.377002365E-03,+1.331658184528E+00,+1.405944824225E+00
+2.187500E-06,+4.648241125041E+00,-376.884542399E-03,+1.130653157830E+00,+1.506347656244E+00
+2.190000E-06,+4.748743638396E+00,-276.382029057E-03,+929.648131126E-03,+1.205139160150E+00
+2.192500E-06,+4.849246151739E+00,-376.884542412E-03,+728.643104434E-03,+1.104736328131E+00
+2.195000E-06,+4.748743638396E+00,-276.382029057E-03,+326.633051038E-03,+602.722167969E-03
+2.197500E-06,+4.949748665094E+00,-477.387055755E-03,+125.628024340E-03,+602.722167969E-03
+2.200000E-06,+4.748743638390E+00,-477.387055761E-03,+125.628024340E-03,+602.722167975E-03
+2.202500E-06,+4.849246151739E+00,-477.387055755E-03,-276.382029057E-03,+201.110839844E-03
+2.205000E-06,+4.949748665094E+00,-477.387055748E-03,-477.387055748E-03,+305.175781E-06
+2.207500E-06,+5.050251178450E+00,-678.392082453E-03,-477.387055755E-03,+201.110839844E-03
+2.210000E-06,+5.150753691792E+00,-678.392082446E-03,-678.392082453E-03,+305.175775E-06
+2.212500E-06,+4.949748665094E+00,-477.387055755E-03,-778.894595795E-03,-300.903320306E-03
+2.215000E-06,+4.949748665094E+00,-477.387055755E-03,-879.397109144E-03,-401.306152337E-03
+2.217500E-06,+4.849246151752E+00,-477.387055755E-03,-879.397109138E-03,-401.306152331E-03
+2.220000E-06,+4.949748665088E+00,-477.387055755E-03,-678.392082459E-03,-200.500488288E-03
+2.222500E-06,+4.849246151752E+00,-678.392082453E-03,-879.397109151E-03,-200.500488281E-03
+2.225000E-06,+4.748743638390E+00,-477.387055768E-03,-1.080402135842E+00,-602.111816387E-03
+2.227500E-06,+4.748743638396E+00,-477.387055755E-03,-778.894595808E-03,-300.903320319E-03
+2.230000E-06,+4.748743638396E+00,-477.387055755E-03,-879.397109151E-03,-401.306152344E-03
+2.232500E-06,+4.648241125041E+00,-477.387055768E-03,-678.392082453E-03,-200.500488268E-03
+2.235000E-06,+4.748743638396E+00,-477.387055755E-03,-879.397109151E-03,-401.306152344E-03
+2.237500E-06,+4.949748665094E+00,-577.889569097E-03,-879.397109151E-03,-300.903320319E-03
+2.240000E-06,+4.949748665094E+00,-678.392082453E-03,-879.397109151E-03,-200.500488281E-03
+2.242500E-06,+4.949748665094E+00,-477.387055755E-03,-1.080402135849E+00,-602.111816406E-03
+2.245000E-06,+4.748743638396E+00,-477.387055755E-03,-1.080402135842E+00,-602.111816400E-03
+2.247500E-06,+4.547738611698E+00,-778.894595808E-03,-1.180904649205E+00,-401.306152344E-03
+2.250000E-06,+4.748743638390E+00,-678.392082446E-03,-1.281407162541E+00,-602.111816406E-03
+2.252500E-06,+4.748743638396E+00,-778.894595808E-03,-1.281407162534E+00,-501.708984355E-03
+2.255000E-06,+4.748743638396E+00,-879.397109144E-03,-1.482412189239E+00,-602.111816406E-03
+2.257500E-06,+4.648241125041E+00,-577.889569097E-03,-1.381909675890E+00,-802.917480469E-03
+2.260000E-06,+4.748743638396E+00,-678.392082453E-03,-1.482412189245E+00,-802.917480469E-03
+2.262500E-06,+4.849246151752E+00,-678.392082453E-03,-1.381909675903E+00,-702.514648444E-03
+2.265000E-06,+4.748743638396E+00,-678.392082459E-03,-1.482412189245E+00,-802.917480462E-03
+2.267500E-06,+4.949748665094E+00,-778.894595795E-03,-1.482412189245E+00,-702.514648444E-03
+2.270000E-06,+5.150753691792E+00,-678.392082453E-03,-1.482412189252E+00,-802.917480475E-03
+2.272500E-06,+5.050251178437E+00,-778.894595808E-03,-1.582914702601E+00,-802.917480469E-03
+2.275000E-06,+4.949748665101E+00,-678.392082453E-03,-1.482412189252E+00,-802.917480475E-03
+2.277500E-06,+4.849246151752E+00,-577.889569097E-03,-1.381909675903E+00,-802.917480482E-03
+2.280000E-06,+4.748743638396E+00,-879.397109151E-03,-1.281407162547E+00,-401.306152344E-03
+2.282500E-06,+4.849246151752E+00,-678.392082453E-03,-1.381909675903E+00,-702.514648444E-03
+2.285000E-06,+4.949748665088E+00,-477.387055768E-03,-1.482412189239E+00,-1.003723144511E+00
+2.287500E-06,+5.050251178450E+00,-778.894595809E-03,-1.281407162547E+00,-501.708984368E-03
+2.290000E-06,+4.949748665101E+00,-678.392082453E-03,-1.281407162547E+00,-602.111816406E-03
+2.292500E-06,+5.050251178450E+00,-678.392082466E-03,-1.180904649191E+00,-501.708984355E-03
+2.295000E-06,+4.949748665094E+00,-678.392082446E-03,-1.080402135849E+00,-401.306152350E-03
+2.297500E-06,+4.949748665094E+00,-577.889569097E-03,-1.080402135849E+00,-501.708984382E-03
+2.300000E-06,+4.949748665088E+00,-678.392082446E-03,-879.397109151E-03,-200.500488288E-03
+2.302500E-06,+4.748743638396E+00,-678.392082453E-03,-678.392082453E-03,+305.175781E-06
+2.305000E-06,+4.748743638396E+00,-477.387055761E-03,-678.392082453E-03,-200.500488275E-03
+2.307500E-06,+4.648241125054E+00,-477.387055755E-03,-678.392082453E-03,-200.500488281E-03
+2.310000E-06,+4.748743638396E+00,-477.387055761E-03,-477.387055761E-03,+305.175781E-06
+2.312500E-06,+4.748743638396E+00,-477.387055755E-03,-477.387055755E-03,+305.175781E-06
+2.315000E-06,+4.748743638403E+00,-477.387055755E-03,-276.382029063E-03,+201.110839837E-03
+2.317500E-06,+4.748743638396E+00,-477.387055755E-03,-276.382029057E-03,+201.110839844E-03
+2.320000E-06,+4.547738611705E+00,-678.392082446E-03,-75.377002358E-03,+602.722167962E-03
+2.322500E-06,+4.748743638396E+00,-477.387055755E-03,-175.879515714E-03,+301.513671868E-03
+2.325000E-06,+4.748743638396E+00,-477.387055755E-03,-75.377002358E-03,+401.916503906E-03
+2.327500E-06,+4.648241125040E+00,-577.889569110E-03,+25.125510984E-03,+602.722167969E-03
+2.330000E-06,+4.748743638396E+00,-276.382029063E-03,+125.628024333E-03,+401.916503906E-03
+2.332500E-06,+4.748743638396E+00,-477.387055755E-03,-75.377002358E-03,+401.916503906E-03
+2.335000E-06,+4.547738611705E+00,-477.387055755E-03,+125.628024340E-03,+602.722167969E-03
+2.337500E-06,+4.748743638396E+00,-376.884542399E-03,+25.125510997E-03,+401.916503906E-03
+2.340000E-06,+4.949748665094E+00,-477.387055748E-03,+326.633051031E-03,+803.527832018E-03
+2.342500E-06,+4.748743638396E+00,-477.387055741E-03,+125.628024340E-03,+602.722167955E-03
+2.345000E-06,+4.748743638403E+00,-276.382029063E-03,+125.628024346E-03,+401.916503920E-03
+2.347500E-06,+4.849246151752E+00,-376.884542399E-03,+226.130537682E-03,+602.722167955E-03
+2.350000E-06,+4.748743638403E+00,-276.382029063E-03,+125.628024333E-03,+401.916503906E-03
+2.352500E-06,+4.648241125040E+00,-376.884542412E-03,+226.130537682E-03,+602.722167969E-03
+2.355000E-06,+4.949748665088E+00,-477.387055748E-03,+125.628024340E-03,+602.722167962E-03
+2.357500E-06,+4.949748665094E+00,-477.387055755E-03,+25.125510984E-03,+502.319335931E-03
+2.360000E-06,+4.949748665094E+00,-678.392082453E-03,+326.633051031E-03,+1.004333496087E+00
+2.362500E-06,+4.849246151739E+00,-577.889569110E-03,+25.125510984E-03,+602.722167969E-03
+2.365000E-06,+4.949748665088E+00,-477.387055755E-03,-75.377002358E-03,+401.916503906E-03
+2.367500E-06,+4.849246151739E+00,-577.889569110E-03,-75.377002358E-03,+502.319335944E-03
+2.370000E-06,+4.949748665094E+00,-678.392082439E-03,-276.382029050E-03,+401.916503899E-03
+2.372500E-06,+4.748743638396E+00,-477.387055755E-03,-276.382029057E-03,+201.110839844E-03
+2.375000E-06,+4.748743638396E+00,-678.392082446E-03,-75.377002358E-03,+602.722167962E-03
+2.377500E-06,+4.849246151752E+00,-477.387055755E-03,-276.382029057E-03,+201.110839844E-03
+2.380000E-06,+4.748743638403E+00,-477.387055762E-03,-477.387055748E-03,+305.175795E-06
+2.382500E-06,+4.949748665094E+00,-577.889569097E-03,-477.387055755E-03,+100.708007806E-03
+2.385000E-06,+4.748743638396E+00,-477.387055762E-03,-477.387055755E-03,+305.175788E-06
+2.387500E-06,+4.949748665094E+00,-577.889569111E-03,-477.387055755E-03,+100.708007819E-03
+2.390000E-06,+4.949748665094E+00,-477.387055755E-03,-477.387055762E-03,+305.175774E-06
+2.392500E-06,+4.849246151752E+00,-678.392082453E-03,-678.392082453E-03,+305.175781E-06
+2.395000E-06,+4.949748665087E+00,-477.387055762E-03,-879.397109144E-03,-401.306152330E-03
+2.397500E-06,+4.849246151752E+00,-477.387055755E-03,-778.894595809E-03,-300.903320319E-03
+2.400000E-06,+4.748743638396E+00,-879.397109144E-03,-678.392082453E-03,+201.110839837E-03
+2.402500E-06,+4.949748665094E+00,-678.392082453E-03,-979.899622507E-03,-300.903320319E-03
+2.405000E-06,+4.949748665087E+00,-678.392082460E-03,-1.080402135842E+00,-401.306152330E-03
+2.407500E-06,+4.748743638396E+00,-778.894595795E-03,-1.080402135849E+00,-300.903320319E-03
+2.410000E-06,+4.748743638403E+00,-678.392082460E-03,-1.281407162540E+00,-602.111816392E-03
+2.412500E-06,+4.949748665094E+00,-678.392082453E-03,-1.180904649191E+00,-501.708984368E-03
+2.415000E-06,+4.748743638396E+00,-879.397109144E-03,-1.281407162547E+00,-401.306152351E-03
+2.417500E-06,+4.748743638396E+00,-678.392082453E-03,-1.482412189245E+00,-802.917480469E-03
+2.420000E-06,+4.748743638396E+00,-678.392082446E-03,-1.281407162554E+00,-602.111816420E-03
+2.422500E-06,+4.849246151752E+00,-879.397109151E-03,-1.381909675903E+00,-501.708984382E-03
+2.425000E-06,+4.748743638396E+00,-477.387055769E-03,-1.482412189238E+00,-1.003723144510E+00
+2.427500E-06,+4.748743638396E+00,-678.392082453E-03,-1.482412189245E+00,-802.917480469E-03
+2.430000E-06,+4.949748665094E+00,-678.392082453E-03,-1.281407162554E+00,-602.111816413E-03
+2.432500E-06,+4.949748665094E+00,-778.894595809E-03,-1.281407162547E+00,-501.708984368E-03
+2.435000E-06,+5.150753691792E+00,-477.387055769E-03,-1.281407162547E+00,-802.917480455E-03
+2.437500E-06,+4.748743638396E+00,-678.392082453E-03,-1.281407162547E+00,-602.111816406E-03
+2.440000E-06,+4.949748665087E+00,-678.392082460E-03,-1.281407162540E+00,-602.111816392E-03
+2.442500E-06,+5.050251178436E+00,-778.894595809E-03,-1.180904649205E+00,-401.306152344E-03
+2.445000E-06,+4.748743638396E+00,-678.392082453E-03,-1.281407162540E+00,-602.111816399E-03
+2.447500E-06,+4.849246151738E+00,-778.894595809E-03,-979.899622507E-03,-200.500488281E-03
+2.450000E-06,+4.748743638396E+00,-678.392082446E-03,-1.080402135842E+00,-401.306152344E-03
+2.452500E-06,+4.748743638396E+00,-678.392082467E-03,-979.899622493E-03,-300.903320292E-03
+2.455000E-06,+4.748743638403E+00,-879.397109144E-03,-879.397109158E-03,+305.175767E-06
+2.457500E-06,+4.949748665094E+00,-577.889569097E-03,-879.397109151E-03,-300.903320319E-03
+2.460000E-06,+4.748743638403E+00,-477.387055755E-03,-477.387055769E-03,+305.175767E-06
+2.462500E-06,+4.949748665094E+00,-577.889569097E-03,-477.387055755E-03,+100.708007806E-03
+2.465000E-06,+4.748743638403E+00,-477.387055755E-03,-477.387055755E-03,+305.175781E-06
+2.467500E-06,+4.849246151752E+00,-477.387055755E-03,-577.889569111E-03,-100.097656257E-03
+2.470000E-06,+4.748743638403E+00,-678.392082453E-03,-477.387055762E-03,+201.110839837E-03
+2.472500E-06,+4.849246151752E+00,-577.889569111E-03,-477.387055755E-03,+100.708007819E-03
+2.475000E-06,+4.748743638389E+00,-477.387055755E-03,-477.387055755E-03,+305.175781E-06
+2.477500E-06,+4.849246151738E+00,-577.889569097E-03,-477.387055755E-03,+100.708007806E-03
+2.480000E-06,+4.949748665087E+00,-678.392082453E-03,-477.387055748E-03,+201.110839851E-03
+2.482500E-06,+4.748743638396E+00,-678.392082467E-03,-376.884542399E-03,+301.513671896E-03
+2.485000E-06,+4.949748665101E+00,-477.387055755E-03,-276.382029057E-03,+201.110839844E-03
+2.487500E-06,+4.748743638396E+00,-678.392082453E-03,-276.382029057E-03,+401.916503906E-03
+2.490000E-06,+4.748743638396E+00,-678.392082446E-03,-276.382029050E-03,+401.916503906E-03
+2.492500E-06,+4.748743638396E+00,-477.387055755E-03,-276.382029057E-03,+201.110839844E-03
+2.495000E-06,+4.748743638396E+00,-678.392082446E-03,-75.377002365E-03,+602.722167955E-03
+2.497500E-06,+4.648241125040E+00,-477.387055755E-03,-175.879515701E-03,+301.513671882E-03
+2.500000E-06,+4.748743638389E+00,-477.387055755E-03,-75.377002358E-03,+401.916503906E-03
+2.502500E-06,+4.748743638396E+00,-577.889569097E-03,-175.879515715E-03,+401.916503892E-03
+2.505000E-06,+4.949748665087E+00,-477.387055755E-03,-75.377002358E-03,+401.916503906E-03
+2.507500E-06,+4.849246151752E+00,-376.884542398E-03,+25.125510998E-03,+401.916503906E-03
+2.510000E-06,+4.748743638389E+00,-477.387055755E-03,-75.377002358E-03,+401.916503906E-03
+2.512500E-06,+4.849246151752E+00,-477.387055755E-03,+125.628024340E-03,+602.722167969E-03
+2.515000E-06,+4.748743638396E+00,-477.387055755E-03,-75.377002358E-03,+401.916503906E-03
+2.517500E-06,+4.949748665094E+00,-477.387055755E-03,-175.879515715E-03,+301.513671868E-03
+2.520000E-06,+4.748743638403E+00,-477.387055762E-03,-75.377002366E-03,+401.916503906E-03
+2.522500E-06,+4.849246151752E+00,-477.387055769E-03,-376.884542398E-03,+100.708007834E-03
+2.525000E-06,+4.748743638396E+00,-477.387055755E-03,-276.382029057E-03,+201.110839844E-03
+2.527500E-06,+4.849246151752E+00,-577.889569111E-03,-276.382029057E-03,+301.513671882E-03
+2.530000E-06,+4.748743638396E+00,-477.387055748E-03,-477.387055755E-03,+305.175774E-06
+2.532500E-06,+4.748743638396E+00,-477.387055755E-03,-577.889569097E-03,-100.097656243E-03
+2.535000E-06,+4.748743638389E+00,-678.392082446E-03,-477.387055755E-03,+201.110839837E-03
+2.537500E-06,+4.849246151752E+00,-477.387055755E-03,-477.387055755E-03,+305.175781E-06
+2.540000E-06,+4.748743638403E+00,-477.387055755E-03,-477.387055762E-03,+305.175774E-06
+2.542500E-06,+4.849246151752E+00,-577.889569097E-03,-577.889569111E-03,+305.175767E-06
+2.545000E-06,+4.949748665094E+00,-678.392082446E-03,-678.392082446E-03,+305.175781E-06
+2.547500E-06,+5.150753691792E+00,-477.387055755E-03,-778.894595809E-03,-300.903320320E-03
+2.550000E-06,+4.949748665094E+00,-678.392082446E-03,-678.392082460E-03,+305.175767E-06
+2.552500E-06,+4.849246151738E+00,-778.894595809E-03,-778.894595795E-03,+305.175795E-06
+2.555000E-06,+4.748743638396E+00,-477.387055762E-03,-879.397109151E-03,-401.306152337E-03
+2.557500E-06,+4.648241125040E+00,-577.889569111E-03,-778.894595809E-03,-200.500488281E-03
+2.560000E-06,+4.748743638396E+00,-678.392082453E-03,-879.397109151E-03,-200.500488281E-03
+2.562500E-06,+4.949748665094E+00,-577.889569111E-03,-879.397109151E-03,-300.903320305E-03
+2.565000E-06,+4.748743638396E+00,-477.387055762E-03,-1.080402135849E+00,-602.111816399E-03
+2.567500E-06,+4.849246151752E+00,-879.397109151E-03,-879.397109151E-03,+305.175781E-06
+2.570000E-06,+4.949748665094E+00,-678.392082453E-03,-1.080402135849E+00,-401.306152344E-03
+2.572500E-06,+4.849246151738E+00,-577.889569096E-03,-979.899622493E-03,-401.306152344E-03
+2.575000E-06,+4.547738611713E+00,-678.392082453E-03,-879.397109151E-03,-200.500488281E-03
+2.577500E-06,+4.849246151738E+00,-678.392082453E-03,-1.080402135849E+00,-401.306152344E-03
+2.580000E-06,+4.748743638404E+00,-678.392082453E-03,-879.397109151E-03,-200.500488281E-03
+2.582500E-06,+4.748743638396E+00,-778.894595795E-03,-979.899622507E-03,-200.500488296E-03
+2.585000E-06,+4.748743638396E+00,-678.392082460E-03,-1.080402135849E+00,-401.306152336E-03
+2.587500E-06,+4.748743638396E+00,-577.889569096E-03,-979.899622507E-03,-401.306152358E-03
+2.590000E-06,+4.748743638404E+00,-678.392082453E-03,-1.080402135849E+00,-401.306152344E-03
+2.592500E-06,+4.849246151738E+00,-678.392082453E-03,-979.899622493E-03,-300.903320305E-03
+2.595000E-06,+4.748743638404E+00,-477.387055762E-03,-1.080402135849E+00,-602.111816399E-03
+2.597500E-06,+4.849246151753E+00,-678.392082453E-03,-1.080402135849E+00,-401.306152344E-03
+2.600000E-06,+4.949748665087E+00,-678.392082453E-03,-879.397109158E-03,-200.500488289E-03
+2.602500E-06,+4.949748665094E+00,-577.889569111E-03,-979.899622507E-03,-401.306152344E-03
+2.605000E-06,+4.748743638396E+00,-477.387055762E-03,-1.080402135842E+00,-602.111816392E-03
+2.607500E-06,+4.849246151738E+00,-778.894595809E-03,-879.397109151E-03,-100.097656243E-03
+2.610000E-06,+4.949748665094E+00,-678.392082453E-03,-1.080402135842E+00,-401.306152336E-03
+2.612500E-06,+4.748743638396E+00,-477.387055755E-03,-979.899622493E-03,-501.708984368E-03
+2.615000E-06,+4.748743638396E+00,-879.397109144E-03,-879.397109151E-03,+305.175774E-06
+2.617500E-06,+4.949748665094E+00,-577.889569096E-03,-879.397109151E-03,-300.903320320E-03
+2.620000E-06,+4.748743638404E+00,-879.397109136E-03,-477.387055769E-03,+401.916503877E-03
+2.622500E-06,+4.748743638396E+00,-678.392082453E-03,-678.392082453E-03,+305.175781E-06
+2.625000E-06,+4.748743638389E+00,-477.387055755E-03,-678.392082453E-03,-200.500488281E-03
+2.627500E-06,+4.949748665094E+00,-477.387055755E-03,-678.392082453E-03,-200.500488281E-03
+2.630000E-06,+4.748743638396E+00,-477.387055755E-03,-477.387055762E-03,+305.175774E-06
+2.632500E-06,+4.748743638396E+00,-577.889569111E-03,-477.387055755E-03,+100.708007820E-03
+2.635000E-06,+4.748743638396E+00,-477.387055762E-03,-477.387055762E-03,+305.175781E-06
+2.637500E-06,+4.748743638396E+00,-577.889569096E-03,-577.889569111E-03,+305.175767E-06
+2.640000E-06,+4.748743638396E+00,-678.392082453E-03,-477.387055747E-03,+201.110839851E-03
+2.642500E-06,+4.849246151738E+00,-678.392082453E-03,-477.387055755E-03,+201.110839844E-03
+2.645000E-06,+4.748743638396E+00,-477.387055762E-03,-477.387055755E-03,+305.175789E-06
+2.647500E-06,+4.648241125040E+00,-577.889569111E-03,-376.884542413E-03,+201.110839844E-03
+2.650000E-06,+4.748743638389E+00,-477.387055755E-03,-477.387055747E-03,+305.175789E-06
+2.652500E-06,+4.648241125040E+00,-477.387055755E-03,-376.884542398E-03,+100.708007820E-03
+2.655000E-06,+4.748743638396E+00,-678.392082445E-03,-477.387055747E-03,+201.110839844E-03
+2.657500E-06,+4.949748665094E+00,-477.387055755E-03,-477.387055755E-03,+305.175781E-06
+2.660000E-06,+4.949748665094E+00,-477.387055755E-03,-477.387055755E-03,+305.175781E-06
+2.662500E-06,+4.648241125055E+00,-577.889569096E-03,-276.382029057E-03,+301.513671868E-03
+2.665000E-06,+4.949748665087E+00,-477.387055755E-03,-477.387055747E-03,+305.175789E-06
+2.667500E-06,+4.748743638396E+00,-376.884542398E-03,-376.884542413E-03,+305.175767E-06
+2.670000E-06,+4.949748665087E+00,-477.387055755E-03,-477.387055755E-03,+305.175781E-06
+2.672500E-06,+4.748743638396E+00,-577.889569111E-03,-276.382029057E-03,+301.513671882E-03
+2.675000E-06,+4.748743638396E+00,-477.387055755E-03,-477.387055755E-03,+305.175781E-06
+2.677500E-06,+4.748743638396E+00,-477.387055755E-03,-376.884542413E-03,+100.708007805E-03
+2.680000E-06,+4.748743638396E+00,-678.392082453E-03,-276.382029064E-03,+401.916503899E-03
+2.682500E-06,+4.849246151753E+00,-577.889569111E-03,-477.387055755E-03,+100.708007820E-03
+2.685000E-06,+4.748743638396E+00,-477.387055755E-03,-477.387055755E-03,+305.175781E-06
+2.687500E-06,+4.748743638396E+00,-778.894595809E-03,-276.382029057E-03,+502.319335945E-03
+2.690000E-06,+4.748743638396E+00,-678.392082445E-03,-678.392082445E-03,+305.175781E-06
+2.692500E-06,+4.949748665094E+00,-577.889569111E-03,-477.387055755E-03,+100.708007820E-03
+2.695000E-06,+4.547738611706E+00,-879.397109143E-03,-276.382029057E-03,+602.722167961E-03
+2.697500E-06,+4.748743638396E+00,-477.387055755E-03,-577.889569096E-03,-100.097656243E-03
+2.700000E-06,+4.748743638404E+00,-678.392082445E-03,-678.392082445E-03,+305.175781E-06
+2.702500E-06,+4.748743638396E+00,-678.392082453E-03,-477.387055755E-03,+201.110839844E-03
+2.705000E-06,+4.748743638404E+00,-477.387055762E-03,-477.387055755E-03,+305.175789E-06
+2.707500E-06,+4.748743638396E+00,-376.884542398E-03,-678.392082453E-03,-300.903320320E-03
+2.710000E-06,+4.748743638389E+00,-477.387055755E-03,-477.387055770E-03,+305.175766E-06
+2.712500E-06,+4.748743638396E+00,-577.889569111E-03,-577.889569096E-03,+305.175796E-06
+2.715000E-06,+4.949748665094E+00,-477.387055755E-03,-678.392082460E-03,-200.500488289E-03
+2.717500E-06,+4.648241125040E+00,-477.387055755E-03,-678.392082453E-03,-200.500488281E-03
+2.720000E-06,+4.748743638396E+00,-678.392082453E-03,-477.387055762E-03,+201.110839836E-03
+2.722500E-06,+4.648241125040E+00,-577.889569111E-03,-778.894595794E-03,-200.500488266E-03
+2.725000E-06,+4.949748665087E+00,-678.392082453E-03,-879.397109143E-03,-200.500488274E-03
+2.727500E-06,+4.748743638396E+00,-678.392082453E-03,-778.894595809E-03,-100.097656257E-03
+2.730000E-06,+4.748743638396E+00,-477.387055755E-03,-678.392082453E-03,-200.500488281E-03
+2.732500E-06,+4.748743638396E+00,-678.392082453E-03,-879.397109151E-03,-200.500488281E-03
+2.735000E-06,+4.748743638396E+00,-678.392082453E-03,-879.397109143E-03,-200.500488274E-03
+2.737500E-06,+4.748743638396E+00,-577.889569096E-03,-778.894595794E-03,-200.500488281E-03
+2.740000E-06,+4.748743638396E+00,-678.392082445E-03,-678.392082460E-03,+305.175766E-06
+2.742500E-06,+4.748743638396E+00,-577.889569096E-03,-778.894595794E-03,-200.500488281E-03
+2.745000E-06,+4.949748665087E+00,-477.387055762E-03,-678.392082460E-03,-200.500488281E-03
+2.747500E-06,+4.748743638396E+00,-477.387055755E-03,-879.397109151E-03,-401.306152344E-03
+2.750000E-06,+4.748743638396E+00,-477.387055755E-03,-879.397109158E-03,-401.306152351E-03
+2.752500E-06,+4.748743638396E+00,-678.392082468E-03,-879.397109151E-03,-200.500488266E-03
+2.755000E-06,+4.949748665094E+00,-477.387055755E-03,-879.397109151E-03,-401.306152344E-03
+2.757500E-06,+4.849246151753E+00,-577.889569096E-03,-979.899622507E-03,-401.306152359E-03
+2.760000E-06,+4.547738611706E+00,-678.392082453E-03,-678.392082460E-03,+305.175774E-06
+2.762500E-06,+4.748743638396E+00,-678.392082468E-03,-979.899622492E-03,-300.903320290E-03
+2.765000E-06,+4.949748665087E+00,-678.392082453E-03,-1.080402135841E+00,-401.306152336E-03
+2.767500E-06,+4.648241125055E+00,-778.894595810E-03,-778.894595810E-03,+305.175781E-06
+2.770000E-06,+4.748743638389E+00,-477.387055755E-03,-879.397109151E-03,-401.306152344E-03
+2.772500E-06,+4.748743638396E+00,-778.894595810E-03,-979.899622492E-03,-200.500488266E-03
+2.775000E-06,+4.547738611698E+00,-879.397109143E-03,-879.397109151E-03,+305.175774E-06
+2.777500E-06,+4.748743638396E+00,-778.894595794E-03,-778.894595794E-03,+305.175781E-06
+2.780000E-06,+4.748743638396E+00,-678.392082453E-03,-879.397109151E-03,-200.500488281E-03
+2.782500E-06,+4.748743638396E+00,-678.392082453E-03,-879.397109151E-03,-200.500488281E-03
+2.785000E-06,+4.949748665087E+00,-477.387055762E-03,-879.397109143E-03,-401.306152328E-03
+2.787500E-06,+4.748743638396E+00,-577.889569096E-03,-778.894595810E-03,-200.500488297E-03
+2.790000E-06,+4.748743638396E+00,-678.392082445E-03,-678.392082460E-03,+305.175766E-06
+2.792500E-06,+4.849246151738E+00,-477.387055755E-03,-678.392082453E-03,-200.500488281E-03
+2.795000E-06,+4.748743638396E+00,-477.387055755E-03,-678.392082453E-03,-200.500488281E-03
+2.797500E-06,+4.748743638396E+00,-577.889569096E-03,-778.894595810E-03,-200.500488297E-03
+2.800000E-06,+4.748743638404E+00,-678.392082453E-03,-477.387055755E-03,+201.110839844E-03
+2.802500E-06,+4.849246151738E+00,-477.387055755E-03,-678.392082453E-03,-200.500488281E-03
+2.805000E-06,+4.748743638396E+00,-477.387055755E-03,-678.392082453E-03,-200.500488281E-03
+2.807500E-06,+4.748743638396E+00,-577.889569111E-03,-477.387055755E-03,+100.708007820E-03
+2.810000E-06,+4.748743638396E+00,-477.387055762E-03,-477.387055762E-03,+305.175781E-06
+2.812500E-06,+4.849246151738E+00,-477.387055755E-03,-477.387055755E-03,+305.175781E-06
+2.815000E-06,+4.748743638396E+00,-678.392082445E-03,-477.387055747E-03,+201.110839844E-03
+2.817500E-06,+4.748743638396E+00,-477.387055755E-03,-376.884542398E-03,+100.708007820E-03
+2.820000E-06,+4.748743638396E+00,-477.387055755E-03,-276.382029072E-03,+201.110839828E-03
+2.822500E-06,+4.748743638396E+00,-577.889569096E-03,-276.382029057E-03,+301.513671867E-03
+2.825000E-06,+4.748743638389E+00,-276.382029072E-03,-477.387055747E-03,-200.500488258E-03
+2.827500E-06,+4.748743638396E+00,-376.884542398E-03,-376.884542398E-03,+305.175781E-06
+2.830000E-06,+4.748743638396E+00,-678.392082445E-03,-276.382029064E-03,+401.916503891E-03
+2.832500E-06,+4.748743638396E+00,-376.884542413E-03,-276.382029057E-03,+100.708007820E-03
+2.835000E-06,+4.748743638396E+00,-276.382029057E-03,-276.382029064E-03,+305.175774E-06
+2.837500E-06,+4.748743638396E+00,-477.387055755E-03,-276.382029057E-03,+201.110839844E-03
+2.840000E-06,+4.547738611706E+00,-678.392082445E-03,-276.382029064E-03,+401.916503891E-03
+2.842500E-06,+4.949748665094E+00,-477.387055755E-03,-376.884542398E-03,+100.708007820E-03
+2.845000E-06,+4.748743638404E+00,-477.387055762E-03,-477.387055747E-03,+305.175797E-06
+2.847500E-06,+4.748743638396E+00,-678.392082453E-03,-376.884542413E-03,+301.513671867E-03
+2.850000E-06,+4.949748665087E+00,-477.387055747E-03,-477.387055755E-03,+305.175774E-06
+2.852500E-06,+4.748743638396E+00,-477.387055755E-03,-477.387055755E-03,+305.175781E-06
+2.855000E-06,+4.748743638396E+00,-678.392082437E-03,-477.387055755E-03,+201.110839828E-03
+2.857500E-06,+4.949748665094E+00,-477.387055739E-03,-577.889569096E-03,-100.097656258E-03
+2.860000E-06,+4.748743638404E+00,-477.387055747E-03,-477.387055762E-03,+305.175766E-06
+2.862500E-06,+4.748743638396E+00,-678.392082453E-03,-477.387055755E-03,+201.110839844E-03
+2.865000E-06,+4.949748665094E+00,-276.382029072E-03,-678.392082445E-03,-401.306152321E-03
+2.867500E-06,+4.949748665094E+00,-678.392082437E-03,-778.894595810E-03,-100.097656273E-03
+2.870000E-06,+4.949748665094E+00,-678.392082445E-03,-678.392082460E-03,+305.175766E-06
+2.872500E-06,+4.849246151738E+00,-577.889569111E-03,-577.889569096E-03,+305.175797E-06
+2.875000E-06,+4.949748665087E+00,-477.387055762E-03,-678.392082453E-03,-200.500488274E-03
+2.877500E-06,+4.748743638396E+00,-477.387055755E-03,-678.392082453E-03,-200.500488281E-03
+2.880000E-06,+4.748743638396E+00,-879.397109143E-03,-678.392082460E-03,+201.110839828E-03
+2.882500E-06,+4.849246151753E+00,-477.387055755E-03,-778.894595794E-03,-300.903320305E-03
+2.885000E-06,+4.748743638396E+00,-678.392082445E-03,-879.397109151E-03,-200.500488289E-03
+2.887500E-06,+4.748743638396E+00,-778.894595794E-03,-778.894595794E-03,+305.175781E-06
+2.890000E-06,+4.748743638396E+00,-678.392082445E-03,-879.397109143E-03,-200.500488281E-03
+2.892500E-06,+4.648241125040E+00,-577.889569111E-03,-778.894595794E-03,-200.500488266E-03
+2.895000E-06,+4.547738611706E+00,-678.392082445E-03,-879.397109143E-03,-200.500488281E-03
+2.897500E-06,+4.748743638396E+00,-577.889569096E-03,-879.397109151E-03,-300.903320320E-03
+2.900000E-06,+4.748743638404E+00,-477.387055755E-03,-879.397109151E-03,-401.306152344E-03
+2.902500E-06,+4.748743638396E+00,-778.894595794E-03,-879.397109151E-03,-100.097656258E-03
+2.905000E-06,+4.748743638404E+00,-678.392082453E-03,-678.392082453E-03,+305.175781E-06
+2.907500E-06,+4.849246151753E+00,-477.387055755E-03,-879.397109151E-03,-401.306152344E-03
+2.910000E-06,+4.748743638396E+00,-678.392082445E-03,-879.397109159E-03,-200.500488297E-03
+2.912500E-06,+4.748743638396E+00,-678.392082468E-03,-879.397109151E-03,-200.500488266E-03
+2.915000E-06,+4.748743638404E+00,-678.392082453E-03,-879.397109151E-03,-200.500488281E-03
+2.917500E-06,+4.748743638396E+00,-577.889569096E-03,-979.899622508E-03,-401.306152359E-03
+2.920000E-06,+4.748743638396E+00,-879.397109143E-03,-678.392082461E-03,+201.110839828E-03
+2.922500E-06,+4.849246151737E+00,-577.889569112E-03,-879.397109151E-03,-300.903320305E-03
+2.925000E-06,+4.748743638404E+00,-477.387055763E-03,-879.397109151E-03,-401.306152336E-03
+2.927500E-06,+4.648241125039E+00,-879.397109151E-03,-879.397109151E-03,+305.175781E-06
+2.930000E-06,+4.748743638396E+00,-678.392082445E-03,-879.397109151E-03,-200.500488289E-03
+2.932500E-06,+4.748743638396E+00,-678.392082453E-03,-879.397109151E-03,-200.500488281E-03
+2.935000E-06,+4.748743638396E+00,-678.392082453E-03,-879.397109143E-03,-200.500488273E-03
+2.937500E-06,+4.748743638396E+00,-477.387055755E-03,-879.397109151E-03,-401.306152344E-03
+2.940000E-06,+4.748743638404E+00,-678.392082445E-03,-477.387055763E-03,+201.110839828E-03
+2.942500E-06,+4.748743638396E+00,-577.889569096E-03,-577.889569112E-03,+305.175766E-06
+2.945000E-06,+4.949748665094E+00,-477.387055763E-03,-678.392082445E-03,-200.500488266E-03
+2.947500E-06,+4.849246151753E+00,-477.387055755E-03,-678.392082453E-03,-200.500488281E-03
+2.950000E-06,+4.748743638388E+00,-477.387055763E-03,-678.392082453E-03,-200.500488273E-03
+2.952500E-06,+4.748743638396E+00,-477.387055755E-03,-477.387055755E-03,+305.175781E-06
+2.955000E-06,+4.748743638396E+00,-477.387055763E-03,-477.387055763E-03,+305.175781E-06
+2.957500E-06,+4.748743638396E+00,-477.387055755E-03,-778.894595810E-03,-300.903320321E-03
+2.960000E-06,+4.748743638396E+00,-477.387055763E-03,-477.387055755E-03,+305.175789E-06
+2.962500E-06,+5.050251178435E+00,-376.884542414E-03,-678.392082453E-03,-300.903320304E-03
+2.965000E-06,+4.748743638396E+00,-477.387055755E-03,-678.392082453E-03,-200.500488281E-03
+2.967500E-06,+4.849246151737E+00,-778.894595810E-03,-477.387055755E-03,+301.513671883E-03
+2.970000E-06,+4.949748665086E+00,-477.387055755E-03,-678.392082453E-03,-200.500488281E-03
+2.972500E-06,+4.748743638396E+00,-577.889569096E-03,-577.889569112E-03,+305.175765E-06
+2.975000E-06,+4.949748665086E+00,-879.397109135E-03,-477.387055755E-03,+401.916503890E-03
+2.977500E-06,+4.849246151737E+00,-477.387055755E-03,-678.392082453E-03,-200.500488281E-03
+2.980000E-06,+4.748743638404E+00,-477.387055755E-03,-477.387055763E-03,+305.175773E-06
+2.982500E-06,+4.748743638412E+00,-678.392082453E-03,-577.889569112E-03,+100.708007804E-03
+2.985000E-06,+4.949748665086E+00,-276.382029073E-03,-678.392082445E-03,-401.306152320E-03
+2.987500E-06,+4.648241125055E+00,-477.387055755E-03,-477.387055755E-03,+305.175781E-06
+2.990000E-06,+4.949748665086E+00,-477.387055755E-03,-477.387055763E-03,+305.175773E-06
+2.992500E-06,+4.748743638396E+00,-376.884542414E-03,-477.387055739E-03,-100.097656226E-03
+2.995000E-06,+4.547738611706E+00,-477.387055763E-03,-678.392082445E-03,-200.500488265E-03
+2.997500E-06,+4.748743638396E+00,-477.387055755E-03,-577.889569112E-03,-100.097656258E-03
+3.000000E-06,+4.547738611706E+00,-879.397109143E-03,-276.382029065E-03,+602.722167953E-03
+3.002500E-06,+4.748743638396E+00,-477.387055755E-03,-678.392082453E-03,-200.500488281E-03
+3.005000E-06,+4.748743638396E+00,-477.387055755E-03,-678.392082445E-03,-200.500488273E-03
+3.007500E-06,+4.648241125039E+00,-577.889569112E-03,-477.387055755E-03,+100.708007821E-03
+3.010000E-06,+4.748743638396E+00,-678.392082445E-03,-477.387055763E-03,+201.110839828E-03
+3.012500E-06,+4.748743638396E+00,-577.889569112E-03,-678.392082453E-03,-100.097656242E-03
+3.015000E-06,+4.748743638388E+00,-678.392082445E-03,-477.387055755E-03,+201.110839836E-03
+3.017500E-06,+4.748743638396E+00,-577.889569112E-03,-678.392082453E-03,-100.097656242E-03
+3.020000E-06,+4.748743638388E+00,-477.387055755E-03,-477.387055763E-03,+305.175773E-06
+3.022500E-06,+4.648241125055E+00,-577.889569096E-03,-477.387055755E-03,+100.708007804E-03
+3.025000E-06,+4.547738611706E+00,-477.387055763E-03,-678.392082445E-03,-200.500488265E-03
+3.027500E-06,+4.748743638396E+00,-477.387055755E-03,-678.392082453E-03,-200.500488281E-03
+3.030000E-06,+4.748743638396E+00,-477.387055755E-03,-477.387055763E-03,+305.175773E-06
+3.032500E-06,+4.648241125055E+00,-577.889569096E-03,-678.392082453E-03,-100.097656258E-03
+3.035000E-06,+4.748743638396E+00,-678.392082453E-03,-678.392082453E-03,+305.175781E-06
+3.037500E-06,+4.748743638396E+00,-477.387055755E-03,-577.889569112E-03,-100.097656258E-03
+3.040000E-06,+4.949748665086E+00,-678.392082453E-03,-477.387055755E-03,+201.110839844E-03
+3.042500E-06,+4.648241125055E+00,-477.387055755E-03,-678.392082453E-03,-200.500488281E-03
+3.045000E-06,+4.748743638396E+00,-477.387055763E-03,-879.397109135E-03,-401.306152320E-03
+3.047500E-06,+4.748743638380E+00,-678.392082453E-03,-477.387055755E-03,+201.110839844E-03
+3.050000E-06,+4.748743638396E+00,-477.387055755E-03,-678.392082453E-03,-200.500488281E-03
+3.052500E-06,+4.748743638396E+00,-678.392082453E-03,-778.894595794E-03,-100.097656242E-03
+3.055000E-06,+4.547738611706E+00,-879.397109135E-03,-678.392082445E-03,+201.110839836E-03
+3.057500E-06,+4.748743638396E+00,-577.889569096E-03,-577.889569096E-03,+305.175781E-06
+3.060000E-06,+4.748743638388E+00,-678.392082445E-03,-678.392082461E-03,+305.175765E-06
+3.062500E-06,+4.849246151737E+00,-577.889569096E-03,-678.392082453E-03,-100.097656258E-03
+3.065000E-06,+4.748743638396E+00,-678.392082453E-03,-678.392082445E-03,+305.175789E-06
+3.067500E-06,+4.849246151753E+00,-577.889569096E-03,-678.392082453E-03,-100.097656258E-03
+3.070000E-06,+4.748743638396E+00,-477.387055755E-03,-678.392082461E-03,-200.500488289E-03
+3.072500E-06,+4.748743638396E+00,-577.889569112E-03,-678.392082453E-03,-100.097656242E-03
+3.075000E-06,+4.547738611714E+00,-477.387055763E-03,-678.392082453E-03,-200.500488273E-03
+3.077500E-06,+4.949748665094E+00,-477.387055755E-03,-879.397109151E-03,-401.306152344E-03
+3.080000E-06,+4.748743638396E+00,-678.392082453E-03,-477.387055771E-03,+201.110839828E-03
+3.082500E-06,+4.849246151737E+00,-577.889569112E-03,-879.397109151E-03,-300.903320304E-03
+3.085000E-06,+4.748743638396E+00,-477.387055755E-03,-879.397109151E-03,-401.306152344E-03
+3.087500E-06,+4.949748665094E+00,-678.392082453E-03,-879.397109151E-03,-200.500488281E-03
+3.090000E-06,+4.748743638396E+00,-678.392082445E-03,-678.392082453E-03,+305.175773E-06
+3.092500E-06,+4.748743638396E+00,-577.889569112E-03,-678.392082453E-03,-100.097656242E-03
+3.095000E-06,+4.748743638396E+00,-678.392082445E-03,-879.397109143E-03,-200.500488281E-03
+3.097500E-06,+4.748743638396E+00,-477.387055755E-03,-678.392082453E-03,-200.500488281E-03
+3.100000E-06,+4.748743638396E+00,-477.387055763E-03,-477.387055771E-03,+305.175773E-06
+3.102500E-06,+4.748743638396E+00,-678.392082436E-03,-678.392082453E-03,+305.175765E-06
+3.105000E-06,+4.748743638396E+00,-477.387055771E-03,-678.392082453E-03,-200.500488265E-03
+3.107500E-06,+4.849246151754E+00,-477.387055755E-03,-678.392082453E-03,-200.500488281E-03
+3.110000E-06,+4.748743638396E+00,-678.392082453E-03,-678.392082453E-03,+305.175781E-06
+3.112500E-06,+4.648241125039E+00,-577.889569112E-03,-577.889569095E-03,+305.175798E-06
+3.115000E-06,+4.748743638396E+00,-477.387055763E-03,-879.397109143E-03,-401.306152327E-03
+3.117500E-06,+4.648241125055E+00,-577.889569095E-03,-678.392082469E-03,-100.097656275E-03
+3.120000E-06,+4.547738611698E+00,-879.397109151E-03,-477.387055755E-03,+401.916503906E-03
+3.122500E-06,+4.849246151737E+00,-477.387055755E-03,-577.889569112E-03,-100.097656258E-03
+3.125000E-06,+4.748743638388E+00,-477.387055755E-03,-477.387055755E-03,+305.175781E-06
+3.127500E-06,+4.648241125039E+00,-577.889569112E-03,-477.387055755E-03,+100.708007821E-03
+3.130000E-06,+4.748743638396E+00,-678.392082445E-03,-678.392082453E-03,+305.175773E-06
+3.132500E-06,+4.748743638396E+00,-477.387055755E-03,-577.889569095E-03,-100.097656242E-03
+3.135000E-06,+4.547738611706E+00,-678.392082445E-03,-477.387055755E-03,+201.110839836E-03
+3.137500E-06,+4.748743638396E+00,-577.889569095E-03,-577.889569095E-03,+305.175781E-06
+3.140000E-06,+4.748743638396E+00,-477.387055755E-03,-678.392082453E-03,-200.500488281E-03
+3.142500E-06,+4.547738611698E+00,-577.889569095E-03,-477.387055755E-03,+100.708007804E-03
+3.145000E-06,+4.748743638396E+00,-477.387055755E-03,-477.387055755E-03,+305.175781E-06
+3.147500E-06,+4.748743638396E+00,-376.884542397E-03,-577.889569112E-03,-200.500488298E-03
+3.150000E-06,+4.547738611715E+00,-477.387055755E-03,-477.387055763E-03,+305.175773E-06
+3.152500E-06,+4.547738611698E+00,-376.884542414E-03,-477.387055755E-03,-100.097656242E-03
+3.155000E-06,+4.748743638396E+00,-477.387055763E-03,-477.387055763E-03,+305.175781E-06
+3.157500E-06,+4.648241125039E+00,-477.387055755E-03,-577.889569112E-03,-100.097656258E-03
+3.160000E-06,+4.748743638396E+00,-678.392082453E-03,-477.387055755E-03,+201.110839844E-03
+3.162500E-06,+4.748743638396E+00,-477.387055755E-03,-678.392082453E-03,-200.500488281E-03
+3.165000E-06,+4.949748665086E+00,-477.387055763E-03,-678.392082444E-03,-200.500488264E-03
+3.167500E-06,+4.748743638396E+00,-678.392082453E-03,-477.387055755E-03,+201.110839844E-03
+3.170000E-06,+4.748743638396E+00,-678.392082444E-03,-678.392082444E-03,+305.175781E-06
+3.172500E-06,+4.748743638396E+00,-477.387055755E-03,-577.889569095E-03,-100.097656242E-03
+3.175000E-06,+4.547738611707E+00,-678.392082444E-03,-477.387055755E-03,+201.110839835E-03
+3.177500E-06,+4.849246151737E+00,-678.392082453E-03,-577.889569095E-03,+100.708007821E-03
+3.180000E-06,+4.949748665094E+00,-477.387055755E-03,-477.387055755E-03,+305.175781E-06
+3.182500E-06,+4.748743638396E+00,-678.392082436E-03,-477.387055755E-03,+201.110839827E-03
+3.185000E-06,+4.748743638396E+00,-477.387055763E-03,-678.392082453E-03,-200.500488273E-03
+3.187500E-06,+4.849246151754E+00,-577.889569095E-03,-678.392082453E-03,-100.097656258E-03
+3.190000E-06,+4.748743638396E+00,-678.392082453E-03,-678.392082453E-03,+305.175781E-06
+3.192500E-06,+4.648241125039E+00,-678.392082470E-03,-577.889569095E-03,+100.708007838E-03
+3.195000E-06,+4.949748665086E+00,-477.387055755E-03,-678.392082453E-03,-200.500488281E-03
+3.197500E-06,+4.748743638396E+00,-577.889569095E-03,-577.889569112E-03,+305.175764E-06
+3.200000E-06,+4.547738611707E+00,-678.392082461E-03,-477.387055763E-03,+201.110839844E-03
+3.202500E-06,+4.748743638379E+00,-477.387055755E-03,-778.894595793E-03,-300.903320304E-03
+3.205000E-06,+4.748743638396E+00,-477.387055755E-03,-879.397109134E-03,-401.306152327E-03
+3.207500E-06,+4.648241125056E+00,-778.894595793E-03,-577.889569112E-03,+201.110839827E-03
+3.210000E-06,+4.748743638405E+00,-678.392082444E-03,-678.392082453E-03,+305.175773E-06
+3.212500E-06,+4.648241125056E+00,-678.392082453E-03,-678.392082453E-03,+305.175781E-06
+3.215000E-06,+4.748743638388E+00,-678.392082453E-03,-678.392082453E-03,+305.175781E-06
+3.217500E-06,+4.648241125056E+00,-577.889569095E-03,-678.392082453E-03,-100.097656258E-03
+3.220000E-06,+4.748743638405E+00,-678.392082444E-03,-678.392082453E-03,+305.175773E-06
+3.222500E-06,+4.748743638396E+00,-678.392082453E-03,-778.894595810E-03,-100.097656258E-03
+3.225000E-06,+4.748743638396E+00,-477.387055763E-03,-678.392082453E-03,-200.500488273E-03
+3.227500E-06,+4.748743638396E+00,-577.889569112E-03,-778.894595810E-03,-200.500488281E-03
+3.230000E-06,+4.748743638396E+00,-75.377002367E-03,-477.387055763E-03,-401.306152344E-03
+3.232500E-06,+4.849246151737E+00,+527.638077719E-03,-276.382029057E-03,-802.917480452E-03
+3.235000E-06,+4.748743638396E+00,+1.532663211201E+00,+125.628024331E-03,-1.405334472639E+00
+3.237500E-06,+4.748743638396E+00,+2.236180804661E+00,+326.633051038E-03,-1.907348632804E+00
+3.240000E-06,+4.748743638396E+00,+2.738693371398E+00,+929.648131115E-03,-1.806945800781E+00
+3.242500E-06,+4.949748665078E+00,+3.542713478191E+00,+1.130653157813E+00,-2.409362792969E+00
+3.245000E-06,+4.949748665086E+00,+5.150753691759E+00,+2.537688344700E+00,-2.610168457014E+00
+3.247500E-06,+4.547738611681E+00,+8.668341658951E+00,+4.447236098324E+00,-4.216613769498E+00
