x-axis,1,2,4,F1
second,Volt,Volt,Volt,Volt
-250.00E-09,+4.74874363840E+00,-477.38705575E-03,-477.38705575E-03,+305.17578E-06
-249.00E-09,+4.54773861170E+00,-879.39710915E-03,-477.38705575E-03,+401.91650391E-03
-248.00E-09,+4.54773861170E+00,-678.39208245E-03,-477.38705575E-03,+201.11083984E-03
-247.00E-09,+4.74874363840E+00,-477.38705575E-03,-678.39208245E-03,-200.50048828E-03
-246.00E-09,+4.94974866509E+00,-477.38705575E-03,-678.39208245E-03,-200.50048828E-03
-245.00E-09,+4.94974866509E+00,-477.38705575E-03,-678.39208245E-03,-200.50048828E-03
-244.00E-09,+4.74874363840E+00,-477.38705575E-03,-678.39208245E-03,-200.50048828E-03
-243.00E-09,+4.74874363840E+00,-477.38705575E-03,-678.39208245E-03,-200.50048828E-03
-242.00E-09,+4.74874363840E+00,-477.38705575E-03,-477.38705575E-03,+305.17578E-06
-241.00E-09,+4.54773861170E+00,-678.39208245E-03,-477.38705575E-03,+201.11083984E-03
-240.00E-09,+4.74874363840E+00,-879.39710915E-03,-477.38705575E-03,+401.91650391E-03
-239.00E-09,+4.94974866509E+00,-477.38705575E-03,-477.38705575E-03,+305.17578E-06
-238.00E-09,+4.94974866509E+00,-678.39208245E-03,-678.39208245E-03,+305.17578E-06
-237.00E-09,+4.94974866509E+00,-477.38705575E-03,-678.39208245E-03,-200.50048828E-03
-236.00E-09,+4.94974866509E+00,-678.39208245E-03,-477.38705575E-03,+201.11083984E-03
-235.00E-09,+4.74874363840E+00,-477.38705575E-03,-678.39208245E-03,-200.50048828E-03
-234.00E-09,+4.74874363840E+00,-477.38705575E-03,-477.38705575E-03,+305.17578E-06
-233.00E-09,+4.74874363840E+00,-678.39208245E-03,-477.38705575E-03,+201.11083984E-03
-232.00E-09,+4.74874363840E+00,-678.39208245E-03,-477.38705575E-03,+201.11083984E-03
-231.00E-09,+4.74874363840E+00,-477.38705575E-03,-678.39208245E-03,-200.50048828E-03
-230.00E-09,+4.74874363840E+00,-477.38705575E-03,-477.38705575E-03,+305.17578E-06
-229.00E-09,+4.94974866509E+00,-477.38705575E-03,-678.39208245E-03,-200.50048828E-03
-228.00E-09,+4.74874363840E+00,-678.39208245E-03,-678.39208245E-03,+305.17578E-06
-227.00E-09,+4.74874363840E+00,-477.38705575E-03,-678.39208245E-03,-200.50048828E-03
-226.00E-09,+4.74874363840E+00,-678.39208245E-03,-678.39208245E-03,+305.17578E-06
-225.00E-09,+4.74874363840E+00,-678.39208245E-03,-477.38705575E-03,+201.11083984E-03
-224.00E-09,+4.74874363840E+00,-678.39208245E-03,-477.38705575E-03,+201.11083984E-03
-223.00E-09,+4.94974866509E+00,-477.38705575E-03,-678.39208245E-03,-200.50048828E-03
-222.00E-09,+4.74874363840E+00,-678.39208245E-03,-678.39208245E-03,+305.17578E-06
-221.00E-09,+4.94974866509E+00,-477.38705575E-03,-678.39208245E-03,-200.50048828E-03
-220.00E-09,+4.94974866509E+00,-678.39208245E-03,-477.38705575E-03,+201.11083984E-03
-219.00E-09,+4.94974866509E+00,-477.38705575E-03,-678.39208245E-03,-200.50048828E-03
-218.00E-09,+4.74874363840E+00,-477.38705575E-03,-678.39208245E-03,-200.50048828E-03
-217.00E-09,+4.74874363840E+00,-879.39710915E-03,-678.39208245E-03,+201.11083984E-03
-216.00E-09,+4.74874363840E+00,-678.39208245E-03,-678.39208245E-03,+305.17578E-06
-215.00E-09,+4.74874363840E+00,-477.38705575E-03,-678.39208245E-03,-200.50048828E-03
-214.00E-09,+4.94974866509E+00,-477.38705575E-03,-678.39208245E-03,-200.50048828E-03
-213.00E-09,+4.74874363840E+00,-276.38202906E-03,-879.39710915E-03,-602.11181641E-03
-212.00E-09,+4.74874363840E+00,-477.38705575E-03,-678.39208245E-03,-200.50048828E-03
-211.00E-09,+4.74874363840E+00,-477.38705575E-03,-879.39710915E-03,-401.30615234E-03
-210.00E-09,+4.94974866509E+00,-678.39208245E-03,-477.38705575E-03,+201.11083984E-03
-209.00E-09,+4.74874363840E+00,-678.39208245E-03,-678.39208245E-03,+305.17578E-06
-208.00E-09,+4.54773861170E+00,-678.39208245E-03,-678.39208245E-03,+305.17578E-06
-207.00E-09,+4.74874363840E+00,-678.39208245E-03,-678.39208245E-03,+305.17578E-06
-206.00E-09,+4.74874363840E+00,-477.38705575E-03,-678.39208245E-03,-200.50048828E-03
-205.00E-09,+4.94974866509E+00,-276.38202906E-03,-879.39710915E-03,-602.11181641E-03
-204.00E-09,+4.74874363840E+00,-678.39208245E-03,-678.39208245E-03,+305.17578E-06
-203.00E-09,+4.54773861170E+00,-477.38705575E-03,-879.39710915E-03,-401.30615234E-03
-202.00E-09,+4.74874363840E+00,-477.38705575E-03,-678.39208245E-03,-200.50048828E-03
-201.00E-09,+4.54773861170E+00,-678.39208245E-03,-678.39208245E-03,+305.17578E-06
-200.00E-09,+4.74874363840E+00,-477.38705575E-03,-678.39208245E-03,-200.50048828E-03
-199.00E-09,+4.74874363840E+00,-477.38705575E-03,-678.39208245E-03,-200.50048828E-03
-198.00E-09,+4.54773861170E+00,-477.38705575E-03,-678.39208245E-03,-200.50048828E-03
-197.00E-09,+4.74874363840E+00,-276.38202906E-03,-879.39710915E-03,-602.11181641E-03
-196.00E-09,+4.74874363840E+00,-477.38705575E-03,-678.39208245E-03,-200.50048828E-03
-195.00E-09,+4.74874363840E+00,-477.38705575E-03,-1.08040213585E+00,-602.11181641E-03
-194.00E-09,+4.74874363840E+00,-477.38705575E-03,-678.39208245E-03,-200.50048828E-03
-193.00E-09,+4.34673358500E+00,-879.39710915E-03,-678.39208245E-03,+201.11083984E-03
-192.00E-09,+4.54773861170E+00,-879.39710915E-03,-678.39208245E-03,+201.11083984E-03
-191.00E-09,+4.94974866509E+00,-477.38705575E-03,-678.39208245E-03,-200.50048828E-03
-190.00E-09,+4.94974866509E+00,-477.38705575E-03,-678.39208245E-03,-200.50048828E-03
-189.00E-09,+4.94974866509E+00,-477.38705575E-03,-879.39710915E-03,-401.30615234E-03
-188.00E-09,+4.74874363840E+00,-477.38705575E-03,-678.39208245E-03,-200.50048828E-03
-187.00E-09,+4.74874363840E+00,-477.38705575E-03,-879.39710915E-03,-401.30615234E-03
-186.00E-09,+4.74874363840E+00,-477.38705575E-03,-879.39710915E-03,-401.30615234E-03
-185.00E-09,+4.74874363840E+00,-678.39208245E-03,-678.39208245E-03,+305.17578E-06
-184.00E-09,+4.74874363840E+00,-678.39208245E-03,-678.39208245E-03,+305.17578E-06
-183.00E-09,+4.74874363840E+00,-678.39208245E-03,-678.39208245E-03,+305.17578E-06
-182.00E-09,+4.74874363840E+00,-477.38705575E-03,-678.39208245E-03,-200.50048828E-03
-181.00E-09,+5.15075369179E+00,-477.38705575E-03,-879.39710915E-03,-401.30615234E-03
-180.00E-09,+5.15075369179E+00,-678.39208245E-03,-678.39208245E-03,+305.17578E-06
-179.00E-09,+4.74874363840E+00,-477.38705575E-03,-678.39208245E-03,-200.50048828E-03
-178.00E-09,+4.74874363840E+00,-678.39208245E-03,-678.39208245E-03,+305.17578E-06
-177.00E-09,+4.74874363840E+00,-879.39710915E-03,-879.39710915E-03,+305.17578E-06
-176.00E-09,+4.74874363840E+00,-477.38705575E-03,-678.39208245E-03,-200.50048828E-03
-175.00E-09,+4.74874363840E+00,-477.38705575E-03,-678.39208245E-03,-200.50048828E-03
-174.00E-09,+4.74874363840E+00,-477.38705575E-03,-678.39208245E-03,-200.50048828E-03
-173.00E-09,+4.94974866509E+00,-477.38705575E-03,-879.39710915E-03,-401.30615234E-03
-172.00E-09,+4.74874363840E+00,-678.39208245E-03,-879.39710915E-03,-200.50048828E-03
-171.00E-09,+4.74874363840E+00,-477.38705575E-03,-1.08040213585E+00,-602.11181641E-03
-170.00E-09,+4.74874363840E+00,-477.38705575E-03,-879.39710915E-03,-401.30615234E-03
-169.00E-09,+4.74874363840E+00,-678.39208245E-03,-879.39710915E-03,-200.50048828E-03
-168.00E-09,+4.74874363840E+00,-678.39208245E-03,-678.39208245E-03,+305.17578E-06
-167.00E-09,+4.54773861170E+00,-477.38705575E-03,-879.39710915E-03,-401.30615234E-03
-166.00E-09,+4.74874363840E+00,-477.38705575E-03,-678.39208245E-03,-200.50048828E-03
-165.00E-09,+4.94974866509E+00,-477.38705575E-03,-879.39710915E-03,-401.30615234E-03
-164.00E-09,+4.74874363840E+00,-678.39208245E-03,-678.39208245E-03,+305.17578E-06
-163.00E-09,+4.74874363840E+00,-678.39208245E-03,-879.39710915E-03,-200.50048828E-03
-162.00E-09,+4.74874363840E+00,-678.39208245E-03,-879.39710915E-03,-200.50048828E-03
-161.00E-09,+4.74874363840E+00,-678.39208245E-03,-477.38705575E-03,+201.11083984E-03
-160.00E-09,+4.74874363840E+00,-678.39208245E-03,-678.39208245E-03,+305.17578E-06
-159.00E-09,+4.74874363840E+00,-477.38705575E-03,-678.39208245E-03,-200.50048828E-03
-158.00E-09,+4.74874363840E+00,-678.39208245E-03,-879.39710915E-03,-200.50048828E-03
-157.00E-09,+4.74874363840E+00,-477.38705575E-03,-879.39710915E-03,-401.30615234E-03
-156.00E-09,+4.74874363840E+00,-879.39710915E-03,-678.39208245E-03,+201.11083984E-03
-155.00E-09,+4.74874363840E+00,-678.39208245E-03,-1.08040213585E+00,-401.30615234E-03
-154.00E-09,+4.74874363840E+00,-477.38705575E-03,-678.39208245E-03,-200.50048828E-03
-153.00E-09,+4.34673358500E+00,-678.39208245E-03,-678.39208245E-03,+305.17578E-06
-152.00E-09,+4.74874363840E+00,-879.39710915E-03,-678.39208245E-03,+201.11083984E-03
-151.00E-09,+4.54773861170E+00,-477.38705575E-03,-678.39208245E-03,-200.50048828E-03
-150.00E-09,+4.54773861170E+00,-678.39208245E-03,-879.39710915E-03,-200.50048828E-03
-149.00E-09,+4.54773861170E+00,-477.38705575E-03,-879.39710915E-03,-401.30615234E-03
-148.00E-09,+4.74874363840E+00,-477.38705575E-03,-678.39208245E-03,-200.50048828E-03
-147.00E-09,+4.74874363840E+00,-477.38705575E-03,-879.39710915E-03,-401.30615234E-03
-146.00E-09,+4.54773861170E+00,-477.38705575E-03,-678.39208245E-03,-200.50048828E-03
-145.00E-09,+4.34673358500E+00,-879.39710915E-03,-477.38705575E-03,+401.91650391E-03
-144.00E-09,+4.54773861170E+00,-879.39710915E-03,-678.39208245E-03,+201.11083984E-03
-143.00E-09,+4.54773861170E+00,-477.38705575E-03,-678.39208245E-03,-200.50048828E-03
-142.00E-09,+4.74874363840E+00,-678.39208245E-03,-678.39208245E-03,+305.17578E-06
-141.00E-09,+4.54773861170E+00,-276.38202906E-03,-678.39208245E-03,-401.30615234E-03
-140.00E-09,+4.74874363840E+00,-477.38705575E-03,-678.39208245E-03,-200.50048828E-03
-139.00E-09,+4.94974866509E+00,-477.38705575E-03,-879.39710915E-03,-401.30615234E-03
-138.00E-09,+4.74874363840E+00,-477.38705575E-03,-477.38705575E-03,+305.17578E-06
-137.00E-09,+4.54773861170E+00,-678.39208245E-03,-477.38705575E-03,+201.11083984E-03
-136.00E-09,+4.54773861170E+00,-678.39208245E-03,-477.38705575E-03,+201.11083984E-03
-135.00E-09,+4.74874363840E+00,-477.38705575E-03,-678.39208245E-03,-200.50048828E-03
-134.00E-09,+4.74874363840E+00,-678.39208245E-03,-678.39208245E-03,+305.17578E-06
-133.00E-09,+4.94974866509E+00,-477.38705575E-03,-678.39208245E-03,-200.50048828E-03
-132.00E-09,+4.74874363840E+00,-477.38705575E-03,-678.39208245E-03,-200.50048828E-03
-131.00E-09,+4.74874363840E+00,-477.38705575E-03,-678.39208245E-03,-200.50048828E-03
-130.00E-09,+4.74874363840E+00,-678.39208245E-03,-477.38705575E-03,+201.11083984E-03
-129.00E-09,+4.54773861170E+00,-678.39208245E-03,-477.38705575E-03,+201.11083984E-03
-128.00E-09,+4.74874363840E+00,-879.39710915E-03,-678.39208245E-03,+201.11083984E-03
-127.00E-09,+4.74874363840E+00,-477.38705575E-03,-678.39208245E-03,-200.50048828E-03
-126.00E-09,+4.54773861170E+00,-678.39208245E-03,-477.38705575E-03,+201.11083984E-03
-125.00E-09,+4.74874363840E+00,-477.38705575E-03,-477.38705575E-03,+305.17578E-06
-124.00E-09,+4.74874363840E+00,-477.38705575E-03,-477.38705575E-03,+305.17578E-06
-123.00E-09,+4.94974866509E+00,-678.39208245E-03,-678.39208245E-03,+305.17578E-06
-122.00E-09,+4.94974866509E+00,-477.38705575E-03,-678.39208245E-03,-200.50048828E-03
-121.00E-09,+4.54773861170E+00,-678.39208245E-03,-477.38705575E-03,+201.11083984E-03
-120.00E-09,+4.74874363840E+00,-879.39710915E-03,-477.38705575E-03,+401.91650391E-03
-119.00E-09,+4.74874363840E+00,-477.38705575E-03,-477.38705575E-03,+305.17578E-06
-118.00E-09,+4.74874363840E+00,-477.38705575E-03,-477.38705575E-03,+305.17578E-06
-117.00E-09,+4.74874363840E+00,-276.38202906E-03,-678.39208245E-03,-401.30615234E-03
-116.00E-09,+4.54773861170E+00,-678.39208245E-03,-477.38705575E-03,+201.11083984E-03
-115.00E-09,+4.54773861170E+00,-477.38705575E-03,-879.39710915E-03,-401.30615234E-03
-114.00E-09,+4.74874363840E+00,-477.38705575E-03,-477.38705575E-03,+305.17578E-06
-113.00E-09,+4.54773861170E+00,-879.39710915E-03,-477.38705575E-03,+401.91650391E-03
-112.00E-09,+4.74874363840E+00,-678.39208245E-03,-477.38705575E-03,+201.11083984E-03
-111.00E-09,+4.54773861170E+00,-477.38705575E-03,-477.38705575E-03,+305.17578E-06
-110.00E-09,+4.54773861170E+00,-678.39208245E-03,-477.38705575E-03,+201.11083984E-03
-109.00E-09,+4.74874363840E+00,-477.38705575E-03,-678.39208245E-03,-200.50048828E-03
-108.00E-09,+4.74874363840E+00,-678.39208245E-03,-678.39208245E-03,+305.17578E-06
-107.00E-09,+4.74874363840E+00,-477.38705575E-03,-477.38705575E-03,+305.17578E-06
-106.00E-09,+4.74874363840E+00,-477.38705575E-03,-477.38705575E-03,+305.17578E-06
-105.00E-09,+4.34673358500E+00,-678.39208245E-03,-477.38705575E-03,+201.11083984E-03
-104.00E-09,+4.74874363840E+00,-678.39208245E-03,-477.38705575E-03,+201.11083984E-03
-103.00E-09,+4.74874363840E+00,-477.38705575E-03,-477.38705575E-03,+305.17578E-06
-102.00E-09,+4.54773861170E+00,-477.38705575E-03,-678.39208245E-03,-200.50048828E-03
-101.00E-09,+4.74874363840E+00,-477.38705575E-03,-477.38705575E-03,+305.17578E-06
-100.00E-09,+4.94974866509E+00,-678.39208245E-03,-678.39208245E-03,+305.17578E-06
-99.00E-09,+4.74874363840E+00,-477.38705575E-03,-678.39208245E-03,-200.50048828E-03
-98.00E-09,+4.74874363840E+00,-477.38705575E-03,-477.38705575E-03,+305.17578E-06
-97.00E-09,+4.54773861170E+00,-678.39208245E-03,-276.38202906E-03,+401.91650391E-03
-96.00E-09,+4.74874363840E+00,-678.39208245E-03,-477.38705575E-03,+201.11083984E-03
-95.00E-09,+4.54773861170E+00,-477.38705575E-03,-477.38705575E-03,+305.17578E-06
-94.00E-09,+4.54773861170E+00,-477.38705575E-03,-678.39208245E-03,-200.50048828E-03
-93.00E-09,+4.74874363840E+00,-477.38705575E-03,-477.38705575E-03,+305.17578E-06
-92.00E-09,+4.74874363840E+00,-477.38705575E-03,-678.39208245E-03,-200.50048828E-03
-91.00E-09,+4.54773861170E+00,-477.38705575E-03,-678.39208245E-03,-200.50048828E-03
-90.00E-09,+4.74874363840E+00,-477.38705575E-03,-477.38705575E-03,+305.17578E-06
-89.00E-09,+4.34673358500E+00,-879.39710915E-03,-477.38705575E-03,+401.91650391E-03
-88.00E-09,+4.74874363840E+00,-678.39208245E-03,-477.38705575E-03,+201.11083984E-03
-87.00E-09,+4.74874363840E+00,-678.39208245E-03,-678.39208245E-03,+305.17578E-06
-86.00E-09,+4.94974866509E+00,-477.38705575E-03,-678.39208245E-03,-200.50048828E-03
-85.00E-09,+4.74874363840E+00,-477.38705575E-03,-678.39208245E-03,-200.50048828E-03
-84.00E-09,+4.74874363840E+00,-477.38705575E-03,-678.39208245E-03,-200.50048828E-03
-83.00E-09,+4.74874363840E+00,-477.38705575E-03,-678.39208245E-03,-200.50048828E-03
-82.00E-09,+4.74874363840E+00,-477.38705575E-03,-477.38705575E-03,+305.17578E-06
-81.00E-09,+4.54773861170E+00,-678.39208245E-03,-477.38705575E-03,+201.11083984E-03
-80.00E-09,+4.74874363840E+00,-678.39208245E-03,-477.38705575E-03,+201.11083984E-03
-79.00E-09,+4.74874363840E+00,-678.39208245E-03,-678.39208245E-03,+305.17578E-06
-78.00E-09,+4.74874363840E+00,-678.39208245E-03,-678.39208245E-03,+305.17578E-06
-77.00E-09,+4.94974866509E+00,-276.38202906E-03,-477.38705575E-03,-200.50048828E-03
-76.00E-09,+4.74874363840E+00,-879.39710915E-03,-477.38705575E-03,+401.91650391E-03
-75.00E-09,+4.74874363840E+00,-678.39208245E-03,-678.39208245E-03,+305.17578E-06
-74.00E-09,+4.74874363840E+00,-678.39208245E-03,-678.39208245E-03,+305.17578E-06
-73.00E-09,+4.54773861170E+00,-678.39208245E-03,-678.39208245E-03,+305.17578E-06
-72.00E-09,+4.94974866509E+00,-477.38705575E-03,-477.38705575E-03,+305.17578E-06
-71.00E-09,+4.74874363840E+00,-276.38202906E-03,-678.39208245E-03,-401.30615234E-03
-70.00E-09,+4.74874363840E+00,-477.38705575E-03,-678.39208245E-03,-200.50048828E-03
-69.00E-09,+4.94974866509E+00,-477.38705575E-03,-678.39208245E-03,-200.50048828E-03
-68.00E-09,+4.74874363840E+00,-477.38705575E-03,-678.39208245E-03,-200.50048828E-03
-67.00E-09,+4.74874363840E+00,-477.38705575E-03,-678.39208245E-03,-200.50048828E-03
-66.00E-09,+4.54773861170E+00,-678.39208245E-03,-477.38705575E-03,+201.11083984E-03
-65.00E-09,+4.54773861170E+00,-678.39208245E-03,-678.39208245E-03,+305.17578E-06
-64.00E-09,+4.74874363840E+00,-678.39208245E-03,-678.39208245E-03,+305.17578E-06
-63.00E-09,+4.74874363840E+00,-477.38705575E-03,-678.39208245E-03,-200.50048828E-03
-62.00E-09,+4.74874363840E+00,-678.39208245E-03,-678.39208245E-03,+305.17578E-06
-61.00E-09,+4.94974866509E+00,-477.38705575E-03,-678.39208245E-03,-200.50048828E-03
-60.00E-09,+4.94974866509E+00,-477.38705575E-03,-477.38705575E-03,+305.17578E-06
-59.00E-09,+4.94974866509E+00,-477.38705575E-03,-678.39208245E-03,-200.50048828E-03
-58.00E-09,+4.74874363840E+00,-477.38705575E-03,-477.38705575E-03,+305.17578E-06
-57.00E-09,+4.74874363840E+00,-678.39208245E-03,-678.39208245E-03,+305.17578E-06
-56.00E-09,+4.54773861170E+00,-678.39208245E-03,-477.38705575E-03,+201.11083984E-03
-55.00E-09,+4.74874363840E+00,-678.39208245E-03,-678.39208245E-03,+305.17578E-06
-54.00E-09,+4.74874363840E+00,-678.39208245E-03,-678.39208245E-03,+305.17578E-06
-53.00E-09,+4.74874363840E+00,-477.38705575E-03,-678.39208245E-03,-200.50048828E-03
-52.00E-09,+4.74874363840E+00,-678.39208245E-03,-678.39208245E-03,+305.17578E-06
-51.00E-09,+4.74874363840E+00,-477.38705575E-03,-678.39208245E-03,-200.50048828E-03
-50.00E-09,+4.74874363840E+00,-477.38705575E-03,-678.39208245E-03,-200.50048828E-03
-49.00E-09,+4.54773861170E+00,-678.39208245E-03,-477.38705575E-03,+201.11083984E-03
-48.00E-09,+4.94974866509E+00,-678.39208245E-03,-678.39208245E-03,+305.17578E-06
-47.00E-09,+4.74874363840E+00,-477.38705575E-03,-678.39208245E-03,-200.50048828E-03
-46.00E-09,+4.54773861170E+00,-477.38705575E-03,-678.39208245E-03,-200.50048828E-03
-45.00E-09,+4.74874363840E+00,-477.38705575E-03,-678.39208245E-03,-200.50048828E-03
-44.00E-09,+4.74874363840E+00,-477.38705575E-03,-678.39208245E-03,-200.50048828E-03
-43.00E-09,+4.74874363840E+00,-678.39208245E-03,-879.39710915E-03,-200.50048828E-03
-42.00E-09,+4.54773861170E+00,-477.38705575E-03,-678.39208245E-03,-200.50048828E-03
-41.00E-09,+4.54773861170E+00,-678.39208245E-03,-678.39208245E-03,+305.17578E-06
-40.00E-09,+4.74874363840E+00,-477.38705575E-03,-678.39208245E-03,-200.50048828E-03
-39.00E-09,+4.54773861170E+00,-477.38705575E-03,-678.39208245E-03,-200.50048828E-03
-38.00E-09,+4.74874363840E+00,-477.38705575E-03,-879.39710915E-03,-401.30615234E-03
-37.00E-09,+4.74874363840E+00,-477.38705575E-03,-879.39710915E-03,-401.30615234E-03
-36.00E-09,+4.74874363840E+00,-477.38705575E-03,-678.39208245E-03,-200.50048828E-03
-35.00E-09,+4.74874363840E+00,-477.38705575E-03,-879.39710915E-03,-401.30615234E-03
-34.00E-09,+4.74874363840E+00,-678.39208245E-03,-678.39208245E-03,+305.17578E-06
-33.00E-09,+4.34673358500E+00,-678.39208245E-03,-477.38705575E-03,+201.11083984E-03
-32.00E-09,+4.54773861170E+00,-879.39710915E-03,-678.39208245E-03,+201.11083984E-03
-31.00E-09,+4.74874363840E+00,-477.38705575E-03,-879.39710915E-03,-401.30615234E-03
-30.00E-09,+4.74874363840E+00,-678.39208245E-03,-678.39208245E-03,+305.17578E-06
-29.00E-09,+4.74874363840E+00,-477.38705575E-03,-879.39710915E-03,-401.30615234E-03
-28.00E-09,+4.74874363840E+00,-276.38202906E-03,-678.39208245E-03,-401.30615234E-03
-27.00E-09,+4.74874363840E+00,-276.38202906E-03,-678.39208245E-03,-401.30615234E-03
-26.00E-09,+4.74874363840E+00,+125.62802434E-03,-477.38705575E-03,-602.11181641E-03
-25.00E-09,+4.74874363840E+00,+326.63305104E-03,-276.38202906E-03,-602.11181641E-03
-24.00E-09,+4.54773861170E+00,+527.63807774E-03,-75.37700236E-03,-602.11181641E-03
-23.00E-09,+4.74874363840E+00,+1.13065315783E+00,-75.37700236E-03,-1.20452880859E+00
-22.00E-09,+4.74874363840E+00,+1.13065315783E+00,-75.37700236E-03,-1.20452880859E+00
-21.00E-09,+4.74874363840E+00,+1.73366823792E+00,+125.62802434E-03,-1.60614013672E+00
-20.00E-09,+4.74874363840E+00,+1.93467326462E+00,+326.63305104E-03,-1.60614013672E+00
-19.00E-09,+4.74874363840E+00,+2.13567829132E+00,+326.63305104E-03,-1.80694580078E+00
-18.00E-09,+4.74874363840E+00,+2.53768834472E+00,+527.63807774E-03,-2.00775146484E+00
-17.00E-09,+4.54773861170E+00,+2.53768834472E+00,+728.64310443E-03,-1.80694580078E+00
-16.00E-09,+4.54773861170E+00,+2.93969839811E+00,+929.64813113E-03,-2.00775146484E+00
-15.00E-09,+4.74874363840E+00,+3.54271347821E+00,+929.64813113E-03,-2.61016845703E+00
-14.00E-09,+4.94974866509E+00,+3.54271347821E+00,+1.13065315783E+00,-2.40936279297E+00
-13.00E-09,+4.74874363840E+00,+4.14572855830E+00,+1.73366823792E+00,-2.40936279297E+00
-12.00E-09,+4.74874363840E+00,+4.74874363840E+00,+2.53768834472E+00,-2.20855712891E+00
-11.00E-09,+4.74874363840E+00,+6.15577882528E+00,+2.93969839811E+00,-3.21258544922E+00
-10.00E-09,+4.54773861170E+00,+7.56281401217E+00,+3.94472353160E+00,-3.61419677734E+00
-9.00E-09,+4.54773861170E+00,+8.76884417236E+00,+4.54773861170E+00,-4.21661376953E+00
-8.00E-09,+4.74874363840E+00,+10.17587935924E+00,+4.94974866509E+00,-5.22064208984E+00
-7.00E-09,+4.94974866509E+00,+11.18090449274E+00,+5.35175871849E+00,-5.82305908203E+00
-6.00E-09,+5.15075369179E+00,+11.78391957283E+00,+5.35175871849E+00,-6.42547607422E+00
-5.00E-09,+4.94974866509E+00,+12.38693465292E+00,+5.75376877189E+00,-6.62628173828E+00
-4.00E-09,+4.74874363840E+00,+12.78894470632E+00,+6.55778887868E+00,-6.22467041016E+00
-3.00E-09,+4.34673358500E+00,+13.19095475972E+00,+6.95979893208E+00,-6.22467041016E+00
-2.00E-09,+3.94472353160E+00,+13.79396983981E+00,+7.96482406557E+00,-5.82305908203E+00
-1.00E-09,+4.14572855830E+00,+14.59798994660E+00,+8.96984919906E+00,-5.62225341797E+00
-0.0E+00,+4.54773861170E+00,+15.60301508009E+00,+9.97487433255E+00,-5.62225341797E+00
+1.00E-09,+5.35175871849E+00,+16.40703518689E+00,+10.57788941264E+00,-5.82305908203E+00
+2.00E-09,+5.95477379858E+00,+16.80904524028E+00,+10.97989946604E+00,-5.82305908203E+00
+3.00E-09,+6.35678385198E+00,+17.21105529368E+00,+11.58291454613E+00,-5.62225341797E+00
+4.00E-09,+5.75376877189E+00,+17.21105529368E+00,+12.38693465292E+00,-4.81903076172E+00
+5.00E-09,+4.74874363840E+00,+17.41206032038E+00,+12.78894470632E+00,-4.61822509766E+00
+6.00E-09,+3.54271347821E+00,+17.41206032038E+00,+13.59296481311E+00,-3.81500244141E+00
+7.00E-09,+2.53768834472E+00,+17.61306534708E+00,+14.19597989321E+00,-3.41339111328E+00
+8.00E-09,+2.53768834472E+00,+18.21608042717E+00,+14.79899497330E+00,-3.41339111328E+00
+9.00E-09,+2.73869337142E+00,+19.22110556066E+00,+15.60301508009E+00,-3.61419677734E+00
+10.00E-09,+3.34170845151E+00,+20.02512566745E+00,+16.40703518689E+00,-3.61419677734E+00
+11.00E-09,+3.94472353160E+00,+20.82914577424E+00,+16.80904524028E+00,-4.01580810547E+00
+12.00E-09,+4.34673358500E+00,+20.82914577425E+00,+17.41206032038E+00,-3.41339111328E+00
+13.00E-09,+4.54773861170E+00,+20.82914577425E+00,+17.81407037377E+00,-3.01177978516E+00
+14.00E-09,+4.14572855830E+00,+20.62814074755E+00,+18.41708545387E+00,-2.20855712891E+00
+15.00E-09,+3.34170845151E+00,+20.42713572085E+00,+19.02010053396E+00,-1.40533447266E+00
+16.00E-09,+2.93969839811E+00,+20.42713572085E+00,+19.62311561406E+00,-802.91748047E-03
+17.00E-09,+3.14070342481E+00,+21.03015080094E+00,+20.02512566745E+00,-1.00372314453E+00
+18.00E-09,+3.34170845151E+00,+21.63316588104E+00,+20.42713572085E+00,-1.20452880859E+00
+19.00E-09,+3.74371850491E+00,+22.03517593443E+00,+21.03015080094E+00,-1.00372314453E+00
+20.00E-09,+4.14572855830E+00,+22.43718598783E+00,+21.63316588104E+00,-802.91748047E-03
+21.00E-09,+3.94472353160E+00,+22.63819101453E+00,+21.83417090774E+00,-802.91748047E-03
+22.00E-09,+3.74371850491E+00,+22.63819101453E+00,+22.23618096113E+00,-401.30615234E-03
+23.00E-09,+3.14070342481E+00,+22.63819101453E+00,+22.83919604123E+00,+201.11083984E-03
+24.00E-09,+2.73869337142E+00,+22.23618096113E+00,+23.04020106792E+00,+803.52783203E-03
+25.00E-09,+2.53768834472E+00,+22.63819101453E+00,+23.64321614802E+00,+1.00433349609E+00
+26.00E-09,+2.33668331802E+00,+22.63819101453E+00,+24.04522620141E+00,+1.40594482422E+00
+27.00E-09,+2.53768834472E+00,+22.83919604123E+00,+24.44723625481E+00,+1.60675048828E+00
+28.00E-09,+2.93969839811E+00,+23.44221112132E+00,+24.64824128151E+00,+1.20513916016E+00
+29.00E-09,+3.14070342481E+00,+23.64321614802E+00,+24.84924630821E+00,+1.20513916016E+00
+30.00E-09,+3.74371850491E+00,+23.84422117472E+00,+25.05025133491E+00,+1.20513916016E+00
+31.00E-09,+3.94472353160E+00,+23.84422117472E+00,+25.25125636160E+00,+1.40594482422E+00
+32.00E-09,+4.74874363840E+00,+23.64321614802E+00,+25.25125636160E+00,+1.60675048828E+00
+33.00E-09,+5.15075369179E+00,+23.64321614802E+00,+25.65326641500E+00,+2.00836181641E+00
+34.00E-09,+5.55276374519E+00,+23.44221112132E+00,+25.85427144170E+00,+2.40997314453E+00
+35.00E-09,+5.35175871849E+00,+23.64321614802E+00,+26.45728652179E+00,+2.81158447266E+00
+36.00E-09,+5.15075369179E+00,+23.44221112132E+00,+26.65829154849E+00,+3.21319580078E+00
+37.00E-09,+5.15075369179E+00,+23.64321614802E+00,+26.85929657519E+00,+3.21319580078E+00
+38.00E-09,+4.94974866509E+00,+24.04522620141E+00,+26.85929657519E+00,+2.81158447266E+00
+39.00E-09,+4.74874363840E+00,+24.24623122811E+00,+26.85929657519E+00,+2.61077880859E+00
+40.00E-09,+4.74874363840E+00,+24.24623122811E+00,+26.85929657519E+00,+2.61077880859E+00
+41.00E-09,+4.74874363840E+00,+24.24623122811E+00,+26.65829154849E+00,+2.40997314453E+00
+42.00E-09,+4.54773861170E+00,+24.04522620142E+00,+26.65829154849E+00,+2.61077880859E+00
+43.00E-09,+4.14572855830E+00,+24.04522620142E+00,+26.85929657519E+00,+2.81158447266E+00
+44.00E-09,+3.94472353160E+00,+23.84422117472E+00,+27.06030160189E+00,+3.21319580078E+00
+45.00E-09,+3.94472353160E+00,+23.84422117472E+00,+27.06030160189E+00,+3.21319580078E+00
+46.00E-09,+3.74371850491E+00,+23.84422117472E+00,+26.85929657519E+00,+3.01239013672E+00
+47.00E-09,+3.94472353160E+00,+24.04522620142E+00,+27.06030160189E+00,+3.01239013672E+00
+48.00E-09,+4.14572855830E+00,+24.24623122811E+00,+26.85929657519E+00,+2.61077880859E+00
+49.00E-09,+4.34673358500E+00,+24.24623122811E+00,+26.85929657519E+00,+2.61077880859E+00
+50.00E-09,+4.34673358500E+00,+24.24623122811E+00,+26.65829154849E+00,+2.40997314453E+00
+51.00E-09,+4.14572855830E+00,+24.44723625481E+00,+26.65829154849E+00,+2.20916748047E+00
+52.00E-09,+3.74371850491E+00,+24.04522620142E+00,+26.65829154849E+00,+2.61077880859E+00
+53.00E-09,+3.54271347821E+00,+24.04522620142E+00,+26.45728652179E+00,+2.40997314453E+00
+54.00E-09,+3.74371850491E+00,+23.84422117472E+00,+26.05527646840E+00,+2.20916748047E+00
+55.00E-09,+3.54271347821E+00,+23.84422117472E+00,+26.05527646840E+00,+2.20916748047E+00
+56.00E-09,+3.54271347821E+00,+23.84422117472E+00,+26.05527646840E+00,+2.20916748047E+00
+57.00E-09,+3.54271347821E+00,+24.04522620142E+00,+26.05527646840E+00,+2.00836181641E+00
+58.00E-09,+3.74371850491E+00,+24.24623122811E+00,+25.85427144170E+00,+1.60675048828E+00
+59.00E-09,+3.54271347821E+00,+24.24623122811E+00,+25.85427144170E+00,+1.60675048828E+00
+60.00E-09,+3.54271347821E+00,+24.04522620142E+00,+25.65326641500E+00,+1.60675048828E+00
+61.00E-09,+3.54271347821E+00,+24.24623122811E+00,+25.45226138830E+00,+1.20513916016E+00
+62.00E-09,+3.54271347821E+00,+24.04522620142E+00,+25.45226138830E+00,+1.40594482422E+00
+63.00E-09,+3.54271347821E+00,+23.84422117472E+00,+25.45226138830E+00,+1.60675048828E+00
+64.00E-09,+3.54271347821E+00,+23.84422117472E+00,+25.25125636160E+00,+1.40594482422E+00
+65.00E-09,+3.74371850491E+00,+23.84422117472E+00,+25.25125636160E+00,+1.40594482422E+00
+66.00E-09,+3.94472353160E+00,+24.04522620142E+00,+25.25125636160E+00,+1.20513916016E+00
+67.00E-09,+3.74371850491E+00,+24.04522620142E+00,+25.05025133491E+00,+1.00433349609E+00
+68.00E-09,+3.54271347821E+00,+24.24623122811E+00,+25.05025133491E+00,+803.52783203E-03
+69.00E-09,+3.74371850491E+00,+24.24623122811E+00,+24.84924630821E+00,+602.72216797E-03
+70.00E-09,+3.74371850491E+00,+24.04522620142E+00,+24.84924630821E+00,+803.52783203E-03
+71.00E-09,+3.74371850491E+00,+23.84422117472E+00,+25.05025133491E+00,+1.20513916016E+00
+72.00E-09,+3.54271347821E+00,+23.64321614802E+00,+24.84924630821E+00,+1.20513916016E+00
+73.00E-09,+3.74371850491E+00,+23.84422117472E+00,+24.64824128151E+00,+803.52783203E-03
+74.00E-09,+3.54271347821E+00,+23.84422117472E+00,+24.84924630821E+00,+1.00433349609E+00
+75.00E-09,+3.94472353160E+00,+23.84422117472E+00,+24.44723625481E+00,+602.72216797E-03
+76.00E-09,+3.94472353160E+00,+23.64321614802E+00,+24.64824128151E+00,+1.00433349609E+00
+77.00E-09,+4.54773861170E+00,+23.84422117472E+00,+24.44723625481E+00,+602.72216797E-03
+78.00E-09,+4.54773861170E+00,+24.04522620142E+00,+24.44723625481E+00,+401.91650391E-03
+79.00E-09,+4.74874363840E+00,+23.64321614802E+00,+24.44723625481E+00,+803.52783203E-03
+80.00E-09,+4.94974866509E+00,+23.84422117472E+00,+24.24623122811E+00,+401.91650391E-03
+81.00E-09,+5.15075369179E+00,+23.84422117472E+00,+24.24623122811E+00,+401.91650391E-03
+82.00E-09,+5.15075369179E+00,+23.64321614802E+00,+24.44723625481E+00,+803.52783203E-03
+83.00E-09,+5.15075369179E+00,+23.84422117472E+00,+24.24623122811E+00,+401.91650391E-03
+84.00E-09,+5.15075369179E+00,+23.64321614802E+00,+24.24623122811E+00,+602.72216797E-03
+85.00E-09,+5.15075369179E+00,+23.64321614802E+00,+24.04522620142E+00,+401.91650391E-03
+86.00E-09,+5.15075369179E+00,+23.64321614802E+00,+24.24623122811E+00,+602.72216797E-03
+87.00E-09,+5.15075369179E+00,+23.64321614802E+00,+24.04522620142E+00,+401.91650391E-03
+88.00E-09,+5.15075369179E+00,+23.44221112132E+00,+24.04522620142E+00,+602.72216797E-03
+89.00E-09,+5.55276374519E+00,+23.64321614802E+00,+23.84422117472E+00,+201.11083984E-03
+90.00E-09,+5.35175871849E+00,+23.64321614802E+00,+23.64321614802E+00,+305.17578E-06
+91.00E-09,+5.35175871849E+00,+23.64321614802E+00,+23.64321614802E+00,+305.17578E-06
+92.00E-09,+5.15075369179E+00,+23.44221112132E+00,+23.84422117472E+00,+401.91650391E-03
+93.00E-09,+5.15075369179E+00,+23.64321614802E+00,+23.64321614802E+00,+305.17578E-06
+94.00E-09,+5.55276374519E+00,+23.84422117472E+00,+23.64321614802E+00,-200.50048828E-03
+95.00E-09,+5.35175871849E+00,+23.44221112132E+00,+23.64321614802E+00,+201.11083984E-03
+96.00E-09,+5.35175871849E+00,+23.44221112132E+00,+23.64321614802E+00,+201.11083984E-03
+97.00E-09,+5.55276374519E+00,+23.64321614802E+00,+23.64321614802E+00,+305.17578E-06
+98.00E-09,+5.35175871849E+00,+23.84422117472E+00,+23.84422117472E+00,+305.17578E-06
+99.00E-09,+5.55276374519E+00,+23.84422117472E+00,+23.84422117472E+00,+305.17578E-06
+100.00E-09,+5.35175871849E+00,+23.64321614802E+00,+23.64321614802E+00,+305.17578E-06
+101.00E-09,+5.15075369179E+00,+23.84422117472E+00,+23.84422117472E+00,+305.17578E-06
+102.00E-09,+5.15075369179E+00,+23.84422117472E+00,+23.84422117472E+00,+305.17578E-06
+103.00E-09,+5.15075369179E+00,+23.64321614802E+00,+24.04522620141E+00,+401.91650391E-03
+104.00E-09,+4.94974866509E+00,+23.64321614802E+00,+24.04522620142E+00,+401.91650391E-03
+105.00E-09,+4.74874363840E+00,+23.84422117472E+00,+24.04522620142E+00,+201.11083984E-03
+106.00E-09,+4.74874363840E+00,+23.84422117472E+00,+24.04522620142E+00,+201.11083984E-03
+107.00E-09,+4.54773861170E+00,+24.04522620141E+00,+24.24623122811E+00,+201.11083984E-03
+108.00E-09,+4.74874363840E+00,+23.84422117472E+00,+24.24623122811E+00,+401.91650391E-03
+109.00E-09,+4.54773861170E+00,+23.84422117472E+00,+24.24623122811E+00,+401.91650391E-03
+110.00E-09,+4.34673358500E+00,+23.84422117472E+00,+24.24623122811E+00,+401.91650391E-03
+111.00E-09,+4.14572855830E+00,+23.64321614802E+00,+24.44723625481E+00,+803.52783203E-03
+112.00E-09,+4.34673358500E+00,+23.64321614802E+00,+24.44723625481E+00,+803.52783203E-03
+113.00E-09,+4.54773861170E+00,+23.84422117472E+00,+24.44723625481E+00,+602.72216797E-03
+114.00E-09,+4.74874363840E+00,+23.84422117472E+00,+24.64824128151E+00,+803.52783203E-03
+115.00E-09,+4.54773861170E+00,+23.84422117472E+00,+24.64824128151E+00,+803.52783203E-03
+116.00E-09,+4.74874363840E+00,+24.04522620141E+00,+24.84924630821E+00,+803.52783203E-03
+117.00E-09,+4.54773861170E+00,+23.84422117472E+00,+24.64824128151E+00,+803.52783203E-03
+118.00E-09,+4.74874363840E+00,+23.84422117472E+00,+24.84924630821E+00,+1.00433349609E+00
+119.00E-09,+4.54773861170E+00,+23.64321614802E+00,+24.64824128151E+00,+1.00433349609E+00
+120.00E-09,+4.54773861170E+00,+23.64321614802E+00,+24.84924630821E+00,+1.20513916016E+00
+121.00E-09,+4.54773861170E+00,+23.84422117472E+00,+24.84924630821E+00,+1.00433349609E+00
+122.00E-09,+4.54773861170E+00,+23.84422117472E+00,+24.84924630821E+00,+1.00433349609E+00
+123.00E-09,+4.54773861170E+00,+23.84422117472E+00,+24.84924630821E+00,+1.00433349609E+00
+124.00E-09,+4.54773861170E+00,+23.84422117472E+00,+24.84924630821E+00,+1.00433349609E+00
+125.00E-09,+4.54773861170E+00,+23.64321614802E+00,+24.64824128151E+00,+1.00433349609E+00
+126.00E-09,+4.54773861170E+00,+23.64321614802E+00,+24.64824128151E+00,+1.00433349609E+00
+127.00E-09,+4.34673358500E+00,+23.44221112132E+00,+24.64824128151E+00,+1.20513916016E+00
+128.00E-09,+4.34673358500E+00,+23.44221112132E+00,+24.64824128151E+00,+1.20513916016E+00
+129.00E-09,+4.34673358500E+00,+23.44221112132E+00,+24.44723625481E+00,+1.00433349609E+00
+130.00E-09,+4.54773861170E+00,+23.64321614802E+00,+24.24623122811E+00,+602.72216797E-03
+131.00E-09,+4.34673358500E+00,+23.64321614802E+00,+24.24623122811E+00,+602.72216797E-03
+132.00E-09,+4.54773861170E+00,+23.44221112132E+00,+24.24623122811E+00,+803.52783203E-03
+133.00E-09,+4.14572855830E+00,+23.44221112132E+00,+24.04522620142E+00,+602.72216797E-03
+134.00E-09,+4.34673358500E+00,+23.64321614802E+00,+23.84422117472E+00,+201.11083984E-03
+135.00E-09,+4.14572855830E+00,+23.44221112132E+00,+23.84422117472E+00,+401.91650391E-03
+136.00E-09,+4.34673358500E+00,+23.44221112132E+00,+23.64321614802E+00,+201.11083984E-03
+137.00E-09,+4.34673358500E+00,+23.44221112132E+00,+23.44221112132E+00,+305.17578E-06
+138.00E-09,+4.34673358500E+00,+23.44221112132E+00,+23.24120609462E+00,-200.50048828E-03
+139.00E-09,+4.14572855830E+00,+23.44221112132E+00,+23.24120609462E+00,-200.50048828E-03
+140.00E-09,+4.34673358500E+00,+23.44221112132E+00,+23.24120609462E+00,-200.50048828E-03
+141.00E-09,+4.54773861170E+00,+23.44221112132E+00,+23.24120609462E+00,-200.50048828E-03
+142.00E-09,+4.54773861170E+00,+23.44221112132E+00,+22.83919604123E+00,-602.11181641E-03
+143.00E-09,+4.34673358500E+00,+23.24120609462E+00,+22.83919604123E+00,-401.30615234E-03
+144.00E-09,+4.54773861170E+00,+23.04020106792E+00,+22.63819101453E+00,-401.30615234E-03
+145.00E-09,+4.74874363840E+00,+23.04020106792E+00,+22.63819101453E+00,-401.30615234E-03
+146.00E-09,+4.94974866509E+00,+23.04020106792E+00,+22.43718598783E+00,-602.11181641E-03
+147.00E-09,+4.94974866509E+00,+23.44221112132E+00,+22.43718598783E+00,-1.00372314453E+00
+148.00E-09,+4.74874363840E+00,+23.24120609462E+00,+22.43718598783E+00,-802.91748047E-03
+149.00E-09,+4.74874363840E+00,+23.24120609462E+00,+22.23618096113E+00,-1.00372314453E+00
+150.00E-09,+4.74874363840E+00,+23.24120609462E+00,+22.23618096113E+00,-1.00372314453E+00
+151.00E-09,+4.54773861170E+00,+23.04020106792E+00,+22.03517593443E+00,-1.00372314453E+00
+152.00E-09,+4.74874363840E+00,+23.04020106792E+00,+22.03517593443E+00,-1.00372314453E+00
+153.00E-09,+4.74874363840E+00,+23.24120609462E+00,+21.83417090774E+00,-1.40533447266E+00
+154.00E-09,+4.94974866509E+00,+23.24120609462E+00,+21.63316588104E+00,-1.60614013672E+00
+155.00E-09,+4.74874363840E+00,+23.24120609462E+00,+21.63316588104E+00,-1.60614013672E+00
+156.00E-09,+4.74874363840E+00,+23.24120609462E+00,+21.63316588104E+00,-1.60614013672E+00
+157.00E-09,+4.74874363840E+00,+23.24120609462E+00,+21.63316588104E+00,-1.60614013672E+00
+158.00E-09,+4.94974866509E+00,+23.04020106792E+00,+21.43216085434E+00,-1.60614013672E+00
+159.00E-09,+4.94974866509E+00,+23.04020106792E+00,+21.43216085434E+00,-1.60614013672E+00
+160.00E-09,+4.74874363840E+00,+22.83919604123E+00,+21.63316588104E+00,-1.20452880859E+00
+161.00E-09,+4.94974866509E+00,+23.04020106792E+00,+21.43216085434E+00,-1.60614013672E+00
+162.00E-09,+5.15075369179E+00,+23.04020106792E+00,+21.43216085434E+00,-1.60614013672E+00
+163.00E-09,+5.15075369179E+00,+23.04020106792E+00,+21.23115582764E+00,-1.80694580078E+00
+164.00E-09,+5.15075369179E+00,+22.83919604123E+00,+21.43216085434E+00,-1.40533447266E+00
+165.00E-09,+4.94974866509E+00,+22.83919604123E+00,+21.23115582764E+00,-1.60614013672E+00
+166.00E-09,+5.15075369179E+00,+23.04020106792E+00,+21.43216085434E+00,-1.60614013672E+00
+167.00E-09,+4.94974866509E+00,+22.83919604123E+00,+21.43216085434E+00,-1.40533447266E+00
+168.00E-09,+5.15075369179E+00,+22.83919604123E+00,+21.43216085434E+00,-1.40533447266E+00
+169.00E-09,+5.15075369179E+00,+23.04020106792E+00,+21.43216085434E+00,-1.60614013672E+00
+170.00E-09,+4.94974866509E+00,+22.83919604123E+00,+21.43216085434E+00,-1.40533447266E+00
+171.00E-09,+4.74874363840E+00,+23.04020106792E+00,+21.63316588104E+00,-1.40533447266E+00
+172.00E-09,+4.74874363840E+00,+22.83919604123E+00,+21.83417090774E+00,-1.00372314453E+00
+173.00E-09,+4.74874363840E+00,+23.04020106792E+00,+21.63316588104E+00,-1.40533447266E+00
+174.00E-09,+4.94974866509E+00,+23.04020106792E+00,+21.63316588104E+00,-1.40533447266E+00
+175.00E-09,+4.74874363840E+00,+22.83919604123E+00,+21.63316588104E+00,-1.20452880859E+00
+176.00E-09,+4.94974866509E+00,+22.83919604123E+00,+22.03517593443E+00,-802.91748047E-03
+177.00E-09,+4.94974866509E+00,+23.04020106792E+00,+21.83417090774E+00,-1.20452880859E+00
+178.00E-09,+4.94974866509E+00,+23.04020106792E+00,+21.83417090774E+00,-1.20452880859E+00
+179.00E-09,+4.94974866509E+00,+23.04020106792E+00,+22.03517593443E+00,-1.00372314453E+00
+180.00E-09,+4.94974866509E+00,+23.04020106792E+00,+22.23618096113E+00,-802.91748047E-03
+181.00E-09,+4.94974866509E+00,+23.04020106792E+00,+21.83417090774E+00,-1.20452880859E+00
+182.00E-09,+4.94974866509E+00,+23.04020106792E+00,+22.03517593443E+00,-1.00372314453E+00
+183.00E-09,+4.94974866509E+00,+23.04020106792E+00,+22.23618096113E+00,-802.91748047E-03
+184.00E-09,+4.74874363840E+00,+23.04020106792E+00,+22.23618096113E+00,-802.91748047E-03
+185.00E-09,+4.74874363840E+00,+23.04020106792E+00,+22.43718598783E+00,-602.11181641E-03
+186.00E-09,+4.74874363840E+00,+23.04020106792E+00,+22.43718598783E+00,-602.11181641E-03
+187.00E-09,+4.54773861170E+00,+23.24120609462E+00,+22.43718598783E+00,-802.91748047E-03
+188.00E-09,+4.54773861170E+00,+23.04020106792E+00,+22.63819101453E+00,-401.30615234E-03
+189.00E-09,+4.54773861170E+00,+23.04020106792E+00,+22.63819101453E+00,-401.30615234E-03
+190.00E-09,+4.54773861170E+00,+23.24120609462E+00,+22.63819101453E+00,-602.11181641E-03
+191.00E-09,+4.54773861170E+00,+22.83919604123E+00,+22.83919604123E+00,+305.17578E-06
+192.00E-09,+4.54773861170E+00,+23.04020106792E+00,+22.83919604123E+00,-200.50048828E-03
+193.00E-09,+4.74874363840E+00,+23.24120609462E+00,+23.04020106792E+00,-200.50048828E-03
+194.00E-09,+4.94974866509E+00,+23.04020106792E+00,+23.04020106792E+00,+305.17578E-06
+195.00E-09,+4.74874363840E+00,+23.24120609462E+00,+23.04020106792E+00,-200.50048828E-03
+196.00E-09,+4.74874363840E+00,+23.04020106792E+00,+23.24120609462E+00,+201.11083984E-03
+197.00E-09,+4.54773861170E+00,+23.04020106792E+00,+23.24120609462E+00,+201.11083984E-03
+198.00E-09,+4.74874363840E+00,+23.24120609462E+00,+23.24120609462E+00,+305.17578E-06
+199.00E-09,+4.54773861170E+00,+23.04020106792E+00,+23.24120609462E+00,+201.11083984E-03
+200.00E-09,+4.54773861170E+00,+23.04020106792E+00,+23.24120609462E+00,+201.11083984E-03
+201.00E-09,+4.54773861170E+00,+23.04020106792E+00,+23.24120609462E+00,+201.11083984E-03
+202.00E-09,+4.74874363840E+00,+23.04020106792E+00,+23.44221112132E+00,+401.91650391E-03
+203.00E-09,+4.54773861170E+00,+23.24120609462E+00,+23.24120609462E+00,+305.17578E-06
+204.00E-09,+4.74874363840E+00,+23.24120609462E+00,+23.44221112132E+00,+201.11083984E-03
+205.00E-09,+4.74874363840E+00,+23.04020106792E+00,+23.44221112132E+00,+401.91650391E-03
+206.00E-09,+4.74874363840E+00,+23.04020106792E+00,+23.44221112132E+00,+401.91650391E-03
+207.00E-09,+4.54773861170E+00,+23.04020106792E+00,+23.44221112132E+00,+401.91650391E-03
+208.00E-09,+4.54773861170E+00,+22.83919604123E+00,+23.44221112132E+00,+602.72216797E-03
+209.00E-09,+4.74874363840E+00,+23.24120609462E+00,+23.44221112132E+00,+201.11083984E-03
+210.00E-09,+4.74874363840E+00,+23.04020106792E+00,+23.44221112132E+00,+401.91650391E-03
+211.00E-09,+4.74874363840E+00,+23.24120609462E+00,+23.24120609462E+00,+305.17578E-06
+212.00E-09,+4.74874363840E+00,+23.24120609462E+00,+23.44221112132E+00,+201.11083984E-03
+213.00E-09,+4.54773861170E+00,+23.24120609462E+00,+23.44221112132E+00,+201.11083984E-03
+214.00E-09,+4.54773861170E+00,+23.24120609462E+00,+23.44221112132E+00,+201.11083984E-03
+215.00E-09,+4.54773861170E+00,+23.04020106792E+00,+23.44221112132E+00,+401.91650391E-03
+216.00E-09,+4.54773861170E+00,+23.04020106792E+00,+23.44221112132E+00,+401.91650391E-03
+217.00E-09,+4.74874363840E+00,+23.24120609462E+00,+23.44221112132E+00,+201.11083984E-03
+218.00E-09,+4.74874363840E+00,+23.04020106792E+00,+23.64321614802E+00,+602.72216797E-03
+219.00E-09,+4.74874363840E+00,+23.24120609462E+00,+23.24120609462E+00,+305.17578E-06
+220.00E-09,+4.74874363840E+00,+22.83919604123E+00,+23.44221112132E+00,+602.72216797E-03
+221.00E-09,+4.74874363840E+00,+23.24120609462E+00,+23.44221112132E+00,+201.11083984E-03
+222.00E-09,+4.74874363840E+00,+23.24120609462E+00,+23.44221112132E+00,+201.11083984E-03
+223.00E-09,+4.74874363840E+00,+23.04020106792E+00,+23.44221112132E+00,+401.91650391E-03
+224.00E-09,+4.74874363840E+00,+23.04020106792E+00,+23.44221112132E+00,+401.91650391E-03
+225.00E-09,+4.54773861170E+00,+23.24120609462E+00,+23.44221112132E+00,+201.11083984E-03
+226.00E-09,+4.74874363840E+00,+23.04020106792E+00,+23.44221112132E+00,+401.91650391E-03
+227.00E-09,+4.74874363840E+00,+23.24120609462E+00,+23.44221112132E+00,+201.11083984E-03
+228.00E-09,+4.74874363840E+00,+23.04020106792E+00,+23.44221112132E+00,+401.91650391E-03
+229.00E-09,+4.74874363840E+00,+23.24120609462E+00,+23.64321614802E+00,+401.91650391E-03
+230.00E-09,+4.74874363840E+00,+23.04020106792E+00,+23.24120609462E+00,+201.11083984E-03
+231.00E-09,+4.54773861170E+00,+23.04020106792E+00,+23.44221112132E+00,+401.91650391E-03
+232.00E-09,+4.74874363840E+00,+23.04020106792E+00,+23.44221112132E+00,+401.91650391E-03
+233.00E-09,+4.74874363840E+00,+23.04020106792E+00,+23.44221112132E+00,+401.91650391E-03
+234.00E-09,+4.74874363840E+00,+23.04020106792E+00,+23.44221112132E+00,+401.91650391E-03
+235.00E-09,+4.94974866509E+00,+23.24120609462E+00,+23.64321614802E+00,+401.91650391E-03
+236.00E-09,+4.74874363840E+00,+23.04020106792E+00,+23.64321614802E+00,+602.72216797E-03
+237.00E-09,+4.74874363840E+00,+22.83919604123E+00,+23.44221112132E+00,+602.72216797E-03
+238.00E-09,+4.74874363840E+00,+23.24120609462E+00,+23.44221112132E+00,+201.11083984E-03
+239.00E-09,+4.74874363840E+00,+22.83919604123E+00,+23.44221112132E+00,+602.72216797E-03
+240.00E-09,+4.74874363840E+00,+22.83919604123E+00,+23.44221112132E+00,+602.72216797E-03
+241.00E-09,+4.94974866509E+00,+23.04020106792E+00,+23.44221112132E+00,+401.91650391E-03
+242.00E-09,+4.94974866509E+00,+23.04020106792E+00,+23.64321614802E+00,+602.72216797E-03
+243.00E-09,+4.94974866509E+00,+23.04020106792E+00,+23.44221112132E+00,+401.91650391E-03
+244.00E-09,+5.15075369179E+00,+23.04020106792E+00,+23.64321614802E+00,+602.72216797E-03
+245.00E-09,+4.74874363840E+00,+23.04020106792E+00,+23.64321614802E+00,+602.72216797E-03
+246.00E-09,+4.54773861170E+00,+23.24120609462E+00,+23.44221112132E+00,+201.11083984E-03
+247.00E-09,+4.54773861170E+00,+22.83919604123E+00,+23.44221112132E+00,+602.72216797E-03
+248.00E-09,+4.94974866509E+00,+22.83919604123E+00,+23.44221112132E+00,+602.72216797E-03
+249.00E-09,+4.74874363840E+00,+23.24120609462E+00,+23.64321614802E+00,+401.91650391E-03
+250.00E-09,+4.74874363840E+00,+22.83919604123E+00,+23.64321614802E+00,+803.52783203E-03
+251.00E-09,+4.54773861170E+00,+23.24120609462E+00,+23.64321614802E+00,+401.91650391E-03
+252.00E-09,+4.74874363840E+00,+23.04020106792E+00,+23.64321614802E+00,+602.72216797E-03
+253.00E-09,+4.74874363840E+00,+23.04020106792E+00,+23.44221112132E+00,+401.91650391E-03
+254.00E-09,+4.54773861170E+00,+22.83919604123E+00,+23.64321614802E+00,+803.52783203E-03
+255.00E-09,+4.54773861170E+00,+22.83919604123E+00,+23.64321614802E+00,+803.52783203E-03
+256.00E-09,+4.54773861170E+00,+22.83919604123E+00,+23.64321614802E+00,+803.52783203E-03
+257.00E-09,+4.74874363840E+00,+23.04020106792E+00,+23.64321614802E+00,+602.72216797E-03
+258.00E-09,+4.74874363840E+00,+23.04020106792E+00,+23.44221112132E+00,+401.91650391E-03
+259.00E-09,+4.54773861170E+00,+23.04020106792E+00,+23.44221112132E+00,+401.91650391E-03
+260.00E-09,+4.54773861170E+00,+22.83919604123E+00,+23.64321614802E+00,+803.52783203E-03
+261.00E-09,+4.74874363840E+00,+23.04020106792E+00,+23.44221112132E+00,+401.91650391E-03
+262.00E-09,+4.54773861170E+00,+22.83919604123E+00,+23.44221112132E+00,+602.72216797E-03
+263.00E-09,+4.54773861170E+00,+22.83919604123E+00,+23.44221112132E+00,+602.72216797E-03
+264.00E-09,+4.74874363840E+00,+23.04020106792E+00,+23.44221112132E+00,+401.91650391E-03
+265.00E-09,+4.54773861170E+00,+23.04020106792E+00,+23.44221112132E+00,+401.91650391E-03
+266.00E-09,+4.74874363840E+00,+23.04020106792E+00,+23.64321614802E+00,+602.72216797E-03
+267.00E-09,+4.74874363840E+00,+22.83919604123E+00,+23.44221112132E+00,+602.72216797E-03
+268.00E-09,+4.74874363840E+00,+22.83919604123E+00,+23.64321614802E+00,+803.52783203E-03
+269.00E-09,+4.54773861170E+00,+22.83919604123E+00,+23.44221112132E+00,+602.72216797E-03
+270.00E-09,+4.74874363840E+00,+23.04020106792E+00,+23.44221112132E+00,+401.91650391E-03
+271.00E-09,+4.54773861170E+00,+22.83919604123E+00,+23.24120609462E+00,+401.91650391E-03
+272.00E-09,+4.54773861170E+00,+22.83919604123E+00,+23.44221112132E+00,+602.72216797E-03
+273.00E-09,+4.74874363840E+00,+22.83919604123E+00,+23.24120609462E+00,+401.91650391E-03
+274.00E-09,+4.74874363840E+00,+22.83919604123E+00,+23.24120609462E+00,+401.91650391E-03
+275.00E-09,+4.94974866509E+00,+22.83919604123E+00,+23.44221112132E+00,+602.72216797E-03
+276.00E-09,+4.74874363840E+00,+22.83919604123E+00,+23.24120609462E+00,+401.91650391E-03
+277.00E-09,+4.54773861170E+00,+22.83919604123E+00,+23.24120609462E+00,+401.91650391E-03
+278.00E-09,+4.74874363840E+00,+22.83919604123E+00,+23.24120609462E+00,+401.91650391E-03
+279.00E-09,+4.74874363840E+00,+22.63819101453E+00,+23.04020106792E+00,+401.91650391E-03
+280.00E-09,+4.54773861170E+00,+22.63819101453E+00,+23.04020106792E+00,+401.91650391E-03
+281.00E-09,+4.74874363840E+00,+22.63819101453E+00,+23.24120609462E+00,+602.72216797E-03
+282.00E-09,+4.74874363840E+00,+22.83919604123E+00,+23.04020106792E+00,+201.11083984E-03
+283.00E-09,+4.54773861170E+00,+22.83919604123E+00,+23.04020106792E+00,+201.11083984E-03
+284.00E-09,+4.54773861170E+00,+22.83919604123E+00,+23.04020106792E+00,+201.11083984E-03
+285.00E-09,+4.74874363840E+00,+22.83919604123E+00,+23.04020106792E+00,+201.11083984E-03
+286.00E-09,+4.74874363840E+00,+22.83919604123E+00,+22.83919604123E+00,+305.17578E-06
+287.00E-09,+4.74874363840E+00,+22.63819101453E+00,+22.83919604123E+00,+201.11083984E-03
+288.00E-09,+4.74874363840E+00,+22.63819101453E+00,+22.83919604123E+00,+201.11083984E-03
+289.00E-09,+4.74874363840E+00,+22.83919604123E+00,+22.83919604123E+00,+305.17578E-06
+290.00E-09,+4.74874363840E+00,+22.63819101453E+00,+22.63819101453E+00,+305.17578E-06
+291.00E-09,+4.54773861170E+00,+22.83919604123E+00,+22.83919604123E+00,+305.17578E-06
+292.00E-09,+4.54773861170E+00,+22.63819101453E+00,+22.63819101453E+00,+305.17578E-06
+293.00E-09,+4.74874363840E+00,+22.63819101453E+00,+22.63819101453E+00,+305.17578E-06
+294.00E-09,+4.74874363840E+00,+22.63819101453E+00,+22.63819101453E+00,+305.17578E-06
+295.00E-09,+4.74874363840E+00,+22.43718598783E+00,+22.43718598783E+00,+305.17578E-06
+296.00E-09,+4.54773861170E+00,+22.63819101453E+00,+22.43718598783E+00,-200.50048828E-03
+297.00E-09,+4.54773861170E+00,+22.63819101453E+00,+22.43718598783E+00,-200.50048828E-03
+298.00E-09,+4.54773861170E+00,+22.83919604123E+00,+22.63819101453E+00,-200.50048828E-03
+299.00E-09,+4.54773861170E+00,+22.63819101453E+00,+22.43718598783E+00,-200.50048828E-03
+300.00E-09,+4.74874363840E+00,+22.63819101453E+00,+22.43718598783E+00,-200.50048828E-03
+301.00E-09,+4.74874363840E+00,+22.63819101453E+00,+22.23618096113E+00,-401.30615234E-03
+302.00E-09,+4.74874363840E+00,+22.63819101453E+00,+22.23618096113E+00,-401.30615234E-03
+303.00E-09,+4.94974866509E+00,+22.43718598783E+00,+22.23618096113E+00,-200.50048828E-03
+304.00E-09,+4.74874363840E+00,+22.43718598783E+00,+22.23618096113E+00,-200.50048828E-03
+305.00E-09,+4.74874363840E+00,+22.63819101453E+00,+22.23618096113E+00,-401.30615234E-03
+306.00E-09,+4.94974866509E+00,+22.63819101453E+00,+22.23618096113E+00,-401.30615234E-03
+307.00E-09,+4.74874363840E+00,+22.63819101453E+00,+22.23618096113E+00,-401.30615234E-03
+308.00E-09,+4.74874363840E+00,+22.63819101453E+00,+22.03517593443E+00,-602.11181641E-03
+309.00E-09,+4.74874363840E+00,+22.63819101453E+00,+22.03517593443E+00,-602.11181641E-03
+310.00E-09,+4.74874363840E+00,+22.63819101453E+00,+22.03517593443E+00,-602.11181641E-03
+311.00E-09,+4.74874363840E+00,+22.43718598783E+00,+22.03517593443E+00,-401.30615234E-03
+312.00E-09,+4.74874363840E+00,+22.43718598783E+00,+22.03517593443E+00,-401.30615234E-03
+313.00E-09,+4.74874363840E+00,+22.63819101453E+00,+22.23618096113E+00,-401.30615234E-03
+314.00E-09,+4.74874363840E+00,+22.63819101453E+00,+22.03517593443E+00,-602.11181641E-03
+315.00E-09,+4.94974866509E+00,+22.63819101453E+00,+22.03517593443E+00,-602.11181641E-03
+316.00E-09,+4.74874363840E+00,+22.43718598783E+00,+22.23618096113E+00,-200.50048828E-03
+317.00E-09,+4.94974866509E+00,+22.63819101453E+00,+22.23618096113E+00,-401.30615234E-03
+318.00E-09,+4.74874363840E+00,+22.63819101453E+00,+22.03517593443E+00,-602.11181641E-03
+319.00E-09,+4.74874363840E+00,+22.43718598783E+00,+22.03517593443E+00,-401.30615234E-03
+320.00E-09,+4.74874363840E+00,+22.43718598783E+00,+21.83417090774E+00,-602.11181641E-03
+321.00E-09,+4.74874363840E+00,+22.63819101453E+00,+22.03517593443E+00,-602.11181641E-03
+322.00E-09,+4.74874363840E+00,+22.43718598783E+00,+21.83417090774E+00,-602.11181641E-03
+323.00E-09,+4.94974866509E+00,+22.63819101453E+00,+22.03517593443E+00,-602.11181641E-03
+324.00E-09,+4.74874363840E+00,+22.43718598783E+00,+22.03517593443E+00,-401.30615234E-03
+325.00E-09,+4.94974866509E+00,+22.63819101453E+00,+21.83417090774E+00,-802.91748047E-03
+326.00E-09,+4.74874363840E+00,+22.63819101453E+00,+22.03517593443E+00,-602.11181641E-03
+327.00E-09,+4.74874363840E+00,+22.43718598783E+00,+21.83417090774E+00,-602.11181641E-03
+328.00E-09,+4.74874363840E+00,+22.43718598783E+00,+21.83417090774E+00,-602.11181641E-03
+329.00E-09,+4.94974866509E+00,+22.43718598783E+00,+21.83417090774E+00,-602.11181641E-03
+330.00E-09,+4.94974866509E+00,+22.43718598783E+00,+21.83417090774E+00,-602.11181641E-03
+331.00E-09,+4.54773861170E+00,+22.43718598783E+00,+21.83417090774E+00,-602.11181641E-03
+332.00E-09,+4.54773861170E+00,+22.43718598783E+00,+21.83417090774E+00,-602.11181641E-03
+333.00E-09,+4.94974866509E+00,+22.43718598783E+00,+21.83417090774E+00,-602.11181641E-03
+334.00E-09,+4.74874363840E+00,+22.43718598783E+00,+21.83417090774E+00,-602.11181641E-03
+335.00E-09,+4.54773861170E+00,+22.23618096113E+00,+21.83417090774E+00,-401.30615234E-03
+336.00E-09,+4.74874363840E+00,+22.23618096113E+00,+22.03517593443E+00,-200.50048828E-03
+337.00E-09,+4.74874363840E+00,+22.43718598783E+00,+21.83417090774E+00,-602.11181641E-03
+338.00E-09,+4.94974866509E+00,+22.63819101453E+00,+21.83417090774E+00,-802.91748047E-03
+339.00E-09,+4.74874363840E+00,+22.43718598783E+00,+22.03517593443E+00,-401.30615234E-03
+340.00E-09,+4.74874363840E+00,+22.43718598783E+00,+22.03517593443E+00,-401.30615234E-03
+341.00E-09,+4.74874363840E+00,+22.63819101453E+00,+22.03517593443E+00,-602.11181641E-03
+342.00E-09,+4.74874363840E+00,+22.43718598783E+00,+21.83417090774E+00,-602.11181641E-03
+343.00E-09,+4.74874363840E+00,+22.43718598783E+00,+21.83417090774E+00,-602.11181641E-03
+344.00E-09,+4.54773861170E+00,+22.03517593443E+00,+22.03517593443E+00,+305.17578E-06
+345.00E-09,+4.94974866509E+00,+22.43718598783E+00,+21.83417090774E+00,-602.11181641E-03
+346.00E-09,+4.74874363840E+00,+22.23618096113E+00,+21.83417090774E+00,-401.30615234E-03
+347.00E-09,+4.74874363840E+00,+22.43718598783E+00,+22.03517593443E+00,-401.30615234E-03
+348.00E-09,+4.74874363840E+00,+22.23618096113E+00,+22.03517593443E+00,-200.50048828E-03
+349.00E-09,+4.74874363840E+00,+22.43718598783E+00,+21.83417090774E+00,-602.11181641E-03
+350.00E-09,+4.74874363840E+00,+22.43718598783E+00,+22.03517593443E+00,-401.30615234E-03
+351.00E-09,+4.74874363840E+00,+22.23618096113E+00,+22.03517593443E+00,-200.50048828E-03
+352.00E-09,+4.74874363840E+00,+22.43718598783E+00,+22.03517593443E+00,-401.30615234E-03
+353.00E-09,+4.74874363840E+00,+22.43718598783E+00,+22.03517593443E+00,-401.30615234E-03
+354.00E-09,+4.94974866509E+00,+22.23618096113E+00,+22.03517593443E+00,-200.50048828E-03
+355.00E-09,+4.94974866509E+00,+22.43718598783E+00,+22.03517593443E+00,-401.30615234E-03
+356.00E-09,+4.74874363840E+00,+22.23618096113E+00,+22.23618096113E+00,+305.17578E-06
+357.00E-09,+4.74874363840E+00,+22.63819101453E+00,+22.03517593443E+00,-602.11181641E-03
+358.00E-09,+4.74874363840E+00,+22.43718598783E+00,+22.03517593443E+00,-401.30615234E-03
+359.00E-09,+4.74874363840E+00,+22.23618096113E+00,+22.03517593443E+00,-200.50048828E-03
+360.00E-09,+4.74874363840E+00,+22.23618096113E+00,+22.23618096113E+00,+305.17578E-06
+361.00E-09,+4.74874363840E+00,+22.43718598783E+00,+22.23618096113E+00,-200.50048828E-03
+362.00E-09,+4.94974866509E+00,+22.23618096113E+00,+22.03517593443E+00,-200.50048828E-03
+363.00E-09,+4.74874363840E+00,+22.23618096113E+00,+22.03517593443E+00,-200.50048828E-03
+364.00E-09,+4.74874363840E+00,+21.83417090774E+00,+22.23618096113E+00,+401.91650391E-03
+365.00E-09,+4.94974866509E+00,+21.83417090774E+00,+22.03517593443E+00,+201.11083984E-03
+366.00E-09,+4.74874363840E+00,+21.43216085434E+00,+21.83417090774E+00,+401.91650391E-03
+367.00E-09,+4.74874363840E+00,+21.03015080094E+00,+21.83417090774E+00,+803.52783203E-03
+368.00E-09,+4.94974866509E+00,+20.62814074755E+00,+21.43216085434E+00,+803.52783203E-03
+369.00E-09,+4.94974866509E+00,+20.22613069415E+00,+21.43216085434E+00,+1.20513916016E+00
+370.00E-09,+4.74874363840E+00,+19.42211058736E+00,+21.03015080094E+00,+1.60675048828E+00
+371.00E-09,+4.94974866509E+00,+19.02010053396E+00,+20.82914577424E+00,+1.80755615234E+00
+372.00E-09,+4.74874363840E+00,+18.01507540047E+00,+20.42713572085E+00,+2.40997314453E+00
+373.00E-09,+4.94974866509E+00,+17.01005026698E+00,+19.82412064075E+00,+2.81158447266E+00
+374.00E-09,+4.94974866509E+00,+16.20603016019E+00,+19.42211058736E+00,+3.21319580078E+00
+375.00E-09,+4.94974866509E+00,+14.79899497330E+00,+19.02010053396E+00,+4.21722412109E+00
+376.00E-09,+4.94974866509E+00,+13.59296481311E+00,+18.21608042717E+00,+4.61883544922E+00
+377.00E-09,+4.94974866509E+00,+12.38693465292E+00,+17.61306534707E+00,+5.22125244141E+00
+378.00E-09,+4.74874363840E+00,+10.97989946604E+00,+17.01005026698E+00,+6.02447509766E+00
+379.00E-09,+4.74874363840E+00,+9.77386930585E+00,+16.20603016019E+00,+6.42608642578E+00
+380.00E-09,+4.54773861170E+00,+8.16582909226E+00,+15.60301508009E+00,+7.43011474609E+00
+381.00E-09,+4.54773861170E+00,+6.95979893207E+00,+14.59798994660E+00,+7.63092041016E+00
+382.00E-09,+4.54773861170E+00,+5.75376877188E+00,+14.19597989321E+00,+8.43414306641E+00
+383.00E-09,+4.54773861170E+00,+4.34673358500E+00,+13.39195978641E+00,+9.03656005859E+00
+384.00E-09,+4.54773861170E+00,+3.54271347821E+00,+12.38693465292E+00,+8.83575439453E+00
+385.00E-09,+4.54773861170E+00,+2.73869337141E+00,+11.58291454613E+00,+8.83575439453E+00
+386.00E-09,+4.74874363840E+00,+2.13567829132E+00,+10.97989946604E+00,+8.83575439453E+00
+387.00E-09,+4.54773861170E+00,+2.13567829132E+00,+10.37688438594E+00,+8.23333740234E+00
+388.00E-09,+4.34673358500E+00,+2.13567829132E+00,+9.97487433255E+00,+7.83172607422E+00
+389.00E-09,+4.34673358500E+00,+2.53768834472E+00,+9.17085422575E+00,+6.62689208984E+00
+390.00E-09,+4.34673358500E+00,+2.73869337141E+00,+8.56783914566E+00,+5.82366943359E+00
+391.00E-09,+4.74874363840E+00,+2.53768834472E+00,+7.96482406556E+00,+5.42205810547E+00
+392.00E-09,+4.74874363840E+00,+2.93969839811E+00,+7.36180898547E+00,+4.41802978515E+00
+393.00E-09,+4.94974866509E+00,+3.34170845151E+00,+6.15577882528E+00,+2.81158447266E+00
+394.00E-09,+4.94974866509E+00,+2.93969839811E+00,+5.55276374519E+00,+2.61077880859E+00
+395.00E-09,+4.74874363840E+00,+2.93969839811E+00,+4.94974866509E+00,+2.00836181641E+00
+396.00E-09,+4.74874363840E+00,+2.73869337141E+00,+4.54773861170E+00,+1.80755615234E+00
+397.00E-09,+4.94974866509E+00,+2.53768834472E+00,+3.94472353160E+00,+1.40594482422E+00
+398.00E-09,+4.74874363840E+00,+2.33668331802E+00,+3.34170845151E+00,+1.00433349609E+00
+399.00E-09,+4.94974866510E+00,+1.93467326462E+00,+2.93969839811E+00,+1.00433349609E+00
+400.00E-09,+5.55276374519E+00,+1.73366823792E+00,+2.73869337141E+00,+1.00433349609E+00
+401.00E-09,+5.95477379858E+00,+1.73366823792E+00,+2.13567829132E+00,+401.91650391E-03
+402.00E-09,+5.95477379858E+00,+1.13065315783E+00,+1.53266321123E+00,+401.91650391E-03
+403.00E-09,+5.75376877189E+00,+929.64813113E-03,+1.33165818453E+00,+401.91650391E-03
+404.00E-09,+5.15075369179E+00,+527.63807773E-03,+1.13065315783E+00,+602.72216797E-03
+405.00E-09,+4.94974866509E+00,+125.62802434E-03,+527.63807773E-03,+401.91650391E-03
+406.00E-09,+4.74874363840E+00,+125.62802434E-03,+125.62802434E-03,+305.17578E-06
+407.00E-09,+4.34673358500E+00,-75.37700236E-03,-75.37700236E-03,+305.17578E-06
+408.00E-09,+4.54773861170E+00,-75.37700236E-03,-477.38705576E-03,-401.30615234E-03
+409.00E-09,+4.74874363840E+00,+125.62802434E-03,-678.39208245E-03,-802.91748047E-03
+410.00E-09,+5.15075369179E+00,+326.63305104E-03,-1.08040213585E+00,-1.40533447266E+00
+411.00E-09,+5.35175871849E+00,+125.62802434E-03,-1.08040213585E+00,-1.20452880859E+00
+412.00E-09,+4.94974866509E+00,-75.37700236E-03,-1.28140716255E+00,-1.20452880859E+00
+413.00E-09,+4.54773861170E+00,-276.38202906E-03,-1.68341721594E+00,-1.40533447266E+00
+414.00E-09,+4.54773861170E+00,-276.38202906E-03,-2.08542726934E+00,-1.80694580078E+00
+415.00E-09,+4.34673358500E+00,-678.39208245E-03,-2.08542726934E+00,-1.40533447266E+00
+416.00E-09,+4.14572855830E+00,-477.38705575E-03,-2.48743732274E+00,-2.00775146484E+00
+417.00E-09,+3.74371850491E+00,-477.38705575E-03,-2.48743732274E+00,-2.00775146484E+00
+418.00E-09,+3.74371850490E+00,-477.38705575E-03,-2.88944737613E+00,-2.40936279297E+00
+419.00E-09,+3.14070342481E+00,-477.38705576E-03,-3.09045240283E+00,-2.61016845703E+00
+420.00E-09,+2.73869337141E+00,-678.39208245E-03,-3.09045240283E+00,-2.40936279297E+00
+421.00E-09,+2.13567829132E+00,-678.39208245E-03,-3.49246245623E+00,-2.81097412109E+00
+422.00E-09,+1.73366823792E+00,-678.39208245E-03,-3.49246245623E+00,-2.81097412109E+00
+423.00E-09,+1.53266321123E+00,-879.39710915E-03,-3.29145742953E+00,-2.40936279297E+00
+424.00E-09,+1.73366823793E+00,-879.39710915E-03,-3.29145742953E+00,-2.40936279297E+00
+425.00E-09,+1.93467326462E+00,-678.39208245E-03,-3.49246245623E+00,-2.81097412109E+00
+426.00E-09,+2.13567829132E+00,-678.39208245E-03,-3.49246245623E+00,-2.81097412109E+00
+427.00E-09,+2.53768834472E+00,-477.38705576E-03,-3.49246245623E+00,-3.01177978516E+00
+428.00E-09,+2.93969839811E+00,-879.39710915E-03,-3.49246245623E+00,-2.61016845703E+00
+429.00E-09,+3.34170845151E+00,-477.38705575E-03,-3.69346748292E+00,-3.21258544922E+00
+430.00E-09,+4.14572855830E+00,-477.38705576E-03,-3.49246245623E+00,-3.01177978515E+00
+431.00E-09,+4.74874363840E+00,-678.39208245E-03,-3.29145742953E+00,-2.61016845703E+00
+432.00E-09,+5.35175871849E+00,-678.39208245E-03,-3.29145742953E+00,-2.61016845703E+00
+433.00E-09,+5.95477379859E+00,-276.38202906E-03,-3.09045240283E+00,-2.81097412109E+00
+434.00E-09,+6.35678385198E+00,-678.39208245E-03,-2.88944737613E+00,-2.20855712891E+00
+435.00E-09,+6.75879390538E+00,-477.38705576E-03,-2.88944737613E+00,-2.40936279297E+00
+436.00E-09,+6.55778887868E+00,-678.39208245E-03,-2.88944737613E+00,-2.20855712891E+00
+437.00E-09,+6.15577882528E+00,-678.39208245E-03,-2.68844234943E+00,-2.00775146484E+00
+438.00E-09,+5.95477379858E+00,-678.39208245E-03,-2.48743732274E+00,-1.80694580078E+00
+439.00E-09,+5.75376877188E+00,-879.39710915E-03,-2.28643229604E+00,-1.40533447266E+00
+440.00E-09,+5.15075369179E+00,-477.38705575E-03,-2.08542726934E+00,-1.60614013672E+00
+441.00E-09,+4.94974866509E+00,-477.38705576E-03,-2.08542726934E+00,-1.60614013672E+00
+442.00E-09,+4.74874363840E+00,-678.39208245E-03,-2.08542726934E+00,-1.40533447266E+00
+443.00E-09,+4.74874363840E+00,-477.38705575E-03,-1.88442224264E+00,-1.40533447266E+00
+444.00E-09,+4.74874363840E+00,-477.38705576E-03,-1.68341721594E+00,-1.20452880859E+00
+445.00E-09,+4.74874363840E+00,-678.39208245E-03,-1.88442224264E+00,-1.20452880859E+00
+446.00E-09,+4.94974866510E+00,-477.38705576E-03,-1.48241218925E+00,-1.00372314453E+00
+447.00E-09,+5.15075369179E+00,-678.39208245E-03,-1.48241218925E+00,-802.91748047E-03
+448.00E-09,+5.35175871849E+00,-879.39710915E-03,-1.48241218925E+00,-602.11181641E-03
+449.00E-09,+5.55276374519E+00,-477.38705575E-03,-1.48241218924E+00,-1.00372314453E+00
+450.00E-09,+5.95477379859E+00,-477.38705575E-03,-1.28140716255E+00,-802.91748047E-03
+451.00E-09,+6.35678385198E+00,-477.38705576E-03,-1.48241218924E+00,-1.00372314453E+00
+452.00E-09,+6.35678385198E+00,-678.39208245E-03,-1.28140716255E+00,-602.11181641E-03
+453.00E-09,+6.75879390538E+00,-477.38705575E-03,-1.48241218924E+00,-1.00372314453E+00
+454.00E-09,+6.75879390538E+00,-477.38705576E-03,-1.28140716255E+00,-802.91748047E-03
+455.00E-09,+6.75879390538E+00,-678.39208245E-03,-1.48241218924E+00,-802.91748047E-03
+456.00E-09,+6.55778887868E+00,-678.39208245E-03,-1.28140716255E+00,-602.11181641E-03
+457.00E-09,+6.35678385198E+00,-276.38202906E-03,-1.28140716255E+00,-1.00372314453E+00
+458.00E-09,+6.35678385198E+00,-276.38202906E-03,-1.28140716255E+00,-1.00372314453E+00
+459.00E-09,+6.15577882528E+00,-276.38202906E-03,-1.48241218924E+00,-1.20452880859E+00
+460.00E-09,+5.95477379858E+00,-477.38705575E-03,-1.28140716255E+00,-802.91748047E-03
+461.00E-09,+5.55276374519E+00,-477.38705575E-03,-1.48241218924E+00,-1.00372314453E+00
+462.00E-09,+5.35175871849E+00,-477.38705576E-03,-1.28140716255E+00,-802.91748047E-03
+463.00E-09,+5.15075369179E+00,-678.39208245E-03,-1.28140716255E+00,-602.11181641E-03
+464.00E-09,+4.94974866509E+00,-477.38705575E-03,-1.28140716255E+00,-802.91748047E-03
+465.00E-09,+4.74874363839E+00,-276.38202906E-03,-1.08040213585E+00,-802.91748047E-03
+466.00E-09,+4.34673358500E+00,-276.38202906E-03,-1.28140716255E+00,-1.00372314453E+00
+467.00E-09,+4.14572855830E+00,-276.38202906E-03,-1.08040213585E+00,-802.91748047E-03
+468.00E-09,+3.94472353160E+00,-477.38705575E-03,-1.08040213585E+00,-602.11181641E-03
+469.00E-09,+3.94472353160E+00,-477.38705575E-03,-1.08040213585E+00,-602.11181641E-03
+470.00E-09,+3.74371850490E+00,-477.38705576E-03,-879.39710915E-03,-401.30615234E-03
+471.00E-09,+3.34170845151E+00,-678.39208245E-03,-879.39710915E-03,-200.50048828E-03
+472.00E-09,+3.54271347821E+00,-678.39208245E-03,-879.39710915E-03,-200.50048828E-03
+473.00E-09,+3.34170845151E+00,-477.38705575E-03,-1.08040213585E+00,-602.11181641E-03
+474.00E-09,+3.34170845151E+00,-276.38202906E-03,-879.39710915E-03,-602.11181641E-03
+475.00E-09,+3.74371850491E+00,-276.38202906E-03,-879.39710915E-03,-602.11181641E-03
+476.00E-09,+3.74371850491E+00,-276.38202906E-03,-879.39710915E-03,-602.11181641E-03
+477.00E-09,+3.74371850491E+00,-477.38705575E-03,-879.39710915E-03,-401.30615234E-03
+478.00E-09,+3.94472353160E+00,-477.38705576E-03,-678.39208245E-03,-200.50048828E-03
+479.00E-09,+3.94472353160E+00,-678.39208245E-03,-879.39710915E-03,-200.50048828E-03
+480.00E-09,+4.14572855830E+00,-477.38705575E-03,-678.39208245E-03,-200.50048828E-03
+481.00E-09,+3.94472353160E+00,-477.38705575E-03,-678.39208245E-03,-200.50048828E-03
+482.00E-09,+4.14572855830E+00,-477.38705575E-03,-879.39710915E-03,-401.30615234E-03
+483.00E-09,+4.54773861170E+00,-477.38705575E-03,-879.39710915E-03,-401.30615234E-03
+484.00E-09,+4.54773861170E+00,-276.38202906E-03,-879.39710915E-03,-602.11181641E-03
+485.00E-09,+4.34673358500E+00,-477.38705576E-03,-1.08040213585E+00,-602.11181640E-03
+486.00E-09,+4.34673358500E+00,-678.39208245E-03,-879.39710915E-03,-200.50048828E-03
+487.00E-09,+4.14572855830E+00,-678.39208245E-03,-1.08040213585E+00,-401.30615234E-03
+488.00E-09,+4.34673358500E+00,-879.39710915E-03,-1.08040213585E+00,-200.50048828E-03
+489.00E-09,+4.34673358500E+00,-678.39208245E-03,-1.08040213585E+00,-401.30615234E-03
+490.00E-09,+4.74874363840E+00,-1.08040213585E+00,-1.28140716255E+00,-200.50048828E-03
+491.00E-09,+4.54773861170E+00,-879.39710915E-03,-1.28140716255E+00,-401.30615235E-03
+492.00E-09,+4.74874363840E+00,-879.39710915E-03,-1.68341721594E+00,-802.91748047E-03
+493.00E-09,+4.74874363840E+00,-678.39208245E-03,-1.68341721594E+00,-1.00372314453E+00
+494.00E-09,+5.15075369179E+00,-879.39710915E-03,-1.68341721594E+00,-802.91748047E-03
+495.00E-09,+4.94974866510E+00,-879.39710915E-03,-1.68341721594E+00,-802.91748047E-03
+496.00E-09,+5.15075369179E+00,-879.39710915E-03,-1.88442224264E+00,-1.00372314453E+00
+497.00E-09,+5.35175871849E+00,-678.39208245E-03,-2.08542726934E+00,-1.40533447266E+00
+498.00E-09,+5.35175871849E+00,-879.39710915E-03,-2.08542726934E+00,-1.20452880860E+00
+499.00E-09,+5.55276374519E+00,-879.39710915E-03,-2.48743732274E+00,-1.60614013672E+00
+500.00E-09,+5.55276374519E+00,-1.08040213585E+00,-2.28643229604E+00,-1.20452880860E+00
+501.00E-09,+5.35175871849E+00,-879.39710915E-03,-2.68844234943E+00,-1.80694580078E+00
+502.00E-09,+5.55276374519E+00,-879.39710915E-03,-2.48743732274E+00,-1.60614013672E+00
+503.00E-09,+5.15075369179E+00,-1.08040213585E+00,-2.68844234943E+00,-1.60614013672E+00
+504.00E-09,+5.35175871849E+00,-1.08040213585E+00,-2.68844234943E+00,-1.60614013672E+00
+505.00E-09,+5.15075369179E+00,-678.39208245E-03,-2.48743732274E+00,-1.80694580078E+00
+506.00E-09,+4.94974866510E+00,-879.39710915E-03,-2.68844234943E+00,-1.80694580078E+00
+507.00E-09,+5.15075369179E+00,-477.38705576E-03,-2.68844234943E+00,-2.20855712890E+00
+508.00E-09,+4.94974866510E+00,-879.39710915E-03,-2.48743732274E+00,-1.60614013672E+00
+509.00E-09,+5.15075369179E+00,-879.39710915E-03,-2.68844234943E+00,-1.80694580078E+00
+510.00E-09,+5.15075369179E+00,-879.39710915E-03,-2.08542726934E+00,-1.20452880859E+00
+511.00E-09,+4.94974866509E+00,-879.39710915E-03,-2.08542726934E+00,-1.20452880859E+00
+512.00E-09,+5.15075369179E+00,-879.39710915E-03,-2.08542726934E+00,-1.20452880859E+00
+513.00E-09,+5.15075369179E+00,-678.39208245E-03,-1.88442224264E+00,-1.20452880859E+00
+514.00E-09,+5.35175871849E+00,-678.39208245E-03,-1.88442224264E+00,-1.20452880859E+00
+515.00E-09,+5.55276374519E+00,-477.38705576E-03,-1.68341721594E+00,-1.20452880859E+00
+516.00E-09,+5.55276374519E+00,-678.39208245E-03,-1.48241218925E+00,-802.91748047E-03
+517.00E-09,+5.75376877189E+00,-477.38705576E-03,-1.68341721594E+00,-1.20452880859E+00
+518.00E-09,+5.55276374519E+00,-678.39208245E-03,-1.28140716255E+00,-602.11181641E-03
+519.00E-09,+5.35175871849E+00,-678.39208245E-03,-1.08040213585E+00,-401.30615234E-03
+520.00E-09,+5.75376877189E+00,-678.39208245E-03,-1.08040213585E+00,-401.30615234E-03
+521.00E-09,+5.75376877189E+00,-276.38202906E-03,-678.39208245E-03,-401.30615234E-03
+522.00E-09,+5.55276374519E+00,-477.38705575E-03,-678.39208245E-03,-200.50048828E-03
+523.00E-09,+5.55276374519E+00,-276.38202906E-03,-678.39208245E-03,-401.30615234E-03
+524.00E-09,+5.55276374519E+00,-276.38202906E-03,-276.38202906E-03,+305.17578E-06
+525.00E-09,+5.15075369179E+00,-276.38202906E-03,-276.38202906E-03,+305.17578E-06
+526.00E-09,+5.15075369179E+00,-276.38202906E-03,-75.37700236E-03,+201.11083984E-03
+527.00E-09,+4.94974866509E+00,-477.38705575E-03,-75.37700236E-03,+401.91650391E-03
+528.00E-09,+4.94974866509E+00,-477.38705575E-03,+326.63305104E-03,+803.52783203E-03
+529.00E-09,+4.94974866509E+00,-276.38202906E-03,+326.63305104E-03,+602.72216797E-03
+530.00E-09,+4.94974866509E+00,-75.37700236E-03,+326.63305104E-03,+401.91650391E-03
+531.00E-09,+4.94974866509E+00,-276.38202906E-03,+326.63305104E-03,+602.72216797E-03
+532.00E-09,+4.74874363840E+00,-75.37700236E-03,+527.63807774E-03,+602.72216797E-03
+533.00E-09,+4.74874363840E+00,-276.38202906E-03,+527.63807774E-03,+803.52783203E-03
+534.00E-09,+4.74874363840E+00,-276.38202906E-03,+929.64813113E-03,+1.20513916016E+00
+535.00E-09,+4.54773861170E+00,-276.38202906E-03,+929.64813113E-03,+1.20513916016E+00
+536.00E-09,+4.74874363840E+00,-276.38202906E-03,+1.13065315783E+00,+1.40594482422E+00
+537.00E-09,+4.74874363840E+00,-75.37700236E-03,+1.13065315783E+00,+1.20513916016E+00
+538.00E-09,+4.74874363840E+00,-276.38202906E-03,+1.33165818453E+00,+1.60675048828E+00
+539.00E-09,+4.74874363840E+00,-75.37700236E-03,+1.33165818453E+00,+1.40594482422E+00
+540.00E-09,+4.54773861170E+00,-75.37700236E-03,+1.53266321123E+00,+1.60675048828E+00
+541.00E-09,+4.54773861170E+00,-276.38202906E-03,+1.33165818453E+00,+1.60675048828E+00
+542.00E-09,+4.74874363840E+00,+125.62802434E-03,+1.53266321123E+00,+1.40594482422E+00
+543.00E-09,+4.34673358500E+00,-477.38705575E-03,+1.53266321123E+00,+2.00836181641E+00
+544.00E-09,+4.54773861170E+00,-276.38202906E-03,+1.53266321123E+00,+1.80755615234E+00
+545.00E-09,+4.54773861170E+00,-75.37700236E-03,+1.73366823792E+00,+1.80755615234E+00
+546.00E-09,+4.54773861170E+00,-75.37700236E-03,+1.53266321123E+00,+1.60675048828E+00
+547.00E-09,+4.54773861170E+00,-75.37700236E-03,+1.53266321123E+00,+1.60675048828E+00
+548.00E-09,+4.54773861170E+00,-75.37700236E-03,+1.73366823792E+00,+1.80755615234E+00
+549.00E-09,+4.74874363840E+00,-276.38202906E-03,+1.33165818453E+00,+1.60675048828E+00
+550.00E-09,+4.74874363840E+00,+125.62802434E-03,+1.73366823792E+00,+1.60675048828E+00
+551.00E-09,+4.34673358500E+00,-276.38202906E-03,+1.53266321123E+00,+1.80755615234E+00
+552.00E-09,+4.34673358500E+00,-276.38202906E-03,+1.73366823792E+00,+2.00836181641E+00
+553.00E-09,+4.14572855830E+00,-75.37700236E-03,+1.53266321123E+00,+1.60675048828E+00
+554.00E-09,+4.14572855830E+00,-75.37700236E-03,+1.53266321123E+00,+1.60675048828E+00
+555.00E-09,+4.14572855830E+00,-276.38202906E-03,+1.33165818453E+00,+1.60675048828E+00
+556.00E-09,+4.34673358500E+00,-276.38202906E-03,+1.53266321123E+00,+1.80755615234E+00
+557.00E-09,+4.34673358500E+00,-276.38202906E-03,+1.33165818453E+00,+1.60675048828E+00
+558.00E-09,+4.54773861170E+00,-276.38202906E-03,+1.33165818453E+00,+1.60675048828E+00
+559.00E-09,+4.34673358500E+00,-477.38705575E-03,+1.33165818453E+00,+1.80755615234E+00
+560.00E-09,+4.34673358500E+00,-477.38705575E-03,+1.13065315783E+00,+1.60675048828E+00
+561.00E-09,+4.74874363840E+00,-276.38202906E-03,+929.64813113E-03,+1.20513916016E+00
+562.00E-09,+4.74874363840E+00,-276.38202906E-03,+728.64310443E-03,+1.00433349609E+00
+563.00E-09,+4.74874363840E+00,-276.38202906E-03,+728.64310443E-03,+1.00433349609E+00
+564.00E-09,+4.94974866509E+00,-276.38202906E-03,+929.64813113E-03,+1.20513916016E+00
+565.00E-09,+4.94974866509E+00,-477.38705575E-03,+527.63807774E-03,+1.00433349609E+00
+566.00E-09,+4.94974866509E+00,-276.38202906E-03,+527.63807774E-03,+803.52783203E-03
+567.00E-09,+4.94974866509E+00,-678.39208245E-03,+326.63305104E-03,+1.00433349609E+00
+568.00E-09,+4.74874363840E+00,-477.38705575E-03,+527.63807774E-03,+1.00433349609E+00
+569.00E-09,+4.94974866509E+00,-276.38202906E-03,+326.63305104E-03,+602.72216797E-03
+570.00E-09,+4.94974866509E+00,-477.38705575E-03,+125.62802434E-03,+602.72216797E-03
+571.00E-09,+4.94974866509E+00,-477.38705575E-03,-75.37700236E-03,+401.91650391E-03
+572.00E-09,+4.94974866509E+00,-477.38705575E-03,+125.62802434E-03,+602.72216797E-03
+573.00E-09,+4.74874363840E+00,-477.38705575E-03,-75.37700236E-03,+401.91650391E-03
+574.00E-09,+4.74874363840E+00,-477.38705575E-03,-276.38202906E-03,+201.11083984E-03
+575.00E-09,+4.74874363840E+00,-477.38705575E-03,-276.38202906E-03,+201.11083984E-03
+576.00E-09,+4.94974866509E+00,-477.38705575E-03,-276.38202906E-03,+201.11083984E-03
+577.00E-09,+5.15075369179E+00,-276.38202906E-03,-276.38202906E-03,+305.17578E-06
+578.00E-09,+5.35175871849E+00,-678.39208245E-03,-477.38705575E-03,+201.11083984E-03
+579.00E-09,+5.35175871849E+00,-477.38705575E-03,-477.38705575E-03,+305.17578E-06
+580.00E-09,+5.15075369179E+00,-477.38705575E-03,-477.38705575E-03,+305.17578E-06
+581.00E-09,+5.15075369179E+00,-477.38705575E-03,-678.39208245E-03,-200.50048828E-03
+582.00E-09,+5.15075369179E+00,-477.38705575E-03,-477.38705575E-03,+305.17578E-06
+583.00E-09,+5.15075369179E+00,-678.39208245E-03,-477.38705575E-03,+201.11083984E-03
+584.00E-09,+4.94974866509E+00,-678.39208245E-03,-477.38705575E-03,+201.11083984E-03
+585.00E-09,+4.74874363840E+00,-678.39208245E-03,-678.39208245E-03,+305.17578E-06
+586.00E-09,+4.74874363840E+00,-678.39208245E-03,-879.39710915E-03,-200.50048828E-03
+587.00E-09,+5.15075369179E+00,-477.38705575E-03,-879.39710915E-03,-401.30615234E-03
+588.00E-09,+4.94974866509E+00,-477.38705575E-03,-879.39710915E-03,-401.30615234E-03
+589.00E-09,+4.74874363840E+00,-678.39208245E-03,-1.08040213585E+00,-401.30615234E-03
+590.00E-09,+4.74874363840E+00,-477.38705575E-03,-879.39710915E-03,-401.30615234E-03
+591.00E-09,+4.94974866509E+00,-678.39208245E-03,-879.39710915E-03,-200.50048828E-03
+592.00E-09,+4.74874363840E+00,-678.39208245E-03,-678.39208245E-03,+305.17578E-06
+593.00E-09,+4.94974866509E+00,-477.38705575E-03,-879.39710915E-03,-401.30615234E-03
+594.00E-09,+4.94974866509E+00,-678.39208245E-03,-1.08040213585E+00,-401.30615234E-03
+595.00E-09,+4.74874363840E+00,-477.38705575E-03,-879.39710915E-03,-401.30615234E-03
+596.00E-09,+4.74874363840E+00,-678.39208245E-03,-678.39208245E-03,+305.17578E-06
+597.00E-09,+4.74874363840E+00,-477.38705575E-03,-879.39710915E-03,-401.30615234E-03
+598.00E-09,+4.74874363840E+00,-477.38705575E-03,-879.39710915E-03,-401.30615234E-03
+599.00E-09,+4.74874363840E+00,-879.39710915E-03,-879.39710915E-03,+305.17578E-06
+600.00E-09,+4.74874363840E+00,-678.39208245E-03,-678.39208245E-03,+305.17578E-06
+601.00E-09,+4.74874363840E+00,-477.38705575E-03,-879.39710915E-03,-401.30615234E-03
+602.00E-09,+4.74874363840E+00,-477.38705575E-03,-879.39710915E-03,-401.30615234E-03
+603.00E-09,+4.54773861170E+00,-477.38705575E-03,-879.39710915E-03,-401.30615234E-03
+604.00E-09,+4.74874363840E+00,-678.39208245E-03,-879.39710915E-03,-200.50048828E-03
+605.00E-09,+4.54773861170E+00,-678.39208245E-03,-1.08040213585E+00,-401.30615234E-03
+606.00E-09,+4.74874363840E+00,-678.39208245E-03,-879.39710915E-03,-200.50048828E-03
+607.00E-09,+4.74874363840E+00,-678.39208245E-03,-879.39710915E-03,-200.50048828E-03
+608.00E-09,+4.74874363840E+00,-678.39208245E-03,-678.39208245E-03,+305.17578E-06
+609.00E-09,+4.94974866509E+00,-276.38202906E-03,-879.39710915E-03,-602.11181641E-03
+610.00E-09,+4.94974866509E+00,-678.39208245E-03,-879.39710915E-03,-200.50048828E-03
+611.00E-09,+4.94974866509E+00,-477.38705575E-03,-879.39710915E-03,-401.30615234E-03
+612.00E-09,+4.94974866509E+00,-678.39208245E-03,-879.39710915E-03,-200.50048828E-03
+613.00E-09,+4.94974866509E+00,-477.38705575E-03,-879.39710915E-03,-401.30615234E-03
+614.00E-09,+4.94974866509E+00,-477.38705575E-03,-879.39710915E-03,-401.30615234E-03
+615.00E-09,+4.74874363840E+00,-879.39710915E-03,-1.08040213585E+00,-200.50048828E-03
+616.00E-09,+4.74874363840E+00,-678.39208245E-03,-1.08040213585E+00,-401.30615234E-03
+617.00E-09,+4.74874363840E+00,-477.38705575E-03,-1.08040213585E+00,-602.11181641E-03
+618.00E-09,+4.74874363840E+00,-879.39710915E-03,-1.28140716255E+00,-401.30615234E-03
+619.00E-09,+4.74874363840E+00,-477.38705575E-03,-1.08040213585E+00,-602.11181641E-03
+620.00E-09,+4.74874363840E+00,-678.39208245E-03,-1.08040213585E+00,-401.30615234E-03
+621.00E-09,+4.74874363840E+00,-477.38705575E-03,-1.48241218925E+00,-1.00372314453E+00
+622.00E-09,+4.74874363840E+00,-678.39208245E-03,-1.28140716255E+00,-602.11181641E-03
+623.00E-09,+4.54773861170E+00,-879.39710915E-03,-1.28140716255E+00,-401.30615234E-03
+624.00E-09,+4.74874363840E+00,-879.39710915E-03,-1.28140716255E+00,-401.30615234E-03
+625.00E-09,+4.94974866509E+00,-678.39208245E-03,-1.28140716255E+00,-602.11181641E-03
+626.00E-09,+4.74874363840E+00,-678.39208245E-03,-1.48241218925E+00,-802.91748047E-03
+627.00E-09,+4.74874363840E+00,-678.39208245E-03,-1.48241218925E+00,-802.91748047E-03
+628.00E-09,+4.54773861170E+00,-678.39208245E-03,-1.28140716255E+00,-602.11181641E-03
+629.00E-09,+4.74874363840E+00,-678.39208245E-03,-1.48241218925E+00,-802.91748047E-03
+630.00E-09,+4.74874363840E+00,-678.39208245E-03,-1.28140716255E+00,-602.11181641E-03
+631.00E-09,+4.54773861170E+00,-879.39710915E-03,-1.48241218925E+00,-602.11181641E-03
+632.00E-09,+4.74874363840E+00,-678.39208245E-03,-1.48241218925E+00,-802.91748047E-03
+633.00E-09,+4.54773861170E+00,-678.39208245E-03,-1.48241218925E+00,-802.91748047E-03
+634.00E-09,+4.74874363840E+00,-678.39208245E-03,-1.48241218925E+00,-802.91748047E-03
+635.00E-09,+4.54773861170E+00,-678.39208245E-03,-1.48241218925E+00,-802.91748047E-03
+636.00E-09,+4.74874363840E+00,-678.39208245E-03,-1.28140716255E+00,-602.11181641E-03
+637.00E-09,+4.94974866509E+00,-477.38705575E-03,-1.48241218925E+00,-1.00372314453E+00
+638.00E-09,+4.94974866509E+00,-678.39208245E-03,-1.48241218925E+00,-802.91748047E-03
+639.00E-09,+4.94974866509E+00,-879.39710915E-03,-1.48241218925E+00,-602.11181641E-03
+640.00E-09,+4.74874363840E+00,-879.39710915E-03,-1.48241218925E+00,-602.11181641E-03
+641.00E-09,+4.74874363840E+00,-879.39710915E-03,-1.48241218925E+00,-602.11181641E-03
+642.00E-09,+5.15075369179E+00,-678.39208245E-03,-1.48241218925E+00,-802.91748047E-03
+643.00E-09,+5.35175871849E+00,-678.39208245E-03,-1.48241218925E+00,-802.91748047E-03
+644.00E-09,+5.15075369179E+00,-678.39208245E-03,-1.28140716255E+00,-602.11181641E-03
+645.00E-09,+4.94974866509E+00,-678.39208245E-03,-1.48241218925E+00,-802.91748047E-03
+646.00E-09,+4.94974866509E+00,-678.39208245E-03,-1.48241218925E+00,-802.91748047E-03
+647.00E-09,+4.94974866509E+00,-879.39710915E-03,-1.48241218925E+00,-602.11181641E-03
+648.00E-09,+4.74874363840E+00,-879.39710915E-03,-1.48241218925E+00,-602.11181641E-03
+649.00E-09,+4.74874363840E+00,-477.38705576E-03,-1.48241218925E+00,-1.00372314453E+00
+650.00E-09,+4.94974866509E+00,-879.39710915E-03,-1.48241218925E+00,-602.11181641E-03
+651.00E-09,+4.94974866509E+00,-678.39208245E-03,-1.48241218925E+00,-802.91748047E-03
+652.00E-09,+4.74874363840E+00,-879.39710915E-03,-1.28140716255E+00,-401.30615234E-03
+653.00E-09,+4.74874363840E+00,-477.38705576E-03,-1.48241218924E+00,-1.00372314453E+00
+654.00E-09,+4.94974866509E+00,-678.39208245E-03,-1.28140716255E+00,-602.11181641E-03
+655.00E-09,+4.94974866509E+00,-678.39208245E-03,-1.28140716255E+00,-602.11181641E-03
+656.00E-09,+4.94974866509E+00,-879.39710915E-03,-1.28140716255E+00,-401.30615234E-03
+657.00E-09,+4.94974866509E+00,-477.38705576E-03,-1.08040213585E+00,-602.11181641E-03
+658.00E-09,+5.15075369179E+00,-678.39208245E-03,-1.28140716255E+00,-602.11181641E-03
+659.00E-09,+4.94974866509E+00,-678.39208245E-03,-1.28140716255E+00,-602.11181641E-03
+660.00E-09,+5.15075369179E+00,-477.38705575E-03,-1.28140716255E+00,-802.91748047E-03
+661.00E-09,+5.15075369179E+00,-678.39208245E-03,-1.28140716255E+00,-602.11181641E-03
+662.00E-09,+5.15075369179E+00,-678.39208245E-03,-1.08040213585E+00,-401.30615234E-03
+663.00E-09,+4.94974866509E+00,-678.39208245E-03,-1.08040213585E+00,-401.30615234E-03
+664.00E-09,+4.94974866509E+00,-678.39208245E-03,-1.08040213585E+00,-401.30615234E-03
+665.00E-09,+5.15075369179E+00,-276.38202906E-03,-1.08040213585E+00,-802.91748047E-03
+666.00E-09,+4.94974866509E+00,-678.39208245E-03,-1.08040213585E+00,-401.30615234E-03
+667.00E-09,+5.15075369179E+00,-678.39208245E-03,-1.08040213585E+00,-401.30615234E-03
+668.00E-09,+5.15075369179E+00,-477.38705576E-03,-879.39710915E-03,-401.30615234E-03
+669.00E-09,+5.15075369179E+00,-477.38705575E-03,-1.08040213585E+00,-602.11181641E-03
+670.00E-09,+4.94974866509E+00,-678.39208245E-03,-879.39710915E-03,-200.50048828E-03
+671.00E-09,+4.74874363840E+00,-678.39208245E-03,-879.39710915E-03,-200.50048828E-03
+672.00E-09,+4.94974866509E+00,-678.39208245E-03,-879.39710915E-03,-200.50048828E-03
+673.00E-09,+4.74874363840E+00,-477.38705576E-03,-678.39208245E-03,-200.50048828E-03
+674.00E-09,+4.74874363840E+00,-477.38705575E-03,-879.39710915E-03,-401.30615234E-03
+675.00E-09,+4.74874363840E+00,-477.38705575E-03,-879.39710915E-03,-401.30615234E-03
+676.00E-09,+4.74874363840E+00,-477.38705575E-03,-678.39208245E-03,-200.50048828E-03
+677.00E-09,+4.74874363840E+00,-477.38705575E-03,-879.39710915E-03,-401.30615234E-03
+678.00E-09,+4.94974866509E+00,-477.38705575E-03,-477.38705576E-03,+305.17578E-06
+679.00E-09,+4.54773861170E+00,-678.39208245E-03,-477.38705575E-03,+201.11083984E-03
+680.00E-09,+4.74874363840E+00,-477.38705576E-03,-477.38705575E-03,+305.17578E-06
+681.00E-09,+4.74874363840E+00,-477.38705575E-03,-477.38705575E-03,+305.17578E-06
+682.00E-09,+4.74874363840E+00,-477.38705575E-03,-678.39208245E-03,-200.50048828E-03
+683.00E-09,+4.74874363840E+00,-276.38202906E-03,-678.39208245E-03,-401.30615234E-03
+684.00E-09,+4.74874363840E+00,-477.38705575E-03,-477.38705576E-03,+305.17578E-06
+685.00E-09,+4.74874363840E+00,-477.38705575E-03,-477.38705575E-03,+305.17578E-06
+686.00E-09,+4.74874363840E+00,-477.38705575E-03,-276.38202906E-03,+201.11083984E-03
+687.00E-09,+4.54773861170E+00,-678.39208245E-03,-276.38202906E-03,+401.91650391E-03
+688.00E-09,+4.74874363840E+00,-477.38705576E-03,-276.38202906E-03,+201.11083984E-03
+689.00E-09,+4.74874363840E+00,-678.39208245E-03,-276.38202906E-03,+401.91650391E-03
+690.00E-09,+4.94974866509E+00,-477.38705576E-03,-477.38705575E-03,+305.17578E-06
+691.00E-09,+4.74874363840E+00,-276.38202906E-03,-276.38202906E-03,+305.17578E-06
+692.00E-09,+4.74874363840E+00,-477.38705575E-03,-75.37700236E-03,+401.91650391E-03
+693.00E-09,+4.74874363840E+00,-477.38705575E-03,-276.38202906E-03,+201.11083984E-03
+694.00E-09,+4.74874363840E+00,-276.38202906E-03,-75.37700236E-03,+201.11083984E-03
+695.00E-09,+4.54773861170E+00,-678.39208245E-03,-75.37700236E-03,+602.72216797E-03
+696.00E-09,+4.74874363840E+00,-477.38705576E-03,-75.37700236E-03,+401.91650391E-03
+697.00E-09,+4.74874363840E+00,-276.38202906E-03,+125.62802434E-03,+401.91650391E-03
+698.00E-09,+4.74874363840E+00,-276.38202906E-03,-75.37700236E-03,+201.11083984E-03
+699.00E-09,+4.74874363840E+00,-276.38202906E-03,+125.62802434E-03,+401.91650391E-03
+700.00E-09,+4.74874363840E+00,-477.38705575E-03,+125.62802434E-03,+602.72216797E-03
+701.00E-09,+4.94974866509E+00,-477.38705575E-03,-75.37700236E-03,+401.91650391E-03
+702.00E-09,+4.94974866509E+00,-477.38705575E-03,+125.62802434E-03,+602.72216797E-03
+703.00E-09,+4.54773861170E+00,-678.39208245E-03,+125.62802434E-03,+803.52783203E-03
+704.00E-09,+4.74874363840E+00,-477.38705576E-03,+125.62802434E-03,+602.72216797E-03
+705.00E-09,+4.74874363840E+00,-276.38202906E-03,+125.62802434E-03,+401.91650391E-03
+706.00E-09,+4.74874363840E+00,-678.39208245E-03,+125.62802434E-03,+803.52783203E-03
+707.00E-09,+4.74874363840E+00,-276.38202906E-03,+125.62802434E-03,+401.91650391E-03
+708.00E-09,+4.74874363840E+00,-477.38705575E-03,+125.62802434E-03,+602.72216797E-03
+709.00E-09,+4.74874363840E+00,-477.38705575E-03,+125.62802434E-03,+602.72216797E-03
+710.00E-09,+4.74874363840E+00,-477.38705575E-03,+125.62802434E-03,+602.72216797E-03
+711.00E-09,+4.54773861170E+00,-477.38705575E-03,+326.63305104E-03,+803.52783203E-03
+712.00E-09,+4.74874363840E+00,-477.38705575E-03,+326.63305104E-03,+803.52783203E-03
+713.00E-09,+4.74874363840E+00,-477.38705575E-03,+125.62802434E-03,+602.72216797E-03
+714.00E-09,+4.94974866509E+00,-477.38705575E-03,-75.37700236E-03,+401.91650391E-03
+715.00E-09,+4.74874363840E+00,-276.38202906E-03,+125.62802434E-03,+401.91650391E-03
+716.00E-09,+4.94974866509E+00,-477.38705575E-03,+326.63305104E-03,+803.52783203E-03
+717.00E-09,+4.94974866509E+00,-477.38705575E-03,-75.37700236E-03,+401.91650391E-03
+718.00E-09,+4.74874363840E+00,-477.38705575E-03,+125.62802434E-03,+602.72216797E-03
+719.00E-09,+4.94974866509E+00,-477.38705575E-03,+125.62802434E-03,+602.72216797E-03
+720.00E-09,+4.74874363840E+00,-477.38705575E-03,+125.62802434E-03,+602.72216797E-03
+721.00E-09,+4.94974866509E+00,-276.38202906E-03,+125.62802434E-03,+401.91650391E-03
+722.00E-09,+5.15075369179E+00,-477.38705575E-03,+125.62802434E-03,+602.72216797E-03
+723.00E-09,+4.94974866510E+00,-477.38705575E-03,+125.62802434E-03,+602.72216797E-03
+724.00E-09,+4.74874363840E+00,-477.38705575E-03,+125.62802434E-03,+602.72216797E-03
+725.00E-09,+4.74874363840E+00,-477.38705575E-03,+125.62802434E-03,+602.72216797E-03
+726.00E-09,+4.74874363840E+00,-477.38705575E-03,+125.62802434E-03,+602.72216797E-03
+727.00E-09,+4.34673358500E+00,-678.39208245E-03,+125.62802434E-03,+803.52783203E-03
+728.00E-09,+4.74874363839E+00,-477.38705576E-03,+125.62802434E-03,+602.72216797E-03
+729.00E-09,+4.94974866509E+00,-276.38202906E-03,+326.63305104E-03,+602.72216797E-03
+730.00E-09,+4.94974866509E+00,-276.38202906E-03,+125.62802434E-03,+401.91650391E-03
+731.00E-09,+5.15075369179E+00,-276.38202906E-03,-75.37700236E-03,+201.11083984E-03
+732.00E-09,+4.94974866510E+00,-477.38705575E-03,-75.37700236E-03,+401.91650391E-03
+733.00E-09,+4.94974866509E+00,-276.38202906E-03,+125.62802434E-03,+401.91650391E-03
+734.00E-09,+5.15075369179E+00,-477.38705575E-03,+125.62802434E-03,+602.72216797E-03
+735.00E-09,+4.94974866510E+00,-678.39208245E-03,-75.37700236E-03,+602.72216797E-03
+736.00E-09,+4.94974866509E+00,-678.39208245E-03,-75.37700236E-03,+602.72216797E-03
+737.00E-09,+5.15075369179E+00,-276.38202906E-03,+125.62802434E-03,+401.91650391E-03
+738.00E-09,+5.15075369179E+00,-276.38202906E-03,-75.37700236E-03,+201.11083984E-03
+739.00E-09,+4.94974866510E+00,-276.38202906E-03,-75.37700236E-03,+201.11083984E-03
+740.00E-09,+4.74874363840E+00,-276.38202906E-03,+125.62802434E-03,+401.91650391E-03
+741.00E-09,+4.74874363840E+00,-477.38705575E-03,-276.38202905E-03,+201.11083984E-03
+742.00E-09,+4.74874363840E+00,-477.38705575E-03,-276.38202906E-03,+201.11083984E-03
+743.00E-09,+4.54773861170E+00,-678.39208245E-03,-75.37700236E-03,+602.72216797E-03
+744.00E-09,+4.74874363840E+00,-477.38705576E-03,-276.38202906E-03,+201.11083985E-03
+745.00E-09,+4.74874363840E+00,-477.38705575E-03,-276.38202906E-03,+201.11083984E-03
+746.00E-09,+4.94974866509E+00,-477.38705575E-03,-276.38202906E-03,+201.11083984E-03
+747.00E-09,+4.74874363840E+00,-477.38705575E-03,-276.38202906E-03,+201.11083984E-03
+748.00E-09,+4.74874363840E+00,-477.38705575E-03,-276.38202906E-03,+201.11083984E-03
+749.00E-09,+4.74874363840E+00,-477.38705575E-03,-276.38202906E-03,+201.11083984E-03
+750.00E-09,+4.74874363840E+00,-477.38705575E-03,-276.38202906E-03,+201.11083984E-03
+751.00E-09,+4.54773861170E+00,-678.39208245E-03,-276.38202906E-03,+401.91650391E-03
+752.00E-09,+4.54773861170E+00,-678.39208245E-03,-276.38202906E-03,+401.91650391E-03
+753.00E-09,+4.54773861170E+00,-477.38705576E-03,-477.38705575E-03,+305.17578E-06
+754.00E-09,+4.74874363840E+00,-276.38202906E-03,-477.38705575E-03,-200.50048828E-03
+755.00E-09,+4.74874363840E+00,-477.38705575E-03,-678.39208245E-03,-200.50048828E-03
+756.00E-09,+4.74874363840E+00,-477.38705575E-03,-477.38705576E-03,+305.17578E-06
+757.00E-09,+4.94974866509E+00,-678.39208245E-03,-678.39208245E-03,+305.17578E-06
+758.00E-09,+4.74874363840E+00,-678.39208245E-03,-477.38705576E-03,+201.11083984E-03
+759.00E-09,+4.74874363840E+00,-678.39208245E-03,-477.38705575E-03,+201.11083984E-03
+760.00E-09,+4.74874363840E+00,-477.38705576E-03,-477.38705575E-03,+305.17578E-06
+761.00E-09,+4.74874363840E+00,-477.38705575E-03,-678.39208245E-03,-200.50048828E-03
+762.00E-09,+4.74874363840E+00,-678.39208245E-03,-678.39208245E-03,+305.17578E-06
+763.00E-09,+4.94974866509E+00,-477.38705576E-03,-678.39208245E-03,-200.50048828E-03
+764.00E-09,+4.74874363840E+00,-477.38705575E-03,-678.39208245E-03,-200.50048828E-03
+765.00E-09,+4.74874363840E+00,-678.39208245E-03,-678.39208245E-03,+305.17578E-06
+766.00E-09,+4.74874363840E+00,-678.39208245E-03,-678.39208245E-03,+305.17578E-06
+767.00E-09,+4.74874363840E+00,-879.39710915E-03,-879.39710915E-03,+305.17578E-06
+768.00E-09,+4.74874363840E+00,-678.39208245E-03,-879.39710915E-03,-200.50048828E-03
+769.00E-09,+4.94974866509E+00,-477.38705576E-03,-879.39710915E-03,-401.30615234E-03
+770.00E-09,+4.74874363840E+00,-678.39208245E-03,-1.08040213585E+00,-401.30615234E-03
+771.00E-09,+4.74874363840E+00,-477.38705576E-03,-879.39710915E-03,-401.30615234E-03
+772.00E-09,+4.54773861170E+00,-678.39208245E-03,-879.39710915E-03,-200.50048828E-03
+773.00E-09,+4.74874363840E+00,-678.39208245E-03,-1.28140716255E+00,-602.11181640E-03
+774.00E-09,+4.74874363840E+00,-678.39208245E-03,-1.08040213585E+00,-401.30615234E-03
+775.00E-09,+4.74874363840E+00,-879.39710915E-03,-1.08040213585E+00,-200.50048828E-03
+776.00E-09,+4.94974866509E+00,-678.39208245E-03,-879.39710915E-03,-200.50048828E-03
+777.00E-09,+4.74874363840E+00,-678.39208245E-03,-1.08040213585E+00,-401.30615234E-03
+778.00E-09,+4.94974866509E+00,-477.38705576E-03,-1.28140716255E+00,-802.91748047E-03
+779.00E-09,+4.74874363840E+00,-678.39208245E-03,-1.28140716255E+00,-602.11181641E-03
+780.00E-09,+4.74874363840E+00,-879.39710915E-03,-1.28140716255E+00,-401.30615234E-03
+781.00E-09,+4.74874363840E+00,-678.39208245E-03,-1.28140716255E+00,-602.11181641E-03
+782.00E-09,+4.74874363840E+00,-678.39208245E-03,-1.28140716255E+00,-602.11181641E-03
+783.00E-09,+4.74874363840E+00,-678.39208245E-03,-1.28140716255E+00,-602.11181641E-03
+784.00E-09,+4.94974866509E+00,-477.38705576E-03,-1.28140716255E+00,-802.91748047E-03
+785.00E-09,+4.94974866509E+00,-477.38705575E-03,-1.28140716255E+00,-802.91748047E-03
+786.00E-09,+4.94974866509E+00,-678.39208245E-03,-1.28140716255E+00,-602.11181641E-03
+787.00E-09,+4.94974866509E+00,-678.39208245E-03,-1.28140716255E+00,-602.11181641E-03
+788.00E-09,+4.94974866509E+00,-678.39208245E-03,-1.48241218924E+00,-802.91748047E-03
+789.00E-09,+4.94974866509E+00,-678.39208245E-03,-1.48241218925E+00,-802.91748047E-03
+790.00E-09,+4.94974866509E+00,-678.39208245E-03,-1.28140716255E+00,-602.11181641E-03
+791.00E-09,+4.74874363840E+00,-678.39208245E-03,-1.48241218924E+00,-802.91748047E-03
+792.00E-09,+4.74874363840E+00,-879.39710915E-03,-1.48241218925E+00,-602.11181641E-03
+793.00E-09,+4.94974866509E+00,-678.39208245E-03,-1.48241218925E+00,-802.91748047E-03
+794.00E-09,+4.94974866509E+00,-678.39208245E-03,-1.48241218925E+00,-802.91748047E-03
+795.00E-09,+5.15075369179E+00,-678.39208245E-03,-1.28140716255E+00,-602.11181641E-03
+796.00E-09,+4.74874363840E+00,-678.39208245E-03,-1.28140716255E+00,-602.11181641E-03
+797.00E-09,+4.94974866509E+00,-678.39208245E-03,-1.48241218924E+00,-802.91748047E-03
+798.00E-09,+4.94974866509E+00,-477.38705576E-03,-1.28140716255E+00,-802.91748047E-03
+799.00E-09,+4.94974866509E+00,-879.39710915E-03,-1.28140716255E+00,-401.30615235E-03
+800.00E-09,+4.74874363840E+00,-879.39710915E-03,-1.48241218924E+00,-602.11181641E-03
+801.00E-09,+4.74874363840E+00,-477.38705576E-03,-1.28140716255E+00,-802.91748047E-03
+802.00E-09,+4.74874363840E+00,-678.39208245E-03,-1.48241218924E+00,-802.91748047E-03
+803.00E-09,+4.94974866509E+00,-678.39208245E-03,-1.28140716255E+00,-602.11181641E-03
+804.00E-09,+4.94974866509E+00,-879.39710915E-03,-1.28140716255E+00,-401.30615234E-03
+805.00E-09,+5.15075369179E+00,-477.38705576E-03,-1.48241218924E+00,-1.00372314453E+00
+806.00E-09,+4.94974866510E+00,-678.39208245E-03,-1.48241218925E+00,-802.91748047E-03
+807.00E-09,+4.74874363840E+00,-879.39710915E-03,-1.28140716255E+00,-401.30615235E-03
+808.00E-09,+5.15075369179E+00,-678.39208245E-03,-1.28140716255E+00,-602.11181641E-03
+809.00E-09,+4.74874363840E+00,-477.38705576E-03,-1.28140716255E+00,-802.91748047E-03
+810.00E-09,+4.74874363840E+00,-678.39208245E-03,-1.28140716255E+00,-602.11181641E-03
+811.00E-09,+4.94974866509E+00,-477.38705576E-03,-1.08040213585E+00,-602.11181641E-03
+812.00E-09,+5.15075369179E+00,-879.39710915E-03,-1.08040213585E+00,-200.50048828E-03
+813.00E-09,+4.74874363840E+00,-477.38705576E-03,-1.28140716255E+00,-802.91748047E-03
+814.00E-09,+4.74874363840E+00,-678.39208245E-03,-1.28140716255E+00,-602.11181641E-03
+815.00E-09,+4.94974866509E+00,-678.39208245E-03,-1.08040213585E+00,-401.30615234E-03
+816.00E-09,+5.15075369179E+00,-879.39710915E-03,-1.08040213585E+00,-200.50048828E-03
+817.00E-09,+5.15075369179E+00,-477.38705576E-03,-1.08040213585E+00,-602.11181640E-03
+818.00E-09,+4.94974866510E+00,-879.39710915E-03,-1.28140716255E+00,-401.30615235E-03
+819.00E-09,+4.94974866509E+00,-678.39208245E-03,-1.08040213585E+00,-401.30615234E-03
+820.00E-09,+4.74874363840E+00,-879.39710915E-03,-879.39710915E-03,+305.17578E-06
+821.00E-09,+4.74874363840E+00,-678.39208245E-03,-1.08040213585E+00,-401.30615234E-03
+822.00E-09,+4.94974866509E+00,-678.39208245E-03,-879.39710915E-03,-200.50048828E-03
+823.00E-09,+4.54773861170E+00,-678.39208245E-03,-879.39710915E-03,-200.50048828E-03
+824.00E-09,+4.74874363839E+00,-678.39208245E-03,-879.39710915E-03,-200.50048828E-03
+825.00E-09,+4.74874363840E+00,-477.38705576E-03,-879.39710915E-03,-401.30615234E-03
+826.00E-09,+4.94974866509E+00,-678.39208245E-03,-1.08040213585E+00,-401.30615234E-03
+827.00E-09,+4.74874363840E+00,-477.38705576E-03,-1.08040213585E+00,-602.11181640E-03
+828.00E-09,+4.74874363840E+00,-678.39208245E-03,-879.39710915E-03,-200.50048828E-03
+829.00E-09,+4.74874363840E+00,-477.38705576E-03,-879.39710915E-03,-401.30615234E-03
+830.00E-09,+4.74874363840E+00,-477.38705575E-03,-879.39710915E-03,-401.30615234E-03
+831.00E-09,+4.54773861170E+00,-678.39208245E-03,-879.39710915E-03,-200.50048828E-03
+832.00E-09,+4.94974866509E+00,-477.38705576E-03,-678.39208245E-03,-200.50048828E-03
+833.00E-09,+4.94974866509E+00,-477.38705575E-03,-678.39208245E-03,-200.50048828E-03
+834.00E-09,+4.74874363840E+00,-678.39208245E-03,-678.39208245E-03,+305.17578E-06
+835.00E-09,+4.74874363840E+00,-477.38705576E-03,-879.39710915E-03,-401.30615234E-03
+836.00E-09,+4.74874363840E+00,-477.38705575E-03,-678.39208245E-03,-200.50048828E-03
+837.00E-09,+4.94974866509E+00,-477.38705575E-03,-879.39710915E-03,-401.30615234E-03
+838.00E-09,+4.74874363840E+00,-276.38202906E-03,-477.38705576E-03,-200.50048828E-03
+839.00E-09,+4.74874363840E+00,-678.39208245E-03,-477.38705575E-03,+201.11083984E-03
+840.00E-09,+4.94974866509E+00,-678.39208245E-03,-477.38705575E-03,+201.11083984E-03
+841.00E-09,+4.74874363840E+00,-477.38705576E-03,-276.38202906E-03,+201.11083984E-03
+842.00E-09,+4.74874363840E+00,-477.38705575E-03,-678.39208245E-03,-200.50048828E-03
+843.00E-09,+4.94974866509E+00,-477.38705575E-03,-477.38705576E-03,+305.17578E-06
+844.00E-09,+4.74874363840E+00,-477.38705575E-03,-477.38705575E-03,+305.17578E-06
+845.00E-09,+4.74874363840E+00,-477.38705575E-03,-477.38705575E-03,+305.17578E-06
+846.00E-09,+4.74874363840E+00,-477.38705575E-03,-477.38705575E-03,+305.17578E-06
+847.00E-09,+4.74874363840E+00,-678.39208245E-03,-477.38705575E-03,+201.11083984E-03
+848.00E-09,+4.74874363840E+00,-477.38705576E-03,-276.38202906E-03,+201.11083984E-03
+849.00E-09,+4.74874363840E+00,-477.38705575E-03,-477.38705575E-03,+305.17578E-06
+850.00E-09,+4.74874363840E+00,-477.38705575E-03,-477.38705575E-03,+305.17578E-06
+851.00E-09,+4.94974866509E+00,-477.38705575E-03,-477.38705575E-03,+305.17578E-06
+852.00E-09,+4.74874363840E+00,-477.38705575E-03,-276.38202906E-03,+201.11083984E-03
+853.00E-09,+4.74874363840E+00,-477.38705575E-03,-276.38202906E-03,+201.11083984E-03
+854.00E-09,+4.74874363840E+00,-477.38705575E-03,-276.38202906E-03,+201.11083984E-03
+855.00E-09,+4.94974866509E+00,-678.39208245E-03,-276.38202906E-03,+401.91650390E-03
+856.00E-09,+4.74874363840E+00,-678.39208245E-03,-276.38202906E-03,+401.91650391E-03
+857.00E-09,+4.74874363840E+00,-477.38705576E-03,-75.37700236E-03,+401.91650391E-03
+858.00E-09,+4.94974866509E+00,-276.38202906E-03,-276.38202906E-03,+305.17578E-06
+859.00E-09,+4.94974866509E+00,-477.38705575E-03,-477.38705575E-03,+305.17578E-06
+860.00E-09,+4.74874363840E+00,-477.38705575E-03,-276.38202906E-03,+201.11083984E-03
+861.00E-09,+4.74874363840E+00,-477.38705575E-03,-276.38202906E-03,+201.11083984E-03
+862.00E-09,+4.94974866509E+00,-678.39208245E-03,-276.38202906E-03,+401.91650390E-03
+863.00E-09,+4.74874363840E+00,-678.39208245E-03,-276.38202906E-03,+401.91650391E-03
+864.00E-09,+5.15075369179E+00,-678.39208245E-03,-75.37700236E-03,+602.72216797E-03
+865.00E-09,+4.94974866510E+00,-477.38705576E-03,-75.37700236E-03,+401.91650391E-03
+866.00E-09,+4.74874363840E+00,-477.38705575E-03,-276.38202905E-03,+201.11083985E-03
+867.00E-09,+4.74874363840E+00,-477.38705575E-03,-276.38202906E-03,+201.11083984E-03
+868.00E-09,+4.74874363840E+00,-678.39208245E-03,-276.38202906E-03,+401.91650390E-03
+869.00E-09,+4.74874363840E+00,-477.38705576E-03,-276.38202906E-03,+201.11083985E-03
+870.00E-09,+4.74874363840E+00,-477.38705575E-03,-276.38202906E-03,+201.11083984E-03
+871.00E-09,+4.54773861170E+00,-678.39208245E-03,-75.37700236E-03,+602.72216797E-03
+872.00E-09,+4.54773861170E+00,-678.39208245E-03,-75.37700236E-03,+602.72216797E-03
+873.00E-09,+4.74874363839E+00,-477.38705576E-03,-75.37700236E-03,+401.91650391E-03
+874.00E-09,+4.74874363840E+00,-678.39208245E-03,-276.38202905E-03,+401.91650391E-03
+875.00E-09,+4.94974866509E+00,-477.38705576E-03,-75.37700236E-03,+401.91650391E-03
+876.00E-09,+4.74874363840E+00,-477.38705575E-03,-75.37700236E-03,+401.91650391E-03
+877.00E-09,+4.74874363840E+00,-678.39208245E-03,-75.37700236E-03,+602.72216797E-03
+878.00E-09,+4.74874363840E+00,-477.38705576E-03,-75.37700236E-03,+401.91650391E-03
+879.00E-09,+4.54773861170E+00,-678.39208245E-03,-75.37700236E-03,+602.72216797E-03
+880.00E-09,+4.94974866509E+00,-678.39208245E-03,-75.37700236E-03,+602.72216797E-03
+881.00E-09,+4.74874363840E+00,-477.38705576E-03,-75.37700236E-03,+401.91650391E-03
+882.00E-09,+4.54773861170E+00,-477.38705575E-03,-276.38202905E-03,+201.11083985E-03
+883.00E-09,+4.94974866509E+00,-477.38705575E-03,-477.38705575E-03,+305.17578E-06
+884.00E-09,+4.74874363840E+00,-879.39710915E-03,-276.38202906E-03,+602.72216796E-03
+885.00E-09,+4.74874363840E+00,-477.38705576E-03,-75.37700236E-03,+401.91650391E-03
+886.00E-09,+4.74874363840E+00,-477.38705575E-03,-276.38202905E-03,+201.11083985E-03
+887.00E-09,+4.94974866509E+00,-678.39208245E-03,-276.38202906E-03,+401.91650390E-03
+888.00E-09,+4.94974866509E+00,-678.39208245E-03,-75.37700236E-03,+602.72216797E-03
+889.00E-09,+4.74874363840E+00,-477.38705576E-03,-75.37700236E-03,+401.91650391E-03
+890.00E-09,+4.94974866509E+00,-678.39208245E-03,-276.38202905E-03,+401.91650391E-03
+891.00E-09,+5.15075369179E+00,-477.38705576E-03,-276.38202906E-03,+201.11083985E-03
+892.00E-09,+4.74874363840E+00,-477.38705575E-03,-276.38202906E-03,+201.11083984E-03
+893.00E-09,+4.74874363840E+00,-477.38705575E-03,-276.38202906E-03,+201.11083984E-03
+894.00E-09,+4.74874363840E+00,-678.39208245E-03,-276.38202906E-03,+401.91650390E-03
+895.00E-09,+4.74874363840E+00,-678.39208245E-03,-75.37700236E-03,+602.72216797E-03
+896.00E-09,+4.74874363840E+00,-678.39208245E-03,-276.38202905E-03,+401.91650391E-03
+897.00E-09,+4.74874363840E+00,-477.38705576E-03,-276.38202906E-03,+201.11083985E-03
+898.00E-09,+4.94974866509E+00,-678.39208245E-03,-477.38705575E-03,+201.11083984E-03
+899.00E-09,+4.94974866509E+00,-477.38705576E-03,-276.38202906E-03,+201.11083984E-03
+900.00E-09,+4.74874363840E+00,-477.38705575E-03,-276.38202906E-03,+201.11083984E-03
+901.00E-09,+4.94974866509E+00,-477.38705575E-03,-276.38202906E-03,+201.11083984E-03
+902.00E-09,+4.74874363840E+00,-477.38705575E-03,-477.38705575E-03,+305.17578E-06
+903.00E-09,+4.34673358500E+00,-879.39710915E-03,-477.38705575E-03,+401.91650390E-03
+904.00E-09,+4.54773861170E+00,-879.39710915E-03,-477.38705575E-03,+401.91650391E-03
+905.00E-09,+4.74874363839E+00,-477.38705576E-03,-477.38705575E-03,+305.17578E-06
+906.00E-09,+4.74874363840E+00,-678.39208245E-03,-477.38705575E-03,+201.11083984E-03
+907.00E-09,+4.74874363840E+00,-477.38705576E-03,-477.38705575E-03,+305.17578E-06
+908.00E-09,+4.74874363840E+00,-477.38705575E-03,-477.38705575E-03,+305.17578E-06
+909.00E-09,+4.74874363840E+00,-477.38705575E-03,-477.38705575E-03,+305.17578E-06
+910.00E-09,+4.74874363840E+00,-276.38202906E-03,-477.38705575E-03,-200.50048828E-03
+911.00E-09,+4.74874363840E+00,-678.39208245E-03,-678.39208245E-03,+305.17578E-06
+912.00E-09,+4.74874363840E+00,-678.39208245E-03,-678.39208245E-03,+305.17578E-06
+913.00E-09,+4.94974866509E+00,-477.38705576E-03,-678.39208245E-03,-200.50048828E-03
+914.00E-09,+4.74874363840E+00,-678.39208245E-03,-678.39208245E-03,+305.17578E-06
+915.00E-09,+4.94974866509E+00,-477.38705576E-03,-678.39208245E-03,-200.50048828E-03
+916.00E-09,+5.15075369179E+00,-477.38705575E-03,-678.39208245E-03,-200.50048828E-03
+917.00E-09,+4.94974866510E+00,-678.39208245E-03,-678.39208245E-03,+305.17578E-06
+918.00E-09,+4.94974866509E+00,-678.39208245E-03,-678.39208245E-03,+305.17578E-06
+919.00E-09,+4.74874363840E+00,-678.39208245E-03,-678.39208245E-03,+305.17578E-06
+920.00E-09,+4.94974866509E+00,-678.39208245E-03,-678.39208245E-03,+305.17578E-06
+921.00E-09,+4.94974866509E+00,-477.38705576E-03,-678.39208245E-03,-200.50048828E-03
+922.00E-09,+4.94974866509E+00,-477.38705575E-03,-678.39208245E-03,-200.50048828E-03
+923.00E-09,+4.94974866509E+00,-477.38705575E-03,-879.39710915E-03,-401.30615234E-03
+924.00E-09,+4.94974866509E+00,-477.38705575E-03,-678.39208245E-03,-200.50048828E-03
+925.00E-09,+4.94974866509E+00,-678.39208245E-03,-879.39710915E-03,-200.50048828E-03
+926.00E-09,+4.74874363840E+00,-477.38705576E-03,-678.39208245E-03,-200.50048828E-03
+927.00E-09,+4.74874363840E+00,-879.39710915E-03,-678.39208245E-03,+201.11083984E-03
+928.00E-09,+4.94974866509E+00,-678.39208245E-03,-678.39208245E-03,+305.17578E-06
+929.00E-09,+4.74874363840E+00,-477.38705576E-03,-678.39208245E-03,-200.50048828E-03
+930.00E-09,+4.74874363840E+00,-477.38705575E-03,-879.39710915E-03,-401.30615234E-03
+931.00E-09,+4.74874363840E+00,-477.38705575E-03,-879.39710915E-03,-401.30615234E-03
+932.00E-09,+4.74874363840E+00,-678.39208245E-03,-879.39710915E-03,-200.50048828E-03
+933.00E-09,+4.74874363840E+00,-477.38705576E-03,-1.08040213585E+00,-602.11181640E-03
+934.00E-09,+4.94974866509E+00,-477.38705575E-03,-879.39710915E-03,-401.30615235E-03
+935.00E-09,+4.74874363840E+00,-678.39208245E-03,-1.08040213585E+00,-401.30615234E-03
+936.00E-09,+4.94974866509E+00,-678.39208245E-03,-879.39710915E-03,-200.50048828E-03
+937.00E-09,+4.94974866509E+00,-477.38705576E-03,-879.39710915E-03,-401.30615234E-03
+938.00E-09,+4.74874363840E+00,-678.39208245E-03,-879.39710915E-03,-200.50048828E-03
+939.00E-09,+4.94974866509E+00,-678.39208245E-03,-879.39710915E-03,-200.50048828E-03
+940.00E-09,+4.94974866509E+00,-678.39208245E-03,-879.39710915E-03,-200.50048828E-03
+941.00E-09,+4.94974866509E+00,-477.38705576E-03,-1.08040213585E+00,-602.11181640E-03
+942.00E-09,+4.94974866509E+00,-477.38705575E-03,-1.08040213585E+00,-602.11181641E-03
+943.00E-09,+4.74874363840E+00,-879.39710915E-03,-1.08040213585E+00,-200.50048829E-03
+944.00E-09,+4.94974866509E+00,-678.39208245E-03,-879.39710915E-03,-200.50048828E-03
+945.00E-09,+4.74874363840E+00,-477.38705576E-03,-879.39710915E-03,-401.30615234E-03
+946.00E-09,+4.74874363840E+00,-678.39208245E-03,-1.08040213585E+00,-401.30615234E-03
+947.00E-09,+4.94974866509E+00,-477.38705576E-03,-1.08040213585E+00,-602.11181640E-03
+948.00E-09,+4.74874363840E+00,-678.39208245E-03,-1.08040213585E+00,-401.30615235E-03
+949.00E-09,+4.94974866509E+00,-678.39208245E-03,-1.08040213585E+00,-401.30615234E-03
+950.00E-09,+4.74874363840E+00,-678.39208245E-03,-879.39710915E-03,-200.50048828E-03
+951.00E-09,+4.74874363840E+00,-879.39710915E-03,-1.08040213585E+00,-200.50048828E-03
+952.00E-09,+4.54773861170E+00,-879.39710915E-03,-879.39710915E-03,+305.17578E-06
+953.00E-09,+4.74874363839E+00,-678.39208245E-03,-1.08040213585E+00,-401.30615234E-03
+954.00E-09,+4.94974866509E+00,-678.39208245E-03,-1.08040213585E+00,-401.30615234E-03
+955.00E-09,+4.94974866509E+00,-477.38705576E-03,-1.28140716255E+00,-802.91748046E-03
+956.00E-09,+5.15075369179E+00,-678.39208245E-03,-879.39710916E-03,-200.50048829E-03
+957.00E-09,+4.74874363840E+00,-477.38705576E-03,-1.08040213585E+00,-602.11181640E-03
+958.00E-09,+4.74874363840E+00,-477.38705575E-03,-1.08040213585E+00,-602.11181641E-03
+959.00E-09,+4.74874363840E+00,-678.39208245E-03,-1.08040213585E+00,-401.30615235E-03
+960.00E-09,+4.94974866509E+00,-879.39710915E-03,-1.08040213585E+00,-200.50048828E-03
+961.00E-09,+5.15075369179E+00,-678.39208245E-03,-879.39710915E-03,-200.50048828E-03
+962.00E-09,+5.15075369179E+00,-678.39208245E-03,-1.08040213585E+00,-401.30615234E-03
+963.00E-09,+4.74874363840E+00,-477.38705576E-03,-1.08040213585E+00,-602.11181640E-03
+964.00E-09,+4.74874363840E+00,-678.39208245E-03,-879.39710915E-03,-200.50048829E-03
+965.00E-09,+4.74874363840E+00,-477.38705576E-03,-1.08040213585E+00,-602.11181640E-03
+966.00E-09,+4.74874363840E+00,-678.39208245E-03,-1.08040213585E+00,-401.30615235E-03
+967.00E-09,+4.74874363840E+00,-678.39208245E-03,-879.39710915E-03,-200.50048828E-03
+968.00E-09,+4.74874363840E+00,-879.39710915E-03,-879.39710915E-03,+305.17578E-06
+969.00E-09,+4.74874363840E+00,-678.39208245E-03,-879.39710915E-03,-200.50048828E-03
+970.00E-09,+4.74874363840E+00,-678.39208245E-03,-1.08040213585E+00,-401.30615234E-03
+971.00E-09,+4.74874363840E+00,-477.38705576E-03,-879.39710915E-03,-401.30615234E-03
+972.00E-09,+4.94974866509E+00,-477.38705575E-03,-1.08040213585E+00,-602.11181640E-03
+973.00E-09,+4.74874363840E+00,-477.38705575E-03,-1.08040213585E+00,-602.11181641E-03
+974.00E-09,+4.94974866509E+00,-678.39208245E-03,-879.39710915E-03,-200.50048828E-03
+975.00E-09,+4.74874363840E+00,-879.39710915E-03,-879.39710915E-03,+305.17578E-06
+976.00E-09,+4.74874363840E+00,-678.39208245E-03,-879.39710915E-03,-200.50048828E-03
+977.00E-09,+4.94974866509E+00,-477.38705576E-03,-879.39710915E-03,-401.30615234E-03
+978.00E-09,+4.94974866509E+00,-678.39208245E-03,-1.08040213585E+00,-401.30615234E-03
+979.00E-09,+5.15075369179E+00,-477.38705576E-03,-879.39710915E-03,-401.30615234E-03
+980.00E-09,+4.94974866510E+00,-879.39710915E-03,-879.39710915E-03,+305.17578E-06
+981.00E-09,+4.94974866509E+00,-477.38705576E-03,-1.08040213585E+00,-602.11181640E-03
+982.00E-09,+4.74874363840E+00,-678.39208245E-03,-879.39710915E-03,-200.50048828E-03
+983.00E-09,+4.74874363840E+00,-678.39208245E-03,-879.39710915E-03,-200.50048828E-03
+984.00E-09,+4.94974866509E+00,-678.39208245E-03,-678.39208245E-03,+305.17578E-06
+985.00E-09,+4.94974866509E+00,-678.39208245E-03,-879.39710915E-03,-200.50048828E-03
+986.00E-09,+4.74874363840E+00,-678.39208245E-03,-879.39710915E-03,-200.50048828E-03
+987.00E-09,+5.15075369179E+00,-678.39208245E-03,-879.39710915E-03,-200.50048828E-03
+988.00E-09,+5.15075369179E+00,-678.39208245E-03,-879.39710915E-03,-200.50048828E-03
+989.00E-09,+4.94974866510E+00,-477.38705576E-03,-879.39710915E-03,-401.30615234E-03
+990.00E-09,+4.74874363840E+00,-477.38705575E-03,-879.39710915E-03,-401.30615234E-03
+991.00E-09,+4.74874363840E+00,-678.39208245E-03,-879.39710915E-03,-200.50048828E-03
+992.00E-09,+4.94974866509E+00,-678.39208245E-03,-879.39710915E-03,-200.50048828E-03
+993.00E-09,+5.15075369179E+00,-477.38705576E-03,-879.39710915E-03,-401.30615234E-03
+994.00E-09,+4.94974866510E+00,-477.38705575E-03,-879.39710915E-03,-401.30615234E-03
+995.00E-09,+4.94974866509E+00,-678.39208245E-03,-879.39710915E-03,-200.50048828E-03
+996.00E-09,+4.74874363840E+00,-477.38705576E-03,-879.39710915E-03,-401.30615234E-03
+997.00E-09,+4.94974866509E+00,-477.38705575E-03,-879.39710915E-03,-401.30615234E-03
+998.00E-09,+4.94974866509E+00,-477.38705575E-03,-678.39208245E-03,-200.50048828E-03
+999.00E-09,+4.74874363840E+00,-678.39208245E-03,-879.39710915E-03,-200.50048828E-03
+1.00000E-06,+4.74874363840E+00,-477.38705576E-03,-678.39208245E-03,-200.50048828E-03
+1.00100E-06,+4.74874363840E+00,-678.39208245E-03,-477.38705576E-03,+201.11083984E-03
+1.00200E-06,+4.94974866509E+00,-678.39208245E-03,-678.39208245E-03,+305.17578E-06
+1.00300E-06,+4.94974866509E+00,-477.38705576E-03,-678.39208245E-03,-200.50048828E-03
+1.00400E-06,+4.74874363840E+00,-477.38705575E-03,-678.39208245E-03,-200.50048828E-03
+1.00500E-06,+4.74874363840E+00,-477.38705575E-03,-879.39710915E-03,-401.30615234E-03
+1.00600E-06,+4.94974866509E+00,-477.38705575E-03,-678.39208245E-03,-200.50048828E-03
+1.00700E-06,+4.54773861170E+00,-678.39208245E-03,-276.38202906E-03,+401.91650390E-03
+1.00800E-06,+4.74874363839E+00,-477.38705576E-03,-477.38705575E-03,+305.17578E-06
+1.00900E-06,+4.74874363840E+00,-477.38705575E-03,-477.38705575E-03,+305.17578E-06
+1.01000E-06,+4.74874363840E+00,-477.38705575E-03,-678.39208245E-03,-200.50048828E-03
+1.01100E-06,+4.94974866509E+00,-678.39208245E-03,-678.39208245E-03,+305.17578E-06
+1.01200E-06,+4.74874363840E+00,-678.39208245E-03,-477.38705576E-03,+201.11083984E-03
+1.01300E-06,+4.74874363840E+00,-477.38705576E-03,-477.38705575E-03,+305.17578E-06
+1.01400E-06,+4.74874363840E+00,-678.39208245E-03,-477.38705575E-03,+201.11083984E-03
+1.01500E-06,+4.74874363840E+00,-678.39208245E-03,-477.38705575E-03,+201.11083984E-03
+1.01600E-06,+4.54773861170E+00,-678.39208245E-03,-477.38705575E-03,+201.11083984E-03
+1.01700E-06,+4.74874363840E+00,-477.38705576E-03,-477.38705575E-03,+305.17578E-06
+1.01800E-06,+4.74874363840E+00,-678.39208245E-03,-678.39208245E-03,+305.17578E-06
+1.01900E-06,+4.74874363840E+00,-477.38705576E-03,-477.38705576E-03,+305.17578E-06
+1.02000E-06,+4.74874363840E+00,-678.39208245E-03,-477.38705575E-03,+201.11083984E-03
+1.02100E-06,+4.74874363840E+00,-477.38705576E-03,-276.38202906E-03,+201.11083984E-03
+1.02200E-06,+4.74874363840E+00,-477.38705575E-03,-477.38705575E-03,+305.17578E-06
+1.02300E-06,+4.74874363840E+00,-678.39208245E-03,-477.38705575E-03,+201.11083984E-03
+1.02400E-06,+4.74874363840E+00,-879.39710915E-03,-477.38705575E-03,+401.91650391E-03
+1.02500E-06,+4.74874363840E+00,-477.38705576E-03,-477.38705575E-03,+305.17578E-06
+1.02600E-06,+4.74874363840E+00,-477.38705575E-03,-477.38705575E-03,+305.17578E-06
+1.02700E-06,+4.94974866509E+00,-678.39208245E-03,-477.38705575E-03,+201.11083984E-03
+1.02800E-06,+4.94974866509E+00,-477.38705576E-03,-477.38705575E-03,+305.17578E-06
+1.02900E-06,+4.94974866509E+00,-477.38705575E-03,-477.38705575E-03,+305.17578E-06
+1.03000E-06,+4.74874363840E+00,-477.38705575E-03,-477.38705575E-03,+305.17578E-06
+1.03100E-06,+4.74874363840E+00,-678.39208245E-03,-477.38705575E-03,+201.11083984E-03
+1.03200E-06,+4.74874363840E+00,-678.39208245E-03,-276.38202906E-03,+401.91650391E-03
+1.03300E-06,+4.74874363840E+00,-477.38705576E-03,-477.38705575E-03,+305.17578E-06
+1.03400E-06,+4.94974866509E+00,-477.38705575E-03,-477.38705575E-03,+305.17578E-06
+1.03500E-06,+4.74874363840E+00,-477.38705575E-03,-477.38705575E-03,+305.17578E-06
+1.03600E-06,+4.74874363840E+00,-678.39208245E-03,-276.38202906E-03,+401.91650390E-03
+1.03700E-06,+4.74874363840E+00,-678.39208245E-03,-477.38705575E-03,+201.11083984E-03
+1.03800E-06,+4.74874363840E+00,-678.39208245E-03,-276.38202906E-03,+401.91650391E-03
+1.03900E-06,+4.34673358500E+00,-678.39208245E-03,-276.38202906E-03,+401.91650391E-03
+1.04000E-06,+4.74874363839E+00,-477.38705576E-03,-477.38705575E-03,+305.17578E-06
+1.04100E-06,+4.74874363840E+00,-678.39208245E-03,-477.38705575E-03,+201.11083984E-03
+1.04200E-06,+4.74874363840E+00,-477.38705576E-03,-477.38705575E-03,+305.17578E-06
+1.04300E-06,+4.74874363840E+00,-477.38705575E-03,-477.38705575E-03,+305.17578E-06
+1.04400E-06,+5.15075369179E+00,-477.38705575E-03,-276.38202906E-03,+201.11083984E-03
+1.04500E-06,+4.74874363840E+00,-477.38705575E-03,-276.38202906E-03,+201.11083984E-03
+1.04600E-06,+4.74874363840E+00,-477.38705575E-03,-477.38705575E-03,+305.17578E-06
+1.04700E-06,+4.74874363840E+00,-477.38705575E-03,-477.38705575E-03,+305.17578E-06
+1.04800E-06,+4.74874363840E+00,-678.39208245E-03,-477.38705575E-03,+201.11083984E-03
+1.04900E-06,+4.74874363840E+00,-477.38705576E-03,-477.38705575E-03,+305.17578E-06
+1.05000E-06,+4.74874363840E+00,-477.38705575E-03,-477.38705575E-03,+305.17578E-06
+1.05100E-06,+4.74874363840E+00,-477.38705575E-03,-477.38705575E-03,+305.17578E-06
+1.05200E-06,+4.74874363840E+00,-477.38705575E-03,-276.38202906E-03,+201.11083984E-03
+1.05300E-06,+4.94974866509E+00,-477.38705575E-03,-477.38705575E-03,+305.17578E-06
+1.05400E-06,+4.74874363840E+00,-477.38705575E-03,-477.38705575E-03,+305.17578E-06
+1.05500E-06,+4.74874363840E+00,-678.39208245E-03,-477.38705575E-03,+201.11083984E-03
+1.05600E-06,+4.74874363840E+00,-678.39208245E-03,-276.38202906E-03,+401.91650391E-03
+1.05700E-06,+4.74874363840E+00,-477.38705576E-03,-477.38705575E-03,+305.17578E-06
+1.05800E-06,+4.74874363840E+00,-678.39208245E-03,-477.38705575E-03,+201.11083984E-03
+1.05900E-06,+4.94974866509E+00,-276.38202906E-03,-477.38705575E-03,-200.50048828E-03
+1.06000E-06,+4.74874363840E+00,-477.38705575E-03,-477.38705575E-03,+305.17578E-06
+1.06100E-06,+4.74874363840E+00,-477.38705575E-03,-477.38705575E-03,+305.17578E-06
+1.06200E-06,+4.94974866509E+00,-678.39208245E-03,-477.38705575E-03,+201.11083984E-03
+1.06300E-06,+4.74874363840E+00,-678.39208245E-03,-276.38202906E-03,+401.91650391E-03
+1.06400E-06,+4.74874363840E+00,-678.39208245E-03,-477.38705575E-03,+201.11083984E-03
+1.06500E-06,+4.74874363840E+00,-477.38705576E-03,-477.38705575E-03,+305.17578E-06
+1.06600E-06,+4.74874363840E+00,-678.39208245E-03,-477.38705575E-03,+201.11083984E-03
+1.06700E-06,+4.94974866509E+00,-477.38705576E-03,-477.38705575E-03,+305.17578E-06
+1.06800E-06,+4.94974866509E+00,-477.38705575E-03,-477.38705575E-03,+305.17578E-06
+1.06900E-06,+4.94974866509E+00,-477.38705575E-03,-477.38705575E-03,+305.17578E-06
+1.07000E-06,+4.74874363840E+00,-477.38705575E-03,-477.38705575E-03,+305.17578E-06
+1.07100E-06,+4.54773861170E+00,-678.39208245E-03,-477.38705575E-03,+201.11083984E-03
+1.07200E-06,+4.54773861170E+00,-678.39208245E-03,-477.38705575E-03,+201.11083984E-03
+1.07300E-06,+4.74874363840E+00,-477.38705575E-03,-477.38705575E-03,+305.17578E-06
+1.07400E-06,+4.74874363840E+00,-678.39208245E-03,-477.38705575E-03,+201.11083984E-03
+1.07500E-06,+4.54773861170E+00,-678.39208245E-03,-477.38705575E-03,+201.11083984E-03
+1.07600E-06,+4.74874363840E+00,-477.38705575E-03,-477.38705575E-03,+305.17578E-06
+1.07700E-06,+4.74874363840E+00,-477.38705575E-03,-678.39208245E-03,-200.50048828E-03
+1.07800E-06,+4.74874363840E+00,-477.38705575E-03,-477.38705575E-03,+305.17578E-06
+1.07900E-06,+4.94974866509E+00,-678.39208245E-03,-477.38705575E-03,+201.11083984E-03
+1.08000E-06,+4.74874363840E+00,-477.38705575E-03,-477.38705575E-03,+305.17578E-06
+1.08100E-06,+4.94974866509E+00,-477.38705575E-03,-477.38705575E-03,+305.17578E-06
+1.08200E-06,+4.74874363840E+00,-477.38705575E-03,-678.39208245E-03,-200.50048828E-03
+1.08300E-06,+4.74874363840E+00,-477.38705575E-03,-477.38705575E-03,+305.17578E-06
+1.08400E-06,+4.74874363840E+00,-477.38705575E-03,-477.38705575E-03,+305.17578E-06
+1.08500E-06,+4.74874363840E+00,-477.38705575E-03,-678.39208245E-03,-200.50048828E-03
+1.08600E-06,+4.74874363840E+00,-477.38705575E-03,-477.38705575E-03,+305.17578E-06
+1.08700E-06,+4.74874363840E+00,-678.39208245E-03,-477.38705575E-03,+201.11083984E-03
+1.08800E-06,+4.94974866509E+00,-678.39208245E-03,-477.38705575E-03,+201.11083984E-03
+1.08900E-06,+5.15075369179E+00,-477.38705575E-03,-678.39208245E-03,-200.50048828E-03
+1.09000E-06,+4.74874363840E+00,-477.38705575E-03,-879.39710915E-03,-401.30615234E-03
+1.09100E-06,+4.74874363840E+00,-477.38705575E-03,-678.39208245E-03,-200.50048828E-03
+1.09200E-06,+4.74874363840E+00,-477.38705575E-03,-678.39208245E-03,-200.50048828E-03
+1.09300E-06,+4.54773861170E+00,-477.38705575E-03,-879.39710915E-03,-401.30615234E-03
+1.09400E-06,+4.74874363840E+00,-678.39208245E-03,-678.39208245E-03,+305.17578E-06
+1.09500E-06,+4.54773861170E+00,-879.39710915E-03,-678.39208245E-03,+201.11083984E-03
+1.09600E-06,+4.74874363840E+00,-678.39208245E-03,-678.39208245E-03,+305.17578E-06
+1.09700E-06,+4.54773861170E+00,-477.38705575E-03,-678.39208245E-03,-200.50048828E-03
+1.09800E-06,+4.74874363840E+00,-678.39208245E-03,-678.39208245E-03,+305.17578E-06
+1.09900E-06,+4.74874363840E+00,-678.39208245E-03,-879.39710915E-03,-200.50048828E-03
+1.10000E-06,+4.74874363840E+00,-477.38705575E-03,-678.39208245E-03,-200.50048828E-03
+1.10100E-06,+4.74874363840E+00,-477.38705575E-03,-879.39710915E-03,-401.30615234E-03
+1.10200E-06,+4.74874363840E+00,-477.38705576E-03,-678.39208245E-03,-200.50048828E-03
+1.10300E-06,+4.54773861170E+00,-879.39710915E-03,-879.39710915E-03,+305.17578E-06
+1.10400E-06,+4.54773861170E+00,-879.39710915E-03,-678.39208245E-03,+201.11083984E-03
+1.10500E-06,+4.74874363840E+00,-477.38705575E-03,-879.39710915E-03,-401.30615234E-03
+1.10600E-06,+4.74874363840E+00,-678.39208245E-03,-879.39710915E-03,-200.50048828E-03
+1.10700E-06,+4.94974866509E+00,-477.38705575E-03,-879.39710915E-03,-401.30615234E-03
+1.10800E-06,+4.74874363840E+00,-678.39208245E-03,-678.39208245E-03,+305.17578E-06
+1.10900E-06,+4.74874363840E+00,-477.38705575E-03,-879.39710915E-03,-401.30615234E-03
+1.11000E-06,+4.74874363840E+00,-477.38705575E-03,-879.39710915E-03,-401.30615234E-03
+1.11100E-06,+4.74874363840E+00,-678.39208245E-03,-879.39710915E-03,-200.50048828E-03
+1.11200E-06,+4.74874363840E+00,-879.39710915E-03,-879.39710915E-03,+305.17578E-06
+1.11300E-06,+4.74874363840E+00,-678.39208245E-03,-879.39710915E-03,-200.50048828E-03
+1.11400E-06,+4.74874363840E+00,-678.39208245E-03,-879.39710915E-03,-200.50048828E-03
+1.11500E-06,+4.74874363840E+00,-678.39208245E-03,-879.39710915E-03,-200.50048828E-03
+1.11600E-06,+4.74874363840E+00,-678.39208245E-03,-879.39710915E-03,-200.50048828E-03
+1.11700E-06,+4.94974866509E+00,-477.38705575E-03,-1.08040213585E+00,-602.11181641E-03
+1.11800E-06,+4.94974866509E+00,-477.38705576E-03,-879.39710915E-03,-401.30615234E-03
+1.11900E-06,+4.74874363840E+00,-678.39208245E-03,-879.39710915E-03,-200.50048828E-03
+1.12000E-06,+4.94974866509E+00,-879.39710915E-03,-879.39710915E-03,+305.17578E-06
+1.12100E-06,+4.74874363840E+00,-477.38705576E-03,-879.39710915E-03,-401.30615234E-03
+1.12200E-06,+4.74874363840E+00,-678.39208245E-03,-1.08040213585E+00,-401.30615234E-03
+1.12300E-06,+4.94974866509E+00,-477.38705576E-03,-879.39710915E-03,-401.30615234E-03
+1.12400E-06,+4.74874363840E+00,-678.39208245E-03,-678.39208245E-03,+305.17578E-06
+1.12500E-06,+4.74874363840E+00,-678.39208245E-03,-1.08040213585E+00,-401.30615234E-03
+1.12600E-06,+4.74874363840E+00,-477.38705576E-03,-879.39710915E-03,-401.30615234E-03
+1.12700E-06,+4.74874363840E+00,-879.39710915E-03,-879.39710915E-03,+305.17578E-06
+1.12800E-06,+4.74874363840E+00,-678.39208245E-03,-879.39710915E-03,-200.50048828E-03
+1.12900E-06,+4.74874363840E+00,-678.39208245E-03,-879.39710915E-03,-200.50048828E-03
+1.13000E-06,+4.94974866509E+00,-678.39208245E-03,-879.39710915E-03,-200.50048828E-03
+1.13100E-06,+4.94974866509E+00,-678.39208245E-03,-1.08040213585E+00,-401.30615234E-03
+1.13200E-06,+4.94974866509E+00,-678.39208245E-03,-879.39710915E-03,-200.50048828E-03
+1.13300E-06,+4.74874363840E+00,-678.39208245E-03,-1.08040213585E+00,-401.30615234E-03
+1.13400E-06,+4.94974866509E+00,-678.39208245E-03,-879.39710915E-03,-200.50048828E-03
+1.13500E-06,+4.94974866509E+00,-678.39208245E-03,-879.39710915E-03,-200.50048828E-03
+1.13600E-06,+4.94974866509E+00,-879.39710915E-03,-678.39208245E-03,+201.11083984E-03
+1.13700E-06,+4.74874363840E+00,-477.38705576E-03,-879.39710915E-03,-401.30615234E-03
+1.13800E-06,+4.74874363840E+00,-678.39208245E-03,-1.08040213585E+00,-401.30615234E-03
+1.13900E-06,+4.94974866509E+00,-678.39208245E-03,-879.39710915E-03,-200.50048828E-03
+1.14000E-06,+4.74874363840E+00,-477.38705576E-03,-879.39710915E-03,-401.30615234E-03
+1.14100E-06,+4.94974866509E+00,-678.39208245E-03,-1.08040213585E+00,-401.30615234E-03
+1.14200E-06,+4.74874363840E+00,-678.39208245E-03,-879.39710915E-03,-200.50048828E-03
+1.14300E-06,+4.74874363840E+00,-678.39208245E-03,-879.39710915E-03,-200.50048828E-03
+1.14400E-06,+4.74874363840E+00,-879.39710915E-03,-879.39710915E-03,+305.17578E-06
+1.14500E-06,+4.74874363840E+00,-477.38705576E-03,-879.39710915E-03,-401.30615234E-03
+1.14600E-06,+4.94974866509E+00,-678.39208245E-03,-879.39710915E-03,-200.50048828E-03
+1.14700E-06,+4.74874363840E+00,-678.39208245E-03,-879.39710915E-03,-200.50048828E-03
+1.14800E-06,+5.15075369179E+00,-678.39208245E-03,-879.39710915E-03,-200.50048828E-03
+1.14900E-06,+4.94974866509E+00,-477.38705575E-03,-879.39710915E-03,-401.30615234E-03
+1.15000E-06,+4.74874363840E+00,-477.38705576E-03,-879.39710915E-03,-401.30615234E-03
+1.15100E-06,+4.74874363840E+00,-879.39710915E-03,-678.39208245E-03,+201.11083984E-03
+1.15200E-06,+4.74874363840E+00,-678.39208245E-03,-879.39710915E-03,-200.50048828E-03
+1.15300E-06,+4.74874363840E+00,-477.38705576E-03,-678.39208245E-03,-200.50048828E-03
+1.15400E-06,+4.74874363840E+00,-678.39208245E-03,-879.39710915E-03,-200.50048828E-03
+1.15500E-06,+4.74874363840E+00,-477.38705576E-03,-879.39710915E-03,-401.30615234E-03
+1.15600E-06,+4.74874363840E+00,-678.39208245E-03,-678.39208245E-03,+305.17578E-06
+1.15700E-06,+4.74874363840E+00,-477.38705576E-03,-879.39710915E-03,-401.30615234E-03
+1.15800E-06,+4.94974866509E+00,-678.39208245E-03,-678.39208245E-03,+305.17578E-06
+1.15900E-06,+4.94974866509E+00,-879.39710915E-03,-879.39710915E-03,+305.17578E-06
+1.16000E-06,+4.94974866509E+00,-879.39710915E-03,-678.39208245E-03,+201.11083984E-03
+1.16100E-06,+4.74874363840E+00,-477.38705575E-03,-678.39208245E-03,-200.50048828E-03
+1.16200E-06,+4.74874363840E+00,-477.38705576E-03,-678.39208245E-03,-200.50048828E-03
+1.16300E-06,+4.74874363840E+00,-678.39208245E-03,-678.39208245E-03,+305.17578E-06
+1.16400E-06,+4.74874363840E+00,-678.39208245E-03,-678.39208245E-03,+305.17578E-06
+1.16500E-06,+4.74874363840E+00,-477.38705575E-03,-879.39710915E-03,-401.30615234E-03
+1.16600E-06,+4.74874363840E+00,-477.38705576E-03,-477.38705576E-03,+305.17578E-06
+1.16700E-06,+4.74874363840E+00,-678.39208245E-03,-678.39208245E-03,+305.17578E-06
+1.16800E-06,+4.74874363840E+00,-879.39710915E-03,-477.38705576E-03,+401.91650390E-03
+1.16900E-06,+4.94974866509E+00,-477.38705576E-03,-678.39208245E-03,-200.50048828E-03
+1.17000E-06,+4.74874363840E+00,-678.39208245E-03,-678.39208245E-03,+305.17578E-06
+1.17100E-06,+4.74874363840E+00,-678.39208245E-03,-678.39208245E-03,+305.17578E-06
+1.17200E-06,+4.74874363840E+00,-477.38705576E-03,-477.38705576E-03,+305.17578E-06
+1.17300E-06,+4.94974866509E+00,-678.39208245E-03,-879.39710915E-03,-200.50048828E-03
+1.17400E-06,+4.74874363840E+00,-678.39208245E-03,-477.38705576E-03,+201.11083984E-03
+1.17500E-06,+4.74874363840E+00,-678.39208245E-03,-678.39208245E-03,+305.17578E-06
+1.17600E-06,+4.74874363840E+00,-678.39208245E-03,-477.38705575E-03,+201.11083984E-03
+1.17700E-06,+4.94974866509E+00,-477.38705575E-03,-477.38705575E-03,+305.17578E-06
+1.17800E-06,+4.94974866509E+00,-477.38705575E-03,-477.38705575E-03,+305.17578E-06
+1.17900E-06,+4.94974866509E+00,-477.38705576E-03,-477.38705575E-03,+305.17578E-06
+1.18000E-06,+4.74874363840E+00,-678.39208245E-03,-477.38705575E-03,+201.11083984E-03
+1.18100E-06,+4.74874363840E+00,-477.38705575E-03,-477.38705575E-03,+305.17578E-06
+1.18200E-06,+4.74874363840E+00,-477.38705576E-03,-477.38705575E-03,+305.17578E-06
+1.18300E-06,+4.74874363840E+00,-678.39208245E-03,-477.38705575E-03,+201.11083984E-03
+1.18400E-06,+4.74874363840E+00,-678.39208245E-03,-477.38705575E-03,+201.11083984E-03
+1.18500E-06,+4.94974866509E+00,-477.38705575E-03,-477.38705575E-03,+305.17578E-06
+1.18600E-06,+4.94974866510E+00,-477.38705575E-03,-477.38705575E-03,+305.17578E-06
+1.18700E-06,+5.15075369179E+00,-477.38705575E-03,-477.38705575E-03,+305.17578E-06
+1.18800E-06,+4.74874363840E+00,-477.38705575E-03,-477.38705575E-03,+305.17578E-06
+1.18900E-06,+4.94974866509E+00,-276.38202906E-03,-477.38705575E-03,-200.50048828E-03
+1.19000E-06,+4.94974866509E+00,-276.38202906E-03,-477.38705575E-03,-200.50048828E-03
+1.19100E-06,+4.74874363840E+00,-678.39208245E-03,-276.38202906E-03,+401.91650391E-03
+1.19200E-06,+4.74874363840E+00,-879.39710915E-03,-276.38202906E-03,+602.72216797E-03
+1.19300E-06,+4.74874363840E+00,-477.38705575E-03,-276.38202906E-03,+201.11083984E-03
+1.19400E-06,+4.94974866509E+00,-477.38705575E-03,-477.38705575E-03,+305.17578E-06
+1.19500E-06,+4.74874363840E+00,-477.38705575E-03,-477.38705575E-03,+305.17578E-06
+1.19600E-06,+4.74874363840E+00,-477.38705575E-03,-477.38705576E-03,+305.17578E-06
+1.19700E-06,+4.94974866509E+00,-477.38705575E-03,-678.39208245E-03,-200.50048828E-03
+1.19800E-06,+4.94974866509E+00,-477.38705576E-03,-276.38202906E-03,+201.11083985E-03
+1.19900E-06,+4.54773861170E+00,-678.39208245E-03,-276.38202906E-03,+401.91650391E-03
+1.20000E-06,+4.74874363839E+00,-678.39208245E-03,-276.38202906E-03,+401.91650390E-03
+1.20100E-06,+4.54773861170E+00,-477.38705575E-03,-276.38202906E-03,+201.11083984E-03
+1.20200E-06,+4.54773861170E+00,-477.38705575E-03,-477.38705575E-03,+305.17578E-06
+1.20300E-06,+4.74874363840E+00,-477.38705575E-03,-477.38705575E-03,+305.17578E-06
+1.20400E-06,+4.74874363840E+00,-477.38705575E-03,-276.38202906E-03,+201.11083984E-03
+1.20500E-06,+4.94974866509E+00,-477.38705575E-03,-477.38705575E-03,+305.17578E-06
+1.20600E-06,+4.94974866509E+00,-477.38705576E-03,-276.38202906E-03,+201.11083985E-03
+1.20700E-06,+4.74874363840E+00,-678.39208245E-03,-276.38202906E-03,+401.91650390E-03
+1.20800E-06,+4.74874363840E+00,-678.39208245E-03,-477.38705575E-03,+201.11083984E-03
+1.20900E-06,+4.74874363839E+00,-276.38202906E-03,-276.38202906E-03,+305.17578E-06
+1.21000E-06,+4.54773861170E+00,-477.38705575E-03,-477.38705575E-03,+305.17578E-06
+1.21100E-06,+4.94974866509E+00,-276.38202906E-03,-477.38705575E-03,-200.50048828E-03
+1.21200E-06,+4.74874363839E+00,-477.38705576E-03,-276.38202906E-03,+201.11083985E-03
+1.21300E-06,+4.54773861170E+00,-678.39208245E-03,-276.38202906E-03,+401.91650391E-03
+1.21400E-06,+4.74874363840E+00,-678.39208245E-03,-276.38202906E-03,+401.91650391E-03
+1.21500E-06,+4.74874363840E+00,-879.39710915E-03,-477.38705575E-03,+401.91650390E-03
+1.21600E-06,+4.74874363840E+00,-678.39208245E-03,-477.38705575E-03,+201.11083984E-03
+1.21700E-06,+4.74874363840E+00,-477.38705576E-03,-477.38705575E-03,+305.17578E-06
+1.21800E-06,+4.74874363840E+00,-678.39208245E-03,-477.38705575E-03,+201.11083984E-03
+1.21900E-06,+4.74874363840E+00,-477.38705575E-03,-477.38705575E-03,+305.17578E-06
+1.22000E-06,+4.74874363840E+00,-477.38705576E-03,-276.38202906E-03,+201.11083985E-03
+1.22100E-06,+4.74874363840E+00,-879.39710915E-03,-477.38705575E-03,+401.91650390E-03
+1.22200E-06,+4.94974866509E+00,-477.38705576E-03,-477.38705575E-03,+305.17579E-06
+1.22300E-06,+4.74874363839E+00,-678.39208245E-03,-276.38202906E-03,+401.91650390E-03
+1.22400E-06,+4.54773861170E+00,-477.38705575E-03,-276.38202906E-03,+201.11083984E-03
+1.22500E-06,+4.74874363840E+00,-477.38705575E-03,-477.38705576E-03,+305.17578E-06
+1.22600E-06,+4.74874363840E+00,-477.38705575E-03,-678.39208245E-03,-200.50048828E-03
+1.22700E-06,+4.94974866509E+00,-477.38705575E-03,-477.38705576E-03,+305.17578E-06
+1.22800E-06,+4.74874363840E+00,-477.38705575E-03,-678.39208245E-03,-200.50048828E-03
+1.22900E-06,+4.74874363840E+00,-477.38705575E-03,-477.38705575E-03,+305.17578E-06
+1.23000E-06,+4.74874363839E+00,-477.38705576E-03,-477.38705575E-03,+305.17578E-06
+1.23100E-06,+4.54773861170E+00,-678.39208245E-03,-477.38705575E-03,+201.11083984E-03
+1.23200E-06,+4.74874363840E+00,-477.38705575E-03,-477.38705575E-03,+305.17578E-06
+1.23300E-06,+4.74874363840E+00,-477.38705575E-03,-477.38705576E-03,+305.17578E-06
+1.23400E-06,+4.94974866509E+00,-477.38705575E-03,-678.39208245E-03,-200.50048828E-03
+1.23500E-06,+4.54773861170E+00,-477.38705576E-03,-477.38705575E-03,+305.17578E-06
+1.23600E-06,+4.74874363840E+00,-678.39208245E-03,-477.38705576E-03,+201.11083984E-03
+1.23700E-06,+4.74874363840E+00,-477.38705575E-03,-678.39208245E-03,-200.50048828E-03
+1.23800E-06,+4.74874363840E+00,-477.38705576E-03,-678.39208245E-03,-200.50048828E-03
+1.23900E-06,+4.74874363840E+00,-678.39208245E-03,-477.38705576E-03,+201.11083984E-03
+1.24000E-06,+4.74874363840E+00,-678.39208245E-03,-678.39208245E-03,+305.17578E-06
+1.24100E-06,+4.94974866509E+00,-276.38202906E-03,-678.39208245E-03,-401.30615234E-03
+1.24200E-06,+4.94974866509E+00,-477.38705576E-03,-678.39208245E-03,-200.50048828E-03
+1.24300E-06,+4.94974866509E+00,-678.39208245E-03,-477.38705576E-03,+201.11083984E-03
+1.24400E-06,+4.74874363840E+00,-678.39208245E-03,-678.39208245E-03,+305.17578E-06
+1.24500E-06,+4.94974866509E+00,-477.38705575E-03,-678.39208245E-03,-200.50048828E-03
+1.24600E-06,+4.74874363840E+00,-477.38705576E-03,-678.39208245E-03,-200.50048827E-03
+1.24700E-06,+4.74874363840E+00,-879.39710915E-03,-477.38705576E-03,+401.91650390E-03
+1.24800E-06,+4.74874363840E+00,-678.39208245E-03,-678.39208245E-03,+305.17578E-06
+1.24900E-06,+4.74874363840E+00,-477.38705576E-03,-678.39208245E-03,-200.50048828E-03
+1.25000E-06,+4.74874363840E+00,-678.39208245E-03,-678.39208246E-03,+305.17578E-06
+1.25100E-06,+4.74874363840E+00,-678.39208245E-03,-879.39710915E-03,-200.50048828E-03
+1.25200E-06,+4.94974866509E+00,-678.39208245E-03,-678.39208246E-03,+305.17578E-06
+1.25300E-06,+4.74874363840E+00,-678.39208245E-03,-879.39710915E-03,-200.50048828E-03
+1.25400E-06,+4.74874363839E+00,-678.39208246E-03,-678.39208245E-03,+305.17579E-06
+1.25500E-06,+4.54773861170E+00,-1.08040213585E+00,-678.39208245E-03,+401.91650390E-03
+1.25600E-06,+4.74874363840E+00,-879.39710915E-03,-678.39208245E-03,+201.11083984E-03
+1.25700E-06,+4.74874363840E+00,-477.38705575E-03,-678.39208246E-03,-200.50048828E-03
+1.25800E-06,+4.74874363840E+00,-477.38705575E-03,-879.39710915E-03,-401.30615234E-03
+1.25900E-06,+4.74874363840E+00,-477.38705575E-03,-879.39710915E-03,-401.30615234E-03
+1.26000E-06,+4.74874363840E+00,-477.38705575E-03,-678.39208246E-03,-200.50048828E-03
+1.26100E-06,+4.94974866509E+00,-477.38705575E-03,-879.39710915E-03,-401.30615234E-03
+1.26200E-06,+4.74874363840E+00,-477.38705576E-03,-879.39710915E-03,-401.30615234E-03
+1.26300E-06,+4.74874363840E+00,-678.39208245E-03,-879.39710915E-03,-200.50048828E-03
+1.26400E-06,+4.74874363840E+00,-678.39208245E-03,-678.39208246E-03,+305.17578E-06
+1.26500E-06,+4.74874363840E+00,-477.38705575E-03,-879.39710915E-03,-401.30615234E-03
+1.26600E-06,+4.74874363840E+00,-477.38705576E-03,-879.39710915E-03,-401.30615234E-03
+1.26700E-06,+4.74874363840E+00,-678.39208246E-03,-879.39710915E-03,-200.50048828E-03
+1.26800E-06,+4.74874363840E+00,-879.39710915E-03,-879.39710915E-03,+305.17578E-06
+1.26900E-06,+4.94974866509E+00,-477.38705576E-03,-879.39710915E-03,-401.30615234E-03
+1.27000E-06,+4.74874363840E+00,-678.39208245E-03,-879.39710915E-03,-200.50048828E-03
+1.27100E-06,+4.74874363839E+00,-678.39208246E-03,-879.39710915E-03,-200.50048828E-03
+1.27200E-06,+4.54773861170E+00,-879.39710915E-03,-678.39208246E-03,+201.11083984E-03
+1.27300E-06,+4.74874363840E+00,-477.38705576E-03,-879.39710915E-03,-401.30615234E-03
+1.27400E-06,+4.74874363840E+00,-678.39208245E-03,-879.39710915E-03,-200.50048828E-03
+1.27500E-06,+4.74874363840E+00,-477.38705576E-03,-879.39710915E-03,-401.30615234E-03
+1.27600E-06,+4.74874363840E+00,-678.39208245E-03,-879.39710915E-03,-200.50048829E-03
+1.27700E-06,+4.94974866509E+00,-477.38705575E-03,-1.08040213585E+00,-602.11181640E-03
+1.27800E-06,+4.74874363839E+00,-477.38705576E-03,-879.39710915E-03,-401.30615234E-03
+1.27900E-06,+4.54773861170E+00,-879.39710915E-03,-879.39710915E-03,+305.17578E-06
+1.28000E-06,+4.74874363840E+00,-678.39208245E-03,-879.39710915E-03,-200.50048828E-03
+1.28100E-06,+4.74874363840E+00,-477.38705576E-03,-879.39710915E-03,-401.30615234E-03
+1.28200E-06,+4.74874363840E+00,-678.39208245E-03,-879.39710915E-03,-200.50048828E-03
+1.28300E-06,+4.74874363840E+00,-477.38705575E-03,-879.39710915E-03,-401.30615234E-03
+1.28400E-06,+4.74874363840E+00,-477.38705576E-03,-879.39710915E-03,-401.30615234E-03
+1.28500E-06,+4.74874363840E+00,-678.39208245E-03,-1.08040213584E+00,-401.30615234E-03
+1.28600E-06,+4.74874363840E+00,-477.38705576E-03,-678.39208245E-03,-200.50048828E-03
+1.28700E-06,+4.74874363840E+00,-879.39710915E-03,-678.39208246E-03,+201.11083984E-03
+1.28800E-06,+4.74874363840E+00,-678.39208245E-03,-879.39710915E-03,-200.50048828E-03
+1.28900E-06,+4.74874363840E+00,-477.38705576E-03,-678.39208245E-03,-200.50048828E-03
+1.29000E-06,+4.94974866509E+00,-678.39208245E-03,-678.39208246E-03,+305.17578E-06
+1.29100E-06,+4.74874363840E+00,-678.39208245E-03,-879.39710915E-03,-200.50048828E-03
+1.29200E-06,+4.74874363839E+00,-678.39208245E-03,-879.39710915E-03,-200.50048829E-03
+1.29300E-06,+4.54773861170E+00,-477.38705576E-03,-1.08040213585E+00,-602.11181640E-03
+1.29400E-06,+4.54773861170E+00,-678.39208245E-03,-879.39710915E-03,-200.50048828E-03
+1.29500E-06,+4.54773861170E+00,-678.39208245E-03,-879.39710915E-03,-200.50048828E-03
+1.29600E-06,+4.54773861170E+00,-678.39208245E-03,-678.39208246E-03,+305.17577E-06
+1.29700E-06,+4.74874363839E+00,-276.38202906E-03,-879.39710915E-03,-602.11181640E-03
+1.29800E-06,+4.54773861170E+00,-678.39208245E-03,-1.08040213585E+00,-401.30615234E-03
+1.29900E-06,+4.74874363840E+00,-477.38705575E-03,-879.39710915E-03,-401.30615234E-03
+1.30000E-06,+4.74874363840E+00,-477.38705576E-03,-678.39208246E-03,-200.50048828E-03
+1.30100E-06,+4.94974866509E+00,-678.39208245E-03,-879.39710915E-03,-200.50048828E-03
+1.30200E-06,+4.74874363840E+00,-678.39208245E-03,-678.39208246E-03,+305.17578E-06
+1.30300E-06,+4.74874363840E+00,-678.39208246E-03,-879.39710915E-03,-200.50048828E-03
+1.30400E-06,+4.74874363840E+00,-879.39710914E-03,-879.39710915E-03,+305.17578E-06
+1.30500E-06,+4.74874363840E+00,-477.38705576E-03,-678.39208245E-03,-200.50048828E-03
+1.30600E-06,+4.94974866509E+00,-678.39208245E-03,-678.39208246E-03,+305.17577E-06
+1.30700E-06,+4.74874363840E+00,-477.38705576E-03,-879.39710915E-03,-401.30615234E-03
+1.30800E-06,+4.74874363840E+00,-678.39208245E-03,-678.39208246E-03,+305.17577E-06
+1.30900E-06,+4.74874363840E+00,-477.38705575E-03,-879.39710915E-03,-401.30615234E-03
+1.31000E-06,+4.94974866509E+00,-477.38705576E-03,-678.39208245E-03,-200.50048828E-03
+1.31100E-06,+4.74874363840E+00,-678.39208245E-03,-678.39208245E-03,+305.17578E-06
+1.31200E-06,+4.94974866509E+00,-678.39208245E-03,-678.39208245E-03,+305.17578E-06
+1.31300E-06,+4.74874363840E+00,-678.39208245E-03,-678.39208245E-03,+305.17578E-06
+1.31400E-06,+4.74874363840E+00,-477.38705575E-03,-678.39208246E-03,-200.50048828E-03
+1.31500E-06,+4.74874363840E+00,-477.38705575E-03,-879.39710915E-03,-401.30615234E-03
+1.31600E-06,+4.74874363840E+00,-477.38705575E-03,-678.39208246E-03,-200.50048828E-03
+1.31700E-06,+4.94974866509E+00,-477.38705575E-03,-879.39710915E-03,-401.30615234E-03
+1.31800E-06,+4.74874363840E+00,-477.38705576E-03,-678.39208245E-03,-200.50048827E-03
+1.31900E-06,+4.74874363840E+00,-879.39710915E-03,-477.38705576E-03,+401.91650390E-03
+1.32000E-06,+4.74874363839E+00,-879.39710914E-03,-678.39208245E-03,+201.11083984E-03
+1.32100E-06,+4.54773861170E+00,-477.38705576E-03,-678.39208245E-03,-200.50048827E-03
+1.32200E-06,+4.74874363840E+00,-678.39208245E-03,-477.38705576E-03,+201.11083984E-03
+1.32300E-06,+4.74874363840E+00,-477.38705575E-03,-678.39208245E-03,-200.50048828E-03
+1.32400E-06,+4.74874363840E+00,-477.38705576E-03,-678.39208246E-03,-200.50048828E-03
+1.32500E-06,+4.74874363840E+00,-678.39208245E-03,-879.39710914E-03,-200.50048827E-03
+1.32600E-06,+4.94974866509E+00,-678.39208246E-03,-477.38705575E-03,+201.11083985E-03
+1.32700E-06,+4.74874363840E+00,-879.39710915E-03,-477.38705575E-03,+401.91650390E-03
+1.32800E-06,+4.74874363840E+00,-678.39208245E-03,-477.38705576E-03,+201.11083984E-03
+1.32900E-06,+4.74874363840E+00,-678.39208245E-03,-678.39208245E-03,+305.17578E-06
+1.33000E-06,+4.74874363840E+00,-678.39208245E-03,-678.39208245E-03,+305.17578E-06
+1.33100E-06,+4.94974866509E+00,-477.38705576E-03,-678.39208245E-03,-200.50048827E-03
+1.33200E-06,+4.74874363840E+00,-879.39710914E-03,-678.39208245E-03,+201.11083984E-03
+1.33300E-06,+4.94974866509E+00,-477.38705575E-03,-678.39208245E-03,-200.50048828E-03
+1.33400E-06,+4.94974866509E+00,-477.38705576E-03,-678.39208245E-03,-200.50048827E-03
+1.33500E-06,+4.74874363840E+00,-678.39208245E-03,-477.38705575E-03,+201.11083984E-03
+1.33600E-06,+4.74874363840E+00,-678.39208245E-03,-477.38705576E-03,+201.11083984E-03
+1.33700E-06,+4.74874363840E+00,-477.38705575E-03,-678.39208245E-03,-200.50048828E-03
+1.33800E-06,+4.74874363840E+00,-477.38705575E-03,-678.39208245E-03,-200.50048828E-03
+1.33900E-06,+4.94974866509E+00,-477.38705575E-03,-678.39208245E-03,-200.50048828E-03
+1.34000E-06,+4.74874363840E+00,-477.38705575E-03,-477.38705576E-03,+305.17577E-06
+1.34100E-06,+4.74874363840E+00,-477.38705575E-03,-879.39710915E-03,-401.30615234E-03
+1.34200E-06,+4.74874363840E+00,-477.38705576E-03,-678.39208245E-03,-200.50048827E-03
+1.34300E-06,+4.74874363840E+00,-678.39208245E-03,-477.38705575E-03,+201.11083984E-03
+1.34400E-06,+4.94974866509E+00,-477.38705575E-03,-477.38705575E-03,+305.17578E-06
+1.34500E-06,+4.74874363840E+00,-477.38705576E-03,-477.38705576E-03,+305.17578E-06
+1.34600E-06,+4.94974866509E+00,-678.39208245E-03,-678.39208245E-03,+305.17578E-06
+1.34700E-06,+4.94974866509E+00,-477.38705575E-03,-678.39208245E-03,-200.50048828E-03
+1.34800E-06,+4.74874363840E+00,-477.38705575E-03,-477.38705576E-03,+305.17578E-06
+1.34900E-06,+4.74874363840E+00,-477.38705575E-03,-678.39208245E-03,-200.50048828E-03
+1.35000E-06,+4.74874363840E+00,-276.38202906E-03,-477.38705575E-03,-200.50048827E-03
+1.35100E-06,+4.74874363839E+00,-678.39208245E-03,-477.38705575E-03,+201.11083984E-03
+1.35200E-06,+4.54773861170E+00,-678.39208245E-03,-477.38705575E-03,+201.11083984E-03
+1.35300E-06,+4.54773861170E+00,-477.38705576E-03,-477.38705576E-03,+305.17578E-06
+1.35400E-06,+4.74874363840E+00,-678.39208245E-03,-678.39208245E-03,+305.17578E-06
+1.35500E-06,+4.74874363840E+00,-477.38705575E-03,-477.38705576E-03,+305.17578E-06
+1.35600E-06,+4.74874363840E+00,-477.38705575E-03,-678.39208245E-03,-200.50048828E-03
+1.35700E-06,+4.74874363840E+00,-477.38705575E-03,-678.39208245E-03,-200.50048828E-03
+1.35800E-06,+4.74874363839E+00,-477.38705576E-03,-477.38705575E-03,+305.17579E-06
+1.35900E-06,+4.54773861170E+00,-678.39208245E-03,-477.38705575E-03,+201.11083984E-03
+1.36000E-06,+4.74874363839E+00,-477.38705575E-03,-477.38705575E-03,+305.17578E-06
+1.36100E-06,+4.54773861170E+00,-477.38705575E-03,-477.38705576E-03,+305.17578E-06
+1.36200E-06,+4.74874363840E+00,-477.38705575E-03,-678.39208245E-03,-200.50048828E-03
+1.36300E-06,+4.94974866509E+00,-477.38705575E-03,-678.39208245E-03,-200.50048828E-03
+1.36400E-06,+4.74874363840E+00,-477.38705575E-03,-678.39208245E-03,-200.50048828E-03
+1.36500E-06,+4.74874363840E+00,-477.38705575E-03,-477.38705575E-03,+305.17578E-06
+1.36600E-06,+4.94974866509E+00,-477.38705576E-03,-477.38705575E-03,+305.17579E-06
+1.36700E-06,+4.54773861170E+00,-678.39208245E-03,-477.38705575E-03,+201.11083984E-03
+1.36800E-06,+4.74874363840E+00,-678.39208245E-03,-477.38705575E-03,+201.11083984E-03
+1.36900E-06,+4.74874363840E+00,-477.38705576E-03,-477.38705575E-03,+305.17579E-06
+1.37000E-06,+4.74874363840E+00,-678.39208245E-03,-477.38705575E-03,+201.11083984E-03
+1.37100E-06,+4.74874363840E+00,-477.38705576E-03,-477.38705575E-03,+305.17579E-06
+1.37200E-06,+4.74874363840E+00,-678.39208245E-03,-477.38705576E-03,+201.11083984E-03
+1.37300E-06,+4.74874363840E+00,-678.39208245E-03,-678.39208245E-03,+305.17578E-06
+1.37400E-06,+4.94974866509E+00,-477.38705576E-03,-477.38705575E-03,+305.17579E-06
+1.37500E-06,+4.74874363840E+00,-678.39208245E-03,-477.38705575E-03,+201.11083984E-03
+1.37600E-06,+4.74874363840E+00,-678.39208244E-03,-477.38705576E-03,+201.11083983E-03
+1.37700E-06,+4.74874363840E+00,-276.38202906E-03,-678.39208245E-03,-401.30615234E-03
+1.37800E-06,+4.74874363840E+00,-477.38705575E-03,-678.39208245E-03,-200.50048828E-03
+1.37900E-06,+4.74874363840E+00,-477.38705575E-03,-678.39208245E-03,-200.50048828E-03
+1.38000E-06,+4.74874363840E+00,-477.38705575E-03,-477.38705576E-03,+305.17578E-06
+1.38100E-06,+4.74874363840E+00,-477.38705575E-03,-678.39208245E-03,-200.50048828E-03
+1.38200E-06,+4.74874363840E+00,-477.38705576E-03,-477.38705575E-03,+305.17579E-06
+1.38300E-06,+4.74874363840E+00,-678.39208245E-03,-477.38705575E-03,+201.11083984E-03
+1.38400E-06,+4.74874363840E+00,-477.38705575E-03,-477.38705575E-03,+305.17578E-06
+1.38500E-06,+4.74874363839E+00,-477.38705576E-03,-477.38705575E-03,+305.17579E-06
+1.38600E-06,+4.54773861170E+00,-678.39208245E-03,-477.38705576E-03,+201.11083983E-03
+1.38700E-06,+4.74874363839E+00,-477.38705575E-03,-678.39208245E-03,-200.50048828E-03
+1.38800E-06,+4.54773861170E+00,-477.38705575E-03,-678.39208245E-03,-200.50048828E-03
+1.38900E-06,+4.74874363840E+00,-477.38705576E-03,-678.39208245E-03,-200.50048827E-03
+1.39000E-06,+4.74874363839E+00,-678.39208245E-03,-477.38705575E-03,+201.11083984E-03
+1.39100E-06,+4.54773861170E+00,-678.39208245E-03,-477.38705575E-03,+201.11083984E-03
+1.39200E-06,+4.54773861170E+00,-678.39208245E-03,-477.38705576E-03,+201.11083983E-03
+1.39300E-06,+4.74874363840E+00,-477.38705576E-03,-678.39208245E-03,-200.50048828E-03
+1.39400E-06,+4.74874363839E+00,-678.39208245E-03,-678.39208245E-03,+305.17578E-06
+1.39500E-06,+4.54773861170E+00,-678.39208245E-03,-678.39208245E-03,+305.17578E-06
+1.39600E-06,+4.54773861170E+00,-477.38705576E-03,-678.39208245E-03,-200.50048828E-03
+1.39700E-06,+4.74874363840E+00,-678.39208245E-03,-678.39208245E-03,+305.17578E-06
+1.39800E-06,+4.74874363839E+00,-477.38705576E-03,-477.38705575E-03,+305.17579E-06
+1.39900E-06,+4.54773861170E+00,-678.39208245E-03,-477.38705575E-03,+201.11083984E-03
+1.40000E-06,+4.74874363839E+00,-678.39208245E-03,-477.38705576E-03,+201.11083983E-03
+1.40100E-06,+4.54773861170E+00,-477.38705575E-03,-678.39208245E-03,-200.50048828E-03
+1.40200E-06,+4.74874363840E+00,-477.38705575E-03,-678.39208245E-03,-200.50048828E-03
+1.40300E-06,+4.74874363840E+00,-477.38705575E-03,-678.39208245E-03,-200.50048828E-03
+1.40400E-06,+4.74874363840E+00,-477.38705576E-03,-678.39208245E-03,-200.50048828E-03
+1.40500E-06,+4.74874363840E+00,-678.39208245E-03,-678.39208245E-03,+305.17578E-06
+1.40600E-06,+4.74874363839E+00,-477.38705576E-03,-678.39208245E-03,-200.50048828E-03
+1.40700E-06,+4.54773861170E+00,-678.39208245E-03,-678.39208245E-03,+305.17578E-06
+1.40800E-06,+4.74874363840E+00,-678.39208245E-03,-678.39208245E-03,+305.17578E-06
+1.40900E-06,+4.74874363840E+00,-477.38705576E-03,-678.39208245E-03,-200.50048828E-03
+1.41000E-06,+4.74874363840E+00,-678.39208245E-03,-678.39208245E-03,+305.17578E-06
+1.41100E-06,+4.74874363840E+00,-477.38705575E-03,-678.39208245E-03,-200.50048828E-03
+1.41200E-06,+4.74874363840E+00,-477.38705576E-03,-678.39208245E-03,-200.50048828E-03
+1.41300E-06,+4.94974866509E+00,-678.39208245E-03,-678.39208245E-03,+305.17578E-06
+1.41400E-06,+4.94974866508E+00,-678.39208245E-03,-678.39208246E-03,+305.17578E-06
+1.41500E-06,+4.54773861170E+00,-678.39208245E-03,-879.39710914E-03,-200.50048827E-03
+1.41600E-06,+4.74874363840E+00,-678.39208245E-03,-477.38705576E-03,+201.11083983E-03
+1.41700E-06,+4.94974866509E+00,-477.38705575E-03,-678.39208245E-03,-200.50048828E-03
+1.41800E-06,+4.94974866509E+00,-477.38705575E-03,-678.39208246E-03,-200.50048829E-03
+1.41900E-06,+4.94974866509E+00,-477.38705575E-03,-879.39710915E-03,-401.30615234E-03
+1.42000E-06,+4.74874363839E+00,-477.38705575E-03,-678.39208246E-03,-200.50048829E-03
+1.42100E-06,+4.54773861170E+00,-477.38705575E-03,-879.39710915E-03,-401.30615234E-03
+1.42200E-06,+4.74874363839E+00,-477.38705576E-03,-678.39208245E-03,-200.50048828E-03
+1.42300E-06,+4.54773861169E+00,-678.39208245E-03,-678.39208245E-03,+305.17578E-06
+1.42400E-06,+4.34673358501E+00,-477.38705575E-03,-678.39208245E-03,-200.50048829E-03
+1.42500E-06,+4.54773861170E+00,-276.38202906E-03,-678.39208245E-03,-401.30615234E-03
+1.42600E-06,+4.74874363840E+00,-477.38705575E-03,-678.39208245E-03,-200.50048828E-03
+1.42700E-06,+4.74874363839E+00,-477.38705576E-03,-678.39208245E-03,-200.50048828E-03
+1.42800E-06,+4.54773861170E+00,-678.39208245E-03,-678.39208246E-03,+305.17578E-06
+1.42900E-06,+4.54773861170E+00,-678.39208245E-03,-879.39710915E-03,-200.50048829E-03
+1.43000E-06,+4.74874363839E+00,-477.38705576E-03,-879.39710915E-03,-401.30615234E-03
+1.43100E-06,+4.54773861170E+00,-678.39208245E-03,-879.39710915E-03,-200.50048828E-03
+1.43200E-06,+4.74874363840E+00,-678.39208245E-03,-678.39208245E-03,+305.17578E-06
+1.43300E-06,+4.74874363840E+00,-477.38705576E-03,-678.39208245E-03,-200.50048828E-03
+1.43400E-06,+4.74874363840E+00,-678.39208245E-03,-678.39208246E-03,+305.17577E-06
+1.43500E-06,+4.74874363840E+00,-477.38705575E-03,-879.39710915E-03,-401.30615234E-03
+1.43600E-06,+4.74874363840E+00,-477.38705575E-03,-678.39208246E-03,-200.50048829E-03
+1.43700E-06,+4.74874363840E+00,-477.38705575E-03,-879.39710915E-03,-401.30615234E-03
+1.43800E-06,+4.94974866509E+00,-477.38705577E-03,-678.39208245E-03,-200.50048827E-03
+1.43900E-06,+4.74874363839E+00,-879.39710914E-03,-678.39208245E-03,+201.11083983E-03
+1.44000E-06,+4.54773861170E+00,-477.38705575E-03,-678.39208245E-03,-200.50048828E-03
+1.44100E-06,+4.74874363840E+00,-477.38705575E-03,-678.39208246E-03,-200.50048829E-03
+1.44200E-06,+4.94974866509E+00,-477.38705575E-03,-879.39710915E-03,-401.30615234E-03
+1.44300E-06,+4.94974866509E+00,-477.38705576E-03,-879.39710915E-03,-401.30615233E-03
+1.44400E-06,+4.74874363840E+00,-678.39208245E-03,-678.39208246E-03,+305.17577E-06
+1.44500E-06,+4.94974866509E+00,-477.38705575E-03,-879.39710915E-03,-401.30615234E-03
+1.44600E-06,+4.94974866509E+00,-477.38705576E-03,-678.39208246E-03,-200.50048828E-03
+1.44700E-06,+4.74874363840E+00,-678.39208245E-03,-879.39710915E-03,-200.50048828E-03
+1.44800E-06,+4.94974866509E+00,-678.39208245E-03,-678.39208245E-03,+305.17578E-06
+1.44900E-06,+4.74874363840E+00,-477.38705575E-03,-678.39208245E-03,-200.50048828E-03
+1.45000E-06,+4.74874363840E+00,-477.38705575E-03,-678.39208245E-03,-200.50048828E-03
+1.45100E-06,+4.94974866509E+00,-477.38705576E-03,-678.39208246E-03,-200.50048828E-03
+1.45200E-06,+4.74874363840E+00,-678.39208245E-03,-879.39710915E-03,-200.50048829E-03
+1.45300E-06,+4.74874363840E+00,-477.38705575E-03,-879.39710915E-03,-401.30615234E-03
+1.45400E-06,+4.74874363839E+00,-477.38705576E-03,-678.39208245E-03,-200.50048828E-03
+1.45500E-06,+4.54773861170E+00,-678.39208246E-03,-678.39208245E-03,+305.17579E-06
+1.45600E-06,+4.74874363840E+00,-879.39710915E-03,-678.39208245E-03,+201.11083984E-03
+1.45700E-06,+4.94974866509E+00,-678.39208246E-03,-678.39208246E-03,+305.17578E-06
+1.45800E-06,+4.94974866509E+00,-879.39710914E-03,-879.39710915E-03,+305.17578E-06
+1.45900E-06,+4.94974866509E+00,-477.38705576E-03,-678.39208245E-03,-200.50048828E-03
+1.46000E-06,+4.74874363840E+00,-678.39208245E-03,-678.39208245E-03,+305.17578E-06
+1.46100E-06,+4.94974866509E+00,-477.38705575E-03,-678.39208245E-03,-200.50048828E-03
+1.46200E-06,+4.74874363840E+00,-477.38705576E-03,-678.39208245E-03,-200.50048828E-03
+1.46300E-06,+4.74874363840E+00,-678.39208245E-03,-678.39208245E-03,+305.17578E-06
+1.46400E-06,+4.74874363840E+00,-678.39208245E-03,-678.39208245E-03,+305.17578E-06
+1.46500E-06,+4.74874363840E+00,-477.38705575E-03,-678.39208246E-03,-200.50048829E-03
+1.46600E-06,+4.74874363840E+00,-477.38705575E-03,-879.39710915E-03,-401.30615234E-03
+1.46700E-06,+4.94974866509E+00,-477.38705575E-03,-678.39208245E-03,-200.50048828E-03
+1.46800E-06,+4.74874363840E+00,-477.38705575E-03,-678.39208246E-03,-200.50048829E-03
+1.46900E-06,+4.74874363840E+00,-477.38705575E-03,-879.39710915E-03,-401.30615234E-03
+1.47000E-06,+4.74874363839E+00,-477.38705576E-03,-678.39208245E-03,-200.50048828E-03
+1.47100E-06,+4.54773861170E+00,-678.39208246E-03,-678.39208245E-03,+305.17579E-06
+1.47200E-06,+4.74874363840E+00,-879.39710914E-03,-678.39208245E-03,+201.11083983E-03
+1.47300E-06,+4.74874363840E+00,-477.38705575E-03,-678.39208245E-03,-200.50048828E-03
+1.47400E-06,+4.74874363840E+00,-477.38705576E-03,-678.39208245E-03,-200.50048828E-03
+1.47500E-06,+4.94974866509E+00,-678.39208245E-03,-678.39208245E-03,+305.17578E-06
+1.47600E-06,+4.74874363840E+00,-477.38705576E-03,-678.39208245E-03,-200.50048828E-03
+1.47700E-06,+4.74874363840E+00,-678.39208245E-03,-678.39208245E-03,+305.17578E-06
+1.47800E-06,+4.74874363839E+00,-477.38705576E-03,-678.39208246E-03,-200.50048828E-03
+1.47900E-06,+4.54773861170E+00,-678.39208245E-03,-879.39710915E-03,-200.50048828E-03
+1.48000E-06,+4.54773861170E+00,-477.38705575E-03,-678.39208245E-03,-200.50048828E-03
+1.48100E-06,+4.54773861170E+00,-477.38705576E-03,-678.39208245E-03,-200.50048828E-03
+1.48200E-06,+4.74874363840E+00,-678.39208245E-03,-678.39208245E-03,+305.17578E-06
+1.48300E-06,+4.94974866509E+00,-477.38705575E-03,-678.39208245E-03,-200.50048828E-03
+1.48400E-06,+4.74874363840E+00,-477.38705575E-03,-678.39208245E-03,-200.50048828E-03
+1.48500E-06,+4.74874363840E+00,-477.38705576E-03,-678.39208245E-03,-200.50048827E-03
+1.48600E-06,+4.74874363840E+00,-678.39208245E-03,-477.38705576E-03,+201.11083984E-03
+1.48700E-06,+4.74874363840E+00,-678.39208245E-03,-678.39208245E-03,+305.17579E-06
+1.48800E-06,+4.74874363840E+00,-678.39208245E-03,-477.38705576E-03,+201.11083984E-03
+1.48900E-06,+4.74874363840E+00,-678.39208245E-03,-678.39208245E-03,+305.17578E-06
+1.49000E-06,+4.94974866509E+00,-477.38705575E-03,-678.39208245E-03,-200.50048828E-03
+1.49100E-06,+4.74874363839E+00,-477.38705576E-03,-678.39208245E-03,-200.50048828E-03
+1.49200E-06,+4.54773861170E+00,-678.39208245E-03,-678.39208245E-03,+305.17578E-06
+1.49300E-06,+4.54773861170E+00,-477.38705576E-03,-678.39208245E-03,-200.50048827E-03
+1.49400E-06,+4.74874363840E+00,-678.39208245E-03,-477.38705575E-03,+201.11083984E-03
+1.49500E-06,+4.74874363840E+00,-678.39208245E-03,-477.38705575E-03,+201.11083984E-03
+1.49600E-06,+4.74874363840E+00,-477.38705575E-03,-477.38705576E-03,+305.17578E-06
+1.49700E-06,+4.74874363840E+00,-477.38705575E-03,-678.39208245E-03,-200.50048828E-03
+1.49800E-06,+4.74874363839E+00,-477.38705575E-03,-678.39208245E-03,-200.50048828E-03
+1.49900E-06,+4.54773861170E+00,-477.38705575E-03,-678.39208245E-03,-200.50048828E-03
+1.50000E-06,+4.74874363840E+00,-477.38705575E-03,-477.38705576E-03,+305.17578E-06
+1.50100E-06,+4.74874363840E+00,-477.38705575E-03,-678.39208245E-03,-200.50048828E-03
+1.50200E-06,+4.74874363839E+00,-477.38705576E-03,-477.38705575E-03,+305.17579E-06
+1.50300E-06,+4.54773861170E+00,-678.39208245E-03,-477.38705575E-03,+201.11083984E-03
+1.50400E-06,+4.74874363840E+00,-678.39208245E-03,-477.38705575E-03,+201.11083984E-03
+1.50500E-06,+4.74874363840E+00,-477.38705576E-03,-477.38705576E-03,+305.17578E-06
+1.50600E-06,+4.74874363840E+00,-678.39208245E-03,-678.39208245E-03,+305.17578E-06
+1.50700E-06,+4.74874363840E+00,-477.38705575E-03,-477.38705575E-03,+305.17579E-06
+1.50800E-06,+4.74874363840E+00,-477.38705575E-03,-276.38202907E-03,+201.11083983E-03
+1.50900E-06,+4.74874363840E+00,-477.38705575E-03,-678.39208245E-03,-200.50048827E-03
+1.51000E-06,+4.74874363839E+00,-477.38705576E-03,-477.38705575E-03,+305.17579E-06
+1.51100E-06,+4.54773861170E+00,-678.39208245E-03,-477.38705575E-03,+201.11083984E-03
+1.51200E-06,+4.74874363840E+00,-477.38705575E-03,-477.38705575E-03,+305.17579E-06
+1.51300E-06,+4.74874363840E+00,-477.38705576E-03,-276.38202906E-03,+201.11083984E-03
+1.51400E-06,+4.74874363840E+00,-678.39208245E-03,-477.38705575E-03,+201.11083984E-03
+1.51500E-06,+4.74874363840E+00,-477.38705575E-03,-477.38705575E-03,+305.17578E-06
+1.51600E-06,+4.74874363840E+00,-477.38705575E-03,-477.38705576E-03,+305.17577E-06
+1.51700E-06,+4.74874363840E+00,-477.38705575E-03,-678.39208245E-03,-200.50048829E-03
+1.51800E-06,+4.94974866508E+00,-276.38202907E-03,-678.39208245E-03,-401.30615232E-03
+1.51900E-06,+4.54773861170E+00,-678.39208245E-03,-477.38705575E-03,+201.11083984E-03
+1.52000E-06,+4.74874363840E+00,-678.39208245E-03,-477.38705575E-03,+201.11083984E-03
+1.52100E-06,+4.74874363840E+00,-477.38705575E-03,-477.38705576E-03,+305.17577E-06
+1.52200E-06,+4.74874363840E+00,-477.38705575E-03,-678.39208245E-03,-200.50048828E-03
+1.52300E-06,+4.74874363840E+00,-276.38202906E-03,-477.38705576E-03,-200.50048828E-03
+1.52400E-06,+4.74874363839E+00,-477.38705575E-03,-678.39208246E-03,-200.50048829E-03
+1.52500E-06,+4.54773861170E+00,-477.38705575E-03,-879.39710914E-03,-401.30615233E-03
+1.52600E-06,+4.74874363839E+00,-477.38705576E-03,-477.38705575E-03,+305.17579E-06
+1.52700E-06,+4.54773861170E+00,-678.39208245E-03,-477.38705575E-03,+201.11083984E-03
+1.52800E-06,+4.74874363840E+00,-678.39208245E-03,-477.38705575E-03,+201.11083984E-03
+1.52900E-06,+4.74874363840E+00,-477.38705576E-03,-477.38705576E-03,+305.17578E-06
+1.53000E-06,+4.74874363840E+00,-678.39208245E-03,-678.39208245E-03,+305.17578E-06
+1.53100E-06,+4.74874363840E+00,-678.39208245E-03,-678.39208245E-03,+305.17577E-06
+1.53200E-06,+4.74874363840E+00,-477.38705575E-03,-678.39208245E-03,-200.50048828E-03
+1.53300E-06,+4.74874363840E+00,-477.38705575E-03,-678.39208245E-03,-200.50048828E-03
+1.53400E-06,+4.74874363840E+00,-477.38705577E-03,-678.39208245E-03,-200.50048826E-03
+1.53500E-06,+4.74874363839E+00,-879.39710914E-03,-477.38705575E-03,+401.91650389E-03
+1.53600E-06,+4.54773861170E+00,-477.38705575E-03,-477.38705575E-03,+305.17577E-06
+1.53700E-06,+4.74874363840E+00,-276.38202906E-03,-477.38705575E-03,-200.50048827E-03
+1.53800E-06,+4.74874363840E+00,-477.38705575E-03,-477.38705576E-03,+305.17577E-06
+1.53900E-06,+4.74874363840E+00,-477.38705575E-03,-678.39208245E-03,-200.50048827E-03
+1.54000E-06,+4.74874363839E+00,-477.38705575E-03,-477.38705576E-03,+305.17577E-06
+1.54100E-06,+4.54773861170E+00,-477.38705575E-03,-678.39208245E-03,-200.50048827E-03
+1.54200E-06,+4.74874363840E+00,-477.38705577E-03,-477.38705575E-03,+305.17579E-06
+1.54300E-06,+4.74874363840E+00,-879.39710914E-03,-477.38705575E-03,+401.91650390E-03
+1.54400E-06,+4.74874363840E+00,-678.39208245E-03,-477.38705576E-03,+201.11083984E-03
+1.54500E-06,+4.74874363840E+00,-678.39208245E-03,-678.39208245E-03,+305.17578E-06
+1.54600E-06,+4.74874363840E+00,-477.38705575E-03,-477.38705576E-03,+305.17577E-06
+1.54700E-06,+4.94974866509E+00,-477.38705575E-03,-678.39208245E-03,-200.50048827E-03
+1.54800E-06,+4.74874363840E+00,-477.38705575E-03,-477.38705576E-03,+305.17577E-06
+1.54900E-06,+4.74874363840E+00,-477.38705575E-03,-678.39208245E-03,-200.50048827E-03
+1.55000E-06,+4.74874363840E+00,-477.38705576E-03,-477.38705575E-03,+305.17579E-06
+1.55100E-06,+4.74874363840E+00,-678.39208245E-03,-477.38705575E-03,+201.11083984E-03
+1.55200E-06,+4.74874363840E+00,-678.39208245E-03,-477.38705576E-03,+201.11083983E-03
+1.55300E-06,+4.94974866509E+00,-477.38705575E-03,-678.39208245E-03,-200.50048828E-03
+1.55400E-06,+4.74874363840E+00,-477.38705575E-03,-678.39208245E-03,-200.50048828E-03
+1.55500E-06,+4.74874363840E+00,-477.38705575E-03,-678.39208245E-03,-200.50048827E-03
+1.55600E-06,+4.74874363840E+00,-477.38705575E-03,-477.38705576E-03,+305.17577E-06
+1.55700E-06,+4.74874363840E+00,-477.38705575E-03,-678.39208245E-03,-200.50048828E-03
+1.55800E-06,+4.74874363840E+00,-477.38705576E-03,-678.39208245E-03,-200.50048827E-03
+1.55900E-06,+4.74874363839E+00,-678.39208246E-03,-678.39208245E-03,+305.17579E-06
+1.56000E-06,+4.54773861170E+00,-879.39710914E-03,-678.39208245E-03,+201.11083983E-03
+1.56100E-06,+4.54773861170E+00,-477.38705576E-03,-678.39208245E-03,-200.50048827E-03
+1.56200E-06,+4.54773861170E+00,-678.39208245E-03,-678.39208245E-03,+305.17577E-06
+1.56300E-06,+4.54773861170E+00,-477.38705575E-03,-678.39208245E-03,-200.50048828E-03
+1.56400E-06,+4.54773861170E+00,-477.38705576E-03,-678.39208246E-03,-200.50048828E-03
+1.56500E-06,+4.54773861171E+00,-678.39208245E-03,-879.39710914E-03,-200.50048828E-03
+1.56600E-06,+4.74874363839E+00,-477.38705576E-03,-678.39208245E-03,-200.50048827E-03
+1.56700E-06,+4.54773861171E+00,-678.39208246E-03,-477.38705575E-03,+201.11083985E-03
+1.56800E-06,+4.74874363840E+00,-879.39710914E-03,-477.38705575E-03,+401.91650389E-03
+1.56900E-06,+4.74874363840E+00,-477.38705576E-03,-477.38705576E-03,+305.17578E-06
+1.57000E-06,+4.74874363840E+00,-678.39208245E-03,-678.39208245E-03,+305.17577E-06
+1.57100E-06,+4.94974866509E+00,-477.38705575E-03,-678.39208245E-03,-200.50048828E-03
+1.57200E-06,+4.74874363839E+00,-477.38705575E-03,-678.39208246E-03,-200.50048829E-03
+1.57300E-06,+4.54773861171E+00,-477.38705575E-03,-879.39710914E-03,-401.30615234E-03
+1.57400E-06,+4.74874363840E+00,-477.38705576E-03,-678.39208245E-03,-200.50048827E-03
+1.57500E-06,+4.94974866509E+00,-678.39208245E-03,-678.39208245E-03,+305.17578E-06
+1.57600E-06,+4.94974866509E+00,-477.38705575E-03,-477.38705576E-03,+305.17577E-06
+1.57700E-06,+4.74874363840E+00,-477.38705576E-03,-678.39208245E-03,-200.50048827E-03
+1.57800E-06,+4.94974866510E+00,-678.39208245E-03,-477.38705576E-03,+201.11083984E-03
+1.57900E-06,+5.15075369178E+00,-678.39208245E-03,-678.39208245E-03,+305.17577E-06
+1.58000E-06,+4.74874363840E+00,-477.38705575E-03,-678.39208246E-03,-200.50048829E-03
+1.58100E-06,+4.74874363840E+00,-477.38705576E-03,-879.39710914E-03,-401.30615232E-03
+1.58200E-06,+4.74874363838E+00,-678.39208245E-03,-477.38705576E-03,+201.11083984E-03
+1.58300E-06,+4.34673358501E+00,-678.39208245E-03,-678.39208245E-03,+305.17579E-06
+1.58400E-06,+4.54773861171E+00,-678.39208245E-03,-477.38705576E-03,+201.11083983E-03
+1.58500E-06,+4.74874363840E+00,-477.38705576E-03,-678.39208246E-03,-200.50048828E-03
+1.58600E-06,+4.74874363839E+00,-678.39208245E-03,-879.39710915E-03,-200.50048829E-03
+1.58700E-06,+4.54773861171E+00,-477.38705576E-03,-879.39710914E-03,-401.30615233E-03
+1.58800E-06,+4.74874363839E+00,-678.39208245E-03,-678.39208246E-03,+305.17577E-06
+1.58900E-06,+4.54773861171E+00,-477.38705576E-03,-879.39710914E-03,-401.30615233E-03
+1.59000E-06,+4.74874363839E+00,-678.39208245E-03,-678.39208245E-03,+305.17578E-06
+1.59100E-06,+4.54773861171E+00,-678.39208245E-03,-678.39208245E-03,+305.17577E-06
+1.59200E-06,+4.74874363840E+00,-477.38705575E-03,-678.39208245E-03,-200.50048828E-03
+1.59300E-06,+4.74874363840E+00,-477.38705576E-03,-678.39208246E-03,-200.50048828E-03
+1.59400E-06,+4.74874363840E+00,-678.39208245E-03,-879.39710914E-03,-200.50048828E-03
+1.59500E-06,+4.74874363840E+00,-477.38705576E-03,-678.39208245E-03,-200.50048827E-03
+1.59600E-06,+4.74874363840E+00,-678.39208245E-03,-678.39208246E-03,+305.17577E-06
+1.59700E-06,+4.94974866509E+00,-477.38705575E-03,-879.39710914E-03,-401.30615234E-03
+1.59800E-06,+4.94974866509E+00,-477.38705576E-03,-678.39208245E-03,-200.50048827E-03
+1.59900E-06,+4.94974866509E+00,-678.39208245E-03,-678.39208245E-03,+305.17579E-06
+1.60000E-06,+4.74874363840E+00,-678.39208243E-03,-477.38705575E-03,+201.11083982E-03
+1.60100E-06,+4.74874363840E+00,-75.37700236E-03,-477.38705575E-03,-401.30615234E-03
+1.60200E-06,+4.94974866509E+00,-75.37700234E-03,-477.38705575E-03,-401.30615236E-03
+1.60300E-06,+4.74874363840E+00,+326.63305105E-03,-477.38705574E-03,-802.91748046E-03
+1.60400E-06,+4.74874363840E+00,+527.63807774E-03,-75.37700237E-03,-602.11181642E-03
+1.60500E-06,+4.74874363840E+00,+728.64310446E-03,-276.38202905E-03,-1.00372314455E+00
+1.60600E-06,+4.74874363840E+00,+1.33165818452E+00,-75.37700235E-03,-1.40533447264E+00
+1.60700E-06,+4.74874363840E+00,+1.13065315785E+00,+125.62802436E-03,-1.00372314454E+00
+1.60800E-06,+4.74874363840E+00,+1.73366823794E+00,+527.63807773E-03,-1.20452880862E+00
+1.60900E-06,+4.94974866508E+00,+2.13567829134E+00,+326.63305105E-03,-1.80694580080E+00
+1.61000E-06,+4.54773861170E+00,+2.73869337142E+00,+527.63807774E-03,-2.20855712891E+00
+1.61100E-06,+4.54773861171E+00,+2.93969839811E+00,+728.64310444E-03,-2.20855712890E+00
+1.61200E-06,+4.74874363840E+00,+2.93969839812E+00,+929.64813113E-03,-2.00775146485E+00
+1.61300E-06,+4.94974866509E+00,+3.14070342483E+00,+929.64813115E-03,-2.20855712891E+00
+1.61400E-06,+4.94974866509E+00,+3.54271347822E+00,+1.33165818454E+00,-2.20855712891E+00
+1.61500E-06,+4.74874363840E+00,+3.74371850495E+00,+1.53266321126E+00,-2.20855712891E+00
+1.61600E-06,+4.94974866509E+00,+4.74874363844E+00,+2.33668331805E+00,-2.40936279298E+00
+1.61700E-06,+4.74874363840E+00,+5.95477379863E+00,+3.14070342484E+00,-2.81097412111E+00
+1.61800E-06,+4.74874363840E+00,+7.16080395884E+00,+3.94472353162E+00,-3.21258544927E+00
+1.61900E-06,+4.74874363840E+00,+8.76884417241E+00,+4.34673358502E+00,-4.41741943362E+00
+1.62000E-06,+4.74874363840E+00,+9.97487433260E+00,+4.94974866510E+00,-5.01983642582E+00
+1.62100E-06,+4.94974866510E+00,+11.18090449276E+00,+5.15075369181E+00,-6.02386474610E+00
+1.62200E-06,+5.15075369178E+00,+11.78391957284E+00,+5.55276374520E+00,-6.22467041015E+00
+1.62300E-06,+4.94974866509E+00,+11.98492459955E+00,+5.95477379860E+00,-6.02386474610E+00
+1.62400E-06,+4.74874363837E+00,+12.58793967965E+00,+6.35678385201E+00,-6.22467041016E+00
+1.62500E-06,+4.14572855830E+00,+13.19095475974E+00,+6.95979893212E+00,-6.22467041013E+00
+1.62600E-06,+4.14572855830E+00,+13.79396983985E+00,+8.16582909230E+00,-5.62225341798E+00
+1.62700E-06,+4.14572855833E+00,+14.79899497333E+00,+8.96984919909E+00,-5.82305908203E+00
+1.62800E-06,+4.74874363841E+00,+15.60301508013E+00,+9.77386930587E+00,-5.82305908204E+00
+1.62900E-06,+5.15075369183E+00,+16.40703518691E+00,+10.37688438597E+00,-6.02386474609E+00
+1.63000E-06,+5.95477379860E+00,+17.01005026698E+00,+10.97989946606E+00,-6.02386474607E+00
+1.63100E-06,+6.35678385196E+00,+17.01005026699E+00,+11.58291454616E+00,-5.42144775389E+00
+1.63200E-06,+5.95477379854E+00,+17.21105529368E+00,+12.18592962626E+00,-5.01983642575E+00
+1.63300E-06,+4.74874363836E+00,+17.21105529368E+00,+12.98994973304E+00,-4.21661376951E+00
+1.63400E-06,+3.74371850487E+00,+17.21105529370E+00,+13.59296481313E+00,-3.61419677734E+00
+1.63500E-06,+2.93969839811E+00,+17.61306534711E+00,+13.99497486655E+00,-3.61419677734E+00
+1.63600E-06,+2.73869337142E+00,+18.41708545389E+00,+15.00000000002E+00,-3.41339111328E+00
+1.63700E-06,+2.93969839813E+00,+19.02010053400E+00,+15.60301508012E+00,-3.41339111330E+00
+1.63800E-06,+3.34170845153E+00,+20.02512566746E+00,+16.20603016021E+00,-3.81500244139E+00
+1.63900E-06,+3.74371850494E+00,+20.22613069417E+00,+16.80904524030E+00,-3.41339111328E+00
+1.64000E-06,+4.54773861170E+00,+20.62814074756E+00,+17.21105529371E+00,-3.41339111326E+00
+1.64100E-06,+4.54773861168E+00,+20.82914577423E+00,+18.01507540050E+00,-2.81097412105E+00
+1.64200E-06,+4.14572855828E+00,+20.42713572085E+00,+18.61809048058E+00,-1.80694580076E+00
+1.64300E-06,+3.54271347818E+00,+20.42713572086E+00,+19.02010053399E+00,-1.40533447264E+00
+1.64400E-06,+2.93969839811E+00,+20.62814074756E+00,+19.62311561407E+00,-1.00372314453E+00
+1.64500E-06,+2.93969839813E+00,+21.03015080096E+00,+20.02512566748E+00,-1.00372314452E+00
+1.64600E-06,+3.34170845153E+00,+21.43216085436E+00,+20.62814074756E+00,-802.91748047E-03
+1.64700E-06,+3.74371850492E+00,+21.83417090775E+00,+21.03015080096E+00,-802.91748047E-03
+1.64800E-06,+4.14572855830E+00,+22.23618096115E+00,+21.43216085436E+00,-802.91748047E-03
+1.64900E-06,+4.14572855829E+00,+22.63819101453E+00,+21.83417090774E+00,-802.91748046E-03
+1.65000E-06,+3.74371850489E+00,+22.63819101453E+00,+22.03517593446E+00,-602.11181638E-03
+1.65100E-06,+3.34170845149E+00,+22.63819101451E+00,+22.63819101455E+00,+305.17582E-06
+1.65200E-06,+2.93969839810E+00,+22.23618096114E+00,+23.04020106794E+00,+803.52783204E-03
+1.65300E-06,+2.53768834471E+00,+22.43718598784E+00,+23.44221112134E+00,+1.00433349610E+00
+1.65400E-06,+2.33668331803E+00,+22.63819101453E+00,+23.84422117473E+00,+1.20513916017E+00
+1.65500E-06,+2.53768834473E+00,+22.63819101455E+00,+24.24623122813E+00,+1.60675048828E+00
+1.65600E-06,+2.93969839812E+00,+23.04020106795E+00,+24.64824128152E+00,+1.60675048826E+00
+1.65700E-06,+3.14070342484E+00,+23.64321614803E+00,+24.84924630822E+00,+1.20513916016E+00
+1.65800E-06,+3.74371850493E+00,+23.84422117473E+00,+25.05025133491E+00,+1.20513916016E+00
+1.65900E-06,+4.34673358501E+00,+24.04522620140E+00,+25.25125636161E+00,+1.20513916018E+00
+1.66000E-06,+4.54773861172E+00,+23.64321614801E+00,+25.45226138830E+00,+1.80755615235E+00
+1.66100E-06,+4.94974866512E+00,+23.44221112133E+00,+25.45226138832E+00,+2.00836181641E+00
+1.66200E-06,+5.55276374518E+00,+23.64321614800E+00,+25.85427144171E+00,+2.20916748049E+00
+1.66300E-06,+5.35175871849E+00,+23.24120609463E+00,+26.05527646840E+00,+2.81158447266E+00
+1.66400E-06,+5.35175871848E+00,+23.44221112134E+00,+26.25628149512E+00,+2.81158447266E+00
+1.66500E-06,+5.15075369178E+00,+23.84422117472E+00,+26.85929657519E+00,+3.01239013672E+00
+1.66600E-06,+4.94974866509E+00,+23.84422117473E+00,+26.85929657519E+00,+3.01239013670E+00
+1.66700E-06,+4.94974866509E+00,+24.24623122811E+00,+26.85929657519E+00,+2.61077880859E+00
+1.66800E-06,+4.74874363839E+00,+24.24623122811E+00,+26.85929657518E+00,+2.61077880859E+00
+1.66900E-06,+4.54773861169E+00,+24.24623122810E+00,+26.65829154849E+00,+2.40997314454E+00
+1.67000E-06,+4.34673358498E+00,+24.04522620141E+00,+26.65829154849E+00,+2.61077880860E+00
+1.67100E-06,+3.94472353160E+00,+23.84422117471E+00,+26.65829154850E+00,+2.81158447267E+00
+1.67200E-06,+3.74371850491E+00,+23.64321614803E+00,+26.85929657519E+00,+3.21319580077E+00
+1.67300E-06,+3.74371850491E+00,+23.84422117472E+00,+26.85929657519E+00,+3.01239013672E+00
+1.67400E-06,+3.74371850491E+00,+23.84422117473E+00,+26.85929657520E+00,+3.01239013671E+00
+1.67500E-06,+3.94472353161E+00,+24.24623122811E+00,+27.06030160189E+00,+2.81158447266E+00
+1.67600E-06,+4.14572855830E+00,+24.24623122812E+00,+27.06030160188E+00,+2.81158447264E+00
+1.67700E-06,+4.14572855831E+00,+24.44723625481E+00,+26.85929657518E+00,+2.40997314452E+00
+1.67800E-06,+4.34673358498E+00,+24.44723625479E+00,+26.65829154848E+00,+2.20916748048E+00
+1.67900E-06,+3.94472353159E+00,+24.04522620141E+00,+26.45728652179E+00,+2.40997314454E+00
+1.68000E-06,+3.74371850491E+00,+23.84422117473E+00,+26.45728652178E+00,+2.61077880858E+00
+1.68100E-06,+3.74371850491E+00,+24.04522620142E+00,+26.25628149509E+00,+2.20916748046E+00
+1.68200E-06,+3.74371850491E+00,+24.04522620141E+00,+26.05527646840E+00,+2.00836181642E+00
+1.68300E-06,+3.74371850490E+00,+23.84422117472E+00,+26.05527646841E+00,+2.20916748048E+00
+1.68400E-06,+3.54271347822E+00,+23.84422117473E+00,+26.25628149509E+00,+2.40997314451E+00
+1.68500E-06,+3.74371850491E+00,+24.04522620142E+00,+26.05527646839E+00,+2.00836181639E+00
+1.68600E-06,+3.74371850490E+00,+24.24623122810E+00,+25.85427144170E+00,+1.60675048829E+00
+1.68700E-06,+3.54271347821E+00,+24.04522620142E+00,+25.85427144170E+00,+1.80755615234E+00
+1.68800E-06,+3.54271347821E+00,+24.04522620142E+00,+25.85427144169E+00,+1.80755615233E+00
+1.68900E-06,+3.54271347821E+00,+24.04522620141E+00,+25.65326641499E+00,+1.60675048828E+00
+1.69000E-06,+3.54271347822E+00,+23.84422117473E+00,+25.45226138829E+00,+1.60675048826E+00
+1.69100E-06,+3.74371850491E+00,+24.04522620140E+00,+25.25125636161E+00,+1.20513916018E+00
+1.69200E-06,+3.74371850491E+00,+23.64321614803E+00,+25.45226138829E+00,+1.80755615233E+00
+1.69300E-06,+3.74371850491E+00,+23.84422117473E+00,+25.25125636160E+00,+1.40594482421E+00
+1.69400E-06,+3.74371850490E+00,+24.04522620141E+00,+25.25125636159E+00,+1.20513916016E+00
+1.69500E-06,+3.54271347821E+00,+23.84422117473E+00,+25.05025133491E+00,+1.20513916016E+00
+1.69600E-06,+3.54271347821E+00,+24.04522620142E+00,+25.25125636159E+00,+1.20513916015E+00
+1.69700E-06,+3.54271347822E+00,+24.04522620142E+00,+25.05025133490E+00,+1.00433349608E+00
+1.69800E-06,+3.74371850491E+00,+24.04522620142E+00,+24.84924630821E+00,+803.52783203E-03
+1.69900E-06,+3.74371850491E+00,+24.04522620141E+00,+24.84924630821E+00,+803.52783204E-03
+1.70000E-06,+3.74371850490E+00,+23.84422117472E+00,+24.84924630821E+00,+1.00433349609E+00
+1.70100E-06,+3.54271347821E+00,+23.84422117472E+00,+24.84924630820E+00,+1.00433349608E+00
+1.70200E-06,+3.54271347822E+00,+23.84422117471E+00,+24.64824128151E+00,+803.52783204E-03
+1.70300E-06,+3.74371850492E+00,+23.64321614802E+00,+24.64824128151E+00,+1.00433349609E+00
+1.70400E-06,+4.14572855831E+00,+23.64321614803E+00,+24.64824128151E+00,+1.00433349608E+00
+1.70500E-06,+4.34673358501E+00,+23.84422117472E+00,+24.64824128151E+00,+803.52783203E-03
+1.70600E-06,+4.54773861171E+00,+23.84422117473E+00,+24.64824128150E+00,+803.52783201E-03
+1.70700E-06,+4.74874363841E+00,+24.04522620141E+00,+24.44723625481E+00,+401.91650392E-03
+1.70800E-06,+4.94974866509E+00,+23.84422117472E+00,+24.44723625481E+00,+602.72216797E-03
+1.70900E-06,+4.94974866510E+00,+23.84422117472E+00,+24.44723625480E+00,+602.72216796E-03
+1.71000E-06,+5.15075369179E+00,+23.84422117471E+00,+24.24623122811E+00,+401.91650392E-03
+1.71100E-06,+5.15075369179E+00,+23.64321614802E+00,+24.24623122811E+00,+602.72216797E-03
+1.71200E-06,+5.15075369179E+00,+23.64321614803E+00,+24.24623122810E+00,+602.72216795E-03
+1.71300E-06,+5.15075369179E+00,+23.84422117471E+00,+24.04522620142E+00,+201.11083985E-03
+1.71400E-06,+5.15075369180E+00,+23.64321614802E+00,+24.04522620142E+00,+401.91650391E-03
+1.71500E-06,+5.35175871848E+00,+23.64321614802E+00,+24.04522620142E+00,+401.91650391E-03
+1.71600E-06,+5.15075369180E+00,+23.64321614802E+00,+24.04522620141E+00,+401.91650390E-03
+1.71700E-06,+5.35175871848E+00,+23.64321614802E+00,+23.84422117472E+00,+201.11083984E-03
+1.71800E-06,+5.15075369179E+00,+23.64321614801E+00,+23.84422117472E+00,+201.11083985E-03
+1.71900E-06,+5.15075369180E+00,+23.44221112134E+00,+23.84422117472E+00,+401.91650389E-03
+1.72000E-06,+5.35175871848E+00,+23.84422117471E+00,+23.84422117471E+00,+305.17578E-06
+1.72100E-06,+5.15075369179E+00,+23.64321614802E+00,+23.64321614803E+00,+305.17579E-06
+1.72200E-06,+5.15075369180E+00,+23.64321614803E+00,+23.84422117472E+00,+201.11083983E-03
+1.72300E-06,+5.35175871848E+00,+23.84422117470E+00,+23.84422117472E+00,+305.17580E-06
+1.72400E-06,+5.15075369180E+00,+23.44221112134E+00,+23.84422117471E+00,+401.91650388E-03
+1.72500E-06,+5.35175871850E+00,+23.84422117471E+00,+23.64321614803E+00,-200.50048826E-03
+1.72600E-06,+5.55276374518E+00,+23.64321614801E+00,+23.84422117472E+00,+201.11083985E-03
+1.72700E-06,+5.35175871849E+00,+23.44221112132E+00,+23.84422117472E+00,+401.91650391E-03
+1.72800E-06,+5.35175871849E+00,+23.44221112133E+00,+23.84422117473E+00,+401.91650391E-03
+1.72900E-06,+5.35175871848E+00,+23.64321614801E+00,+24.04522620141E+00,+401.91650391E-03
+1.73000E-06,+5.15075369179E+00,+23.44221112133E+00,+23.84422117473E+00,+401.91650391E-03
+1.73100E-06,+5.15075369178E+00,+23.64321614803E+00,+24.04522620142E+00,+401.91650390E-03
+1.73200E-06,+4.94974866509E+00,+23.84422117471E+00,+24.04522620141E+00,+201.11083984E-03
+1.73300E-06,+4.94974866509E+00,+23.64321614804E+00,+23.84422117474E+00,+201.11083984E-03
+1.73400E-06,+4.94974866508E+00,+24.04522620141E+00,+24.24623122811E+00,+201.11083985E-03
+1.73500E-06,+4.74874363839E+00,+23.84422117471E+00,+24.24623122811E+00,+401.91650392E-03
+1.73600E-06,+4.54773861170E+00,+23.64321614802E+00,+24.24623122811E+00,+602.72216797E-03
+1.73700E-06,+4.54773861170E+00,+23.64321614803E+00,+24.24623122811E+00,+602.72216796E-03
+1.73800E-06,+4.54773861170E+00,+23.84422117472E+00,+24.24623122812E+00,+401.91650392E-03
+1.73900E-06,+4.54773861170E+00,+23.84422117471E+00,+24.44723625482E+00,+602.72216799E-03
+1.74000E-06,+4.54773861170E+00,+23.64321614803E+00,+24.64824128151E+00,+1.00433349608E+00
+1.74100E-06,+4.54773861170E+00,+23.84422117472E+00,+24.64824128151E+00,+803.52783203E-03
+1.74200E-06,+4.54773861170E+00,+23.84422117471E+00,+24.64824128151E+00,+803.52783204E-03
+1.74300E-06,+4.54773861170E+00,+23.64321614803E+00,+24.64824128152E+00,+1.00433349609E+00
+1.74400E-06,+4.54773861171E+00,+23.84422117472E+00,+24.84924630821E+00,+1.00433349609E+00
+1.74500E-06,+4.74874363839E+00,+23.84422117472E+00,+24.84924630821E+00,+1.00433349609E+00
+1.74600E-06,+4.54773861169E+00,+23.84422117472E+00,+24.84924630820E+00,+1.00433349608E+00
+1.74700E-06,+4.34673358500E+00,+23.84422117471E+00,+24.64824128152E+00,+803.52783205E-03
+1.74800E-06,+4.34673358500E+00,+23.64321614802E+00,+24.84924630821E+00,+1.20513916016E+00
+1.74900E-06,+4.34673358500E+00,+23.64321614802E+00,+24.84924630821E+00,+1.20513916016E+00
