x-axis,1,2,4,F1
second,Volt,Volt,Volt,Volt
-2.500000E-06,+4.984688992001E+00,+5.065994031957E+00,+5.055629710459E+00,-10.362549179E-03
-2.497500E-06,+4.976052057260E+00,+5.077810928815E+00,+5.054451946653E+00,-23.355712951E-03
-2.495000E-06,+5.159783214476E+00,+5.065679961608E+00,+5.047777951750E+00,-17.899170104E-03
-2.492500E-06,+4.971341001947E+00,+5.076279835866E+00,+5.059398554640E+00,-16.878662314E-03
-2.490000E-06,+4.812735473068E+00,+5.077771670021E+00,+5.062696293298E+00,-15.072021730E-03
-2.487500E-06,+5.091080324491E+00,+5.065876255576E+00,+5.055040828556E+00,-10.833740574E-03
-2.485000E-06,+4.916378689959E+00,+5.084681217686E+00,+5.048641645208E+00,-36.036376730E-03
-2.482500E-06,+4.970163238118E+00,+5.068310300776E+00,+5.050015702982E+00,-18.292236501E-03
-2.480000E-06,+5.118168892543E+00,+5.054059358718E+00,+5.063402951582E+00,+9.344481631E-03
-2.477500E-06,+5.069487987639E+00,+5.069095476647E+00,+5.054962310969E+00,-14.129638938E-03
-2.475000E-06,+5.011384972109E+00,+5.063088881234E+00,+5.060026695337E+00,-3.060303248E-03
-2.472500E-06,+4.986259343772E+00,+5.052881594911E+00,+5.057121544614E+00,+4.240721979E-03
-2.470000E-06,+5.136227937910E+00,+5.062539258124E+00,+5.055158604937E+00,-7.379150808E-03
-2.467500E-06,+4.959955951606E+00,+5.067996230428E+00,+5.052135677834E+00,-15.858154524E-03
-2.465000E-06,+4.976052057260E+00,+5.050918655234E+00,+5.061754082253E+00,+10.836180816E-03
-2.462500E-06,+5.089509972720E+00,+5.060419283272E+00,+5.055001569763E+00,-5.416260227E-03
-2.460000E-06,+4.978407584917E+00,+5.052960112498E+00,+5.046835740704E+00,-6.121826617E-03
-2.457500E-06,+5.008636856510E+00,+5.061400753111E+00,+5.052606783356E+00,-8.792724995E-03
-2.455000E-06,+4.990970399085E+00,+5.070312499247E+00,+5.056100815982E+00,-14.207763936E-03
-2.452500E-06,+4.939933966525E+00,+5.066975501795E+00,+5.046835740704E+00,-20.136718882E-03
-2.450000E-06,+4.996466630284E+00,+5.076201318279E+00,+5.048327574859E+00,-27.869873006E-03
-2.447500E-06,+5.046717886959E+00,+5.059359295847E+00,+5.054923052176E+00,-4.433594233E-03
-2.445000E-06,+4.967415122519E+00,+5.069527323376E+00,+5.054216393892E+00,-15.308838131E-03
-2.442500E-06,+4.893216001336E+00,+5.075730212757E+00,+5.038826946820E+00,-36.899413820E-03
-2.440000E-06,+5.043577183416E+00,+5.065365891260E+00,+5.050054961775E+00,-15.308838131E-03
-2.437500E-06,+4.985474167887E+00,+5.070076946486E+00,+5.043577260840E+00,-26.496582021E-03
-2.435000E-06,+5.124450299627E+00,+5.073374685144E+00,+5.042281720653E+00,-31.090087778E-03
-2.432500E-06,+5.041221655760E+00,+5.096105526609E+00,+5.051114949201E+00,-44.987792545E-03
-2.430000E-06,+5.027873665706E+00,+5.078007222783E+00,+5.042595791001E+00,-35.408935338E-03
-2.427500E-06,+5.024340374221E+00,+5.025753768568E+00,+5.044244660330E+00,+18.489989239E-03
-2.425000E-06,+5.012955323880E+00,+5.066151067131E+00,+5.068899182679E+00,+2.747802091E-03
-2.422500E-06,+4.998036982055E+00,+5.101405463738E+00,+5.059791142576E+00,-41.611327777E-03
-2.420000E-06,+5.036510600446E+00,+5.035529208162E+00,+5.043538002046E+00,+8.009032442E-03
-2.417500E-06,+5.013347911823E+00,+5.033566268485E+00,+5.058417084801E+00,+24.851073081E-03
-2.415000E-06,+5.096969143633E+00,+5.108000941054E+00,+5.073924308253E+00,-34.073486149E-03
-2.412500E-06,+4.965059594862E+00,+5.094299622106E+00,+5.046560929150E+00,-47.734374515E-03
-2.410000E-06,+4.928941504128E+00,+5.037570665427E+00,+5.048877197969E+00,+11.307372212E-03
-2.407500E-06,+5.018058967136E+00,+5.057671167724E+00,+5.066504396273E+00,+8.834227736E-03
-2.405000E-06,+4.955637484236E+00,+5.126766644371E+00,+5.060968906382E+00,-65.794676846E-03
-2.402500E-06,+4.892038237507E+00,+5.080048680047E+00,+5.062264446569E+00,-17.781982607E-03
-2.400000E-06,+5.005103565025E+00,+5.021867148007E+00,+5.061597047079E+00,+39.730223139E-03
-2.397500E-06,+5.093828440091E+00,+5.080048680047E+00,+5.062382222950E+00,-17.663574406E-03
-2.395000E-06,+4.949356077152E+00,+5.123861493648E+00,+5.073610237905E+00,-50.247802193E-03
-2.392500E-06,+5.035725424561E+00,+5.068663629918E+00,+5.062657034505E+00,-6.005859823E-03
-2.390000E-06,+5.124450299627E+00,+5.043145414111E+00,+5.063245916408E+00,+20.101317328E-03
-2.387500E-06,+4.892038237507E+00,+5.080127197634E+00,+5.071411745466E+00,-8.714599997E-03
-2.385000E-06,+4.978407584916E+00,+5.102975815480E+00,+5.070626569595E+00,-32.344970562E-03
-2.382500E-06,+5.135050174082E+00,+5.064659232976E+00,+5.063442210376E+00,-1.215820867E-03
-2.380000E-06,+4.881830950995E+00,+5.047856469337E+00,+5.085544911144E+00,+37.686766154E-03
-2.377500E-06,+4.961133715435E+00,+5.108275752609E+00,+5.066857725415E+00,-41.414794578E-03
-2.375000E-06,+5.076554570609E+00,+5.108629081751E+00,+5.061204459144E+00,-47.420653819E-03
-2.372500E-06,+4.992540750856E+00,+5.055276381318E+00,+5.071765074608E+00,+16.488036159E-03
-2.370000E-06,+4.848853563803E+00,+5.065601444021E+00,+5.056336368743E+00,-9.261474984E-03
-2.367500E-06,+5.047503062844E+00,+5.111966079203E+00,+5.065679961608E+00,-46.282958532E-03
-2.365000E-06,+5.069487987639E+00,+5.096066267815E+00,+5.060654836034E+00,-35.408935338E-03
-2.362500E-06,+4.969770650176E+00,+5.063677763137E+00,+5.063559986756E+00,-115.967376E-06
-2.360000E-06,+5.028658841591E+00,+5.058220790834E+00,+5.066936243002E+00,+8.714598833E-03
-2.357500E-06,+5.088332208892E+00,+5.108118717435E+00,+5.061518529492E+00,-46.596679228E-03
-2.355000E-06,+4.943859845953E+00,+5.091198177415E+00,+5.062617775711E+00,-28.577880803E-03
-2.352500E-06,+5.035332836618E+00,+5.054059358717E+00,+5.070705087182E+00,+16.645506858E-03
-2.350000E-06,+5.009029444453E+00,+5.079106469002E+00,+5.075965765518E+00,-3.138428246E-03
-2.347500E-06,+5.012955323880E+00,+5.103918026525E+00,+5.067564383699E+00,-36.350097426E-03
-2.345000E-06,+5.141724169108E+00,+5.069448805789E+00,+5.065208856086E+00,-4.237061034E-03
-2.342500E-06,+4.987829695543E+00,+5.074434672570E+00,+5.067642901286E+00,-6.789551212E-03
-2.340000E-06,+4.965844770748E+00,+5.089078202564E+00,+5.078007222783E+00,-11.068115569E-03
-2.337500E-06,+5.090687736549E+00,+5.094770727628E+00,+5.069841393724E+00,-24.926757837E-03
-2.335000E-06,+4.964274418977E+00,+5.077065011737E+00,+5.070705087182E+00,-6.356201612E-03
-2.332500E-06,+5.035332836618E+00,+5.078399810718E+00,+5.079381280557E+00,+982.665412E-06
-2.330000E-06,+4.965844770748E+00,+5.110906091777E+00,+5.074238378602E+00,-36.663818122E-03
-2.327500E-06,+4.997251806170E+00,+5.087193780473E+00,+5.079499056938E+00,-7.694092207E-03
-2.325000E-06,+5.089117384777E+00,+5.079891644873E+00,+5.068585112331E+00,-11.304931970E-03
-2.322500E-06,+4.969770650176E+00,+5.084524182512E+00,+5.079184986589E+00,-5.336914525E-03
-2.320000E-06,+4.983903816116E+00,+5.090413001544E+00,+5.072668026860E+00,-17.742920107E-03
-2.317500E-06,+5.049858590501E+00,+5.100345476312E+00,+5.075416142408E+00,-24.925537134E-03
-2.315000E-06,+5.032584721019E+00,+5.075965765518E+00,+5.077222046912E+00,+1.256102905E-03
-2.312500E-06,+5.092650676262E+00,+5.079381280557E+00,+5.081736808170E+00,+2.357177100E-03
-2.310000E-06,+5.094613615976E+00,+5.088528579454E+00,+5.079342021763E+00,-9.183349986E-03
-2.307500E-06,+5.118561480485E+00,+5.094456657280E+00,+5.079342021763E+00,-15.112304932E-03
-2.305000E-06,+5.081265625922E+00,+5.074709484125E+00,+5.089627825673E+00,+14.918211975E-03
-2.302500E-06,+5.051821530214E+00,+5.094652951248E+00,+5.075965765518E+00,-18.684082196E-03
-2.300000E-06,+5.089902560663E+00,+5.095045539183E+00,+5.074238378602E+00,-20.804443476E-03
-2.297500E-06,+5.045932711073E+00,+5.087664885996E+00,+5.079891644873E+00,-7.770996502E-03
-2.295000E-06,+5.099324671290E+00,+5.088528579454E+00,+5.072039886163E+00,-16.485595917E-03
-2.292500E-06,+4.991755574971E+00,+5.092768529157E+00,+5.083346418705E+00,-9.421387090E-03
-2.290000E-06,+4.990970399085E+00,+5.096458855751E+00,+5.069605840963E+00,-26.849365216E-03
-2.287500E-06,+4.980370524630E+00,+5.085387875970E+00,+5.073649496699E+00,-11.735840163E-03
-2.285000E-06,+5.029444017476E+00,+5.088999684976E+00,+5.075259107234E+00,-13.739013947E-03
-2.282500E-06,+5.043969771359E+00,+5.091394471383E+00,+5.074748742918E+00,-16.643066616E-03
-2.280000E-06,+5.090687736548E+00,+5.094260363312E+00,+5.075416142408E+00,-18.841552895E-03
-2.277500E-06,+5.066347284097E+00,+5.093985551757E+00,+5.079891644873E+00,-14.090576439E-03
-2.275000E-06,+4.908526931104E+00,+5.090491519131E+00,+5.086879710125E+00,-3.609619642E-03
-2.272500E-06,+5.115028189000E+00,+5.083150124738E+00,+5.082600501628E+00,-549.316976E-06
-2.270000E-06,+5.087547033007E+00,+5.099521041648E+00,+5.078792398654E+00,-20.726318478E-03
-2.267500E-06,+5.020021906850E+00,+5.089981154815E+00,+5.074552448950E+00,-15.426025628E-03
-2.265000E-06,+5.039651303988E+00,+5.079734609699E+00,+5.078478328305E+00,-1.253662663E-03
-2.262500E-06,+5.071058339410E+00,+5.103368403416E+00,+5.085544911144E+00,-17.821045106E-03
-2.260000E-06,+5.015310851537E+00,+5.096694408512E+00,+5.084916770447E+00,-11.776123366E-03
-2.257500E-06,+4.947393137438E+00,+5.097401066796E+00,+5.080323491602E+00,-17.076416216E-03
-2.255000E-06,+5.013740499766E+00,+5.108315011403E+00,+5.088842649802E+00,-19.468994287E-03
-2.252500E-06,+5.043969771359E+00,+5.103015074274E+00,+5.083856783021E+00,-19.155273591E-03
-2.250000E-06,+4.870053312713E+00,+5.108786116925E+00,+5.082875313183E+00,-25.906982425E-03
-2.247500E-06,+5.021592258622E+00,+5.103800250145E+00,+5.081854584550E+00,-21.943359467E-03
-2.245000E-06,+4.948570901266E+00,+5.109100187274E+00,+5.084367147338E+00,-24.730224639E-03
-2.242500E-06,+4.990970399086E+00,+5.106509106899E+00,+5.077771670021E+00,-28.734130799E-03
-2.240000E-06,+4.967415122519E+00,+5.104624684809E+00,+5.087664885996E+00,-16.956787312E-03
-2.237500E-06,+4.943074670067E+00,+5.107412059151E+00,+5.083739006641E+00,-23.669433647E-03
-2.235000E-06,+5.033369896904E+00,+5.107922423467E+00,+5.075023554473E+00,-32.896728362E-03
-2.232500E-06,+4.985474167886E+00,+5.093161117093E+00,+5.089156720151E+00,-4.001465336E-03
-2.230000E-06,+5.035725424561E+00,+5.098186242667E+00,+5.093867775377E+00,-4.315186033E-03
-2.227500E-06,+5.003533213254E+00,+5.104271355667E+00,+5.087429333234E+00,-16.839599815E-03
-2.225000E-06,+4.971341001947E+00,+5.090805589480E+00,+5.091826318112E+00,+1.021727911E-03
-2.222500E-06,+5.043577183416E+00,+5.104467649635E+00,+5.083896041815E+00,-20.568847779E-03
-2.220000E-06,+5.049073414615E+00,+5.106744659661E+00,+5.094338880899E+00,-12.403564758E-03
-2.217500E-06,+4.926585976471E+00,+5.108275752609E+00,+5.088607097041E+00,-19.665527486E-03
-2.215000E-06,+5.138583465566E+00,+5.113340136977E+00,+5.094338880899E+00,-18.997802892E-03
-2.212500E-06,+5.010992384167E+00,+5.110513503842E+00,+5.095752197467E+00,-14.759521737E-03
-2.210000E-06,+5.033369896904E+00,+5.112790513867E+00,+5.100620287867E+00,-12.166748357E-03
-2.207500E-06,+5.104035726603E+00,+5.103800250145E+00,+5.088489320660E+00,-15.308838131E-03
-2.205000E-06,+5.033369896904E+00,+5.114125312848E+00,+5.087350815647E+00,-26.771240218E-03
-2.202500E-06,+4.888504946022E+00,+5.119503767564E+00,+5.094103328138E+00,-25.397949233E-03
-2.200000E-06,+5.162923918018E+00,+5.105959483790E+00,+5.100934358215E+00,-5.023193829E-03
-2.197500E-06,+4.957600423950E+00,+5.120917084132E+00,+5.101130652183E+00,-19.783935687E-03
-2.195000E-06,+5.090687736548E+00,+5.117423051506E+00,+5.092532976396E+00,-24.886474635E-03
-2.192500E-06,+5.056139997585E+00,+5.112319408345E+00,+5.091669282938E+00,-20.646972777E-03
-2.190000E-06,+5.201397536410E+00,+5.108315011403E+00,+5.103289885828E+00,-5.023193829E-03
-2.187500E-06,+4.994896278513E+00,+5.125431845390E+00,+5.103289885828E+00,-22.138671962E-03
-2.185000E-06,+4.994111102628E+00,+5.105723931029E+00,+5.106273554138E+00,+550.536515E-06
-2.182500E-06,+5.110317133688E+00,+5.120799307751E+00,+5.102269157196E+00,-18.526611496E-03
-2.180000E-06,+4.971341001947E+00,+5.111220162125E+00,+5.104075061699E+00,-7.142334407E-03
-2.177500E-06,+5.008244268567E+00,+5.123272611745E+00,+5.105488378267E+00,-17.781982607E-03
-2.175000E-06,+5.148005576193E+00,+5.120956342926E+00,+5.101955086848E+00,-18.997802892E-03
-2.172500E-06,+5.003140625311E+00,+5.129985865442E+00,+5.105135049125E+00,-24.848632839E-03
-2.170000E-06,+4.989400047314E+00,+5.141135362810E+00,+5.111926820409E+00,-29.205322195E-03
-2.167500E-06,+5.149183340021E+00,+5.119974873087E+00,+5.113300878184E+00,-6.671143011E-03
-2.165000E-06,+5.022377434507E+00,+5.132341393055E+00,+5.102190639609E+00,-30.147704986E-03
-2.162500E-06,+4.962704067206E+00,+5.136699119139E+00,+5.109924621938E+00,-26.771240218E-03
-2.160000E-06,+5.045932711073E+00,+5.117187498745E+00,+5.116009734938E+00,-1.175537665E-03
-2.157500E-06,+4.954067132465E+00,+5.135246543778E+00,+5.115931217351E+00,-19.312744291E-03
-2.155000E-06,+4.939148790640E+00,+5.123940011235E+00,+5.120406719816E+00,-3.531494644E-03
-2.152500E-06,+5.005496152968E+00,+5.124568151932E+00,+5.107804647087E+00,-16.761474817E-03
-2.150000E-06,+5.043577183416E+00,+5.124882222281E+00,+5.104075061699E+00,-20.804443476E-03
-2.147500E-06,+5.083621153579E+00,+5.133793968416E+00,+5.116363064080E+00,-17.427978708E-03
-2.145000E-06,+5.134657586138E+00,+5.120092649468E+00,+5.108236493816E+00,-11.854248364E-03
-2.142500E-06,+5.054569645814E+00,+5.137288001042E+00,+5.118561556519E+00,-18.723144695E-03
-2.140000E-06,+5.061636228784E+00,+5.139015387958E+00,+5.114046795261E+00,-24.964599633E-03
-2.137500E-06,+5.021984846564E+00,+5.125353327803E+00,+5.118129709790E+00,-7.220459405E-03
-2.135000E-06,+5.117383716657E+00,+5.144668654229E+00,+5.119150438422E+00,-25.516357434E-03
-2.132500E-06,+4.947000549495E+00,+5.140232410558E+00,+5.115381594242E+00,-24.847412136E-03
-2.130000E-06,+4.844142508490E+00,+5.141370915571E+00,+5.124175563997E+00,-17.193603713E-03
-2.127500E-06,+5.081658213865E+00,+5.137405777423E+00,+5.123429646919E+00,-13.973388942E-03
-2.125000E-06,+4.999607333827E+00,+5.136895413107E+00,+5.124725187106E+00,-12.166748357E-03
-2.122500E-06,+5.032192133076E+00,+5.147338252191E+00,+5.118993403248E+00,-28.341064402E-03
-2.120000E-06,+5.080480450037E+00,+5.138465764849E+00,+5.113340136977E+00,-25.123291036E-03
-2.117500E-06,+4.966629946634E+00,+5.139525752274E+00,+5.120603013784E+00,-18.919677894E-03
-2.115000E-06,+4.998036982055E+00,+5.145453830100E+00,+5.118051192203E+00,-27.398681610E-03
-2.112500E-06,+4.956815248064E+00,+5.141527950745E+00,+5.132027322707E+00,-9.498291385E-03
-2.110000E-06,+4.923445272929E+00,+5.139722046242E+00,+5.129750312681E+00,-9.969482781E-03
-2.107500E-06,+4.985081579943E+00,+5.150793026023E+00,+5.133440639274E+00,-17.349853710E-03
-2.105000E-06,+5.037295776331E+00,+5.136895413107E+00,+5.132184357881E+00,-4.708252430E-03
-2.102500E-06,+5.045147535187E+00,+5.152010048623E+00,+5.127394785068E+00,-24.613037141E-03
-2.100000E-06,+5.097754319518E+00,+5.146396041146E+00,+5.129357724745E+00,-17.034912311E-03
-2.097500E-06,+5.027088489820E+00,+5.151578201894E+00,+5.125392586597E+00,-26.182861325E-03
-2.095000E-06,+5.145650048536E+00,+5.148830086346E+00,+5.132812498578E+00,-16.014404521E-03
-2.092500E-06,+5.030621781305E+00,+5.146513817526E+00,+5.132223616674E+00,-14.287109638E-03
-2.090000E-06,+4.927371152356E+00,+5.161628453043E+00,+5.129907347855E+00,-31.717529170E-03
-2.087500E-06,+4.996074042341E+00,+5.141645727126E+00,+5.135403578952E+00,-6.240234818E-03
-2.085000E-06,+4.817446528381E+00,+5.150714508436E+00,+5.116794910809E+00,-33.917236152E-03
-2.082500E-06,+4.910882458761E+00,+5.144707913023E+00,+5.136424307584E+00,-8.281250397E-03
-2.080000E-06,+5.028658841591E+00,+5.145532347688E+00,+5.144747171817E+00,-782.471268E-06
-2.077500E-06,+5.034155072790E+00,+5.151107096372E+00,+5.134108038765E+00,-16.995849812E-03
-2.075000E-06,+5.047503062844E+00,+5.148437498410E+00,+5.132341393055E+00,-16.092529519E-03
-2.072500E-06,+5.023947786277E+00,+5.132302134261E+00,+5.141763503507E+00,+9.461669128E-03
-2.070000E-06,+4.939933966525E+00,+5.138387247262E+00,+5.129200689571E+00,-9.183349986E-03
-2.067500E-06,+5.073413867067E+00,+5.141056845223E+00,+5.135913943268E+00,-5.140381327E-03
-2.065000E-06,+4.968200298405E+00,+5.143647925597E+00,+5.119621543945E+00,-24.024658248E-03
-2.062500E-06,+5.119346656371E+00,+5.148712309965E+00,+5.126059986087E+00,-22.650146560E-03
-2.060000E-06,+5.063991756440E+00,+5.125510362977E+00,+5.123704458474E+00,-1.802979058E-03
-2.057500E-06,+4.959170775721E+00,+5.137994659326E+00,+5.129632536300E+00,-8.360596098E-03
-2.055000E-06,+5.138583465567E+00,+5.147416769778E+00,+5.128336996113E+00,-19.075927890E-03
-2.052500E-06,+4.942289494182E+00,+5.144079772326E+00,+5.122055589145E+00,-22.021484465E-03
-2.050000E-06,+4.989400047314E+00,+5.145296794926E+00,+5.119071920835E+00,-26.221923824E-03
-2.047500E-06,+5.078517510322E+00,+5.129946606648E+00,+5.120681531371E+00,-9.262695687E-03
-2.045000E-06,+4.917949041730E+00,+5.159194407843E+00,+5.112005337996E+00,-47.186278824E-03
-2.042500E-06,+5.050643766387E+00,+5.151264131546E+00,+5.113300878184E+00,-37.960204812E-03
-2.040000E-06,+4.963489243091E+00,+5.121348930861E+00,+5.124725187106E+00,+3.375243483E-03
-2.037500E-06,+5.056139997584E+00,+5.142156091442E+00,+5.110827574190E+00,-31.325683476E-03
-2.035000E-06,+4.981548288458E+00,+5.154561870204E+00,+5.117344533919E+00,-37.213134516E-03
-2.032500E-06,+5.049858590500E+00,+5.141292397984E+00,+5.123782976061E+00,-17.506103706E-03
-2.030000E-06,+5.042006831645E+00,+5.138544282436E+00,+5.129043654397E+00,-9.498291385E-03
-2.027500E-06,+5.003533213254E+00,+5.131556217184E+00,+5.123782976061E+00,-7.770996502E-03
-2.025000E-06,+4.992540750856E+00,+5.132419910642E+00,+5.115303076655E+00,-17.113037309E-03
-2.022500E-06,+5.114243013115E+00,+5.160136618888E+00,+5.126099244881E+00,-34.034423649E-03
-2.020000E-06,+4.950926428923E+00,+5.144433101468E+00,+5.131556217184E+00,-12.874756154E-03
-2.017500E-06,+4.928941504127E+00,+5.134186556352E+00,+5.127119973513E+00,-7.065430112E-03
-2.015000E-06,+5.217886230005E+00,+5.154718905378E+00,+5.129200689571E+00,-25.516357434E-03
-2.012500E-06,+5.072236103239E+00,+5.147298993397E+00,+5.126099244881E+00,-21.197509874E-03
-2.010000E-06,+4.976837233145E+00,+5.146945664255E+00,+5.120092649468E+00,-26.849365216E-03
-2.007500E-06,+5.068310223812E+00,+5.143373114042E+00,+5.133244345307E+00,-10.125732778E-03
-2.005000E-06,+4.882616126881E+00,+5.142156091442E+00,+5.110513503842E+00,-31.639404172E-03
-2.002500E-06,+5.031014369248E+00,+5.148947862726E+00,+5.118640074106E+00,-30.305175686E-03
-2.000000E-06,+5.091472912434E+00,+5.141292397984E+00,+5.143726443184E+00,+2.432860692E-03
-1.997500E-06,+5.100502435118E+00,+5.148319722030E+00,+5.132773239784E+00,-15.544433828E-03
-1.995000E-06,+4.995681454398E+00,+5.136895413107E+00,+5.130928076487E+00,-5.965576621E-03
-1.992500E-06,+5.030229193362E+00,+5.144158289913E+00,+5.125549621771E+00,-18.605957197E-03
-1.990000E-06,+5.011384972109E+00,+5.148673051172E+00,+5.128729584048E+00,-19.940185683E-03
-1.987500E-06,+4.979585348745E+00,+5.138897611578E+00,+5.128965136810E+00,-9.930420282E-03
-1.985000E-06,+4.976837233145E+00,+5.133440639274E+00,+5.135246543778E+00,+1.805419299E-03
-1.982500E-06,+5.056532585528E+00,+5.149772297391E+00,+5.126805903165E+00,-22.963867256E-03
-1.980000E-06,+5.124450299626E+00,+5.135639131713E+00,+5.139093905545E+00,+3.455809887E-03
-1.977500E-06,+5.082050801808E+00,+5.140860551255E+00,+5.127434043861E+00,-13.422851845E-03
-1.975000E-06,+5.129946530826E+00,+5.151656719481E+00,+5.113497172151E+00,-38.155517307E-03
-1.972500E-06,+5.118561480485E+00,+5.142234609029E+00,+5.117305275125E+00,-24.926757838E-03
-1.970000E-06,+5.107176430145E+00,+5.147730840126E+00,+5.127708855416E+00,-20.018310682E-03
-1.967500E-06,+5.081265625922E+00,+5.142273867823E+00,+5.129357724745E+00,-12.913818653E-03
-1.965000E-06,+5.094613615977E+00,+5.145532347688E+00,+5.112554961106E+00,-32.974853361E-03
-1.962500E-06,+4.930119267956E+00,+5.146827887875E+00,+5.118090450997E+00,-28.734130799E-03
-1.960000E-06,+4.985474167886E+00,+5.133676192036E+00,+5.118600815313E+00,-15.072021730E-03
-1.957500E-06,+5.194330953441E+00,+5.147063440636E+00,+5.114910488719E+00,-32.149658067E-03
-1.955000E-06,+4.957207836007E+00,+5.144276066294E+00,+5.117658604268E+00,-26.614990222E-03
-1.952500E-06,+5.108746781916E+00,+5.137602071391E+00,+5.123704458474E+00,-13.895263943E-03
-1.950000E-06,+5.124450299626E+00,+5.146396041146E+00,+5.120642272577E+00,-25.750732428E-03
-1.947500E-06,+4.925408212643E+00,+5.143019784900E+00,+5.130456970965E+00,-12.561035458E-03
-1.945000E-06,+4.985474167886E+00,+5.129357724745E+00,+5.117658604267E+00,-11.695556961E-03
-1.942500E-06,+5.142116757051E+00,+5.147338252191E+00,+5.127944408177E+00,-19.390869289E-03
-1.940000E-06,+4.964274418977E+00,+5.143961995946E+00,+5.122683729842E+00,-21.275634872E-03
-1.937500E-06,+5.089509972720E+00,+5.145532347688E+00,+5.120053390674E+00,-25.476074232E-03
-1.935000E-06,+5.101680198945E+00,+5.155896669184E+00,+5.127551820242E+00,-28.341064402E-03
-1.932500E-06,+5.080873037980E+00,+5.140036116591E+00,+5.132851757371E+00,-7.181396906E-03
-1.930000E-06,+4.954852308351E+00,+5.149850814978E+00,+5.127708855416E+00,-22.139892665E-03
-1.927500E-06,+5.082835977693E+00,+5.150557473262E+00,+5.131556217184E+00,-18.997802892E-03
-1.925000E-06,+4.880260599225E+00,+5.147416769778E+00,+5.124882222281E+00,-22.530517657E-03
-1.922500E-06,+4.996074042341E+00,+5.151617460688E+00,+5.120288943435E+00,-31.324462772E-03
-1.920000E-06,+5.199827184638E+00,+5.145532347688E+00,+5.125117775042E+00,-20.411377079E-03
-1.917500E-06,+5.044754947245E+00,+5.149026380313E+00,+5.122565953461E+00,-26.457519522E-03
-1.915000E-06,+4.947785725381E+00,+5.155504081249E+00,+5.121505966035E+00,-33.995361150E-03
-1.912500E-06,+5.060458464956E+00,+5.128808101636E+00,+5.128533290081E+00,-273.438076E-06
-1.910000E-06,+5.233589747716E+00,+5.146553076320E+00,+5.126295538848E+00,-20.255127082E-03
-1.907500E-06,+5.031406957190E+00,+5.133754709623E+00,+5.133205086513E+00,-548.096273E-06
-1.905000E-06,+5.000392509711E+00,+5.129671795094E+00,+5.128258478526E+00,-1.409912660E-03
-1.902500E-06,+5.036118012504E+00,+5.141920538681E+00,+5.129514759919E+00,-12.402344055E-03
-1.900000E-06,+4.995681454399E+00,+5.137994659326E+00,+5.127394785068E+00,-10.596924173E-03
-1.897500E-06,+5.074591630895E+00,+5.138033918120E+00,+5.127473302655E+00,-10.557861674E-03
-1.895000E-06,+5.063206580555E+00,+5.156210739533E+00,+5.132655463403E+00,-23.553466852E-03
-1.892500E-06,+5.004710977082E+00,+5.140036116591E+00,+5.127119973513E+00,-12.912597950E-03
-1.890000E-06,+4.957993011893E+00,+5.154640387791E+00,+5.121584483622E+00,-33.052978359E-03
-1.887500E-06,+4.962704067206E+00,+5.149693779804E+00,+5.126020727293E+00,-23.669433647E-03
-1.885000E-06,+5.039651303989E+00,+5.147887875300E+00,+5.122448177081E+00,-25.435791029E-03
-1.882500E-06,+4.992540750856E+00,+5.140271669352E+00,+5.113693466119E+00,-26.575927722E-03
-1.880000E-06,+4.976837233146E+00,+5.131870287532E+00,+5.139957599003E+00,+8.087157440E-03
-1.877500E-06,+4.922267509101E+00,+5.142744973346E+00,+5.125628139358E+00,-17.114258012E-03
-1.875000E-06,+5.016881203308E+00,+5.140428704526E+00,+5.127708855416E+00,-12.716064751E-03
-1.872500E-06,+5.067132459982E+00,+5.130142900616E+00,+5.126217021261E+00,-3.924561041E-03
-1.870000E-06,+5.133872410253E+00,+5.143098302488E+00,+5.114360865609E+00,-28.734130799E-03
-1.867500E-06,+5.027873665706E+00,+5.143883478358E+00,+5.129043654397E+00,-14.836426032E-03
-1.865000E-06,+4.950926428923E+00,+5.132184357881E+00,+5.110906091777E+00,-21.275634872E-03
-1.862500E-06,+5.208071531436E+00,+5.148201945649E+00,+5.133244345307E+00,-14.954834232E-03
-1.860000E-06,+5.045147535188E+00,+5.138230212087E+00,+5.134932473429E+00,-3.294678243E-03
-1.857500E-06,+5.101287611003E+00,+5.143804960771E+00,+5.115774182177E+00,-28.027343706E-03
-1.855000E-06,+4.987829695544E+00,+5.153619659159E+00,+5.122448177081E+00,-31.168212776E-03
-1.852500E-06,+4.997251806170E+00,+5.146827887875E+00,+5.124921481074E+00,-21.903076265E-03
-1.850000E-06,+5.026303313935E+00,+5.145532347688E+00,+5.116088252526E+00,-29.442138596E-03
-1.847500E-06,+5.116205952829E+00,+5.140821292462E+00,+5.121034860513E+00,-19.783935687E-03
-1.845000E-06,+5.046717886958E+00,+5.145689382862E+00,+5.118993403248E+00,-26.693115220E-03
-1.842500E-06,+4.994111102628E+00,+5.144904206991E+00,+5.121309672068E+00,-23.591308648E-03
-1.840000E-06,+5.077339746495E+00,+5.125039257455E+00,+5.135482096539E+00,+10.443114419E-03
-1.837500E-06,+5.035332836618E+00,+5.141488691952E+00,+5.117423051506E+00,-24.062500044E-03
-1.835000E-06,+5.047503062845E+00,+5.143019784900E+00,+5.126374056435E+00,-16.641845913E-03
-1.832500E-06,+5.066347284096E+00,+5.134657661874E+00,+5.124764445900E+00,-9.890137080E-03
-1.830000E-06,+5.064776932326E+00,+5.145924935623E+00,+5.123940011235E+00,-21.981201263E-03
-1.827500E-06,+5.102072786889E+00,+5.141488691952E+00,+5.118836368074E+00,-22.648925857E-03
-1.825000E-06,+5.017666379193E+00,+5.125824433326E+00,+5.118836368074E+00,-6.986084411E-03
-1.822500E-06,+5.008244268567E+00,+5.147259734604E+00,+5.113536430945E+00,-33.719482250E-03
-1.820000E-06,+5.138583465566E+00,+5.135246543778E+00,+5.112397925932E+00,-22.845459056E-03
-1.817500E-06,+4.982726052287E+00,+5.133126568926E+00,+5.108197235022E+00,-24.926757837E-03
-1.815000E-06,+5.091472912434E+00,+5.154875940552E+00,+5.116166770113E+00,-38.704833701E-03
-1.812500E-06,+4.974481705489E+00,+5.140664257287E+00,+5.119268214803E+00,-21.394043073E-03
-1.810000E-06,+4.940719142411E+00,+5.139957599004E+00,+5.112397925932E+00,-27.557373013E-03
-1.807500E-06,+5.101680198947E+00,+5.143608666803E+00,+5.124725187107E+00,-18.881836097E-03
-1.805000E-06,+5.101680198947E+00,+5.142391644204E+00,+5.123625940887E+00,-18.763427897E-03
-1.802500E-06,+5.001962861483E+00,+5.141449433158E+00,+5.114400124403E+00,-27.045898415E-03
-1.800000E-06,+5.045932711073E+00,+5.114439383196E+00,+5.129828830268E+00,+15.389403371E-03
-1.797500E-06,+4.987829695543E+00,+5.144825689404E+00,+5.114360865609E+00,-30.461425682E-03
-1.795000E-06,+4.974481705488E+00,+5.143647925597E+00,+5.102504709958E+00,-41.138915678E-03
-1.792500E-06,+4.987044519657E+00,+5.135639131713E+00,+5.120406719816E+00,-15.229492429E-03
-1.790000E-06,+5.124450299627E+00,+5.142784232139E+00,+5.120642272577E+00,-22.139892665E-03
-1.787500E-06,+4.969770650176E+00,+5.141253139191E+00,+5.125628139358E+00,-15.622558827E-03
-1.785000E-06,+5.101680198945E+00,+5.139879081416E+00,+5.112633478693E+00,-27.242431614E-03
-1.782500E-06,+5.093828440090E+00,+5.144982724578E+00,+5.124646669519E+00,-20.333252081E-03
-1.780000E-06,+5.114243013115E+00,+5.129122171984E+00,+5.125510362977E+00,-3.609619642E-03
-1.777500E-06,+5.011384972110E+00,+5.142627196965E+00,+5.120171167055E+00,-22.453613362E-03
-1.775000E-06,+5.051428942271E+00,+5.141842021094E+00,+5.125039257455E+00,-16.800537316E-03
-1.772500E-06,+5.014525675653E+00,+5.136856154313E+00,+5.120799307751E+00,-16.054687723E-03
-1.770000E-06,+5.013740499765E+00,+5.146239005971E+00,+5.124568151932E+00,-21.668701270E-03
-1.767500E-06,+4.990577811142E+00,+5.144629395436E+00,+5.129239948365E+00,-15.386963129E-03
-1.765000E-06,+5.005888740911E+00,+5.133990262384E+00,+5.124411116758E+00,-9.576416384E-03
-1.762500E-06,+5.047110474902E+00,+5.138465764849E+00,+5.120445978609E+00,-18.017578304E-03
-1.760000E-06,+4.993325926742E+00,+5.133676192036E+00,+5.125667398152E+00,-8.006592200E-03
-1.757500E-06,+5.011384972111E+00,+5.140782033668E+00,+5.120603013784E+00,-20.175781381E-03
-1.755000E-06,+4.993325926741E+00,+5.139800563829E+00,+5.125824433326E+00,-13.973388942E-03
-1.752500E-06,+5.045540123130E+00,+5.129828830268E+00,+5.127826631797E+00,-2.000732959E-03
-1.750000E-06,+5.078124922380E+00,+5.140507222113E+00,+5.124411116758E+00,-16.092529519E-03
-1.747500E-06,+5.176271908071E+00,+5.131124370455E+00,+5.122683729842E+00,-8.438721097E-03
-1.745000E-06,+5.051428942271E+00,+5.130928076487E+00,+5.131163629248E+00,+235.595116E-06
-1.742500E-06,+5.142116757051E+00,+5.141606468333E+00,+5.114596418371E+00,-27.008056619E-03
-1.740000E-06,+4.994896278514E+00,+5.144197548707E+00,+5.126217021261E+00,-17.977295102E-03
-1.737500E-06,+5.015703439479E+00,+5.129750312681E+00,+5.120917084132E+00,-8.830566791E-03
-1.735000E-06,+5.189619898126E+00,+5.145061242165E+00,+5.121505966035E+00,-23.553466852E-03
-1.732500E-06,+4.986651931715E+00,+5.129318465952E+00,+5.123665199681E+00,-5.650635221E-03
-1.730000E-06,+4.982333464345E+00,+5.146788629081E+00,+5.112397925932E+00,-34.388427548E-03
-1.727500E-06,+5.180982963385E+00,+5.134225815145E+00,+5.121898553971E+00,-12.325439760E-03
-1.725000E-06,+5.083621153579E+00,+5.138936870371E+00,+5.116166770113E+00,-22.767334057E-03
-1.722500E-06,+5.046717886959E+00,+5.140664257287E+00,+5.119543026358E+00,-21.118164172E-03
-1.720000E-06,+5.202182712295E+00,+5.125431845390E+00,+5.109414257622E+00,-16.014404521E-03
-1.717500E-06,+5.140546405281E+00,+5.137366518629E+00,+5.112829772661E+00,-24.533691440E-03
-1.715000E-06,+5.094613615975E+00,+5.129122171984E+00,+5.112869031455E+00,-16.251220922E-03
-1.712500E-06,+5.115420776943E+00,+5.127944408177E+00,+5.119111179629E+00,-8.830566791E-03
-1.710000E-06,+5.191975425783E+00,+5.142313126616E+00,+5.113575689738E+00,-28.734130799E-03
-1.707500E-06,+5.011384972110E+00,+5.138740576404E+00,+5.121348930861E+00,-17.388916209E-03
-1.705000E-06,+4.956422660121E+00,+5.117737121855E+00,+5.116637875635E+00,-1.097412667E-03
-1.702500E-06,+5.148790752080E+00,+5.128101443352E+00,+5.115460111829E+00,-12.639160456E-03
-1.700000E-06,+4.942289494183E+00,+5.138230212087E+00,+5.110120915906E+00,-28.106689407E-03
-1.697500E-06,+5.024340374220E+00,+5.129789571474E+00,+5.114674935958E+00,-15.112304932E-03
-1.695000E-06,+5.091472912434E+00,+5.132184357881E+00,+5.119857096706E+00,-12.325439760E-03
-1.692500E-06,+5.145257460593E+00,+5.129868089061E+00,+5.118129709790E+00,-11.735840164E-03
-1.690000E-06,+5.047503062845E+00,+5.136188754823E+00,+5.109021669687E+00,-27.164306615E-03
-1.687500E-06,+5.129161354941E+00,+5.125628139358E+00,+5.125274810216E+00,-352.783777E-06
-1.685000E-06,+5.147220400307E+00,+5.128729584048E+00,+5.118836368074E+00,-9.891357783E-03
-1.682500E-06,+4.923837860872E+00,+5.133676192036E+00,+5.112829772661E+00,-20.843505976E-03
-1.680000E-06,+4.987044519658E+00,+5.135325061365E+00,+5.114831971132E+00,-20.489502077E-03
-1.677500E-06,+5.095006203919E+00,+5.136424307584E+00,+5.116088252526E+00,-20.332031377E-03
-1.675000E-06,+5.027873665706E+00,+5.137366518629E+00,+5.111612750061E+00,-25.750732428E-03
-1.672500E-06,+5.063599168497E+00,+5.118914885661E+00,+5.117108981158E+00,-1.804199761E-03
-1.670000E-06,+4.979192760803E+00,+5.123468905713E+00,+5.112711996280E+00,-10.753174170E-03
-1.667500E-06,+5.030229193362E+00,+5.123979270029E+00,+5.118090450997E+00,-5.887451622E-03
-1.665000E-06,+5.140153817336E+00,+5.114831971132E+00,+5.124175563997E+00,+9.344481631E-03
-1.662500E-06,+5.117776304600E+00,+5.123665199681E+00,+5.109021669687E+00,-14.641113536E-03
-1.660000E-06,+5.056925173471E+00,+5.129279207158E+00,+5.110356468667E+00,-18.919677894E-03
-1.657500E-06,+5.017666379194E+00,+5.116755652016E+00,+5.108511305370E+00,-8.242187898E-03
-1.655000E-06,+5.178627435728E+00,+5.127159232306E+00,+5.111769785235E+00,-15.386963129E-03
-1.652500E-06,+5.105606078374E+00,+5.124921481074E+00,+5.113654207325E+00,-11.264648768E-03
-1.650000E-06,+4.983118640231E+00,+5.136659860345E+00,+5.111769785235E+00,-24.886474635E-03
-1.647500E-06,+5.107961606031E+00,+5.125392586597E+00,+5.115381594242E+00,-10.008545280E-03
-1.645000E-06,+5.064776932326E+00,+5.140585739700E+00,+5.109257222448E+00,-31.324462772E-03
-1.642500E-06,+5.112280073401E+00,+5.128415513700E+00,+5.110513503842E+00,-17.899170104E-03
-1.640000E-06,+5.197471656981E+00,+5.114046795261E+00,+5.120249684642E+00,+6.202391857E-03
-1.637500E-06,+5.036118012505E+00,+5.132930274958E+00,+5.112790513867E+00,-20.136718882E-03
-1.635000E-06,+5.040436479874E+00,+5.132262875468E+00,+5.109178704861E+00,-23.082275457E-03
-1.632500E-06,+4.940326554468E+00,+5.120406719816E+00,+5.117972674616E+00,-2.432861856E-03
-1.630000E-06,+5.044362359301E+00,+5.140428704526E+00,+5.123233352951E+00,-17.193603713E-03
-1.627500E-06,+5.064384344383E+00,+5.126491832816E+00,+5.115538629416E+00,-10.950928072E-03
-1.625000E-06,+5.130731706710E+00,+5.129907347855E+00,+5.099835111996E+00,-30.069579988E-03
-1.622500E-06,+4.993325926742E+00,+5.125942209706E+00,+5.113222360596E+00,-12.717285454E-03
-1.620000E-06,+5.151146279735E+00,+5.127080714719E+00,+5.108315011403E+00,-18.763427897E-03
-1.617500E-06,+5.079695274151E+00,+5.122683729842E+00,+5.107451317945E+00,-15.229492429E-03
-1.615000E-06,+5.144079696765E+00,+5.129593277506E+00,+5.126688126784E+00,-2.901611845E-03
-1.612500E-06,+4.968200298403E+00,+5.123311870539E+00,+5.114910488719E+00,-8.399658598E-03
-1.610000E-06,+4.986259343772E+00,+5.124960739868E+00,+5.112397925932E+00,-12.559814755E-03
-1.607500E-06,+5.038473540161E+00,+5.123468905713E+00,+5.122683729842E+00,-783.691971E-06
-1.605000E-06,+5.078910098265E+00,+5.128258478526E+00,+5.109649810383E+00,-18.604736494E-03
-1.602500E-06,+5.060065877012E+00,+5.128494031287E+00,+5.103564697383E+00,-24.926757837E-03
-1.600000E-06,+5.130731706712E+00,+5.122448177080E+00,+5.108864634512E+00,-13.580322544E-03
-1.597500E-06,+5.026303313933E+00,+5.121584483622E+00,+5.112790513867E+00,-8.792724995E-03
-1.595000E-06,+5.097754319518E+00,+5.126295538848E+00,+5.109885363145E+00,-16.407470918E-03
-1.592500E-06,+5.106783842202E+00,+5.115224559067E+00,+5.110749056603E+00,-4.473877435E-03
-1.590000E-06,+5.229663868289E+00,+5.127316267481E+00,+5.112554961106E+00,-14.759521737E-03
-1.587500E-06,+5.108746781916E+00,+5.123743717268E+00,+5.114989006306E+00,-8.751221090E-03
-1.585000E-06,+5.133872410253E+00,+5.126295538848E+00,+5.109885363145E+00,-16.407470919E-03
-1.582500E-06,+5.054569645814E+00,+5.125274810216E+00,+5.107726129500E+00,-17.545166206E-03
-1.580000E-06,+5.067917635868E+00,+5.125667398152E+00,+5.120877825338E+00,-4.786377428E-03
-1.577500E-06,+4.878297659509E+00,+5.120838566545E+00,+5.104271355667E+00,-16.564941618E-03
-1.575000E-06,+5.082050801808E+00,+5.119150438422E+00,+5.110513503842E+00,-8.634033592E-03
-1.572500E-06,+5.098539495405E+00,+5.121859295177E+00,+5.113732724913E+00,-8.123779697E-03
-1.570000E-06,+4.914023162304E+00,+5.131085111661E+00,+5.106430589312E+00,-24.652099640E-03
-1.567500E-06,+5.155072159163E+00,+5.118954144454E+00,+5.109414257622E+00,-9.537353884E-03
-1.565000E-06,+5.102465374833E+00,+5.139957599003E+00,+5.103682473764E+00,-36.270751724E-03
-1.562500E-06,+5.051036354330E+00,+5.135089508603E+00,+5.111298679713E+00,-23.787841847E-03
-1.560000E-06,+5.078910098266E+00,+5.104153579287E+00,+5.109649810383E+00,+5.496825467E-03
-1.557500E-06,+5.127591003170E+00,+5.126177762468E+00,+5.112358667138E+00,-13.815918242E-03
-1.555000E-06,+5.006673916796E+00,+5.130692523726E+00,+5.115538629416E+00,-15.150146728E-03
-1.552500E-06,+5.036118012503E+00,+5.120053390674E+00,+5.110317209874E+00,-9.732666380E-03
-1.550000E-06,+5.076554570610E+00,+5.127865890590E+00,+5.098186242667E+00,-29.676513591E-03
-1.547500E-06,+5.058102937300E+00,+5.124685928313E+00,+5.108707599338E+00,-15.975342022E-03
-1.545000E-06,+4.987829695542E+00,+5.112869031455E+00,+5.112397925932E+00,-467.529869E-06
-1.542500E-06,+5.009422032396E+00,+5.126845161958E+00,+5.110906091777E+00,-15.936279523E-03
-1.540000E-06,+5.113457837227E+00,+5.121741518797E+00,+5.101326946151E+00,-20.411377079E-03
-1.537500E-06,+4.970163238119E+00,+5.115656405797E+00,+5.102072863228E+00,-13.582763951E-03
-1.535000E-06,+5.100109847174E+00,+5.121584483622E+00,+5.110513503842E+00,-11.068115569E-03
-1.532500E-06,+5.123665123741E+00,+5.114321606816E+00,+5.114674935958E+00,+354.003316E-06
-1.530000E-06,+4.928156328242E+00,+5.121191895687E+00,+5.097008478861E+00,-24.180908245E-03
-1.527500E-06,+5.099324671290E+00,+5.114557159577E+00,+5.107176506390E+00,-7.379150808E-03
-1.525000E-06,+5.137798289682E+00,+5.117187498745E+00,+5.110356468667E+00,-6.827393008E-03
-1.522500E-06,+4.997644394113E+00,+5.113575689738E+00,+5.107294282770E+00,-6.279297317E-03
-1.520000E-06,+5.233589747715E+00,+5.111377197300E+00,+5.108786116925E+00,-2.589111852E-03
-1.517500E-06,+5.041221655760E+00,+5.120917084132E+00,+5.103957285319E+00,-16.956787312E-03
-1.515000E-06,+4.851994267345E+00,+5.129514759919E+00,+5.108000941054E+00,-21.510009867E-03
-1.512500E-06,+5.202967888180E+00,+5.113850501293E+00,+5.107883164674E+00,-5.964355918E-03
-1.510000E-06,+5.026303313935E+00,+5.113340136977E+00,+5.106273554138E+00,-7.064209409E-03
-1.507500E-06,+5.096576555690E+00,+5.116048993732E+00,+5.107215765183E+00,-8.830566791E-03
-1.505000E-06,+5.070273163524E+00,+5.106116518964E+00,+5.113497172151E+00,+7.381591050E-03
-1.502500E-06,+5.039651303989E+00,+5.121034860513E+00,+5.107608353119E+00,-13.424072548E-03
-1.500000E-06,+5.219456581776E+00,+5.113261619390E+00,+5.110670539016E+00,-2.589111853E-03
-1.497500E-06,+5.007459092681E+00,+5.117108981158E+00,+5.101719534086E+00,-15.386963129E-03
-1.495000E-06,+5.013740499766E+00,+5.130221418203E+00,+5.099521041648E+00,-30.697021380E-03
-1.492500E-06,+5.093828440089E+00,+5.115695664590E+00,+5.101405463738E+00,-14.287109638E-03
-1.490000E-06,+4.888112358081E+00,+5.128101443352E+00,+5.098657348190E+00,-29.442138596E-03
-1.487500E-06,+4.922660097043E+00,+5.114792712338E+00,+5.097008478861E+00,-17.781982606E-03
-1.485000E-06,+5.049858590501E+00,+5.130456970964E+00,+5.095202574357E+00,-35.250243935E-03
-1.482500E-06,+5.049466002557E+00,+5.124136305203E+00,+5.105645413442E+00,-18.488769700E-03
-1.480000E-06,+5.010599796224E+00,+5.111063126951E+00,+5.113418654564E+00,+2.354735693E-03
-1.477500E-06,+5.076947158552E+00,+5.123233352951E+00,+5.102701003925E+00,-20.529785279E-03
-1.475000E-06,+5.024732962164E+00,+5.129357724745E+00,+5.110042398319E+00,-19.312744291E-03
-1.472500E-06,+5.136227937910E+00,+5.106980212422E+00,+5.110474245048E+00,+3.496093090E-03
-1.470000E-06,+5.007459092683E+00,+5.113261619390E+00,+5.097401066796E+00,-15.858154525E-03
-1.467500E-06,+5.072628691181E+00,+5.124293340377E+00,+5.104271355667E+00,-20.018310681E-03
-1.465000E-06,+4.957207836006E+00,+5.111141644538E+00,+5.107686870706E+00,-3.453369646E-03
-1.462500E-06,+5.187264370469E+00,+5.114831971132E+00,+5.105802448616E+00,-9.028320693E-03
-1.460000E-06,+5.015310851538E+00,+5.113889760087E+00,+5.109178704861E+00,-4.708252430E-03
-1.457500E-06,+4.970555826061E+00,+5.107255023977E+00,+5.096890702480E+00,-10.361328476E-03
-1.455000E-06,+5.007459092683E+00,+5.126452574022E+00,+5.096066267816E+00,-30.382079981E-03
-1.452500E-06,+5.018844143022E+00,+5.119307473597E+00,+5.109728327970E+00,-9.577637087E-03
-1.450000E-06,+5.007459092681E+00,+5.119700061532E+00,+5.096223302990E+00,-23.472900448E-03
-1.447500E-06,+5.143294520880E+00,+5.107490576738E+00,+5.104860237570E+00,-2.629395054E-03
-1.445000E-06,+5.130731706711E+00,+5.114046795261E+00,+5.097086996448E+00,-16.956787312E-03
-1.442500E-06,+5.011777560053E+00,+5.122605212255E+00,+5.100384735106E+00,-22.218017663E-03
-1.440000E-06,+5.046717886958E+00,+5.108472046577E+00,+5.109649810383E+00,+1.177977907E-03
-1.437500E-06,+5.052606706102E+00,+5.111926820409E+00,+5.095595162293E+00,-16.329345920E-03
-1.435000E-06,+5.109531957800E+00,+5.128965136810E+00,+5.095909232641E+00,-33.052978359E-03
-1.432500E-06,+5.060065877014E+00,+5.106430589312E+00,+5.106705400867E+00,+275.878318E-06
-1.430000E-06,+5.228093516517E+00,+5.111926820409E+00,+5.098500313015E+00,-13.424072548E-03
-1.427500E-06,+5.005103565025E+00,+5.117344533919E+00,+5.095006280389E+00,-22.335205161E-03
-1.425000E-06,+5.040436479874E+00,+5.109963880732E+00,+5.102269157196E+00,-7.691650801E-03
-1.422500E-06,+5.073413867067E+00,+5.117226757539E+00,+5.107372800358E+00,-9.852295284E-03
-1.420000E-06,+5.089117384778E+00,+5.114596418371E+00,+5.093318152267E+00,-21.275634872E-03
-1.417500E-06,+4.926978564413E+00,+5.113929018881E+00,+5.103368403415E+00,-10.559082378E-03
-1.415000E-06,+4.990970399085E+00,+5.111455714887E+00,+5.095987750228E+00,-15.465088127E-03
-1.412500E-06,+5.011384972110E+00,+5.116873428397E+00,+5.101641016499E+00,-15.229492429E-03
-1.410000E-06,+5.015310851537E+00,+5.115538629416E+00,+5.088293026693E+00,-27.242431614E-03
-1.407500E-06,+5.089117384778E+00,+5.109414257622E+00,+5.090177448783E+00,-19.233398590E-03
-1.405000E-06,+4.930511855901E+00,+5.115146041480E+00,+5.104624684809E+00,-10.518799175E-03
-1.402500E-06,+4.995681454399E+00,+5.118561556519E+00,+5.098578830603E+00,-19.980468885E-03
-1.400000E-06,+5.086761857120E+00,+5.100855840628E+00,+5.098892900951E+00,-1.961670460E-03
-1.397500E-06,+5.039258716044E+00,+5.108040199848E+00,+5.095791456260E+00,-12.246094058E-03
-1.395000E-06,+4.986259343772E+00,+5.111534232474E+00,+5.093318152267E+00,-18.214111503E-03
-1.392500E-06,+5.097754319519E+00,+5.099442524061E+00,+5.100070664757E+00,+628.661513E-06
-1.390000E-06,+5.039651303989E+00,+5.099913629583E+00,+5.097008478861E+00,-2.901611845E-03
-1.387500E-06,+5.090687736549E+00,+5.112123114377E+00,+5.101719534087E+00,-10.400390974E-03
-1.385000E-06,+4.914808338189E+00,+5.099835111996E+00,+5.097636619557E+00,-2.196045455E-03
-1.382500E-06,+5.073021279123E+00,+5.114557159577E+00,+5.096929961273E+00,-17.624511907E-03
-1.380000E-06,+4.957207836008E+00,+5.098971418538E+00,+5.101798051673E+00,+2.825927089E-03
-1.377500E-06,+4.940326554467E+00,+5.109139446067E+00,+5.095202574357E+00,-13.933105740E-03
-1.375000E-06,+4.961133715436E+00,+5.111926820409E+00,+5.097715137144E+00,-14.207763936E-03
-1.372500E-06,+5.017666379195E+00,+5.114517900784E+00,+5.094260363312E+00,-20.255127083E-03
-1.370000E-06,+4.885756830424E+00,+5.104781719983E+00,+5.085623428731E+00,-19.156494295E-03
-1.367500E-06,+4.905386227561E+00,+5.103682473764E+00,+5.097244031622E+00,-6.436768016E-03
-1.365000E-06,+5.049858590501E+00,+5.109335740035E+00,+5.088293026693E+00,-21.038818471E-03
-1.362500E-06,+5.004318389139E+00,+5.105095790332E+00,+5.090884107067E+00,-14.208984639E-03
-1.360000E-06,+4.998822157941E+00,+5.083739006641E+00,+5.107058730009E+00,+23.319090693E-03
-1.357500E-06,+5.109531957803E+00,+5.107804647086E+00,+5.081383479028E+00,-26.418457023E-03
-1.355000E-06,+5.134657586138E+00,+5.102190639609E+00,+5.091512247764E+00,-10.675049172E-03
-1.352500E-06,+4.956422660120E+00,+5.096929961274E+00,+5.100895099422E+00,+3.966063782E-03
-1.350000E-06,+5.023162610393E+00,+5.105331343093E+00,+5.090805589480E+00,-14.522705336E-03
-1.347500E-06,+5.136620525853E+00,+5.106783918454E+00,+5.096223302990E+00,-10.557861674E-03
-1.345000E-06,+5.093043264203E+00,+5.101091393390E+00,+5.078870916241E+00,-22.218017664E-03
-1.342500E-06,+5.043577183416E+00,+5.106940953629E+00,+5.088842649802E+00,-18.095703303E-03
-1.340000E-06,+4.863771905630E+00,+5.097479584383E+00,+5.092375941222E+00,-5.101318828E-03
-1.337500E-06,+4.937185850925E+00,+5.107804647087E+00,+5.094967021596E+00,-12.835693655E-03
-1.335000E-06,+5.116598540771E+00,+5.111141644538E+00,+5.086722674951E+00,-24.415283239E-03
-1.332500E-06,+4.987044519658E+00,+5.101798051674E+00,+5.097283290415E+00,-4.512939934E-03
-1.330000E-06,+4.972911353719E+00,+5.105488378267E+00,+5.078321293131E+00,-27.164306615E-03
-1.327500E-06,+5.103250550717E+00,+5.098500313015E+00,+5.089470790499E+00,-9.028320693E-03
-1.325000E-06,+5.054569645814E+00,+5.117187498745E+00,+5.077614634847E+00,-39.569091494E-03
-1.322500E-06,+5.008636856510E+00,+5.114871229925E+00,+5.081815325757E+00,-33.052978359E-03
-1.320000E-06,+5.111102309572E+00,+5.095830715054E+00,+5.095045539183E+00,-782.471268E-06
-1.317500E-06,+5.067917635869E+00,+5.096851443686E+00,+5.085819722699E+00,-11.029053070E-03
-1.315000E-06,+5.123665123742E+00,+5.108079458641E+00,+5.080441267983E+00,-27.635498011E-03
-1.312500E-06,+4.888504946022E+00,+5.093514446235E+00,+5.085741205112E+00,-7.770996502E-03
-1.310000E-06,+5.005103565026E+00,+5.098657348190E+00,+5.080676820744E+00,-17.977295102E-03
-1.307500E-06,+4.979977936685E+00,+5.098068466286E+00,+5.086408604602E+00,-11.657715165E-03
-1.305000E-06,+4.977622409032E+00,+5.089549308086E+00,+5.079342021763E+00,-10.203857776E-03
-1.302500E-06,+5.014525675650E+00,+5.107215765184E+00,+5.085544911144E+00,-21.667480567E-03
-1.300000E-06,+5.155072159162E+00,+5.098657348190E+00,+5.090648554305E+00,-8.006592200E-03
-1.297500E-06,+5.056532585526E+00,+5.097872172319E+00,+5.078242775544E+00,-19.626464987E-03
-1.295000E-06,+4.969770650176E+00,+5.097793654731E+00,+5.098578830602E+00,+784.911510E-06
-1.292500E-06,+5.035725424563E+00,+5.092964823125E+00,+5.091944094493E+00,-1.019287669E-03
-1.290000E-06,+4.904601051678E+00,+5.098264760254E+00,+5.090727071893E+00,-7.535400804E-03
-1.287500E-06,+5.089117384777E+00,+5.101719534086E+00,+5.092532976396E+00,-9.184570689E-03
-1.285000E-06,+5.103250550717E+00,+5.095595162293E+00,+5.088293026692E+00,-7.298584404E-03
-1.282500E-06,+5.057710349356E+00,+5.104624684809E+00,+5.088214509106E+00,-16.407470918E-03
-1.280000E-06,+5.112672661342E+00,+5.093946292964E+00,+5.081776066963E+00,-12.166748357E-03
-1.277500E-06,+5.032584721018E+00,+5.101444722531E+00,+5.083817524228E+00,-17.624511907E-03
-1.275000E-06,+4.929726680015E+00,+5.086173051841E+00,+5.089863378435E+00,+3.690184882E-03
-1.272500E-06,+5.084406329463E+00,+5.087036745299E+00,+5.095359609531E+00,+8.322753138E-03
-1.270000E-06,+5.049858590501E+00,+5.099521041648E+00,+5.086330087015E+00,-13.187256147E-03
-1.267500E-06,+5.006281328851E+00,+5.104703202396E+00,+5.087193780473E+00,-17.506103706E-03
-1.265000E-06,+4.960348539550E+00,+5.089392272912E+00,+5.079027951415E+00,-10.362549179E-03
-1.262500E-06,+5.078910098266E+00,+5.100070664757E+00,+5.081265702647E+00,-18.801269693E-03
-1.260000E-06,+4.955637484237E+00,+5.096929961273E+00,+5.083110865944E+00,-13.817138945E-03
-1.257500E-06,+4.944252433894E+00,+5.090491519132E+00,+5.078556845892E+00,-11.932373362E-03
-1.255000E-06,+5.035725424562E+00,+5.092925564331E+00,+5.083503453880E+00,-9.420166387E-03
-1.252500E-06,+5.072628691181E+00,+5.094299622106E+00,+5.088921167389E+00,-5.375977024E-03
-1.250000E-06,+4.853564619118E+00,+5.100306217518E+00,+5.077536117260E+00,-22.767334057E-03
-1.247500E-06,+5.087547033008E+00,+5.091787059318E+00,+5.088096732725E+00,-3.688965343E-03
-1.245000E-06,+5.018451555080E+00,+5.104624684809E+00,+5.077536117260E+00,-27.086181617E-03
-1.242500E-06,+4.928548916186E+00,+5.093867775376E+00,+5.085230840796E+00,-8.635254295E-03
-1.240000E-06,+4.957993011893E+00,+5.084131594576E+00,+5.077065011737E+00,-7.064209409E-03
-1.237500E-06,+5.061636228785E+00,+5.099167712506E+00,+5.079734609699E+00,-19.429931789E-03
-1.235000E-06,+5.023947786276E+00,+5.096301820577E+00,+5.087586368409E+00,-8.712158590E-03
-1.232500E-06,+5.086761857120E+00,+5.085505652351E+00,+5.079538315731E+00,-5.964355918E-03
-1.230000E-06,+5.093828440091E+00,+5.093553705028E+00,+5.079027951415E+00,-14.522705336E-03
-1.227500E-06,+5.095006203919E+00,+5.097204772828E+00,+5.081461996615E+00,-15.739746324E-03
-1.225000E-06,+5.042006831646E+00,+5.091747800525E+00,+5.079342021763E+00,-12.403564758E-03
-1.222500E-06,+5.028266253649E+00,+5.099952888377E+00,+5.077575376054E+00,-22.374267660E-03
-1.220000E-06,+4.965844770748E+00,+5.095516644706E+00,+5.081933102138E+00,-13.580322544E-03
-1.217500E-06,+4.982333464342E+00,+5.092611493983E+00,+5.076750941389E+00,-15.858154525E-03
-1.215000E-06,+5.078124922380E+00,+5.099206971299E+00,+5.083503453880E+00,-15.701904528E-03
-1.212500E-06,+5.092650676264E+00,+5.088724873422E+00,+5.073845790666E+00,-14.875488531E-03
-1.210000E-06,+4.995681454400E+00,+5.099206971299E+00,+5.071647298228E+00,-27.557373013E-03
-1.207500E-06,+4.998036982055E+00,+5.091826318112E+00,+5.078988692621E+00,-12.834472951E-03
-1.205000E-06,+5.144079696765E+00,+5.099521041648E+00,+5.069213253028E+00,-30.303954983E-03
-1.202500E-06,+4.970555826063E+00,+5.102936556686E+00,+5.070862122357E+00,-32.070312365E-03
-1.200000E-06,+5.038080952217E+00,+5.082718278009E+00,+5.079263504176E+00,-3.453369646E-03
-1.197500E-06,+5.045147535187E+00,+5.085113064415E+00,+5.068938441473E+00,-16.171875221E-03
-1.195000E-06,+4.966629946634E+00,+5.085466393557E+00,+5.067328830937E+00,-18.133545099E-03
-1.192500E-06,+4.937578438869E+00,+5.086251569428E+00,+5.080598303157E+00,-5.650635221E-03
-1.190000E-06,+5.016881203308E+00,+5.076436871041E+00,+5.079263504176E+00,+2.825927089E-03
-1.187500E-06,+4.953674544521E+00,+5.088018215138E+00,+5.080087938841E+00,-7.927246498E-03
-1.185000E-06,+4.977622409029E+00,+5.094731468835E+00,+5.080833855918E+00,-13.895263943E-03
-1.182500E-06,+5.141724169109E+00,+5.100738064248E+00,+5.076790200183E+00,-23.945312547E-03
-1.180000E-06,+4.943074670068E+00,+5.082953830770E+00,+5.079263504176E+00,-3.687744640E-03
-1.177500E-06,+5.049073414613E+00,+5.089078202564E+00,+5.080127197634E+00,-8.948974992E-03
-1.175000E-06,+5.134657586138E+00,+5.108236493815E+00,+5.078007222783E+00,-30.225829984E-03
-1.172500E-06,+4.970163238118E+00,+5.084524182512E+00,+5.079106469002E+00,-5.416260227E-03
-1.170000E-06,+4.963489243091E+00,+5.083660489053E+00,+5.071019157531E+00,-12.637939753E-03
-1.167500E-06,+5.022377434507E+00,+5.081383479028E+00,+5.076907976563E+00,-4.473877435E-03
-1.165000E-06,+5.025518138050E+00,+5.104860237570E+00,+5.080990891092E+00,-23.865966845E-03
-1.162500E-06,+5.032192133078E+00,+5.097440325590E+00,+5.065444408847E+00,-31.992187367E-03
-1.160000E-06,+4.934437735328E+00,+5.077536117260E+00,+5.086408604602E+00,+8.873290235E-03
-1.157500E-06,+5.082443389752E+00,+5.091826318112E+00,+5.076711682596E+00,-15.112304932E-03
-1.155000E-06,+4.961133715434E+00,+5.091669282938E+00,+5.068585112331E+00,-23.082275457E-03
-1.152500E-06,+5.022770022451E+00,+5.089156720151E+00,+5.083071607151E+00,-6.082764118E-03
-1.150000E-06,+5.068702811752E+00,+5.081697549376E+00,+5.078085740370E+00,-3.609619642E-03
-1.147500E-06,+4.960741127490E+00,+5.083503453879E+00,+5.079656092112E+00,-3.846436043E-03
-1.145000E-06,+4.931297031784E+00,+5.089392272912E+00,+5.074238378602E+00,-15.150146728E-03
-1.142500E-06,+5.080087862094E+00,+5.080598303157E+00,+5.071882850989E+00,-8.713379294E-03
-1.140000E-06,+4.928156328243E+00,+5.074709484125E+00,+5.084288629750E+00,+9.578856625E-03
-1.137500E-06,+4.954852308350E+00,+5.094024810551E+00,+5.073099873589E+00,-20.921630974E-03
-1.135000E-06,+5.023162610393E+00,+5.082718278008E+00,+5.072982097208E+00,-9.732666380E-03
-1.132500E-06,+4.993718514685E+00,+5.080166456428E+00,+5.082953830770E+00,+2.789305996E-03
-1.130000E-06,+4.923445272931E+00,+5.104781719983E+00,+5.072746544447E+00,-32.032470569E-03
-1.127500E-06,+5.089902560662E+00,+5.082679019215E+00,+5.081383479028E+00,-1.295166569E-03
-1.125000E-06,+4.961918891324E+00,+5.085387875970E+00,+5.069841393724E+00,-15.543213125E-03
-1.122500E-06,+4.961133715435E+00,+5.080009421254E+00,+5.063991833486E+00,-16.014404521E-03
-1.120000E-06,+5.039651303988E+00,+5.078713881066E+00,+5.076122800692E+00,-2.589111852E-03
-1.117500E-06,+5.010599796222E+00,+5.086565639777E+00,+5.066111808337E+00,-20.451660281E-03
-1.115000E-06,+5.066347284099E+00,+5.076515388628E+00,+5.062303705363E+00,-14.207763937E-03
-1.112500E-06,+5.031014369249E+00,+5.069016959060E+00,+5.072628768066E+00,+3.613280587E-03
-1.110000E-06,+4.967415122520E+00,+5.090413001544E+00,+5.068349559569E+00,-22.061767667E-03
-1.107500E-06,+4.978014996974E+00,+5.084092335783E+00,+5.078046481576E+00,-6.044922322E-03
-1.105000E-06,+5.038866128102E+00,+5.070076946486E+00,+5.067250313350E+00,-2.823486847E-03
-1.102500E-06,+5.032584721018E+00,+5.087350815647E+00,+5.073453202731E+00,-13.895263943E-03
-1.100000E-06,+5.009814620339E+00,+5.074788001712E+00,+5.078713881066E+00,+3.927001283E-03
-1.097500E-06,+4.872801428311E+00,+5.085191582002E+00,+5.060890388795E+00,-24.298095742E-03
-1.095000E-06,+5.032584721017E+00,+5.088293026692E+00,+5.086801192538E+00,-1.490479064E-03
-1.092500E-06,+4.990185223199E+00,+5.078164257957E+00,+5.075023554473E+00,-3.139648950E-03
-1.090000E-06,+4.874764368027E+00,+5.088214509105E+00,+5.052253454214E+00,-35.958251731E-03
-1.087500E-06,+4.974874293430E+00,+5.083660489054E+00,+5.071804333402E+00,-11.853027661E-03
-1.085000E-06,+5.041221655759E+00,+5.081619031789E+00,+5.065994031957E+00,-15.621338123E-03
-1.082500E-06,+4.981155700516E+00,+5.090805589479E+00,+5.065562185228E+00,-25.240478533E-03
-1.080000E-06,+5.021592258620E+00,+5.072982097208E+00,+5.069684358550E+00,-3.294678243E-03
-1.077500E-06,+5.032192133075E+00,+5.076436871041E+00,+5.064031092279E+00,-12.404785461E-03
-1.075000E-06,+4.858275674429E+00,+5.082247172486E+00,+5.066386619892E+00,-15.858154524E-03
-1.072500E-06,+4.927371152358E+00,+5.079891644873E+00,+5.081069408679E+00,+1.179198610E-03
-1.070000E-06,+4.922660097045E+00,+5.090413001544E+00,+5.069605840963E+00,-20.804443477E-03
-1.067500E-06,+4.965059594864E+00,+5.070940639944E+00,+5.075298366028E+00,+4.357909477E-03
-1.065000E-06,+4.886542006309E+00,+5.076515388628E+00,+5.063010363647E+00,-13.502197546E-03
-1.062500E-06,+5.093435852149E+00,+5.084524182512E+00,+5.067956971634E+00,-16.564941618E-03
-1.060000E-06,+4.968200298404E+00,+5.070312499247E+00,+5.075808730344E+00,+5.496825467E-03
-1.057500E-06,+4.892823413391E+00,+5.079616833318E+00,+5.064266645040E+00,-15.347900630E-03
-1.055000E-06,+4.970555826062E+00,+5.097636619557E+00,+5.069291770615E+00,-28.341064401E-03
-1.052500E-06,+5.048680826673E+00,+5.076162059486E+00,+5.067721418873E+00,-8.437500394E-03
-1.050000E-06,+5.061636228784E+00,+5.090884107067E+00,+5.063324433995E+00,-27.557373013E-03
-1.047500E-06,+5.081658213865E+00,+5.078713881066E+00,+5.062578516918E+00,-16.134033424E-03
-1.045000E-06,+5.049858590501E+00,+5.085152323209E+00,+5.052331971801E+00,-32.816161958E-03
-1.042500E-06,+4.952104192751E+00,+5.082050878518E+00,+5.066739949034E+00,-15.307617427E-03
-1.040000E-06,+5.118168892543E+00,+5.061282976731E+00,+5.071804333402E+00,+10.521239417E-03
-1.037500E-06,+5.062421404669E+00,+5.086094534254E+00,+5.072628768066E+00,-13.463135047E-03
-1.035000E-06,+5.078124922380E+00,+5.073139132382E+00,+5.071804333402E+00,-1.331787662E-03
-1.032500E-06,+4.939541378584E+00,+5.070037687692E+00,+5.067014760589E+00,-3.021240749E-03
-1.030000E-06,+5.111102309571E+00,+5.085073805621E+00,+5.068977700266E+00,-16.092529519E-03
-1.027500E-06,+5.002748037370E+00,+5.067682160079E+00,+5.067250313350E+00,-430.908775E-06
-1.025000E-06,+4.936793262983E+00,+5.059084484292E+00,+5.068035489221E+00,+8.951415233E-03
-1.022500E-06,+5.082835977689E+00,+5.083032348357E+00,+5.070705087182E+00,-12.324219056E-03
-1.020000E-06,+4.954852308351E+00,+5.072668026860E+00,+5.066779207827E+00,-5.887451623E-03
-1.017500E-06,+4.952104192751E+00,+5.079616833318E+00,+5.062146670188E+00,-17.467041208E-03
-1.015000E-06,+4.934437735328E+00,+5.081304961441E+00,+5.060340765685E+00,-20.960693473E-03
-1.012500E-06,+4.933259971494E+00,+5.076790200183E+00,+5.065169597292E+00,-11.617431963E-03
-1.010000E-06,+4.998036982055E+00,+5.085387875970E+00,+5.050211996950E+00,-35.172118936E-03
-1.007500E-06,+5.074591630895E+00,+5.066425878685E+00,+5.062971104853E+00,-3.453369645E-03
-1.005000E-06,+5.079695274153E+00,+5.075965765518E+00,+5.066622172653E+00,-9.342041389E-03
-1.002500E-06,+5.047895650790E+00,+5.070116205279E+00,+5.049466079872E+00,-20.646972776E-03
-1.000000E-06,+5.060065877013E+00,+5.074788001711E+00,+5.066229584718E+00,-8.555908594E-03
-997.500E-09,+5.013740499766E+00,+5.075023554473E+00,+5.063128140027E+00,-11.892090160E-03
-995.000E-09,+4.821372407811E+00,+5.071882850989E+00,+5.055708228047E+00,-16.170654517E-03
-992.500E-09,+5.016881203306E+00,+5.072746544447E+00,+5.060340765685E+00,-12.402344055E-03
-990.000E-09,+4.998036982056E+00,+5.077693152434E+00,+5.055001569763E+00,-22.689209059E-03
-987.500E-09,+5.043184595474E+00,+5.072785803241E+00,+5.058731155150E+00,-14.051513940E-03
-985.000E-09,+4.862201553859E+00,+5.076044283105E+00,+5.050211996950E+00,-25.828857427E-03
-982.500E-09,+5.101680198947E+00,+5.077222046912E+00,+5.052057160247E+00,-25.162353535E-03
-980.000E-09,+4.990185223201E+00,+5.059791142576E+00,+5.055472675285E+00,-4.315186033E-03
-977.500E-09,+5.052214118156E+00,+5.074827260506E+00,+5.056846733059E+00,-17.977295103E-03
-975.000E-09,+5.038080952219E+00,+5.073217649970E+00,+5.065758479195E+00,-7.457275806E-03
-972.500E-09,+4.911275046701E+00,+5.072707285654E+00,+5.062460740537E+00,-10.245361682E-03
-970.000E-09,+5.000392509711E+00,+5.080833855918E+00,+5.055394157698E+00,-25.435791029E-03
-967.500E-09,+5.000392509713E+00,+5.068506594744E+00,+5.060065954131E+00,-8.438721096E-03
-965.000E-09,+4.905386227564E+00,+5.077065011737E+00,+5.060419283272E+00,-16.641845913E-03
-962.500E-09,+5.010207208282E+00,+5.076554647421E+00,+5.057200062201E+00,-19.351806790E-03
-960.000E-09,+5.111887485457E+00,+5.063559986756E+00,+5.057906720485E+00,-5.650635221E-03
-957.500E-09,+4.975266881374E+00,+5.076005024312E+00,+5.060733353621E+00,-15.268554928E-03
-955.000E-09,+5.121309596083E+00,+5.075102072060E+00,+5.057749685311E+00,-17.349853710E-03
-952.500E-09,+5.135050174082E+00,+5.067525124905E+00,+5.069802134931E+00,+2.276610695E-03
-950.000E-09,+5.184123666927E+00,+5.069213253028E+00,+5.059163001879E+00,-10.047607779E-03
-947.500E-09,+5.036903188390E+00,+5.064148868659E+00,+5.058534861182E+00,-5.612793425E-03
-945.000E-09,+4.831579694321E+00,+5.057671167724E+00,+5.057985238072E+00,+313.720114E-06
-942.500E-09,+5.054962233757E+00,+5.077614634847E+00,+5.072118403750E+00,-5.493164522E-03
-940.000E-09,+5.113457837229E+00,+5.051546795931E+00,+5.061832599840E+00,+10.284423016E-03
-937.500E-09,+5.080087862094E+00,+5.070783604770E+00,+5.055040828556E+00,-15.739746324E-03
-935.000E-09,+5.015310851538E+00,+5.066151067131E+00,+5.070469534421E+00,+4.317626274E-03
-932.500E-09,+5.074591630896E+00,+5.070508793215E+00,+5.059987436543E+00,-10.518799175E-03
-930.000E-09,+4.981548288459E+00,+5.080205715221E+00,+5.058142273247E+00,-22.061767667E-03
-927.500E-09,+5.124450299628E+00,+5.069527323376E+00,+5.059869660163E+00,-9.654541382E-03
-925.000E-09,+4.871623664486E+00,+5.074630966537E+00,+5.071804333402E+00,-2.823486847E-03
-922.500E-09,+4.920304569389E+00,+5.073649496699E+00,+5.055354898905E+00,-18.292236501E-03
-920.000E-09,+4.891253061624E+00,+5.059320037053E+00,+5.058142273247E+00,-1.175537665E-03
-917.500E-09,+5.023555198332E+00,+5.068899182679E+00,+5.061832599840E+00,-7.064209408E-03
-915.000E-09,+5.020021906849E+00,+5.061754082253E+00,+5.062617775711E+00,+863.036508E-06
-912.500E-09,+5.010207208280E+00,+5.059516331021E+00,+5.060654836034E+00,+1.138915408E-03
-910.000E-09,+5.083621153579E+00,+5.081540514202E+00,+5.048406092447E+00,-33.131103357E-03
-907.500E-09,+4.993718514683E+00,+5.061793341047E+00,+5.060222989305E+00,-1.568604063E-03
-905.000E-09,+4.799387483015E+00,+5.060811871208E+00,+5.060733353621E+00,-76.904878E-06
-902.500E-09,+5.006673916796E+00,+5.077496858466E+00,+5.050643843679E+00,-26.850585919E-03
-900.000E-09,+4.998822157942E+00,+5.059477072228E+00,+5.056807474266E+00,-2.667236851E-03
-897.500E-09,+4.974089117547E+00,+5.071843592196E+00,+5.056061557188E+00,-15.780029527E-03
-895.000E-09,+5.028658841590E+00,+5.073139132382E+00,+5.058063755659E+00,-15.072021730E-03
-892.500E-09,+4.980370524631E+00,+5.070548052008E+00,+5.057396356169E+00,-13.148193648E-03
-890.000E-09,+4.799387483015E+00,+5.076436871041E+00,+5.055394157698E+00,-21.038818471E-03
-887.500E-09,+5.069095399696E+00,+5.061125941556E+00,+5.051586054724E+00,-9.537353885E-03
-885.000E-09,+5.118168892542E+00,+5.065208856086E+00,+5.054373429066E+00,-10.833740574E-03
-882.500E-09,+5.005103565023E+00,+5.072864320827E+00,+5.049191268317E+00,-23.669433646E-03
-880.000E-09,+5.171560852758E+00,+5.057906720485E+00,+5.044480213092E+00,-13.424072548E-03
-877.500E-09,+4.993718514686E+00,+5.068192524395E+00,+5.051193466788E+00,-16.997070515E-03
-875.000E-09,+5.121309596082E+00,+5.063795539518E+00,+5.057828202898E+00,-5.965576621E-03
-872.500E-09,+5.112280073400E+00,+5.051939383866E+00,+5.059123743085E+00,+7.183837148E-03
-870.000E-09,+5.193545777552E+00,+5.067485866111E+00,+5.048877197969E+00,-18.604736494E-03
-867.500E-09,+4.968592886348E+00,+5.064502197802E+00,+5.052135677834E+00,-12.363281556E-03
-865.000E-09,+5.063206580552E+00,+5.040318780976E+00,+5.061754082253E+00,+21.434325110E-03
-862.500E-09,+5.049466002559E+00,+5.065836996782E+00,+5.043538002046E+00,-22.296142662E-03
-860.000E-09,+4.922660097044E+00,+5.063324433995E+00,+5.063088881234E+00,-233.154874E-06
-857.500E-09,+5.027088489817E+00,+5.066190325925E+00,+5.053274182846E+00,-12.913818653E-03
-855.000E-09,+5.062421404670E+00,+5.081383479028E+00,+5.060340765685E+00,-21.038818471E-03
-852.500E-09,+4.985866755832E+00,+5.063285175202E+00,+5.065208856085E+00,+1.925048203E-03
-850.000E-09,+4.939933966527E+00,+5.081304961440E+00,+5.048720162795E+00,-32.581786963E-03
-847.500E-09,+5.085976681235E+00,+5.065954773163E+00,+5.052017901453E+00,-13.933105739E-03
-845.000E-09,+5.023947786281E+00,+5.071647298228E+00,+5.056179333569E+00,-15.465088127E-03
-842.500E-09,+4.956422660122E+00,+5.068074748014E+00,+5.053823805956E+00,-14.248047138E-03
-840.000E-09,+5.043577183415E+00,+5.066700690240E+00,+5.050133479363E+00,-16.563720915E-03
-837.500E-09,+5.081265625922E+00,+5.071922109783E+00,+5.059791142576E+00,-12.127685858E-03
-835.000E-09,+5.006673916795E+00,+5.066465137479E+00,+5.046757223118E+00,-19.705810688E-03
-832.500E-09,+5.111494897515E+00,+5.055983039601E+00,+5.057160803408E+00,+1.177977907E-03
-830.000E-09,+5.001177685596E+00,+5.064423680215E+00,+5.047149811053E+00,-17.271728712E-03
-827.500E-09,+5.038473540160E+00,+5.067878454047E+00,+5.046286117595E+00,-21.589355568E-03
-825.000E-09,+5.031799545131E+00,+5.061361494318E+00,+5.052646042150E+00,-8.712158591E-03
-822.500E-09,+5.035725424560E+00,+5.059634107402E+00,+5.047189069846E+00,-12.442627257E-03
-820.000E-09,+5.064776932324E+00,+5.064737750563E+00,+5.050683102472E+00,-14.051513940E-03
-817.500E-09,+5.037295776331E+00,+5.069605840963E+00,+5.043223931698E+00,-26.379394524E-03
-815.000E-09,+5.149575927964E+00,+5.079420539350E+00,+5.043773554808E+00,-35.643310332E-03
-812.500E-09,+5.043184595477E+00,+5.077182788118E+00,+5.052135677834E+00,-25.043945335E-03
-810.000E-09,+4.939148790642E+00,+5.074945036886E+00,+5.041889132717E+00,-33.052978359E-03
-807.500E-09,+5.073413867068E+00,+5.081933102137E+00,+5.053117147672E+00,-28.813476500E-03
-805.000E-09,+5.156642510934E+00,+5.094024810551E+00,+5.042203203066E+00,-51.817626377E-03
-802.500E-09,+5.034155072791E+00,+5.044794283440E+00,+5.028933730846E+00,-15.858154524E-03
-800.000E-09,+4.939933966526E+00,+5.052331971801E+00,+5.060811871208E+00,+8.480223838E-03
-797.500E-09,+4.931689619727E+00,+5.101248428564E+00,+5.056532662711E+00,-44.711913645E-03
-795.000E-09,+5.023947786277E+00,+5.057671167724E+00,+5.031917399156E+00,-25.750732428E-03
-792.500E-09,+4.863379317685E+00,+5.020296796265E+00,+5.043263190491E+00,+22.966307498E-03
-790.000E-09,+4.948570901266E+00,+5.091119659828E+00,+5.062225187776E+00,-28.890380795E-03
-787.500E-09,+5.027088489821E+00,+5.119621543945E+00,+5.058024496866E+00,-61.593016783E-03
-785.000E-09,+4.981548288457E+00,+5.040632851324E+00,+5.051154207995E+00,+10.521239416E-03
-782.500E-09,+4.984688992001E+00,+5.043773554807E+00,+5.062225187776E+00,+18.452147443E-03
-780.000E-09,+4.967415122521E+00,+5.097715137144E+00,+5.075965765518E+00,-21.746826268E-03
-777.500E-09,+5.032977308961E+00,+5.105684672236E+00,+5.058927449118E+00,-46.752929225E-03
-775.000E-09,+4.970555826062E+00,+5.039141017169E+00,+5.056336368743E+00,+17.196043955E-03
-772.500E-09,+4.937578438871E+00,+5.065287373672E+00,+5.062657034505E+00,-2.628174351E-03
-770.000E-09,+4.934437735327E+00,+5.134618403080E+00,+5.065522926434E+00,-69.090575209E-03
-767.500E-09,+5.022770022451E+00,+5.088607097041E+00,+5.068702888712E+00,-19.902343887E-03
-765.000E-09,+4.973696529603E+00,+5.040240263388E+00,+5.065679961608E+00,+25.438231271E-03
-762.500E-09,+4.943074670070E+00,+5.074238378601E+00,+5.069527323376E+00,-4.709473132E-03
-760.000E-09,+4.848068387919E+00,+5.106666142073E+00,+5.086958227712E+00,-19.705810688E-03
-757.500E-09,+4.948178313326E+00,+5.079263504177E+00,+5.068428077156E+00,-10.833740575E-03
-755.000E-09,+5.020807082735E+00,+5.046129082420E+00,+5.076907976563E+00,+30.777586621E-03
-752.500E-09,+5.006673916795E+00,+5.068153265601E+00,+5.073767273079E+00,+5.615233668E-03
-750.000E-09,+4.883401302768E+00,+5.100855840629E+00,+5.060497800860E+00,-40.355224290E-03
-747.500E-09,+4.882616126881E+00,+5.062578516918E+00,+5.072039886163E+00,+9.461669128E-03
-745.000E-09,+4.906956579332E+00,+5.045029836201E+00,+5.069370288202E+00,+24.339598483E-03
-742.500E-09,+5.106391254258E+00,+5.097636619557E+00,+5.065208856085E+00,-32.424316263E-03
-740.000E-09,+4.983118640230E+00,+5.087664885996E+00,+5.070469534421E+00,-17.193603714E-03
-737.500E-09,+4.937578438868E+00,+5.061440011905E+00,+5.058888190324E+00,-2.551270057E-03
-735.000E-09,+5.091472912434E+00,+5.051703831104E+00,+5.060811871208E+00,+9.107665230E-03
-732.500E-09,+4.912845398475E+00,+5.096694408512E+00,+5.070351758040E+00,-26.340332024E-03
-730.000E-09,+4.848068387919E+00,+5.111691267648E+00,+5.070783604770E+00,-40.904540683E-03
-727.500E-09,+5.148790752079E+00,+5.061125941556E+00,+5.078282034338E+00,+17.155760754E-03
-725.000E-09,+4.999607333826E+00,+5.079499056937E+00,+5.073374685144E+00,-6.121826617E-03
-722.500E-09,+4.921089745274E+00,+5.107922423467E+00,+5.061989635015E+00,-45.930175336E-03
-720.000E-09,+5.006673916795E+00,+5.081461996615E+00,+5.065679961608E+00,-15.780029527E-03
-717.500E-09,+4.964274418979E+00,+5.069527323376E+00,+5.070508793215E+00,+982.665412E-06
-715.000E-09,+4.958778187779E+00,+5.083110865944E+00,+5.075965765518E+00,-7.142334407E-03
-712.500E-09,+5.111494897515E+00,+5.093396669854E+00,+5.073256908763E+00,-20.136718882E-03
-710.000E-09,+5.014525675652E+00,+5.083974559402E+00,+5.064188127453E+00,-19.783935687E-03
-707.500E-09,+4.997644394112E+00,+5.068624371124E+00,+5.078674622273E+00,+10.051268725E-03
-705.000E-09,+4.844142508492E+00,+5.085152323209E+00,+5.074159861015E+00,-10.989990571E-03
-702.500E-09,+4.932082207671E+00,+5.101326946151E+00,+5.071608039434E+00,-29.715576090E-03
-700.000E-09,+5.108746781912E+00,+5.093867775377E+00,+5.085937499079E+00,-7.928467202E-03
-697.500E-09,+4.953674544522E+00,+5.080048680048E+00,+5.079616833318E+00,-430.908776E-06
-695.000E-09,+5.048288238731E+00,+5.104153579286E+00,+5.075808730344E+00,-28.341064401E-03
-692.500E-09,+5.070665751467E+00,+5.089156720151E+00,+5.074238378602E+00,-14.915771733E-03
-690.000E-09,+5.063991756439E+00,+5.081304961441E+00,+5.069527323376E+00,-11.776123366E-03
-687.500E-09,+4.976052057261E+00,+5.077732411227E+00,+5.077261305705E+00,-469.971274E-06
-685.000E-09,+5.099324671289E+00,+5.096537373338E+00,+5.084602700099E+00,-11.932373362E-03
-682.500E-09,+5.010207208283E+00,+5.096772926099E+00,+5.070233981660E+00,-26.535644520E-03
-680.000E-09,+5.122879947855E+00,+5.079420539350E+00,+5.078007222783E+00,-1.409912660E-03
-677.500E-09,+4.889682709851E+00,+5.088057473931E+00,+5.069566582170E+00,-18.488769700E-03
-675.000E-09,+5.035725424559E+00,+5.109963880731E+00,+5.072903579621E+00,-37.056884519E-03
-672.500E-09,+5.096576555690E+00,+5.082718278008E+00,+5.081304961441E+00,-1.412354066E-03
-670.000E-09,+4.897534468709E+00,+5.094024810551E+00,+5.072118403750E+00,-21.903076264E-03
-667.500E-09,+4.962311479263E+00,+5.099874370790E+00,+5.074905778092E+00,-24.965820337E-03
-665.000E-09,+4.988614871428E+00,+5.094731468835E+00,+5.084602700099E+00,-10.125732778E-03
-662.500E-09,+5.142901932937E+00,+5.094849245215E+00,+5.078478328305E+00,-16.368408419E-03
-660.000E-09,+4.993325926743E+00,+5.072903579622E+00,+5.079342021763E+00,+6.439208258E-03
-657.500E-09,+4.950533840980E+00,+5.093749998996E+00,+5.080087938840E+00,-13.658447543E-03
-655.000E-09,+4.946215373608E+00,+5.102347674783E+00,+5.076829458976E+00,-25.516357433E-03
-652.500E-09,+5.003140625312E+00,+5.092964823125E+00,+5.082090137311E+00,-10.874023777E-03
-650.000E-09,+4.934437735327E+00,+5.095516644706E+00,+5.089863378434E+00,-5.650635222E-03
-647.500E-09,+4.995288866456E+00,+5.100463252693E+00,+5.079420539350E+00,-21.040039174E-03
-645.000E-09,+4.858275674432E+00,+5.103446921002E+00,+5.071725815815E+00,-31.717529170E-03
-642.500E-09,+4.881045775111E+00,+5.105409860680E+00,+5.066386619892E+00,-39.019775100E-03
-640.000E-09,+5.036510600447E+00,+5.078085740370E+00,+5.078713881066E+00,+628.661513E-06
-637.500E-09,+4.925408212646E+00,+5.095163315564E+00,+5.085387875970E+00,-9.772949583E-03
-635.000E-09,+4.857490498545E+00,+5.106901694835E+00,+5.077693152434E+00,-29.205322195E-03
-632.500E-09,+5.137405701738E+00,+5.082600501628E+00,+5.090138189989E+00,+7.537841046E-03
-630.000E-09,+5.020021906850E+00,+5.090962624654E+00,+5.088450061867E+00,-2.510986854E-03
-627.500E-09,+4.998036982052E+00,+5.102504709957E+00,+5.084445664925E+00,-18.056640803E-03
-625.000E-09,+4.988614871429E+00,+5.083189383532E+00,+5.083660489054E+00,+469.970110E-06
-622.500E-09,+5.084013741522E+00,+5.108943152100E+00,+5.085937499080E+00,-23.002929755E-03
-620.000E-09,+4.906171403448E+00,+5.102190639609E+00,+5.089235237738E+00,-12.952881152E-03
-617.500E-09,+4.927371152354E+00,+5.106312812932E+00,+5.090805589480E+00,-15.504150627E-03
-615.000E-09,+4.934437735327E+00,+5.107215765183E+00,+5.089235237738E+00,-17.977295102E-03
-612.500E-09,+5.017666379195E+00,+5.100188441138E+00,+5.093396669854E+00,-6.788330508E-03
-610.000E-09,+4.933652559440E+00,+5.104075061699E+00,+5.081776066963E+00,-22.296142662E-03
-607.500E-09,+5.027088489819E+00,+5.100031405964E+00,+5.088057473931E+00,-11.971435861E-03
-605.000E-09,+4.791535724162E+00,+5.108629081751E+00,+5.087507850822E+00,-21.119384876E-03
-602.500E-09,+4.923837860871E+00,+5.115146041480E+00,+5.089981154815E+00,-25.161132832E-03
-600.000E-09,+5.133872410249E+00,+5.103446921003E+00,+5.091119659828E+00,-12.325439760E-03
-597.500E-09,+5.085191505353E+00,+5.113261619390E+00,+5.093671481409E+00,-19.587402488E-03
-595.000E-09,+5.057710349356E+00,+5.115852699764E+00,+5.088921167390E+00,-26.927490214E-03
-592.500E-09,+4.978407584915E+00,+5.096929961274E+00,+5.091276695002E+00,-5.650635222E-03
-590.000E-09,+4.865342257403E+00,+5.111377197300E+00,+5.089313755325E+00,-22.061767667E-03
-587.500E-09,+4.962704067206E+00,+5.104506908428E+00,+5.091355212590E+00,-13.149414350E-03
-585.000E-09,+4.932082207671E+00,+5.090727071893E+00,+5.089313755325E+00,-1.409912661E-03
-582.500E-09,+5.108746781916E+00,+5.108982410893E+00,+5.097754395938E+00,-11.225586268E-03
-580.000E-09,+4.980763112576E+00,+5.104624684809E+00,+5.099285488886E+00,-5.335693823E-03
-577.500E-09,+4.872016252424E+00,+5.114871229926E+00,+5.096223302989E+00,-18.645019697E-03
-575.000E-09,+4.983118640233E+00,+5.119464508771E+00,+5.096851443686E+00,-22.611084061E-03
-572.500E-09,+5.040043891932E+00,+5.115420853035E+00,+5.096380338164E+00,-19.036865391E-03
-570.000E-09,+4.838646277294E+00,+5.123861493648E+00,+5.100620287867E+00,-23.238525453E-03
-567.500E-09,+4.957207836004E+00,+5.113379395770E+00,+5.105763189822E+00,-7.614746505E-03
-565.000E-09,+5.021592258621E+00,+5.102112122022E+00,+5.093710740203E+00,-8.399658598E-03
-562.500E-09,+5.018451555084E+00,+5.126099244881E+00,+5.090530777925E+00,-35.565185334E-03
-560.000E-09,+5.032584721017E+00,+5.117894157029E+00,+5.104703202396E+00,-13.187256147E-03
-557.500E-09,+5.023947786279E+00,+5.119189697216E+00,+5.103446921003E+00,-15.739746324E-03
-555.000E-09,+5.035725424560E+00,+5.122762247429E+00,+5.100306217519E+00,-22.452392658E-03
-552.500E-09,+5.015310851538E+00,+5.114949747512E+00,+5.103918026525E+00,-11.029053070E-03
-550.000E-09,+4.957207836008E+00,+5.111769785235E+00,+5.101091393390E+00,-10.675049172E-03
-547.500E-09,+5.017666379192E+00,+5.122683729842E+00,+5.102347674783E+00,-20.333252081E-03
-545.000E-09,+4.929726680012E+00,+5.113104584216E+00,+5.118443780138E+00,+5.338134064E-03
-542.500E-09,+4.934830323270E+00,+5.119857096706E+00,+5.107294282770E+00,-12.559814755E-03
-540.000E-09,+5.112672661340E+00,+5.128808101635E+00,+5.113418654564E+00,-15.386963129E-03
-537.500E-09,+4.921089745271E+00,+5.126727385578E+00,+5.110042398319E+00,-16.684570523E-03
-535.000E-09,+5.108746781916E+00,+5.131242146835E+00,+5.107294282771E+00,-23.944091843E-03
-532.500E-09,+5.084406329464E+00,+5.127630337829E+00,+5.106116518964E+00,-21.511230570E-03
-530.000E-09,+4.975266881374E+00,+5.138073176913E+00,+5.117344533919E+00,-20.726318478E-03
-527.500E-09,+5.013347911825E+00,+5.128022925764E+00,+5.118129709790E+00,-9.890137080E-03
-525.000E-09,+5.041221655760E+00,+5.136816895519E+00,+5.117423051506E+00,-19.390869289E-03
-522.500E-09,+4.952104192750E+00,+5.136031719649E+00,+5.119660802739E+00,-16.368408419E-03
-520.000E-09,+4.928941504129E+00,+5.123468905713E+00,+5.118443780138E+00,-5.023193829E-03
-517.500E-09,+4.962311479264E+00,+5.144119031120E+00,+5.106038001377E+00,-38.077392309E-03
-515.000E-09,+4.952496780693E+00,+5.138230212087E+00,+5.119228956009E+00,-18.997802892E-03
-512.500E-09,+4.949748665093E+00,+5.122919282603E+00,+5.117148239951E+00,-5.769043422E-03
-510.000E-09,+5.124450299627E+00,+5.147181217016E+00,+5.109963880732E+00,-37.213134516E-03
-507.500E-09,+4.947393137438E+00,+5.142862749726E+00,+5.116206028906E+00,-26.654052721E-03
-505.000E-09,+4.987044519657E+00,+5.133205086513E+00,+5.118522297726E+00,-14.678955332E-03
-502.500E-09,+5.122094771969E+00,+5.147102699430E+00,+5.121348930861E+00,-25.750732428E-03
-500.000E-09,+4.968985474294E+00,+5.147024181842E+00,+5.125981468500E+00,-21.038818471E-03
-497.500E-09,+4.998822157938E+00,+5.144119031120E+00,+5.119739320326E+00,-24.377441444E-03
-495.000E-09,+5.041221655761E+00,+5.146239005971E+00,+5.119621543945E+00,-26.614990221E-03
-492.500E-09,+5.002355449428E+00,+5.142980526107E+00,+5.120799307751E+00,-22.178955164E-03
-490.000E-09,+4.962704067207E+00,+5.148358980823E+00,+5.112240890758E+00,-36.114501728E-03
-487.500E-09,+5.138976053507E+00,+5.153462623984E+00,+5.129436242332E+00,-24.024658248E-03
-485.000E-09,+4.988614871433E+00,+5.145139759752E+00,+5.129593277506E+00,-15.543213125E-03
-482.500E-09,+4.925408212644E+00,+5.158448490765E+00,+5.117619345474E+00,-40.825194982E-03
-480.000E-09,+5.117383716656E+00,+5.141135362810E+00,+5.127316267481E+00,-13.817138945E-03
-477.500E-09,+5.034155072790E+00,+5.152088566210E+00,+5.130810300107E+00,-21.274414169E-03
-475.000E-09,+4.898319644593E+00,+5.158252196797E+00,+5.124489634345E+00,-33.758544749E-03
-472.500E-09,+5.079695274149E+00,+5.141410174365E+00,+5.133283604100E+00,-8.125000401E-03
-470.000E-09,+4.969770650177E+00,+5.152206342591E+00,+5.136424307584E+00,-15.780029526E-03
-467.500E-09,+5.067917635866E+00,+5.149458227042E+00,+5.132302134261E+00,-17.153320511E-03
-465.000E-09,+5.009029444452E+00,+5.143726443185E+00,+5.132498428229E+00,-11.224365566E-03
-462.500E-09,+5.183731078984E+00,+5.156053704359E+00,+5.136659860345E+00,-19.392089993E-03
-460.000E-09,+4.904601051678E+00,+5.133519156862E+00,+5.129200689571E+00,-4.315186033E-03
-457.500E-09,+5.024340374219E+00,+5.142352385410E+00,+5.138505023642E+00,-3.846436043E-03
-455.000E-09,+5.090687736549E+00,+5.159037372668E+00,+5.129671795094E+00,-29.361572191E-03
-452.500E-09,+4.981940876402E+00,+5.144079772326E+00,+5.132027322707E+00,-12.050781563E-03
-450.000E-09,+4.983118640231E+00,+5.140899810049E+00,+5.137916141739E+00,-2.982178250E-03
-447.500E-09,+5.053784469929E+00,+5.131988063913E+00,+5.135639131713E+00,+3.652343087E-03
-445.000E-09,+5.141724169110E+00,+5.136738377933E+00,+5.124097046410E+00,-12.637939753E-03
-442.500E-09,+4.925015624702E+00,+5.151185613958E+00,+5.132380651848E+00,-18.801269693E-03
-440.000E-09,+5.049858590500E+00,+5.160058101301E+00,+5.138858352784E+00,-21.197509874E-03
-437.500E-09,+5.080873037984E+00,+5.148201945649E+00,+5.125353327803E+00,-22.846679759E-03
-435.000E-09,+4.961133715435E+00,+5.140350186939E+00,+5.124646669519E+00,-15.701904528E-03
-432.500E-09,+5.024340374218E+00,+5.129239948364E+00,+5.131477699597E+00,+2.237548196E-03
-430.000E-09,+5.088332208892E+00,+5.153148553636E+00,+5.124960739868E+00,-28.184814405E-03
-427.500E-09,+5.109139369858E+00,+5.143294596455E+00,+5.119817837913E+00,-23.474121151E-03
-425.000E-09,+5.077339746492E+00,+5.128651066462E+00,+5.114203830435E+00,-14.444580338E-03
-422.500E-09,+5.003140625311E+00,+5.147573804952E+00,+5.126727385577E+00,-20.844726679E-03
-420.000E-09,+4.950926428923E+00,+5.156524809881E+00,+5.120092649468E+00,-36.429443127E-03
-417.500E-09,+5.039258716044E+00,+5.153384106398E+00,+5.114007536467E+00,-39.373778999E-03
-415.000E-09,+4.984688992000E+00,+5.143726443184E+00,+5.122291141906E+00,-21.431884869E-03
-412.500E-09,+5.019236730965E+00,+5.128886619223E+00,+5.119503767564E+00,-9.381103888E-03
-410.000E-09,+4.939148790641E+00,+5.155896669184E+00,+5.114046795261E+00,-41.846923475E-03
-407.500E-09,+5.078517510323E+00,+5.155307787281E+00,+5.120288943435E+00,-35.015868940E-03
-405.000E-09,+5.020807082738E+00,+5.148201945649E+00,+5.114125312848E+00,-34.073486148E-03
-402.500E-09,+4.981548288459E+00,+5.140742774874E+00,+5.116009734938E+00,-24.730224638E-03
-400.000E-09,+5.031799545135E+00,+5.130064383029E+00,+5.128965136810E+00,-1.097412667E-03
-397.500E-09,+5.183731078983E+00,+5.148398239617E+00,+5.115106782687E+00,-33.287353354E-03
-395.000E-09,+5.133872410250E+00,+5.160058101301E+00,+5.122448177081E+00,-37.606200913E-03
-392.500E-09,+5.100109847176E+00,+5.133951003591E+00,+5.132616204610E+00,-1.333008365E-03
-390.000E-09,+5.142509344993E+00,+5.147495287365E+00,+5.117187498745E+00,-30.303954983E-03
-387.500E-09,+5.080087862096E+00,+5.153501882778E+00,+5.122762247429E+00,-30.737304582E-03
-385.000E-09,+5.066347284094E+00,+5.133440639275E+00,+5.119385991184E+00,-14.051513941E-03
-382.500E-09,+5.202182712292E+00,+5.137562812597E+00,+5.121270413274E+00,-16.289062718E-03
-380.000E-09,+4.957993011896E+00,+5.141606468332E+00,+5.118286744964E+00,-23.316650451E-03
-377.500E-09,+4.967022534579E+00,+5.146121229591E+00,+5.118051192203E+00,-28.066406205E-03
-375.000E-09,+5.023162610393E+00,+5.155032975726E+00,+5.128022925764E+00,-27.008056619E-03
-372.500E-09,+5.061636228783E+00,+5.137405777423E+00,+5.119817837912E+00,-17.584228705E-03
-370.000E-09,+5.005888740910E+00,+5.137366518629E+00,+5.127394785068E+00,-9.969482781E-03
-367.500E-09,+5.062421404670E+00,+5.153580400365E+00,+5.117776380648E+00,-35.802001735E-03
-365.000E-09,+5.124450299627E+00,+5.147416769778E+00,+5.117266016332E+00,-30.147704986E-03
-362.500E-09,+4.972126177831E+00,+5.146945664255E+00,+5.121977071558E+00,-24.964599634E-03
-360.000E-09,+5.067917635866E+00,+5.141684985920E+00,+5.124882222281E+00,-16.800537316E-03
-357.500E-09,+5.196686481096E+00,+5.149968591359E+00,+5.115106782686E+00,-34.859618944E-03
-355.000E-09,+5.102465374831E+00,+5.151185613959E+00,+5.124175563997E+00,-27.008056619E-03
-352.500E-09,+5.032192133072E+00,+5.139565011068E+00,+5.130653264932E+00,-8.909912492E-03
-350.000E-09,+5.137013113795E+00,+5.148987121520E+00,+5.121427448448E+00,-27.557373013E-03
-347.500E-09,+5.071058339412E+00,+5.136502825171E+00,+5.113340136977E+00,-23.159179752E-03
-345.000E-09,+4.979977936687E+00,+5.129593277507E+00,+5.123154835364E+00,-6.436768017E-03
-342.500E-09,+5.102072786891E+00,+5.143687184391E+00,+5.121623742416E+00,-22.060546964E-03
-340.000E-09,+4.951711604810E+00,+5.138465764849E+00,+5.131477699596E+00,-6.986084411E-03
-337.500E-09,+5.077732334437E+00,+5.142902008520E+00,+5.120603013784E+00,-22.296142662E-03
-335.000E-09,+5.005103565028E+00,+5.151735237068E+00,+5.122605212255E+00,-29.127197196E-03
-332.500E-09,+5.019629318907E+00,+5.145885676830E+00,+5.126884420751E+00,-18.999023595E-03
-330.000E-09,+5.078910098267E+00,+5.156367774707E+00,+5.114989006307E+00,-41.375732078E-03
-327.500E-09,+5.084406329466E+00,+5.148673051171E+00,+5.132105840294E+00,-16.563720915E-03
-325.000E-09,+5.107961606032E+00,+5.148437498410E+00,+5.128729584048E+00,-19.705810689E-03
-322.500E-09,+4.998822157943E+00,+5.154365576236E+00,+5.122958541397E+00,-31.403808473E-03
-320.000E-09,+5.105606078373E+00,+5.133990262384E+00,+5.131399182009E+00,-2.589111853E-03
-317.500E-09,+4.994111102628E+00,+5.147730840126E+00,+5.120367461023E+00,-27.360839814E-03
-315.000E-09,+5.082050801806E+00,+5.161314382694E+00,+5.123625940887E+00,-37.684325911E-03
-312.500E-09,+5.137798289680E+00,+5.142941267313E+00,+5.115028265100E+00,-27.908935505E-03
-310.000E-09,+5.150361103847E+00,+5.146317523559E+00,+5.126217021261E+00,-20.098877086E-03
-307.500E-09,+5.119739244313E+00,+5.144040513533E+00,+5.128611807668E+00,-15.426025628E-03
-305.000E-09,+5.075769394723E+00,+5.129279207159E+00,+5.125667398152E+00,-3.609619643E-03
-302.500E-09,+5.043577183417E+00,+5.146788629082E+00,+5.128336996113E+00,-18.448486498E-03
-300.000E-09,+4.888897533966E+00,+5.139172423133E+00,+5.129279207158E+00,-9.891357783E-03
-297.500E-09,+4.936400675040E+00,+5.147024181843E+00,+5.121348930861E+00,-25.671386727E-03
-295.000E-09,+5.115813364884E+00,+5.143726443184E+00,+5.130692523726E+00,-13.031006150E-03
-292.500E-09,+5.053391881987E+00,+5.148201945649E+00,+5.129985865442E+00,-18.212890800E-03
-290.000E-09,+4.888897533968E+00,+5.154797422965E+00,+5.123076317777E+00,-31.717529170E-03
-287.500E-09,+5.029051429533E+00,+5.138465764849E+00,+5.137288001042E+00,-1.176758368E-03
-285.000E-09,+5.087547033006E+00,+5.136424307584E+00,+5.125039257455E+00,-11.383056968E-03
-282.500E-09,+4.952104192750E+00,+5.142352385410E+00,+5.124097046409E+00,-18.251953299E-03
-280.000E-09,+5.031799545132E+00,+5.134225815145E+00,+5.123704458474E+00,-10.518799175E-03
-277.500E-09,+4.968592886348E+00,+5.151499684307E+00,+5.121152636894E+00,-30.344238185E-03
-275.000E-09,+5.133087234364E+00,+5.143569408010E+00,+5.121270413274E+00,-22.296142661E-03
-272.500E-09,+5.054177057868E+00,+5.131124370455E+00,+5.128886619222E+00,-2.236328657E-03
-270.000E-09,+5.296403818557E+00,+5.142784232139E+00,+5.125039257455E+00,-17.742920108E-03
-267.500E-09,+5.110317133689E+00,+5.141527950745E+00,+5.121231154481E+00,-20.294189581E-03
-265.000E-09,+5.027088489821E+00,+5.138230212088E+00,+5.138073176913E+00,-155.029876E-06
-262.500E-09,+5.161746154188E+00,+5.150007850152E+00,+5.127355526274E+00,-22.648925857E-03
-260.000E-09,+5.063991756441E+00,+5.138308729675E+00,+5.138073176913E+00,-233.154874E-06
-257.500E-09,+5.058888113183E+00,+5.146003453210E+00,+5.126059986087E+00,-19.940185683E-03
-255.000E-09,+5.145650048537E+00,+5.159037372668E+00,+5.132812498578E+00,-26.221923823E-03
-252.500E-09,+5.056925173471E+00,+5.137052448281E+00,+5.121545224829E+00,-15.504150626E-03
-250.000E-09,+4.979977936691E+00,+5.144825689404E+00,+5.121820036384E+00,-23.001709052E-03
-247.500E-09,+5.020414494790E+00,+5.138269470880E+00,+5.132851757371E+00,-5.415039523E-03
-245.000E-09,+5.086761857120E+00,+5.143255337662E+00,+5.124175563997E+00,-19.075927890E-03
-242.500E-09,+5.001570273541E+00,+5.150282661707E+00,+5.116991204777E+00,-33.288574056E-03
-240.000E-09,+5.077339746492E+00,+5.135010991016E+00,+5.119778579119E+00,-15.230713132E-03
-237.500E-09,+5.056925173472E+00,+5.150714508436E+00,+5.118797109280E+00,-31.914062369E-03
-235.000E-09,+5.038080952218E+00,+5.138936870371E+00,+5.136973930694E+00,-1.961670460E-03
-232.500E-09,+5.073806455006E+00,+5.127708855416E+00,+5.123665199681E+00,-4.040527835E-03
-230.000E-09,+5.050643766386E+00,+5.144747171817E+00,+5.126452574022E+00,-18.292236501E-03
-227.500E-09,+5.080873037980E+00,+5.141724244713E+00,+5.128925878016E+00,-12.795410452E-03
-225.000E-09,+5.083621153579E+00,+5.144668654230E+00,+5.123861493648E+00,-20.804443477E-03
-222.500E-09,+5.100502435119E+00,+5.141253139191E+00,+5.118011933409E+00,-23.238525454E-03
-220.000E-09,+5.045932711073E+00,+5.142313126616E+00,+5.111612750061E+00,-30.697021380E-03
-217.500E-09,+5.096183967749E+00,+5.139761305036E+00,+5.120210425848E+00,-19.548339989E-03
-215.000E-09,+5.041221655762E+00,+5.148123428061E+00,+5.111848302822E+00,-36.270751724E-03
-212.500E-09,+5.162138742131E+00,+5.144943465785E+00,+5.120720790164E+00,-24.219970744E-03
-210.000E-09,+4.869268136829E+00,+5.143333855249E+00,+5.117894157029E+00,-25.435791029E-03
-207.500E-09,+5.155072159161E+00,+5.140389445732E+00,+5.127277008687E+00,-13.109131148E-03
-205.000E-09,+5.087547033008E+00,+5.133911744797E+00,+5.119857096706E+00,-14.051513940E-03
-202.500E-09,+4.937578438867E+00,+5.140939068842E+00,+5.116284546494E+00,-24.650878937E-03
-200.000E-09,+5.129161354938E+00,+5.137837624152E+00,+5.125981468500E+00,-11.854248364E-03
-197.500E-09,+5.140938993225E+00,+5.145532347687E+00,+5.124489634345E+00,-21.038818471E-03
-195.000E-09,+5.007459092682E+00,+5.145689382862E+00,+5.110906091777E+00,-34.779052539E-03
-192.500E-09,+5.000392509710E+00,+5.136385048790E+00,+5.125745915738E+00,-10.637207376E-03
-190.000E-09,+5.094613615979E+00,+5.144982724578E+00,+5.124882222281E+00,-20.098877086E-03
-187.500E-09,+5.111494897516E+00,+5.147966392888E+00,+5.119700061532E+00,-28.262939404E-03
-185.000E-09,+4.987044519656E+00,+5.125431845391E+00,+5.113968277674E+00,-11.461181967E-03
-182.500E-09,+5.217886230006E+00,+5.148005651681E+00,+5.125745915739E+00,-22.257080163E-03
-180.000E-09,+5.146435224422E+00,+5.128179960939E+00,+5.124803704693E+00,-3.372803242E-03
-177.500E-09,+4.981940876397E+00,+5.135992460855E+00,+5.118365262551E+00,-17.623291204E-03
-175.000E-09,+4.978407584916E+00,+5.128965136809E+00,+5.127316267481E+00,-1.646729060E-03
-172.500E-09,+5.037688364278E+00,+5.135992460855E+00,+5.126138503674E+00,-9.851074581E-03
-170.000E-09,+4.970555826064E+00,+5.148673051172E+00,+5.107529835532E+00,-41.138915678E-03
-167.500E-09,+5.152716631504E+00,+5.131320664422E+00,+5.120328202229E+00,-10.989990570E-03
-165.000E-09,+5.052999294044E+00,+5.141527950746E+00,+5.118208227377E+00,-23.316650452E-03
-162.500E-09,+4.989007459372E+00,+5.154679646584E+00,+5.117619345474E+00,-37.056884519E-03
-160.000E-09,+5.133087234370E+00,+5.122762247429E+00,+5.117108981158E+00,-5.650635222E-03
-157.500E-09,+5.140153817337E+00,+5.137445036216E+00,+5.121270413274E+00,-16.171875220E-03
-155.000E-09,+5.017666379194E+00,+5.140821292462E+00,+5.121427448448E+00,-19.390869289E-03
-152.500E-09,+5.090295148609E+00,+5.127787373003E+00,+5.123900752442E+00,-3.885498542E-03
-150.000E-09,+5.224167637088E+00,+5.125902950913E+00,+5.125981468500E+00,+79.345119E-06
-147.500E-09,+5.125235475513E+00,+5.133793968416E+00,+5.122801506223E+00,-10.988769867E-03
-145.000E-09,+4.887327182196E+00,+5.144197548707E+00,+5.117501569093E+00,-26.693115220E-03
-142.500E-09,+5.120131832257E+00,+5.142509420584E+00,+5.120092649468E+00,-22.414550862E-03
-140.000E-09,+5.052214118159E+00,+5.136816895520E+00,+5.121348930861E+00,-15.465088127E-03
-137.500E-09,+5.089509972718E+00,+5.133754709623E+00,+5.121545224829E+00,-12.207031560E-03
-135.000E-09,+5.111887485458E+00,+5.141842021094E+00,+5.135089508603E+00,-6.749268009E-03
-132.500E-09,+5.031799545132E+00,+5.136895413107E+00,+5.120406719816E+00,-16.485595917E-03
-130.000E-09,+4.966629946634E+00,+5.142862749726E+00,+5.112869031455E+00,-29.991454990E-03
-127.500E-09,+4.917949041727E+00,+5.131634734771E+00,+5.128140702145E+00,-3.491211442E-03
-125.000E-09,+5.105606078375E+00,+5.140899810049E+00,+5.109257222448E+00,-31.639404172E-03
-122.500E-09,+5.050643766389E+00,+5.147927134094E+00,+5.115106782687E+00,-32.817382661E-03
-120.000E-09,+5.236730451255E+00,+5.137366518629E+00,+5.133519156861E+00,-3.843994637E-03
-117.500E-09,+5.117776304602E+00,+5.141449433158E+00,+5.110866832984E+00,-30.579833883E-03
-115.000E-09,+4.953281956581E+00,+5.140585739700E+00,+5.124725187106E+00,-15.858154525E-03
-112.500E-09,+5.083621153577E+00,+5.118404521345E+00,+5.118326003758E+00,-76.904877E-06
-110.000E-09,+5.177057083956E+00,+5.133833227210E+00,+5.119621543945E+00,-14.207763936E-03
-107.500E-09,+5.013347911819E+00,+5.140939068842E+00,+5.123037058984E+00,-17.900390807E-03
-105.000E-09,+4.956422660124E+00,+5.125824433326E+00,+5.114517900784E+00,-11.304931970E-03
-102.500E-09,+5.112280073401E+00,+5.135874684475E+00,+5.127355526274E+00,-8.516846095E-03
-100.000E-09,+5.065562108210E+00,+5.133597674448E+00,+5.126374056435E+00,-7.220459405E-03
-97.500E-09,+4.951711604802E+00,+5.137994659326E+00,+5.126020727293E+00,-11.971435862E-03
-95.000E-09,+5.096183967746E+00,+5.145924935622E+00,+5.123154835364E+00,-22.767334057E-03
-92.500E-09,+5.093828440092E+00,+5.131006594075E+00,+5.118679332899E+00,-12.326660463E-03
-90.000E-09,+5.033369896908E+00,+5.135717649300E+00,+5.109571292796E+00,-26.143798826E-03
-87.500E-09,+5.146827812369E+00,+5.125588880564E+00,+5.119032662042E+00,-6.553955513E-03
-85.000E-09,+4.992540750856E+00,+5.143176820074E+00,+5.108707599339E+00,-34.466552546E-03
-82.500E-09,+5.109531957803E+00,+5.140860551255E+00,+5.108903893306E+00,-31.953124868E-03
-80.000E-09,+5.138583465565E+00,+5.121348930861E+00,+5.121348930861E+00,+1.220121E-06
-77.500E-09,+5.057710349357E+00,+5.138662058816E+00,+5.109021669687E+00,-29.637451091E-03
-75.000E-09,+5.009814620339E+00,+5.142705714552E+00,+5.121191895687E+00,-21.510009867E-03
-72.500E-09,+5.034547660732E+00,+5.126256280055E+00,+5.112986807835E+00,-13.266601848E-03
-70.000E-09,+5.148790752077E+00,+5.121977071558E+00,+5.116245287700E+00,-5.728760220E-03
-67.500E-09,+5.015703439477E+00,+5.141881279888E+00,+5.112672737487E+00,-29.205322195E-03
-65.000E-09,+5.057710349354E+00,+5.123625940887E+00,+5.110592021429E+00,-13.031006151E-03
-62.500E-09,+5.091865500379E+00,+5.127237749893E+00,+5.109846104351E+00,-17.388916209E-03
-60.000E-09,+5.069487987640E+00,+5.128808101636E+00,+5.115224559067E+00,-13.580322544E-03
-57.500E-09,+5.031799545134E+00,+5.134186556352E+00,+5.120720790164E+00,-13.464355750E-03
-55.000E-09,+5.063206580555E+00,+5.127473302655E+00,+5.118914885661E+00,-8.555908594E-03
-52.500E-09,+4.985081579941E+00,+5.131359923216E+00,+5.117619345474E+00,-13.737793244E-03
-50.000E-09,+4.986259343775E+00,+5.142313126616E+00,+5.116480840461E+00,-25.828857426E-03
-47.500E-09,+5.141331581165E+00,+5.131281405629E+00,+5.125314069010E+00,-5.965576621E-03
-45.000E-09,+5.134657586140E+00,+5.140585739700E+00,+5.111377197300E+00,-29.205322195E-03
-42.500E-09,+5.056532585529E+00,+5.136463566378E+00,+5.114989006306E+00,-21.472168071E-03
-40.000E-09,+5.129946530826E+00,+5.117972674616E+00,+5.125196292629E+00,+7.222899647E-03
-37.500E-09,+5.101287611003E+00,+5.128336996113E+00,+5.120485237403E+00,-7.849121500E-03
-35.000E-09,+4.990185223202E+00,+5.140585739700E+00,+5.114282348022E+00,-26.300048822E-03
-32.500E-09,+5.083228565636E+00,+5.121270413274E+00,+5.119935614293E+00,-1.333008365E-03
-30.000E-09,+5.089117384778E+00,+5.134304332732E+00,+5.110356468667E+00,-23.944091844E-03
-27.500E-09,+5.107961606028E+00,+5.137680588978E+00,+5.121034860513E+00,-16.643066616E-03
-25.000E-09,+5.093828440089E+00,+5.121741518797E+00,+5.110434986255E+00,-11.304931970E-03
-22.500E-09,+5.017666379194E+00,+5.134893214636E+00,+5.117854898235E+00,-17.036133014E-03
-20.000E-09,+5.067132459980E+00,+5.139800563829E+00,+5.124254081584E+00,-15.543213125E-03
-17.500E-09,+4.966629946631E+00,+5.132576945817E+00,+5.111848302822E+00,-20.725097776E-03
-15.000E-09,+5.060851052899E+00,+5.138622800023E+00,+5.112397925932E+00,-26.221923824E-03
-12.500E-09,+5.107176430146E+00,+5.127905149384E+00,+5.119464508771E+00,-8.438721097E-03
-10.000E-09,+4.950926428926E+00,+5.130221418204E+00,+5.124489634345E+00,-5.728760220E-03
-7.500E-09,+5.101680198945E+00,+5.123743717267E+00,+5.123665199681E+00,-76.904877E-06
-5.000E-09,+5.067917635869E+00,+5.143019784900E+00,+5.110434986255E+00,-32.581786963E-03
-2.500E-09,+4.928548916189E+00,+5.137641330184E+00,+5.109846104351E+00,-27.792968711E-03
-0.0E+00,+5.055354821699E+00,+5.123782976061E+00,+5.110827574190E+00,-12.952881152E-03
+2.500E-09,+5.023162610392E+00,+5.129161430777E+00,+5.108197235022E+00,-20.961914176E-03
+5.000E-09,+5.138583465562E+00,+5.132105840294E+00,+5.110670539016E+00,-21.431884868E-03
+7.500E-09,+5.072628691181E+00,+5.120720790165E+00,+5.122526694668E+00,+1.807860705E-03
+10.000E-09,+5.214745526461E+00,+5.127865890591E+00,+5.121113378100E+00,-6.749268010E-03
+12.500E-09,+5.043969771358E+00,+5.130378453377E+00,+5.109649810383E+00,-20.725097775E-03
+15.000E-09,+5.107961606031E+00,+5.125274810216E+00,+5.110749056603E+00,-14.522705336E-03
+17.500E-09,+5.115420776943E+00,+5.128494031287E+00,+5.110238692287E+00,-18.251953299E-03
+20.000E-09,+5.114243013115E+00,+5.124018528823E+00,+5.110042398319E+00,-13.973388942E-03
+22.500E-09,+4.979192760802E+00,+5.125863692120E+00,+5.113104584216E+00,-12.757568657E-03
+25.000E-09,+5.143294520878E+00,+5.129828830267E+00,+5.112240890758E+00,-17.584228704E-03
+27.500E-09,+5.061243640841E+00,+5.126452574023E+00,+5.122212624319E+00,-4.239502441E-03
+30.000E-09,+5.029444017477E+00,+5.131163629248E+00,+5.094809986422E+00,-36.351318129E-03
+32.500E-09,+5.082443389753E+00,+5.119268214803E+00,+5.106862436042E+00,-12.403564757E-03
+35.000E-09,+5.104820902488E+00,+5.129671795093E+00,+5.107686870706E+00,-21.981201262E-03
+37.500E-09,+5.029444017477E+00,+5.132223616674E+00,+5.111259420919E+00,-20.961914176E-03
+40.000E-09,+5.167634973329E+00,+5.124568151932E+00,+5.111691267648E+00,-12.874756153E-03
+42.500E-09,+5.189619898130E+00,+5.128886619223E+00,+5.108315011403E+00,-20.568847779E-03
+45.000E-09,+5.045147535188E+00,+5.132184357881E+00,+5.111377197300E+00,-20.804443476E-03
+47.500E-09,+5.020021906850E+00,+5.118757850487E+00,+5.109767586764E+00,-8.988037491E-03
+50.000E-09,+5.051428942273E+00,+5.117501569093E+00,+5.107294282771E+00,-10.203857776E-03
+52.500E-09,+5.052606706104E+00,+5.118443780138E+00,+5.111573491267E+00,-6.867676210E-03
+55.000E-09,+4.990185223198E+00,+5.106980212423E+00,+5.115538629416E+00,+8.558348835E-03
+57.500E-09,+5.110709721631E+00,+5.124803704694E+00,+5.113811242500E+00,-10.988769868E-03
+60.000E-09,+4.937578438870E+00,+5.119385991184E+00,+5.111534232474E+00,-7.850342204E-03
+62.500E-09,+5.007066504736E+00,+5.120720790165E+00,+5.107451317944E+00,-13.266601849E-03
+65.000E-09,+5.012955323880E+00,+5.131399182009E+00,+5.111534232474E+00,-19.862060685E-03
+67.500E-09,+5.028658841592E+00,+5.118954144454E+00,+5.118522297725E+00,-430.908776E-06
+70.000E-09,+5.046717886960E+00,+5.133205086513E+00,+5.099128453712E+00,-34.073486148E-03
+72.500E-09,+5.152716631506E+00,+5.119974873087E+00,+5.112358667138E+00,-7.614746505E-03
+75.000E-09,+5.074984218839E+00,+5.125431845390E+00,+5.106038001377E+00,-19.390869289E-03
+77.500E-09,+5.057317761417E+00,+5.127434043861E+00,+5.106077260170E+00,-21.354980573E-03
+80.000E-09,+5.116598540769E+00,+5.110199433493E+00,+5.109571292796E+00,-626.221271E-06
+82.500E-09,+5.115028189000E+00,+5.116716393222E+00,+5.107019471216E+00,-9.693603881E-03
+85.000E-09,+5.060851052895E+00,+5.119228956009E+00,+5.101955086848E+00,-17.271728711E-03
+87.500E-09,+5.049073414612E+00,+5.109414257622E+00,+5.111809044029E+00,+2.396239599E-03
+90.000E-09,+5.009029444454E+00,+5.109728327971E+00,+5.096929961274E+00,-12.796631155E-03
+92.500E-09,+4.957207836007E+00,+5.124528893138E+00,+5.107215765184E+00,-17.310791210E-03
+95.000E-09,+5.096969143633E+00,+5.114596418371E+00,+5.123311870538E+00,+8.714598832E-03
+97.500E-09,+5.094221028034E+00,+5.117187498745E+00,+5.110042398319E+00,-7.142334407E-03
+100.000E-09,+5.001177685596E+00,+5.110199433494E+00,+5.113340136977E+00,+3.140868488E-03
+102.500E-09,+5.082835977692E+00,+5.114910488719E+00,+5.110670539016E+00,-4.238281738E-03
+105.000E-09,+5.177842259843E+00,+5.122526694667E+00,+5.097244031622E+00,-25.279541032E-03
+107.500E-09,+4.997251806172E+00,+5.116873428397E+00,+5.100149182344E+00,-16.721191615E-03
+110.000E-09,+4.975266881374E+00,+5.119150438422E+00,+5.096537373338E+00,-22.611084061E-03
+112.500E-09,+5.050643766383E+00,+5.118483038932E+00,+5.109100187274E+00,-9.379883185E-03
+115.000E-09,+5.168420149217E+00,+5.129436242332E+00,+5.105959483790E+00,-23.472900448E-03
+117.500E-09,+5.021199670678E+00,+5.124254081583E+00,+5.100031405964E+00,-24.219970743E-03
+120.000E-09,+4.985474167889E+00,+5.117187498745E+00,+5.108000941054E+00,-9.183349986E-03
+122.500E-09,+5.092258088323E+00,+5.123743717268E+00,+5.100345476312E+00,-23.395996153E-03
+125.000E-09,+4.908526931104E+00,+5.118522297725E+00,+5.103446921003E+00,-15.072021729E-03
+127.500E-09,+5.031406957187E+00,+5.103407662209E+00,+5.105880966203E+00,+2.473143894E-03
+130.000E-09,+4.954852308352E+00,+5.119307473597E+00,+5.096066267815E+00,-23.238525453E-03
+132.500E-09,+5.054177057869E+00,+5.125274810216E+00,+5.111102385745E+00,-14.169922140E-03
+135.000E-09,+5.000392509714E+00,+5.111612750061E+00,+5.115067523893E+00,+3.455809887E-03
+137.500E-09,+5.082835977693E+00,+5.120917084132E+00,+5.096537373338E+00,-24.376220740E-03
+140.000E-09,+5.052214118158E+00,+5.116480840461E+00,+5.112240890758E+00,-4.237061035E-03
+142.500E-09,+5.028658841589E+00,+5.118404521345E+00,+5.101601757706E+00,-16.799316613E-03
+145.000E-09,+5.048288238731E+00,+5.112319408345E+00,+5.101169910977E+00,-11.146240567E-03
+147.500E-09,+5.217493642064E+00,+5.121152636893E+00,+5.100659546660E+00,-20.490722780E-03
+150.000E-09,+5.050643766386E+00,+5.127394785068E+00,+5.095359609532E+00,-32.032470569E-03
+152.500E-09,+5.095398791862E+00,+5.115538629416E+00,+5.110474245048E+00,-5.062256328E-03
+155.000E-09,+5.031014369247E+00,+5.118051192203E+00,+5.109257222448E+00,-8.790283589E-03
+157.500E-09,+4.930511855902E+00,+5.116323805287E+00,+5.105331343093E+00,-10.989990571E-03
+160.000E-09,+4.978407584916E+00,+5.114831971132E+00,+5.113497172151E+00,-1.331787662E-03
+162.500E-09,+5.018844143027E+00,+5.127512561448E+00,+5.096694408512E+00,-30.814208877E-03
+165.000E-09,+4.957993011892E+00,+5.118679332900E+00,+5.111612750061E+00,-7.064209409E-03
+167.500E-09,+5.065562108213E+00,+5.109060928480E+00,+5.112162373171E+00,+3.103026692E-03
+170.000E-09,+4.954067132463E+00,+5.113418654564E+00,+5.107137247596E+00,-6.278076614E-03
+172.500E-09,+5.043969771357E+00,+5.110631280222E+00,+5.110317209874E+00,-312.500575E-06
+175.000E-09,+5.038866128102E+00,+5.117344533919E+00,+5.113811242500E+00,-3.531494644E-03
+177.500E-09,+5.045147535187E+00,+5.122134106732E+00,+5.103289885829E+00,-18.841552895E-03
+180.000E-09,+4.925015624702E+00,+5.114596418371E+00,+5.109806845558E+00,-4.786377429E-03
+182.500E-09,+4.979192760802E+00,+5.117069722365E+00,+5.106509106899E+00,-10.559082378E-03
+185.000E-09,+4.982333464342E+00,+5.123390388125E+00,+5.112240890758E+00,-11.146240567E-03
+187.500E-09,+5.076161982669E+00,+5.110003139526E+00,+5.099992147170E+00,-10.008545281E-03
+190.000E-09,+5.040436479874E+00,+5.119857096706E+00,+5.097244031622E+00,-22.611084061E-03
+192.500E-09,+5.115813364887E+00,+5.106783918454E+00,+5.104389132048E+00,-2.393799356E-03
+195.000E-09,+5.005888740910E+00,+5.115617147003E+00,+5.103368403415E+00,-12.244873355E-03
+197.500E-09,+4.909704694932E+00,+5.121545224829E+00,+5.100698805455E+00,-20.843505975E-03
+200.000E-09,+5.162138742131E+00,+5.112005337996E+00,+5.097244031622E+00,-14.759521736E-03
+202.500E-09,+5.143294520880E+00,+5.109885363145E+00,+5.093357411061E+00,-16.524658416E-03
+205.000E-09,+4.962704067208E+00,+5.110277951080E+00,+5.099049936125E+00,-11.224365565E-03
+207.500E-09,+5.081265625921E+00,+5.098343277841E+00,+5.103093591861E+00,+4.750975874E-03
+210.000E-09,+5.112672661344E+00,+5.117737121855E+00,+5.093318152267E+00,-24.415283240E-03
+212.500E-09,+5.105213490431E+00,+5.108668340544E+00,+5.098421795428E+00,-10.244140978E-03
+215.000E-09,+5.037295776330E+00,+5.107137247596E+00,+5.100620287867E+00,-6.514893015E-03
+217.500E-09,+5.136620525853E+00,+5.105763189822E+00,+5.100423993900E+00,-5.335693822E-03
+220.000E-09,+4.962704067209E+00,+5.102661745132E+00,+5.104781719983E+00,+2.120360698E-03
+222.500E-09,+4.902245524017E+00,+5.108157976229E+00,+5.090413001544E+00,-17.741699404E-03
+225.000E-09,+5.041221655760E+00,+5.113340136977E+00,+5.099913629583E+00,-13.424072547E-03
+227.500E-09,+5.010599796223E+00,+5.109414257622E+00,+5.093632222615E+00,-15.778808823E-03
+230.000E-09,+4.995681454397E+00,+5.117737121854E+00,+5.092847046744E+00,-24.886474635E-03
+232.500E-09,+4.987829695542E+00,+5.107137247596E+00,+5.090609295512E+00,-16.525879119E-03
+235.000E-09,+5.092258088319E+00,+5.114831971132E+00,+5.085230840796E+00,-29.598388592E-03
+237.500E-09,+4.970163238122E+00,+5.111612750061E+00,+5.094888504009E+00,-16.721191615E-03
+240.000E-09,+4.926585976475E+00,+5.098343277841E+00,+5.097008478861E+00,-1.331787661E-03
+242.500E-09,+5.092258088322E+00,+5.108275752609E+00,+5.081383479028E+00,-26.889648419E-03
+245.000E-09,+5.105606078374E+00,+5.104546167222E+00,+5.099756594409E+00,-4.786377428E-03
+247.500E-09,+4.988222283485E+00,+5.096301820577E+00,+5.083307159912E+00,-12.991943651E-03
+250.000E-09,+5.114243013114E+00,+5.098657348190E+00,+5.097322549209E+00,-1.331787662E-03
+252.500E-09,+5.052999294045E+00,+5.114007536467E+00,+5.089706343260E+00,-24.298095742E-03
+255.000E-09,+5.056925173471E+00,+5.089235237738E+00,+5.097872172319E+00,+8.636473834E-03
+257.500E-09,+5.164494269787E+00,+5.111612750061E+00,+5.100149182345E+00,-11.461181967E-03
+260.000E-09,+5.118168892544E+00,+5.098186242667E+00,+5.095359609531E+00,-2.823486847E-03
+262.500E-09,+5.040043891929E+00,+5.102858039100E+00,+5.086565639777E+00,-16.290283421E-03
+265.000E-09,+5.095398791861E+00,+5.114989006306E+00,+5.095673679880E+00,-19.312744291E-03
+267.500E-09,+5.040436479878E+00,+5.106469848106E+00,+5.092258164841E+00,-14.208984640E-03
+270.000E-09,+4.971341001946E+00,+5.113497172151E+00,+5.095281091944E+00,-18.214111503E-03
+272.500E-09,+5.125628063453E+00,+5.106116518964E+00,+5.090648554306E+00,-15.465088127E-03
+275.000E-09,+5.115028189002E+00,+5.110199433493E+00,+5.080755338331E+00,-29.442138595E-03
+277.500E-09,+5.006673916799E+00,+5.113418654564E+00,+5.093004081919E+00,-20.411377079E-03
+280.000E-09,+5.124450299626E+00,+5.099049936125E+00,+5.101405463738E+00,+2.354735694E-03
+282.500E-09,+5.122487359913E+00,+5.108118717435E+00,+5.099678076822E+00,-8.438721096E-03
+285.000E-09,+4.965059594864E+00,+5.110042398319E+00,+5.081147926267E+00,-28.890380795E-03
+287.500E-09,+5.102072786885E+00,+5.095084797977E+00,+5.093435928647E+00,-1.647949764E-03
+290.000E-09,+5.051428942274E+00,+5.115460111828E+00,+5.092061870873E+00,-23.394775449E-03
+292.500E-09,+4.976052057260E+00,+5.109806845558E+00,+5.090098931196E+00,-19.704589985E-03
+295.000E-09,+4.988614871428E+00,+5.100070664758E+00,+5.097322549209E+00,-2.745361849E-03
+297.500E-09,+5.141331581166E+00,+5.106980212422E+00,+5.090570036718E+00,-16.407470919E-03
+300.000E-09,+4.965844770751E+00,+5.112397925932E+00,+5.095595162293E+00,-16.800537316E-03
+302.500E-09,+5.012562735934E+00,+5.100266958725E+00,+5.094652951247E+00,-5.612793426E-03
+305.000E-09,+5.217886230005E+00,+5.108629081751E+00,+5.095595162293E+00,-13.031006150E-03
+307.500E-09,+5.052606706102E+00,+5.107137247596E+00,+5.094024810551E+00,-13.110351852E-03
+310.000E-09,+4.890467885738E+00,+5.115460111829E+00,+5.090805589480E+00,-24.652099640E-03
+312.500E-09,+5.065169520267E+00,+5.102701003925E+00,+5.093396669854E+00,-9.302978889E-03
+315.000E-09,+5.027873665706E+00,+5.115774182177E+00,+5.087115262886E+00,-28.656005801E-03
+317.500E-09,+5.091472912436E+00,+5.110356468667E+00,+5.087978956344E+00,-22.374267660E-03
+320.000E-09,+5.074984218836E+00,+5.100934358215E+00,+5.108236493815E+00,+7.301024645E-03
+322.500E-09,+5.175486732189E+00,+5.104742461189E+00,+5.083621230260E+00,-21.118164172E-03
+325.000E-09,+5.059280701127E+00,+5.098264760254E+00,+5.076750941389E+00,-21.510009867E-03
+327.500E-09,+5.026695901875E+00,+5.095281091945E+00,+5.079891644873E+00,-15.386963129E-03
+330.000E-09,+5.122094771973E+00,+5.099756594409E+00,+5.093239634680E+00,-6.514893015E-03
+332.500E-09,+5.002748037366E+00,+5.104546167222E+00,+5.095595162293E+00,-8.948974992E-03
+335.000E-09,+5.029444017478E+00,+5.096615890925E+00,+5.089470790499E+00,-7.142334407E-03
+337.500E-09,+5.119346656369E+00,+5.107097988803E+00,+5.082404207660E+00,-24.691162140E-03
+340.000E-09,+5.004318389140E+00,+5.095673679880E+00,+5.083896041815E+00,-11.776123366E-03
+342.500E-09,+5.023555198333E+00,+5.106783918455E+00,+5.081304961441E+00,-25.476074232E-03
+345.000E-09,+5.041221655761E+00,+5.098264760254E+00,+5.075730212757E+00,-22.530517656E-03
+347.500E-09,+4.959170775718E+00,+5.103878767732E+00,+5.089549308086E+00,-14.327392840E-03
+350.000E-09,+4.961918891322E+00,+5.099678076822E+00,+5.091276695002E+00,-8.399658598E-03
+352.500E-09,+5.114243013115E+00,+5.091158918621E+00,+5.086369345809E+00,-4.787598131E-03
+355.000E-09,+5.152716631508E+00,+5.106587624486E+00,+5.079263504176E+00,-27.320556612E-03
+357.500E-09,+5.094221028039E+00,+5.102072863229E+00,+5.081972360931E+00,-20.097656383E-03
+360.000E-09,+5.137013113795E+00,+5.093946292964E+00,+5.089313755325E+00,-4.630127432E-03
+362.500E-09,+5.130731706711E+00,+5.105606154648E+00,+5.079773868492E+00,-25.830078130E-03
+365.000E-09,+5.033369896906E+00,+5.102818780306E+00,+5.065994031957E+00,-36.822509524E-03
+367.500E-09,+5.080480450032E+00,+5.090844848274E+00,+5.083542712673E+00,-7.301025810E-03
+370.000E-09,+5.066347284100E+00,+5.099206971299E+00,+5.081304961441E+00,-17.899170104E-03
+372.500E-09,+5.068702811756E+00,+5.103682473764E+00,+5.080244974015E+00,-23.435058652E-03
+375.000E-09,+4.965059594862E+00,+5.088057473931E+00,+5.081854584550E+00,-6.199951616E-03
+377.500E-09,+5.068702811754E+00,+5.097283290415E+00,+5.076750941389E+00,-20.529785279E-03
+380.000E-09,+5.122094771969E+00,+5.097479584383E+00,+5.085858981492E+00,-11.617431963E-03
+382.500E-09,+5.012955323877E+00,+5.096066267815E+00,+5.079420539350E+00,-16.641845913E-03
+385.000E-09,+5.104820902490E+00,+5.095595162292E+00,+5.082875313183E+00,-12.716064751E-03
+387.500E-09,+5.062421404667E+00,+5.092650752777E+00,+5.079263504176E+00,-13.385010049E-03
+390.000E-09,+4.962704067210E+00,+5.098735865777E+00,+5.079342021763E+00,-19.390869289E-03
+392.500E-09,+5.016096027420E+00,+5.093278893473E+00,+5.079302762970E+00,-13.974609644E-03
+395.000E-09,+5.105606078373E+00,+5.086408604602E+00,+5.078399810718E+00,-8.006592200E-03
+397.500E-09,+5.022377434509E+00,+5.094770727628E+00,+5.081619031789E+00,-13.148193647E-03
+400.000E-09,+5.016096027421E+00,+5.083032348357E+00,+5.081304961440E+00,-1.724854059E-03
+402.500E-09,+5.142116757052E+00,+5.093592963822E+00,+5.072746544447E+00,-20.843505975E-03
+405.000E-09,+5.125235475510E+00,+5.100777323041E+00,+5.093867775376E+00,-6.907959412E-03
+407.500E-09,+5.096969143631E+00,+5.091041142241E+00,+5.076907976563E+00,-14.130859641E-03
+410.000E-09,+5.144079696765E+00,+5.098500313015E+00,+5.079184986589E+00,-19.312744291E-03
+412.500E-09,+4.911667634646E+00,+5.097440325590E+00,+5.080676820744E+00,-16.760254114E-03
+415.000E-09,+5.026303313932E+00,+5.080912373506E+00,+5.080676820744E+00,-233.154874E-06
+417.500E-09,+5.050643766388E+00,+5.091355212590E+00,+5.080402009189E+00,-10.950928072E-03
+420.000E-09,+4.965844770746E+00,+5.085544911144E+00,+5.079263504176E+00,-6.278076614E-03
+422.500E-09,+4.904601051673E+00,+5.096615890925E+00,+5.078556845892E+00,-18.056640804E-03
+425.000E-09,+5.126020651398E+00,+5.099756594409E+00,+5.081619031789E+00,-18.133545098E-03
+427.500E-09,+4.957993011896E+00,+5.095241833151E+00,+5.078242775544E+00,-16.995849812E-03
+430.000E-09,+4.881045775114E+00,+5.099756594409E+00,+5.078635363479E+00,-21.119384876E-03
+432.500E-09,+5.021199670679E+00,+5.093121858299E+00,+5.074866519299E+00,-18.253174002E-03
+435.000E-09,+5.169205325100E+00,+5.091669282938E+00,+5.075808730344E+00,-15.858154524E-03
+437.500E-09,+4.996466630285E+00,+5.075847989137E+00,+5.076436871041E+00,+589.599014E-06
+440.000E-09,+4.877119895685E+00,+5.081540514202E+00,+5.083032348357E+00,+1.492919307E-03
+442.500E-09,+5.151146279739E+00,+5.093121858299E+00,+5.081344220234E+00,-11.774902663E-03
+445.000E-09,+4.983903816115E+00,+5.090727071893E+00,+5.064345162628E+00,-26.378173820E-03
+447.500E-09,+4.992540750859E+00,+5.072118403751E+00,+5.076279835866E+00,+4.162596981E-03
+450.000E-09,+5.111887485458E+00,+5.090098931196E+00,+5.083660489054E+00,-6.436768016E-03
+452.500E-09,+5.023555198335E+00,+5.088999684977E+00,+5.078713881067E+00,-10.283203478E-03
+455.000E-09,+4.883401302766E+00,+5.076907976563E+00,+5.064502197802E+00,-12.403564758E-03
+457.500E-09,+5.127983591107E+00,+5.086722674951E+00,+5.073139132382E+00,-13.580322545E-03
+460.000E-09,+4.935222911214E+00,+5.097558101970E+00,+5.087900438757E+00,-9.654541382E-03
+462.500E-09,+5.016488615365E+00,+5.089392272912E+00,+5.076907976563E+00,-12.481689756E-03
+465.000E-09,+5.109531957800E+00,+5.090413001544E+00,+5.071725815815E+00,-18.685302898E-03
+467.500E-09,+5.110317133687E+00,+5.084092335783E+00,+5.077261305705E+00,-6.828613711E-03
+470.000E-09,+4.757773161088E+00,+5.110277951080E+00,+5.068585112331E+00,-41.690673478E-03
+472.500E-09,+5.056139997584E+00,+5.080402009189E+00,+5.078792398654E+00,-1.607666561E-03
+475.000E-09,+5.103250550717E+00,+5.079970162460E+00,+5.064816268150E+00,-15.150146727E-03
+477.500E-09,+5.056532585530E+00,+5.088293026692E+00,+5.078321293131E+00,-9.970703484E-03
+480.000E-09,+5.037295776330E+00,+5.083032348357E+00,+5.074473931363E+00,-8.555908594E-03
+482.500E-09,+5.072628691182E+00,+5.094024810551E+00,+5.069959170105E+00,-24.062500044E-03
+485.000E-09,+5.052214118157E+00,+5.089313755325E+00,+5.070312499247E+00,-18.997802892E-03
+487.500E-09,+5.095006203918E+00,+5.075887247931E+00,+5.083699747847E+00,+7.813719947E-03
+490.000E-09,+5.129946530824E+00,+5.086958227712E+00,+5.069448805789E+00,-17.506103706E-03
+492.500E-09,+5.111887485458E+00,+5.088332285486E+00,+5.076005024312E+00,-12.324219056E-03
+495.000E-09,+5.153501807390E+00,+5.076515388628E+00,+5.079734609699E+00,+3.218993486E-03
+497.500E-09,+5.078517510325E+00,+5.091276695002E+00,+5.073060614795E+00,-18.212890800E-03
+500.000E-09,+5.038866128104E+00,+5.069605840963E+00,+5.079970162460E+00,+10.364989420E-03
+502.500E-09,+4.984688992000E+00,+5.076397612247E+00,+5.067564383698E+00,-8.831787495E-03
+505.000E-09,+5.001962861483E+00,+5.070548052008E+00,+5.074238378602E+00,+3.690184883E-03
+507.500E-09,+5.105998666317E+00,+5.085152323209E+00,+5.073924308253E+00,-11.224365566E-03
+510.000E-09,+4.994896278513E+00,+5.091355212589E+00,+5.076907976563E+00,-14.444580337E-03
+512.500E-09,+5.034155072791E+00,+5.080402009189E+00,+5.072903579621E+00,-7.496338304E-03
+515.000E-09,+5.102465374833E+00,+5.087036745299E+00,+5.069213253028E+00,-17.821045105E-03
+517.500E-09,+5.015310851539E+00,+5.091708541731E+00,+5.068624371124E+00,-23.081054754E-03
+520.000E-09,+5.118168892539E+00,+5.064266645041E+00,+5.087978956344E+00,+23.712157090E-03
+522.500E-09,+5.123665123745E+00,+5.084563441306E+00,+5.070901381150E+00,-13.658447542E-03
+525.000E-09,+4.966629946636E+00,+5.081854584550E+00,+5.072353956512E+00,-9.498291385E-03
+527.500E-09,+5.019629318904E+00,+5.074316896189E+00,+5.069488064583E+00,-4.826660630E-03
+530.000E-09,+5.118954068427E+00,+5.081461996615E+00,+5.079891644873E+00,-1.568604063E-03
+532.500E-09,+5.063206580554E+00,+5.081226443854E+00,+5.074670225331E+00,-6.555176216E-03
+535.000E-09,+4.963489243091E+00,+5.082639760422E+00,+5.071882850989E+00,-10.753174170E-03
+537.500E-09,+5.088724796835E+00,+5.085544911144E+00,+5.067839195253E+00,-17.702636905E-03
+540.000E-09,+5.091472912432E+00,+5.067171795763E+00,+5.068663629918E+00,+1.492919306E-03
+542.500E-09,+4.965059594863E+00,+5.076005024312E+00,+5.066896984208E+00,-9.106445691E-03
+545.000E-09,+5.029444017477E+00,+5.083032348357E+00,+5.060183730512E+00,-22.845459055E-03
+547.500E-09,+4.999607333822E+00,+5.086526380983E+00,+5.069919911311E+00,-16.604004117E-03
+550.000E-09,+5.005888740909E+00,+5.088842649802E+00,+5.070705087183E+00,-18.133545098E-03
+552.500E-09,+5.034155072793E+00,+5.077496858466E+00,+5.074238378602E+00,-3.256836446E-03
+555.000E-09,+5.089902560665E+00,+5.085937499080E+00,+5.065758479195E+00,-20.177002084E-03
+557.500E-09,+4.958385599838E+00,+5.083110865944E+00,+5.065522926434E+00,-17.585449408E-03
+560.000E-09,+5.003533213253E+00,+5.069841393724E+00,+5.064816268150E+00,-5.023193829E-03
+562.500E-09,+4.924230448817E+00,+5.080519785570E+00,+5.066229584718E+00,-14.288330341E-03
+565.000E-09,+4.974481705487E+00,+5.088528579454E+00,+5.068428077156E+00,-20.098877086E-03
+567.500E-09,+5.009814620333E+00,+5.073453202731E+00,+5.072432474099E+00,-1.020508372E-03
+570.000E-09,+4.957207836011E+00,+5.081854584551E+00,+5.059084484292E+00,-22.767334058E-03
+572.500E-09,+4.960348539549E+00,+5.078635363479E+00,+5.071215451499E+00,-7.418213307E-03
+575.000E-09,+5.007459092680E+00,+5.062303705364E+00,+5.062931846060E+00,+628.661512E-06
+577.500E-09,+5.023162610391E+00,+5.082207913692E+00,+5.070469534421E+00,-11.735840163E-03
+580.000E-09,+4.942289494184E+00,+5.069919911312E+00,+5.070626569595E+00,+706.786511E-06
+582.500E-09,+4.993325926739E+00,+5.077496858467E+00,+5.055904522014E+00,-21.590576272E-03
+585.000E-09,+5.085191505350E+00,+5.080833855918E+00,+5.053274182847E+00,-27.557373013E-03
+587.500E-09,+5.040436479872E+00,+5.079420539351E+00,+5.061636305872E+00,-17.781982607E-03
+590.000E-09,+4.803313362447E+00,+5.081461996615E+00,+5.053588253195E+00,-27.869873006E-03
+592.500E-09,+5.049073414615E+00,+5.079499056937E+00,+5.056022298395E+00,-23.474121150E-03
+595.000E-09,+5.118954068425E+00,+5.075337624821E+00,+5.065522926434E+00,-9.813232785E-03
+597.500E-09,+4.961526303380E+00,+5.080205715221E+00,+5.061086682763E+00,-19.117431794E-03
+600.000E-09,+4.986259343772E+00,+5.065915514369E+00,+5.068192524395E+00,+2.276610695E-03
+602.500E-09,+5.038866128103E+00,+5.078635363480E+00,+5.054648240620E+00,-23.984375046E-03
+605.000E-09,+5.065562108207E+00,+5.084445664924E+00,+5.065915514370E+00,-18.526611496E-03
+607.500E-09,+5.033369896907E+00,+5.071451004260E+00,+5.057435614963E+00,-14.012451441E-03
+610.000E-09,+5.070273163523E+00,+5.072903579622E+00,+5.061911117427E+00,-10.989990571E-03
+612.500E-09,+5.065954696155E+00,+5.071647298228E+00,+5.060654836034E+00,-10.988769868E-03
+615.000E-09,+4.962704067204E+00,+5.070391016835E+00,+5.070705087182E+00,+313.720113E-06
+617.500E-09,+5.124842887569E+00,+5.079773868492E+00,+5.069880652518E+00,-9.890137080E-03
+620.000E-09,+5.023162610390E+00,+5.072510991686E+00,+5.056807474266E+00,-15.701904528E-03
+622.500E-09,+4.947785725374E+00,+5.076907976564E+00,+5.059398554640E+00,-17.507324410E-03
+625.000E-09,+5.240656330685E+00,+5.075180589647E+00,+5.072510991686E+00,-2.667236851E-03
+627.500E-09,+5.093828440093E+00,+5.071333227880E+00,+5.068663629918E+00,-2.668457554E-03
+630.000E-09,+4.929726680017E+00,+5.082404207660E+00,+5.058456343595E+00,-23.944091844E-03
+632.500E-09,+5.006673916791E+00,+5.068781406298E+00,+5.063167398821E+00,-5.611572722E-03
+635.000E-09,+5.135442762023E+00,+5.079891644873E+00,+5.056885991853E+00,-23.001709052E-03
+637.500E-09,+5.033762484850E+00,+5.076907976563E+00,+5.064031092279E+00,-12.874756154E-03
+640.000E-09,+5.240656330683E+00,+5.069605840963E+00,+5.056493403918E+00,-13.109131148E-03
+642.500E-09,+5.044362359303E+00,+5.082247172486E+00,+5.069095476647E+00,-13.149414351E-03
+645.000E-09,+4.834720397866E+00,+5.073610237905E+00,+5.057828202898E+00,-15.780029526E-03
+647.500E-09,+5.045540123127E+00,+5.063559986757E+00,+5.054137876305E+00,-9.418945684E-03
+650.000E-09,+5.020021906852E+00,+5.087272298060E+00,+5.055551192873E+00,-31.717529169E-03
+652.500E-09,+4.934437735328E+00,+5.065640702814E+00,+5.063717021931E+00,-1.921387257E-03
+655.000E-09,+4.988614871427E+00,+5.060105212924E+00,+5.055551192872E+00,-4.552002434E-03
+657.500E-09,+5.032192133072E+00,+5.079106469002E+00,+5.073296167557E+00,-5.806885218E-03
+660.000E-09,+4.965059594864E+00,+5.077065011737E+00,+5.057906720485E+00,-19.156494295E-03
+662.500E-09,+4.925800800582E+00,+5.071293969086E+00,+5.055708228046E+00,-15.583496328E-03
+665.000E-09,+4.947000549498E+00,+5.088764132214E+00,+5.060497800860E+00,-28.262939403E-03
+667.500E-09,+5.061636228783E+00,+5.080166456428E+00,+5.061047423969E+00,-19.116211093E-03
+670.000E-09,+4.967415122519E+00,+5.085701946318E+00,+5.053274182847E+00,-32.425536966E-03
+672.500E-09,+5.009422032396E+00,+5.071254710292E+00,+5.063402951582E+00,-7.850342203E-03
+675.000E-09,+4.987829695544E+00,+5.086722674951E+00,+5.058142273247E+00,-28.577880802E-03
+677.500E-09,+4.985081579946E+00,+5.078321293131E+00,+5.053627511988E+00,-24.691162139E-03
+680.000E-09,+5.106391254260E+00,+5.063088881234E+00,+5.069527323376E+00,+6.439208258E-03
+682.500E-09,+5.035725424563E+00,+5.078124999163E+00,+5.056375627537E+00,-21.745605565E-03
+685.000E-09,+4.986259343772E+00,+5.068585112331E+00,+5.055394157698E+00,-13.187256146E-03
+687.500E-09,+5.031014369244E+00,+5.063128140027E+00,+5.055708228047E+00,-7.416992604E-03
+690.000E-09,+4.908526931107E+00,+5.078478328305E+00,+5.060576318447E+00,-17.899170104E-03
+692.500E-09,+5.004710977084E+00,+5.071961368576E+00,+5.059084484292E+00,-12.874756154E-03
+695.000E-09,+4.947785725381E+00,+5.048013504512E+00,+5.067564383698E+00,+19.549559527E-03
+697.500E-09,+4.899104820481E+00,+5.072982097208E+00,+5.059555589815E+00,-13.424072547E-03
+700.000E-09,+5.038866128104E+00,+5.067407348525E+00,+5.063245916408E+00,-4.158936036E-03
+702.500E-09,+4.958385599834E+00,+5.071765074609E+00,+5.055786745634E+00,-15.976562725E-03
+705.000E-09,+5.056925173471E+00,+5.076358353453E+00,+5.060733353621E+00,-15.621338123E-03
+707.500E-09,+5.122879947857E+00,+5.068192524396E+00,+5.069213253028E+00,+1.021727910E-03
+710.000E-09,+5.025518138048E+00,+5.083189383531E+00,+5.041732097543E+00,-41.453857076E-03
+712.500E-09,+4.933652559442E+00,+5.074473931363E+00,+5.063088881234E+00,-11.381836265E-03
+715.000E-09,+5.019236730965E+00,+5.069448805789E+00,+5.056179333569E+00,-13.267822551E-03
+717.500E-09,+5.018058967139E+00,+5.077614634847E+00,+5.055943780808E+00,-21.668701269E-03
+720.000E-09,+5.132302058482E+00,+5.064502197802E+00,+5.060811871208E+00,-3.687744640E-03
+722.500E-09,+4.947785725384E+00,+5.081030149886E+00,+5.054726758208E+00,-26.300048823E-03
+725.000E-09,+4.911667634647E+00,+5.061518529492E+00,+5.045422424137E+00,-16.092529519E-03
+727.500E-09,+5.039651303991E+00,+5.062342964156E+00,+5.060811871208E+00,-1.528320860E-03
+730.000E-09,+5.042006831647E+00,+5.074709484124E+00,+5.048798680382E+00,-25.906982425E-03
+732.500E-09,+5.032977308961E+00,+5.063088881234E+00,+5.051193466789E+00,-11.892090160E-03
+735.000E-09,+4.980763112568E+00,+5.059712624989E+00,+5.059398554640E+00,-311.279873E-06
+737.500E-09,+4.983118640230E+00,+5.066268843511E+00,+5.051036431614E+00,-15.229492429E-03
+740.000E-09,+4.942289494183E+00,+5.061361494318E+00,+5.049191268317E+00,-12.166748357E-03
+742.500E-09,+4.979585348745E+00,+5.070391016834E+00,+5.058220790834E+00,-12.167969061E-03
+745.000E-09,+5.085191505348E+00,+5.066229584718E+00,+5.063717021931E+00,-2.510986854E-03
+747.500E-09,+4.949356077153E+00,+5.068467335951E+00,+5.057317838582E+00,-11.147461271E-03
+750.000E-09,+4.758558336968E+00,+5.082875313182E+00,+5.050840137646E+00,-32.032470569E-03
+752.500E-09,+4.984296404058E+00,+5.063717021931E+00,+5.053313441640E+00,-10.400390974E-03
+755.000E-09,+4.911667634650E+00,+5.079027951414E+00,+5.044087625156E+00,-34.937743941E-03
+757.500E-09,+4.972126177832E+00,+5.069841393724E+00,+5.053588253195E+00,-16.250000218E-03
+760.000E-09,+5.149575927961E+00,+5.055315640111E+00,+5.050054961775E+00,-5.257568824E-03
+762.500E-09,+4.945822785667E+00,+5.072589509272E+00,+5.053431218021E+00,-19.155273591E-03
+765.000E-09,+5.007459092683E+00,+5.064031092279E+00,+5.049976444188E+00,-14.051513940E-03
+767.500E-09,+5.060458464953E+00,+5.052371230595E+00,+5.052567524562E+00,+197.753320E-06
+770.000E-09,+5.047503062846E+00,+5.065758479195E+00,+5.044244660331E+00,-21.510009866E-03
+772.500E-09,+5.021592258624E+00,+5.063638504344E+00,+5.055826004428E+00,-7.810059001E-03
+775.000E-09,+4.961918891320E+00,+5.053588253195E+00,+5.047777951750E+00,-5.806885218E-03
+777.500E-09,+5.057317761409E+00,+5.070430275628E+00,+5.049426821079E+00,-21.000976675E-03
+780.000E-09,+5.110317133687E+00,+5.061125941556E+00,+5.046992775879E+00,-14.129638938E-03
+782.500E-09,+4.925015624701E+00,+5.060929647589E+00,+5.052371230595E+00,-8.557129298E-03
+785.000E-09,+5.108746781916E+00,+5.070626569595E+00,+5.060105212924E+00,-10.518799175E-03
+787.500E-09,+5.026303313937E+00,+5.067485866111E+00,+5.056179333569E+00,-11.303711267E-03
+790.000E-09,+5.122094771969E+00,+5.086330087015E+00,+5.043773554808E+00,-42.552489865E-03
+792.500E-09,+5.098932083346E+00,+5.058848931530E+00,+5.055237122524E+00,-3.610840345E-03
+795.000E-09,+4.873194016262E+00,+5.063952574692E+00,+5.063010363646E+00,-938.721265E-06
+797.500E-09,+4.939933966525E+00,+5.061597047079E+00,+5.040397298562E+00,-21.197509874E-03
+800.000E-09,+4.987829695544E+00,+5.058299308421E+00,+5.047463881401E+00,-10.833740574E-03
+802.500E-09,+5.082835977695E+00,+5.062971104853E+00,+5.055551192872E+00,-7.418213306E-03
+805.000E-09,+5.045147535183E+00,+5.055080087350E+00,+5.050054961776E+00,-5.023193829E-03
+807.500E-09,+4.965059594860E+00,+5.052410489388E+00,+5.057514132550E+00,+5.104979773E-03
+810.000E-09,+4.990185223197E+00,+5.070076946486E+00,+5.043302449285E+00,-26.771240218E-03
+812.500E-09,+4.921874921160E+00,+5.067014760589E+00,+5.049505338666E+00,-17.507324409E-03
+815.000E-09,+4.972911353714E+00,+5.051154207996E+00,+5.043459484459E+00,-7.691650802E-03
+817.500E-09,+5.016488615363E+00,+5.082718278008E+00,+5.049152009524E+00,-33.563232253E-03
+820.000E-09,+4.928941504126E+00,+5.101012875802E+00,+5.046914258292E+00,-54.095458357E-03
+822.500E-09,+4.918734217618E+00,+5.067760677667E+00,+5.047071293466E+00,-20.688476683E-03
+825.000E-09,+5.050643766385E+00,+5.026735238407E+00,+5.042752826175E+00,+16.016844763E-03
+827.500E-09,+4.957993011896E+00,+5.088175250311E+00,+5.062499999330E+00,-25.672607430E-03
+830.000E-09,+4.894393765165E+00,+5.106195036551E+00,+5.046364635182E+00,-59.827880104E-03
+832.500E-09,+4.975266881375E+00,+5.037492147840E+00,+5.053274182847E+00,+15.781249065E-03
+835.000E-09,+4.948570901267E+00,+5.043695037220E+00,+5.060890388795E+00,+17.196043956E-03
+837.500E-09,+4.973303941661E+00,+5.115695664589E+00,+5.068585112331E+00,-47.106933122E-03
+840.000E-09,+5.100895023061E+00,+5.100463252693E+00,+5.057749685311E+00,-42.711181268E-03
+842.500E-09,+5.098932083349E+00,+5.038473617679E+00,+5.055747486840E+00,+17.272948250E-03
+845.000E-09,+4.978407584917E+00,+5.057671167723E+00,+5.069370288201E+00,+11.697997204E-03
+847.500E-09,+5.003925801194E+00,+5.112829772661E+00,+5.067642901286E+00,-45.183105041E-03
+850.000E-09,+4.957993011896E+00,+5.093632222616E+00,+5.061518529492E+00,-32.110595568E-03
+852.500E-09,+4.974874293431E+00,+5.037649183014E+00,+5.068663629918E+00,+31.013182318E-03
+855.000E-09,+4.984688992001E+00,+5.070626569595E+00,+5.076122800692E+00,+5.496825467E-03
+857.500E-09,+4.998036982056E+00,+5.126688126784E+00,+5.066622172653E+00,-60.062255099E-03
+860.000E-09,+5.047503062842E+00,+5.066229584719E+00,+5.060890388795E+00,-5.335693823E-03
+862.500E-09,+4.968985474291E+00,+5.036275125240E+00,+5.069527323376E+00,+33.251951799E-03
+865.000E-09,+4.972911353720E+00,+5.097793654730E+00,+5.077536117260E+00,-20.255127081E-03
+867.500E-09,+5.012955323884E+00,+5.113968277674E+00,+5.076240577073E+00,-37.723388411E-03
+870.000E-09,+4.919519393505E+00,+5.070940639944E+00,+5.071333227879E+00,+391.845112E-06
+872.500E-09,+5.095006203920E+00,+5.056964509439E+00,+5.074238378602E+00,+17.272948251E-03
+875.000E-09,+5.013740499770E+00,+5.095987750228E+00,+5.071882850989E+00,-24.102783246E-03
+877.500E-09,+5.038080952221E+00,+5.101601757706E+00,+5.075965765518E+00,-25.633544931E-03
+880.000E-09,+5.036510600445E+00,+5.036785489557E+00,+5.083660489054E+00,+46.873777666E-03
+882.500E-09,+5.027873665707E+00,+5.063520727962E+00,+5.075887247931E+00,+12.368163205E-03
+885.000E-09,+5.072628691179E+00,+5.102818780305E+00,+5.075730212757E+00,-27.086181617E-03
+887.500E-09,+5.158998038590E+00,+5.082090137312E+00,+5.075965765518E+00,-6.123047321E-03
+890.000E-09,+4.952496780697E+00,+5.066700690240E+00,+5.075651695170E+00,+8.951415233E-03
+892.500E-09,+4.993718514688E+00,+5.071058416324E+00,+5.072196921338E+00,+1.140136112E-03
+895.000E-09,+4.986259343766E+00,+5.089941896022E+00,+5.065836996782E+00,-24.102783247E-03
+897.500E-09,+4.899497408422E+00,+5.097479584384E+00,+5.072118403750E+00,-25.357666032E-03
+900.000E-09,+5.020807082734E+00,+5.048170539686E+00,+5.076750941389E+00,+28.580321044E-03
+902.500E-09,+5.021592258620E+00,+5.080637561950E+00,+5.065836996782E+00,-14.797363532E-03
+905.000E-09,+5.028658841594E+00,+5.101719534086E+00,+5.070862122357E+00,-30.853271376E-03
+907.500E-09,+4.956815248062E+00,+5.078203516751E+00,+5.072275438924E+00,-5.926514122E-03
+910.000E-09,+5.045147535186E+00,+5.080284232808E+00,+5.070862122357E+00,-9.420166387E-03
+912.500E-09,+5.026695901880E+00,+5.082914571976E+00,+5.071490263054E+00,-11.423340170E-03
+915.000E-09,+5.017666379191E+00,+5.098421795429E+00,+5.065836996783E+00,-32.581786963E-03
+917.500E-09,+5.006673916799E+00,+5.075102072060E+00,+5.069409546995E+00,-5.689697721E-03
+920.000E-09,+4.910882458762E+00,+5.053980841130E+00,+5.078949433828E+00,+24.967039875E-03
+922.500E-09,+4.982726052284E+00,+5.100109923551E+00,+5.074748742918E+00,-25.357666031E-03
+925.000E-09,+4.903030699909E+00,+5.089313755325E+00,+5.073296167557E+00,-16.014404521E-03
+927.500E-09,+4.984688991998E+00,+5.071608039434E+00,+5.075926506724E+00,+4.318846977E-03
+930.000E-09,+4.957207836011E+00,+5.073374685144E+00,+5.083110865944E+00,+9.735106622E-03
+932.500E-09,+5.000392509712E+00,+5.089706343260E+00,+5.079459798144E+00,-10.244140978E-03
+935.000E-09,+4.998036982055E+00,+5.084131594577E+00,+5.073296167556E+00,-10.833740575E-03
+937.500E-09,+5.001177685602E+00,+5.080284232809E+00,+5.076122800692E+00,-4.158936036E-03
+940.000E-09,+5.014525675651E+00,+5.076436871041E+00,+5.075808730344E+00,-626.221271E-06
+942.500E-09,+4.940326554467E+00,+5.097283290416E+00,+5.075690953963E+00,-21.589355569E-03
+945.000E-09,+4.986259343771E+00,+5.083660489054E+00,+5.080519785570E+00,-3.138428246E-03
+947.500E-09,+5.008636856512E+00,+5.083150124738E+00,+5.086958227712E+00,+3.809813786E-03
+950.000E-09,+4.946215373608E+00,+5.096851443686E+00,+5.078399810718E+00,-18.448486497E-03
+952.500E-09,+5.054962233756E+00,+5.101012875802E+00,+5.078242775544E+00,-22.767334057E-03
+955.000E-09,+5.012170147993E+00,+5.101483981325E+00,+5.074395413776E+00,-27.086181617E-03
+957.500E-09,+4.974481705489E+00,+5.091355212589E+00,+5.075023554473E+00,-16.328125217E-03
+960.000E-09,+5.034155072792E+00,+5.094731468834E+00,+5.087507850821E+00,-7.220459405E-03
+962.500E-09,+5.092650676263E+00,+5.105252825506E+00,+5.073453202731E+00,-31.796874872E-03
+965.000E-09,+5.043577183414E+00,+5.090413001545E+00,+5.075416142408E+00,-14.993896732E-03
+967.500E-09,+5.019236730961E+00,+5.083778265434E+00,+5.087586368409E+00,+3.808593083E-03
+970.000E-09,+5.027873665706E+00,+5.095359609531E+00,+5.081776066963E+00,-13.580322544E-03
+972.500E-09,+5.010992384166E+00,+5.083307159912E+00,+5.080323491602E+00,-2.982178249E-03
+975.000E-09,+5.085191505347E+00,+5.079577574526E+00,+5.079420539350E+00,-155.029877E-06
+977.500E-09,+5.110317133684E+00,+5.099913629583E+00,+5.081854584551E+00,-18.056640803E-03
+980.000E-09,+4.961133715440E+00,+5.090962624654E+00,+5.083032348357E+00,-7.928467202E-03
+982.500E-09,+5.025910725987E+00,+5.100698805455E+00,+5.079224245382E+00,-21.472168072E-03
+985.000E-09,+5.010599796224E+00,+5.091041142241E+00,+5.085701946318E+00,-5.335693822E-03
+987.500E-09,+4.895178941045E+00,+5.096262561783E+00,+5.088921167389E+00,-7.338867606E-03
+990.000E-09,+4.793106075932E+00,+5.109021669686E+00,+5.084602700099E+00,-24.415283239E-03
+992.500E-09,+5.014133087713E+00,+5.097322549209E+00,+5.078046481576E+00,-19.273681791E-03
+995.000E-09,+4.901460348134E+00,+5.097715137144E+00,+5.081697549376E+00,-16.014404521E-03
+997.500E-09,+5.007066504739E+00,+5.113143843009E+00,+5.078988692622E+00,-34.152831849E-03
+1.000000E-06,+5.100109847175E+00,+5.095516644706E+00,+5.089392272912E+00,-6.121826618E-03
+1.002500E-06,+5.189227310187E+00,+5.093828516583E+00,+5.082836054389E+00,-10.988769868E-03
+1.005000E-06,+4.997251806171E+00,+5.088528579454E+00,+5.089156720150E+00,+628.661513E-06
+1.007500E-06,+5.018058967131E+00,+5.087978956344E+00,+5.088803391009E+00,+825.194712E-06
+1.010000E-06,+5.120524420199E+00,+5.095045539183E+00,+5.083660489054E+00,-11.383056969E-03
+1.012500E-06,+4.973303941660E+00,+5.108315011403E+00,+5.081776066964E+00,-26.535644520E-03
+1.015000E-06,+5.038080952213E+00,+5.093553705029E+00,+5.084210112163E+00,-9.342041390E-03
+1.017500E-06,+4.968985474294E+00,+5.098500313016E+00,+5.082796795595E+00,-15.700683825E-03
+1.020000E-06,+4.952496780694E+00,+5.107451317945E+00,+5.090570036718E+00,-16.878662315E-03
+1.022500E-06,+5.001962861484E+00,+5.104546167223E+00,+5.080048680047E+00,-24.494628942E-03
+1.025000E-06,+5.144079696766E+00,+5.117030463570E+00,+5.079263504177E+00,-37.764892315E-03
+1.027500E-06,+5.046325299022E+00,+5.112201631964E+00,+5.089588566879E+00,-22.609863359E-03
+1.030000E-06,+4.988614871428E+00,+5.110277951080E+00,+5.089392272912E+00,-20.882568475E-03
+1.032500E-06,+5.089509972719E+00,+5.099913629583E+00,+5.091315953796E+00,-8.594971093E-03
+1.035000E-06,+5.055354821700E+00,+5.109728327970E+00,+5.098343277841E+00,-11.383056968E-03
+1.037500E-06,+5.004318389139E+00,+5.119150438422E+00,+5.092807787951E+00,-26.339111321E-03
+1.040000E-06,+5.081265625922E+00,+5.108550564164E+00,+5.103682473763E+00,-4.864502427E-03
+1.042500E-06,+5.048288238730E+00,+5.108511305370E+00,+5.090570036719E+00,-17.939453306E-03
+1.045000E-06,+5.049073414613E+00,+5.120720790164E+00,+5.090570036719E+00,-30.147704986E-03
+1.047500E-06,+4.960348539549E+00,+5.106391330519E+00,+5.096184044196E+00,-10.205078479E-03
+1.050000E-06,+5.023947786276E+00,+5.111220162126E+00,+5.099521041648E+00,-11.695556961E-03
+1.052500E-06,+4.984688992002E+00,+5.112397925931E+00,+5.099403265267E+00,-12.991943651E-03
+1.055000E-06,+5.077339746491E+00,+5.098107725081E+00,+5.104232096874E+00,+6.124266858E-03
+1.057500E-06,+5.015310851538E+00,+5.120603013784E+00,+5.098186242667E+00,-22.413330159E-03
+1.060000E-06,+4.973696529606E+00,+5.109571292797E+00,+5.113497172151E+00,+3.927001283E-03
+1.062500E-06,+4.972518765775E+00,+5.117423051507E+00,+5.099599559235E+00,-17.821045106E-03
+1.065000E-06,+5.128376179053E+00,+5.119543026358E+00,+5.103368403416E+00,-16.170654517E-03
+1.067500E-06,+4.928941504126E+00,+5.112751255074E+00,+5.102504709958E+00,-10.245361682E-03
+1.070000E-06,+4.977622409032E+00,+5.127473302655E+00,+5.103918026525E+00,-23.553466853E-03
+1.072500E-06,+4.924230448812E+00,+5.113065325422E+00,+5.108746858132E+00,-4.317627438E-03
+1.075000E-06,+5.057710349356E+00,+5.117030463571E+00,+5.111220162125E+00,-5.806885218E-03
+1.077500E-06,+5.021984846567E+00,+5.126805903164E+00,+5.104703202396E+00,-22.099609463E-03
+1.080000E-06,+4.934437735330E+00,+5.103446921003E+00,+5.106038001377E+00,+2.591552094E-03
+1.082500E-06,+5.125235475511E+00,+5.129789571474E+00,+5.101012875802E+00,-28.774414002E-03
+1.085000E-06,+4.919519393508E+00,+5.129436242332E+00,+5.112240890757E+00,-17.193603713E-03
+1.087500E-06,+5.006673916794E+00,+5.119543026358E+00,+5.118443780138E+00,-1.097412667E-03
+1.090000E-06,+4.868482960946E+00,+5.123861493648E+00,+5.118365262551E+00,-5.494385225E-03
+1.092500E-06,+5.005888740913E+00,+5.129279207158E+00,+5.116402322874E+00,-12.873535451E-03
+1.095000E-06,+4.962704067206E+00,+5.121584483623E+00,+5.110042398319E+00,-11.539306965E-03
+1.097500E-06,+4.992148162913E+00,+5.129711053887E+00,+5.109217963655E+00,-20.490722780E-03
+1.100000E-06,+5.042006831643E+00,+5.126609609197E+00,+5.109335740035E+00,-17.271728712E-03
+1.102500E-06,+5.005103565027E+00,+5.129868089062E+00,+5.105763189822E+00,-24.102783247E-03
+1.105000E-06,+5.116598540772E+00,+5.132655463403E+00,+5.101405463738E+00,-31.246337774E-03
+1.107500E-06,+5.070273163527E+00,+5.129828830268E+00,+5.115028265100E+00,-14.797363533E-03
+1.110000E-06,+4.983903816115E+00,+5.139800563830E+00,+5.107294282771E+00,-32.503661965E-03
+1.112500E-06,+4.994896278511E+00,+5.130653264932E+00,+5.116716393222E+00,-13.933105739E-03
+1.115000E-06,+4.855134970894E+00,+5.147259734603E+00,+5.114831971132E+00,-32.425536967E-03
+1.117500E-06,+4.916378689956E+00,+5.139368717100E+00,+5.121623742416E+00,-17.742920107E-03
+1.120000E-06,+5.135442762020E+00,+5.136031719648E+00,+5.123233352951E+00,-12.796631155E-03
+1.122500E-06,+5.094613615977E+00,+5.141449433159E+00,+5.117658604267E+00,-23.787841848E-03
+1.125000E-06,+4.963489243094E+00,+5.143019784900E+00,+5.115931217351E+00,-27.086181617E-03
+1.127500E-06,+5.100109847173E+00,+5.131870287532E+00,+5.115224559067E+00,-16.643066616E-03
+1.130000E-06,+5.041221655760E+00,+5.136973930694E+00,+5.122369659494E+00,-14.600830334E-03
+1.132500E-06,+5.072628691181E+00,+5.134853955842E+00,+5.125039257455E+00,-9.812012082E-03
+1.135000E-06,+5.080480450036E+00,+5.141292397985E+00,+5.113732724913E+00,-27.557373013E-03
+1.137500E-06,+5.054962233756E+00,+5.141174621604E+00,+5.123233352952E+00,-17.939453306E-03
+1.140000E-06,+5.001962861485E+00,+5.133990262384E+00,+5.130928076487E+00,-3.060303248E-03
+1.142500E-06,+4.959170775719E+00,+5.143922737152E+00,+5.131320664423E+00,-12.598877254E-03
+1.145000E-06,+5.063206580554E+00,+5.147730840126E+00,+5.133440639274E+00,-14.288330341E-03
+1.147500E-06,+4.977622409030E+00,+5.148280463236E+00,+5.130299935790E+00,-17.978515805E-03
+1.150000E-06,+4.945430197724E+00,+5.149222674281E+00,+5.124254081584E+00,-24.964599633E-03
+1.152500E-06,+5.060458464954E+00,+5.152167083797E+00,+5.135599872920E+00,-16.563720914E-03
+1.155000E-06,+4.978407584918E+00,+5.152441895352E+00,+5.141135362810E+00,-11.304931970E-03
+1.157500E-06,+5.034940248677E+00,+5.153305588810E+00,+5.128022925764E+00,-25.279541033E-03
+1.160000E-06,+5.129946530822E+00,+5.133519156862E+00,+5.129985865442E+00,-3.531494644E-03
+1.162500E-06,+4.999607333830E+00,+5.159744030953E+00,+5.128768842842E+00,-30.971679577E-03
+1.165000E-06,+5.045147535189E+00,+5.146553076320E+00,+5.132027322707E+00,-14.522705336E-03
+1.167500E-06,+5.040436479871E+00,+5.132341393055E+00,+5.141017586429E+00,+8.675536333E-03
+1.170000E-06,+5.099324671291E+00,+5.147024181843E+00,+5.132184357881E+00,-14.837646735E-03
+1.172500E-06,+4.954459720406E+00,+5.145728641655E+00,+5.141331656778E+00,-4.394531734E-03
+1.175000E-06,+5.114243013114E+00,+5.123782976062E+00,+5.130928076487E+00,+7.144774648E-03
+1.177500E-06,+5.073413867062E+00,+5.143530149217E+00,+5.132223616674E+00,-11.303711267E-03
+1.180000E-06,+5.009029444455E+00,+5.139172423133E+00,+5.139250940719E+00,+79.345119E-06
+1.182500E-06,+5.080873037980E+00,+5.151342649133E+00,+5.134225815145E+00,-17.115478716E-03
+1.185000E-06,+5.096969143634E+00,+5.157859608862E+00,+5.131713252358E+00,-26.143798825E-03
+1.187500E-06,+4.971341001948E+00,+5.151538943101E+00,+5.125863692119E+00,-25.672607431E-03
+1.190000E-06,+4.996466630283E+00,+5.165240262049E+00,+5.117815639442E+00,-47.420653819E-03
+1.192500E-06,+5.077339746496E+00,+5.141959797474E+00,+5.130299935790E+00,-11.656494462E-03
+1.195000E-06,+5.116598540773E+00,+5.144590136642E+00,+5.126217021261E+00,-18.370361500E-03
+1.197500E-06,+4.971341001947E+00,+5.160686241997E+00,+5.112319408345E+00,-48.363036610E-03
+1.200000E-06,+5.007459092680E+00,+5.138387247261E+00,+5.123940011235E+00,-14.444580337E-03
+1.202500E-06,+5.027873665709E+00,+5.133165827719E+00,+5.114203830435E+00,-18.958740392E-03
+1.205000E-06,+4.974481705489E+00,+5.145846418036E+00,+5.127159232306E+00,-18.685302899E-03
+1.207500E-06,+5.028658841588E+00,+5.139407975894E+00,+5.119857096706E+00,-19.548339989E-03
+1.210000E-06,+4.929726680014E+00,+5.138701317610E+00,+5.116951945983E+00,-21.746826268E-03
+1.212500E-06,+4.981940876403E+00,+5.143569408010E+00,+5.117423051506E+00,-26.143798826E-03
+1.215000E-06,+5.083621153576E+00,+5.145218277339E+00,+5.129043654396E+00,-16.170654518E-03
+1.217500E-06,+4.915986102018E+00,+5.155425563662E+00,+5.122330400700E+00,-33.092040858E-03
+1.220000E-06,+5.038866128098E+00,+5.146867146669E+00,+5.133362121687E+00,-13.502197547E-03
+1.222500E-06,+4.867697785056E+00,+5.139329458308E+00,+5.124332599171E+00,-14.995117436E-03
+1.225000E-06,+5.090687736545E+00,+5.145924935623E+00,+5.123076317778E+00,-22.845459055E-03
+1.227500E-06,+5.104820902490E+00,+5.144825689404E+00,+5.125157033836E+00,-19.666748189E-03
+1.230000E-06,+4.866912609177E+00,+5.148280463236E+00,+5.125196292629E+00,-23.082275457E-03
+1.232500E-06,+5.115028189000E+00,+5.142784232139E+00,+5.131556217184E+00,-11.225586268E-03
+1.235000E-06,+5.027873665705E+00,+5.137445036216E+00,+5.127551820242E+00,-9.891357783E-03
+1.237500E-06,+4.961133715438E+00,+5.154954458139E+00,+5.120485237403E+00,-34.465331843E-03
+1.240000E-06,+5.124450299625E+00,+5.131713252358E+00,+5.141135362810E+00,+9.422606628E-03
+1.242500E-06,+4.900282584308E+00,+5.152167083797E+00,+5.128297737319E+00,-23.865966845E-03
+1.245000E-06,+4.863771905631E+00,+5.143490890423E+00,+5.141292397984E+00,-2.196045455E-03
+1.247500E-06,+4.984688992001E+00,+5.129161430778E+00,+5.123979270029E+00,-5.179443826E-03
+1.250000E-06,+5.093828440088E+00,+5.157781091275E+00,+5.129122171984E+00,-28.656005801E-03
+1.252500E-06,+5.065169520274E+00,+5.144276066294E+00,+5.133754709623E+00,-10.518799175E-03
+1.255000E-06,+4.981548288459E+00,+5.131163629249E+00,+5.123782976061E+00,-7.379150808E-03
+1.257500E-06,+5.019629318907E+00,+5.155582598836E+00,+5.127473302655E+00,-28.105468704E-03
+1.260000E-06,+5.038866128100E+00,+5.136816895520E+00,+5.132419910642E+00,-4.393311031E-03
+1.262500E-06,+4.933259971488E+00,+5.144786430611E+00,+5.129554018713E+00,-15.230713133E-03
+1.265000E-06,+5.138583465567E+00,+5.145375312513E+00,+5.128572548875E+00,-16.800537315E-03
+1.267500E-06,+4.974481705490E+00,+5.143647925597E+00,+5.130378453378E+00,-13.266601848E-03
+1.270000E-06,+4.862201553860E+00,+5.152991518462E+00,+5.112005337997E+00,-40.982665681E-03
+1.272500E-06,+5.159783214479E+00,+5.144472360261E+00,+5.134186556352E+00,-10.284424179E-03
+1.275000E-06,+5.118954068428E+00,+5.158487749559E+00,+5.123311870539E+00,-35.172118936E-03
+1.277500E-06,+5.027481077762E+00,+5.145100500958E+00,+5.122880023810E+00,-22.218017663E-03
+1.280000E-06,+5.093828440090E+00,+5.140821292461E+00,+5.123625940887E+00,-17.193603713E-03
+1.282500E-06,+5.036903188388E+00,+5.154012247094E+00,+5.120995601719E+00,-33.013915859E-03
+1.285000E-06,+5.085191505349E+00,+5.144982724578E+00,+5.126688126784E+00,-18.292236501E-03
+1.287500E-06,+5.054569645809E+00,+5.134147297558E+00,+5.135482096539E+00,+1.335448607E-03
+1.290000E-06,+5.166064621563E+00,+5.150635990849E+00,+5.118286744964E+00,-32.344970562E-03
+1.292500E-06,+5.058495525245E+00,+5.145218277339E+00,+5.121859295178E+00,-23.355712950E-03
+1.295000E-06,+5.126805827277E+00,+5.131242146837E+00,+5.113261619390E+00,-17.977295103E-03
+1.297500E-06,+5.058888113181E+00,+5.146239005971E+00,+5.127591079035E+00,-18.645019697E-03
+1.300000E-06,+5.052999294043E+00,+5.129750312681E+00,+5.112790513867E+00,-16.956787313E-03
+1.302500E-06,+5.133479822314E+00,+5.141802762301E+00,+5.117933415822E+00,-23.865966846E-03
+1.305000E-06,+5.125235475516E+00,+5.148044910475E+00,+5.123704458474E+00,-24.337158241E-03
+1.307500E-06,+4.974481705488E+00,+5.135207284984E+00,+5.117187498745E+00,-18.017578304E-03
+1.310000E-06,+4.874764368030E+00,+5.152991518462E+00,+5.117894157029E+00,-35.093993938E-03
+1.312500E-06,+5.216708466183E+00,+5.137484295010E+00,+5.120760048958E+00,-16.722412317E-03
+1.315000E-06,+5.118954068430E+00,+5.146945664255E+00,+5.115460111829E+00,-31.483154175E-03
+1.317500E-06,+5.007851680627E+00,+5.148358980823E+00,+5.120328202228E+00,-28.027343706E-03
+1.320000E-06,+5.067132459983E+00,+5.139722046242E+00,+5.126609609196E+00,-13.109131148E-03
+1.322500E-06,+5.127983591117E+00,+5.148162686855E+00,+5.127630337829E+00,-20.529785279E-03
+1.325000E-06,+5.145650048533E+00,+5.149615262216E+00,+5.110749056603E+00,-38.863525103E-03
+1.327500E-06,+5.098146907463E+00,+5.130692523726E+00,+5.133676192036E+00,+2.984618492E-03
+1.330000E-06,+5.101680198947E+00,+5.147809357713E+00,+5.125902950913E+00,-21.903076264E-03
+1.332500E-06,+5.155857335047E+00,+5.141567209539E+00,+5.122291141907E+00,-19.273681792E-03
+1.335000E-06,+4.950141253041E+00,+5.139486493482E+00,+5.133362121687E+00,-6.121826618E-03
+1.337500E-06,+5.149968515906E+00,+5.150204144120E+00,+5.122565953461E+00,-27.635498012E-03
+1.340000E-06,+5.012955323880E+00,+5.145924935623E+00,+5.124411116758E+00,-21.510009867E-03
+1.342500E-06,+5.055354821695E+00,+5.148437498411E+00,+5.130299935790E+00,-18.135986506E-03
+1.345000E-06,+4.990970399084E+00,+5.152677448113E+00,+5.113811242500E+00,-38.863525103E-03
+1.347500E-06,+5.095791379806E+00,+5.150871543611E+00,+5.126177762468E+00,-24.691162140E-03
+1.350000E-06,+4.933652559445E+00,+5.150400438087E+00,+5.125981468500E+00,-24.415283239E-03
+1.352500E-06,+5.143687108822E+00,+5.147181217016E+00,+5.127748114210E+00,-19.431152490E-03
+1.355000E-06,+5.122094771973E+00,+5.142941267313E+00,+5.120642272577E+00,-22.296142662E-03
+1.357500E-06,+4.905386227564E+00,+5.143687184391E+00,+5.127512561448E+00,-16.171875220E-03
+1.360000E-06,+4.860631202088E+00,+5.132576945816E+00,+5.119543026358E+00,-13.031006150E-03
+1.362500E-06,+5.107961606030E+00,+5.145650124068E+00,+5.126923679545E+00,-18.724365398E-03
+1.365000E-06,+5.123665123743E+00,+5.144119031119E+00,+5.124175563997E+00,-19.940185683E-03
+1.367500E-06,+5.058495525244E+00,+5.141135362810E+00,+5.125628139358E+00,-15.504150626E-03
+1.370000E-06,+4.945430197724E+00,+5.145846418036E+00,+5.124646669519E+00,-21.197509874E-03
+1.372500E-06,+4.959170775721E+00,+5.143804960771E+00,+5.120838566545E+00,-22.963867256E-03
+1.375000E-06,+5.057710349355E+00,+5.129357724745E+00,+5.116245287699E+00,-13.109131149E-03
+1.377500E-06,+5.048680826672E+00,+5.150714508436E+00,+5.123979270029E+00,-26.733398422E-03
+1.380000E-06,+5.044362359305E+00,+5.139407975894E+00,+5.127630337829E+00,-11.776123367E-03
+1.382500E-06,+4.965059594862E+00,+5.140193151766E+00,+5.124489634345E+00,-15.700683825E-03
+1.385000E-06,+4.999607333830E+00,+5.136502825171E+00,+5.126845161958E+00,-9.654541381E-03
+1.387500E-06,+5.096183967751E+00,+5.139682787449E+00,+5.132419910642E+00,-7.260742607E-03
+1.390000E-06,+4.976837233146E+00,+5.153462623984E+00,+5.123782976061E+00,-29.676513591E-03
+1.392500E-06,+5.201004948467E+00,+5.142391644203E+00,+5.128062184558E+00,-14.327392839E-03
+1.395000E-06,+5.023947786286E+00,+5.144511619055E+00,+5.126609609196E+00,-17.899170104E-03
+1.397500E-06,+4.975659469318E+00,+5.139486493481E+00,+5.124175563997E+00,-15.308838131E-03
+1.400000E-06,+5.001962861483E+00,+5.129279207158E+00,+5.124097046409E+00,-5.179443826E-03
+1.402500E-06,+5.038473540160E+00,+5.142273867823E+00,+5.129946606649E+00,-12.325439759E-03
+1.405000E-06,+4.890467885743E+00,+5.150950061197E+00,+5.116794910810E+00,-34.151611146E-03
+1.407500E-06,+4.984688991999E+00,+5.135913943268E+00,+5.120799307751E+00,-15.111084229E-03
+1.410000E-06,+4.997251806169E+00,+5.143176820075E+00,+5.126295538848E+00,-16.878662314E-03
+1.412500E-06,+5.042006831647E+00,+5.137288001042E+00,+5.122840765016E+00,-14.444580337E-03
+1.415000E-06,+5.030229193364E+00,+5.128572548875E+00,+5.123704458474E+00,-4.864502427E-03
+1.417500E-06,+5.081265625923E+00,+5.137445036217E+00,+5.126452574023E+00,-10.989990571E-03
+1.420000E-06,+4.991755574971E+00,+5.136738377933E+00,+5.123547423300E+00,-13.187256147E-03
+1.422500E-06,+5.022377434506E+00,+5.135246543778E+00,+5.114164571641E+00,-21.079101674E-03
+1.425000E-06,+5.068702811755E+00,+5.143333855248E+00,+5.124411116758E+00,-18.919677893E-03
+1.427500E-06,+5.074199042953E+00,+5.136777636726E+00,+5.115852699764E+00,-20.921630974E-03
+1.430000E-06,+4.995681454400E+00,+5.153148553636E+00,+5.108629081751E+00,-44.515380446E-03
+1.432500E-06,+5.009029444454E+00,+5.135010991016E+00,+5.123586682093E+00,-11.422119467E-03
+1.435000E-06,+5.066347284094E+00,+5.141213880397E+00,+5.113183101803E+00,-28.028564408E-03
+1.437500E-06,+5.050251178449E+00,+5.156485551088E+00,+5.120092649467E+00,-36.390380628E-03
+1.440000E-06,+4.959563363664E+00,+5.127316267481E+00,+5.118757850487E+00,-8.555908594E-03
+1.442500E-06,+5.052606706102E+00,+5.147063440636E+00,+5.116520099254E+00,-30.540771384E-03
+1.445000E-06,+4.973696529605E+00,+5.137602071391E+00,+5.121741518797E+00,-15.858154525E-03
+1.447500E-06,+5.029836605413E+00,+5.129671795094E+00,+5.130535488551E+00,+865.477914E-06
+1.450000E-06,+5.140153817336E+00,+5.139643528655E+00,+5.118914885661E+00,-20.726318478E-03
+1.452500E-06,+5.042792007531E+00,+5.136738377932E+00,+5.130888817694E+00,-5.847168420E-03
+1.455000E-06,+5.083621153576E+00,+5.133833227211E+00,+5.123547423300E+00,-10.281982775E-03
+1.457500E-06,+5.143687108828E+00,+5.140232410559E+00,+5.123900752442E+00,-16.328125217E-03
+1.460000E-06,+5.097754319515E+00,+5.128179960939E+00,+5.138701317609E+00,+10.521239416E-03
+1.462500E-06,+5.058495525236E+00,+5.138936870372E+00,+5.120956342926E+00,-17.977295102E-03
+1.465000E-06,+5.208464119377E+00,+5.144825689403E+00,+5.125196292629E+00,-19.627685690E-03
+1.467500E-06,+5.049466002559E+00,+5.136502825171E+00,+5.123194094158E+00,-13.305664347E-03
+1.470000E-06,+5.028658841589E+00,+5.150557473261E+00,+5.122683729842E+00,-27.869873005E-03
+1.472500E-06,+5.033762484847E+00,+5.132655463403E+00,+5.124764445900E+00,-7.889404702E-03
+1.475000E-06,+5.056139997587E+00,+5.139015387958E+00,+5.110042398319E+00,-28.970947200E-03
+1.477500E-06,+4.999607333823E+00,+5.142548679378E+00,+5.117030463571E+00,-25.515136730E-03
+1.480000E-06,+5.131516882592E+00,+5.136816895519E+00,+5.131399182009E+00,-5.416260226E-03
+1.482500E-06,+5.049073414620E+00,+5.145021983372E+00,+5.121584483622E+00,-23.433837949E-03
+1.485000E-06,+5.065562108208E+00,+5.143883478358E+00,+5.124254081584E+00,-19.627685690E-03
+1.487500E-06,+5.016096027418E+00,+5.124921481074E+00,+5.133440639275E+00,+8.519286337E-03
+1.490000E-06,+5.188049546354E+00,+5.143490890423E+00,+5.126374056435E+00,-17.113037309E-03
+1.492500E-06,+5.060458464952E+00,+5.140821292462E+00,+5.124293340377E+00,-16.524658416E-03
+1.495000E-06,+5.179412611610E+00,+5.118208227378E+00,+5.126845161958E+00,+8.636473833E-03
+1.497500E-06,+5.080087862099E+00,+5.137013189488E+00,+5.127512561448E+00,-9.498291386E-03
+1.500000E-06,+5.101680198942E+00,+5.131870287533E+00,+5.125117775042E+00,-6.749268010E-03
+1.502500E-06,+5.104820902487E+00,+5.134500626701E+00,+5.120014131880E+00,-14.483642837E-03
+1.505000E-06,+5.116598540771E+00,+5.140664257287E+00,+5.115303076655E+00,-25.357666030E-03
+1.507500E-06,+5.120524420200E+00,+5.134657661874E+00,+5.125981468500E+00,-8.674316795E-03
+1.510000E-06,+5.003533213257E+00,+5.143412372836E+00,+5.117815639442E+00,-25.594482431E-03
+1.512500E-06,+5.120917008142E+00,+5.137719847771E+00,+5.124842963487E+00,-12.873535451E-03
+1.515000E-06,+5.108746781916E+00,+5.139722046242E+00,+5.108943152100E+00,-30.775146378E-03
+1.517500E-06,+4.984688992002E+00,+5.139054646752E+00,+5.117266016332E+00,-21.784668063E-03
+1.520000E-06,+5.127591003165E+00,+5.122840765016E+00,+5.124097046409E+00,+1.256102905E-03
+1.522500E-06,+5.171168264819E+00,+5.136973930694E+00,+5.108943152100E+00,-28.027343706E-03
+1.525000E-06,+5.029444017478E+00,+5.138701317610E+00,+5.117030463571E+00,-21.668701269E-03
+1.527500E-06,+4.985081579944E+00,+5.129239948364E+00,+5.119974873087E+00,-9.262695688E-03
+1.530000E-06,+5.210034471146E+00,+5.144433101468E+00,+5.124018528822E+00,-20.411377079E-03
+1.532500E-06,+5.103250550717E+00,+5.130339194584E+00,+5.121388189655E+00,-8.948974991E-03
+1.535000E-06,+5.012170147993E+00,+5.125745915739E+00,+5.120249684641E+00,-5.494385226E-03
+1.537500E-06,+5.138190877624E+00,+5.134736179462E+00,+5.131124370455E+00,-3.610840345E-03
+1.540000E-06,+5.096969143628E+00,+5.136031719649E+00,+5.128415513700E+00,-7.613525803E-03
+1.542500E-06,+4.973303941660E+00,+5.137405777424E+00,+5.114910488719E+00,-22.492675861E-03
+1.545000E-06,+5.046717886956E+00,+5.140350186938E+00,+5.109414257623E+00,-30.933837780E-03
+1.547500E-06,+5.120131832256E+00,+5.137091707075E+00,+5.116441581668E+00,-20.646972777E-03
+1.550000E-06,+4.983118640235E+00,+5.144276066294E+00,+5.120171167054E+00,-24.102783247E-03
+1.552500E-06,+5.170383088928E+00,+5.131831028738E+00,+5.118051192203E+00,-13.776855742E-03
+1.555000E-06,+5.053784469930E+00,+5.137759106565E+00,+5.113497172151E+00,-24.259033243E-03
+1.557500E-06,+5.086761857121E+00,+5.146042712003E+00,+5.117462310300E+00,-28.577880802E-03
+1.560000E-06,+5.093043264208E+00,+5.129279207158E+00,+5.125745915738E+00,-3.531494644E-03
+1.562500E-06,+5.073021279125E+00,+5.137170224662E+00,+5.119621543945E+00,-17.546386909E-03
+1.565000E-06,+4.949356077154E+00,+5.124725187107E+00,+5.127787373003E+00,+3.062743490E-03
+1.567500E-06,+5.112280073400E+00,+5.116480840461E+00,+5.113811242500E+00,-2.667236851E-03
+1.570000E-06,+5.166849797444E+00,+5.129907347855E+00,+5.121584483622E+00,-8.319092193E-03
+1.572500E-06,+5.113457837230E+00,+5.133205086513E+00,+5.121231154480E+00,-11.971435861E-03
+1.575000E-06,+5.119739244314E+00,+5.113497172152E+00,+5.111298679712E+00,-2.196045456E-03
+1.577500E-06,+5.151931455617E+00,+5.128965136810E+00,+5.119621543945E+00,-9.340820686E-03
+1.580000E-06,+5.040436479876E+00,+5.127316267481E+00,+5.122212624319E+00,-5.101318827E-03
+1.582500E-06,+5.023162610389E+00,+5.132694722198E+00,+5.114517900783E+00,-18.173828302E-03
+1.585000E-06,+5.127591003170E+00,+5.129907347854E+00,+5.111377197300E+00,-18.526611495E-03
+1.587500E-06,+4.997644394112E+00,+5.123822234855E+00,+5.109571292796E+00,-14.248047139E-03
+1.590000E-06,+4.959563363668E+00,+5.144511619055E+00,+5.105174307919E+00,-39.334716499E-03
+1.592500E-06,+5.058888113189E+00,+5.127159232306E+00,+5.123586682093E+00,-3.569336440E-03
+1.595000E-06,+5.124450299623E+00,+5.129279207158E+00,+5.108472046577E+00,-20.804443476E-03
+1.597500E-06,+5.084798917413E+00,+5.141881279887E+00,+5.115342335448E+00,-26.536865223E-03
+1.600000E-06,+5.093043264203E+00,+5.125117775042E+00,+5.108550564164E+00,-16.563720915E-03
+1.602500E-06,+5.022770022448E+00,+5.123037058983E+00,+5.107137247596E+00,-15.897217023E-03
+1.605000E-06,+5.104035726600E+00,+5.134225815145E+00,+5.120563754990E+00,-13.658447542E-03
+1.607500E-06,+5.069880575583E+00,+5.121898553970E+00,+5.122644471048E+00,+747.069714E-06
+1.610000E-06,+5.133087234368E+00,+5.115146041481E+00,+5.112869031454E+00,-2.274170454E-03
+1.612500E-06,+5.012170147991E+00,+5.127551820242E+00,+5.110984609364E+00,-16.563720915E-03
+1.615000E-06,+5.009029444450E+00,+5.115146041481E+00,+5.109649810383E+00,-5.494385226E-03
+1.617500E-06,+5.030229193357E+00,+5.137876882946E+00,+5.113536430945E+00,-24.337158241E-03
+1.620000E-06,+4.951711604814E+00,+5.128101443352E+00,+5.111769785235E+00,-16.329345921E-03
+1.622500E-06,+5.007851680628E+00,+5.135953202062E+00,+5.106783918454E+00,-29.166259696E-03
+1.625000E-06,+5.121309596082E+00,+5.132262875468E+00,+5.115538629416E+00,-16.722412317E-03
+1.627500E-06,+5.159390626536E+00,+5.130182159410E+00,+5.116559358048E+00,-13.620605747E-03
+1.630000E-06,+5.005103565023E+00,+5.128101443352E+00,+5.107058730009E+00,-21.038818471E-03
+1.632500E-06,+5.087939620952E+00,+5.134853955842E+00,+5.110395727461E+00,-24.454345738E-03
+1.635000E-06,+5.049858590503E+00,+5.140585739700E+00,+5.105566895854E+00,-35.015868940E-03
+1.637500E-06,+5.071843515295E+00,+5.131791769945E+00,+5.114831971132E+00,-16.956787313E-03
+1.640000E-06,+5.027088489823E+00,+5.116480840461E+00,+5.115538629416E+00,-938.721265E-06
+1.642500E-06,+5.036510600448E+00,+5.128651066461E+00,+5.112280149551E+00,-16.368408419E-03
+1.645000E-06,+5.011384972108E+00,+5.137445036215E+00,+5.108707599338E+00,-28.734130798E-03
+1.647500E-06,+4.947000549495E+00,+5.124528893138E+00,+5.118247486170E+00,-6.279297317E-03
+1.650000E-06,+5.040436479876E+00,+5.132262875468E+00,+5.127551820242E+00,-4.708252430E-03
+1.652500E-06,+5.016881203305E+00,+5.135560614126E+00,+5.108707599338E+00,-26.850585920E-03
+1.655000E-06,+5.109531957797E+00,+5.115067523894E+00,+5.116951945983E+00,+1.883544297E-03
+1.657500E-06,+5.184516254866E+00,+5.127002197132E+00,+5.102465451164E+00,-24.533691440E-03
+1.660000E-06,+5.118168892544E+00,+5.111534232475E+00,+5.115774182177E+00,+4.239501275E-03
+1.662500E-06,+5.067132459980E+00,+5.122919282604E+00,+5.111455714886E+00,-11.462402671E-03
+1.665000E-06,+5.108746781917E+00,+5.122526694667E+00,+5.110984609364E+00,-11.539306965E-03
+1.667500E-06,+5.102465374832E+00,+5.124136305204E+00,+5.109728327971E+00,-14.405517839E-03
+1.670000E-06,+5.034155072788E+00,+5.129907347855E+00,+5.108550564164E+00,-21.353759870E-03
+1.672500E-06,+5.117776304599E+00,+5.129514759919E+00,+5.113850501293E+00,-15.661621325E-03
+1.675000E-06,+5.065562108213E+00,+5.127237749894E+00,+5.098500313016E+00,-28.734130799E-03
+1.677500E-06,+4.867697785060E+00,+5.129671795094E+00,+5.109610551590E+00,-20.058593884E-03
+1.680000E-06,+5.121309596080E+00,+5.112711996280E+00,+5.109806845558E+00,-2.901611845E-03
+1.682500E-06,+5.129946530826E+00,+5.119660802738E+00,+5.109846104351E+00,-9.812012081E-03
+1.685000E-06,+5.080480450036E+00,+5.127708855416E+00,+5.112633478693E+00,-15.072021729E-03
+1.687500E-06,+5.082050801805E+00,+5.113811242500E+00,+5.109846104351E+00,-3.962402837E-03
+1.690000E-06,+5.206893767602E+00,+5.120249684642E+00,+5.107686870706E+00,-12.559814754E-03
+1.692500E-06,+5.109924545743E+00,+5.126059986086E+00,+5.106705400867E+00,-19.351806789E-03
+1.695000E-06,+4.958778187785E+00,+5.125274810216E+00,+5.113889760087E+00,-11.383056969E-03
+1.697500E-06,+5.117776304596E+00,+5.126020727294E+00,+5.115342335448E+00,-10.676269875E-03
+1.700000E-06,+5.102465374829E+00,+5.129828830268E+00,+5.112869031454E+00,-16.956787313E-03
+1.702500E-06,+4.975266881376E+00,+5.118286744965E+00,+5.107608353119E+00,-10.676269876E-03
+1.705000E-06,+5.129161354941E+00,+5.129514759919E+00,+5.110906091777E+00,-18.604736493E-03
+1.707500E-06,+5.061243640837E+00,+5.124607410726E+00,+5.107255023977E+00,-17.349853710E-03
+1.710000E-06,+4.951711604811E+00,+5.130456970964E+00,+5.102190639609E+00,-28.262939403E-03
+1.712500E-06,+5.080480450040E+00,+5.118483038932E+00,+5.110788315396E+00,-7.691650800E-03
+1.715000E-06,+5.052999294039E+00,+5.128494031287E+00,+5.099992147170E+00,-28.499755804E-03
+1.717500E-06,+5.106783842201E+00,+5.129907347855E+00,+5.111337938506E+00,-18.566894698E-03
+1.720000E-06,+4.932867383556E+00,+5.120563754990E+00,+5.119543026358E+00,-1.019287669E-03
+1.722500E-06,+5.145257460601E+00,+5.122212624319E+00,+5.106077260171E+00,-16.132812721E-03
+1.725000E-06,+4.938363614754E+00,+5.129750312680E+00,+5.107843905880E+00,-21.903076263E-03
+1.727500E-06,+5.066739872037E+00,+5.114360865610E+00,+5.108589822957E+00,-5.770264126E-03
+1.730000E-06,+5.076554570609E+00,+5.114753453545E+00,+5.106430589312E+00,-8.319092193E-03
+1.732500E-06,+5.112280073401E+00,+5.121780777590E+00,+5.108157976229E+00,-13.620605746E-03
+1.735000E-06,+4.984688991997E+00,+5.117266016332E+00,+5.108472046577E+00,-8.790283589E-03
+1.737500E-06,+5.035332836622E+00,+5.121741518797E+00,+5.110827574190E+00,-10.911865573E-03
+1.740000E-06,+5.115028189000E+00,+5.113026066629E+00,+5.111926820409E+00,-1.097412668E-03
+1.742500E-06,+5.000785097657E+00,+5.120956342926E+00,+5.105174307919E+00,-15.778808824E-03
+1.745000E-06,+5.078910098267E+00,+5.120328202229E+00,+5.114753453545E+00,-5.572510223E-03
+1.747500E-06,+5.044362359305E+00,+5.122605212255E+00,+5.112240890758E+00,-10.362549179E-03
+1.750000E-06,+5.067917635866E+00,+5.122448177080E+00,+5.103446921003E+00,-18.997802891E-03
+1.752500E-06,+5.020807082735E+00,+5.110081657112E+00,+5.109532034003E+00,-548.096272E-06
+1.755000E-06,+5.037295776334E+00,+5.123782976061E+00,+5.110277951080E+00,-13.502197546E-03
+1.757500E-06,+5.073806455013E+00,+5.122722988635E+00,+5.101601757706E+00,-21.118164172E-03
+1.760000E-06,+5.089117384776E+00,+5.104075061700E+00,+5.097872172318E+00,-6.199951616E-03
+1.762500E-06,+5.138190877628E+00,+5.124803704693E+00,+5.099599559235E+00,-25.201416034E-03
+1.765000E-06,+5.111887485458E+00,+5.125431845390E+00,+5.098421795428E+00,-27.008056618E-03
+1.767500E-06,+5.115028189002E+00,+5.102465451164E+00,+5.109689069177E+00,+7.224120350E-03
+1.770000E-06,+5.140938993218E+00,+5.117030463571E+00,+5.095752197468E+00,-21.275634872E-03
+1.772500E-06,+5.006673916797E+00,+5.117148239951E+00,+5.106744659661E+00,-10.401611678E-03
+1.775000E-06,+4.956422660122E+00,+5.104153579287E+00,+5.106038001377E+00,+1.883544296E-03
+1.777500E-06,+5.042792007533E+00,+5.113929018881E+00,+5.101012875803E+00,-12.913818653E-03
+1.780000E-06,+5.127591003164E+00,+5.109100187274E+00,+5.101562498912E+00,-7.535400805E-03
+1.782500E-06,+4.949748665094E+00,+5.109806845558E+00,+5.102858039099E+00,-6.948242615E-03
+1.785000E-06,+5.110317133684E+00,+5.114517900784E+00,+5.106901694835E+00,-7.613525803E-03
+1.787500E-06,+5.017666379193E+00,+5.110513503841E+00,+5.105252825506E+00,-5.258789527E-03
+1.790000E-06,+5.032584721015E+00,+5.116166770112E+00,+5.107372800358E+00,-8.790283588E-03
+1.792500E-06,+5.135050174080E+00,+5.115342335447E+00,+5.100895099422E+00,-14.445801039E-03
+1.795000E-06,+5.043577183421E+00,+5.117894157028E+00,+5.102504709957E+00,-15.386963129E-03
+1.797500E-06,+4.930119267957E+00,+5.110866832983E+00,+5.099992147170E+00,-10.871582370E-03
+1.800000E-06,+5.028658841589E+00,+5.099128453712E+00,+5.111063126951E+00,+11.934813604E-03
+1.802500E-06,+5.002355449428E+00,+5.111966079203E+00,+5.097558101970E+00,-14.405517838E-03
+1.805000E-06,+5.001177685595E+00,+5.123311870538E+00,+5.108079458642E+00,-15.230713132E-03
+1.807500E-06,+5.051821530214E+00,+5.098421795428E+00,+5.103211368241E+00,+4.788817670E-03
+1.810000E-06,+5.186479194582E+00,+5.110120915906E+00,+5.094809986422E+00,-15.308838130E-03
+1.812500E-06,+5.027088489823E+00,+5.115852699764E+00,+5.101876569261E+00,-13.973388941E-03
+1.815000E-06,+4.965059594862E+00,+5.108236493816E+00,+5.111141644538E+00,+2.904052087E-03
+1.817500E-06,+5.115028189004E+00,+5.113340136977E+00,+5.094652951248E+00,-18.684082196E-03
+1.820000E-06,+5.049858590501E+00,+5.113575689738E+00,+5.094731468835E+00,-18.841552895E-03
+1.822500E-06,+4.931297031788E+00,+5.107686870707E+00,+5.096144785402E+00,-11.539306966E-03
+1.825000E-06,+5.066347284097E+00,+5.111612750060E+00,+5.101641016499E+00,-9.969482781E-03
+1.827500E-06,+5.052606706100E+00,+5.118129709791E+00,+5.104938755157E+00,-13.188476850E-03
+1.830000E-06,+4.937578438875E+00,+5.115852699764E+00,+5.096144785403E+00,-19.705810688E-03
+1.832500E-06,+5.076161982665E+00,+5.116088252524E+00,+5.099992147170E+00,-16.093750221E-03
+1.835000E-06,+4.955637484244E+00,+5.117187498744E+00,+5.104624684809E+00,-12.559814754E-03
+1.837500E-06,+4.998822157944E+00,+5.127865890590E+00,+5.097165514035E+00,-30.697021380E-03
+1.840000E-06,+4.967415122519E+00,+5.104467649635E+00,+5.104546167222E+00,+79.345120E-06
+1.842500E-06,+5.071058339414E+00,+5.117737121855E+00,+5.099678076822E+00,-18.056640803E-03
+1.845000E-06,+4.994111102631E+00,+5.112554961106E+00,+5.097008478860E+00,-15.543213125E-03
+1.847500E-06,+5.134264998186E+00,+5.089706343260E+00,+5.096615890924E+00,+6.910399653E-03
+1.850000E-06,+5.073413867069E+00,+5.116245287700E+00,+5.086330087016E+00,-29.913329991E-03
+1.852500E-06,+4.988614871427E+00,+5.113379395771E+00,+5.095869973848E+00,-17.506103707E-03
+1.855000E-06,+5.013740499767E+00,+5.100541770280E+00,+5.097558101970E+00,-2.982178250E-03
+1.857500E-06,+5.167634973336E+00,+5.114086054054E+00,+5.101287687358E+00,-12.796631154E-03
+1.860000E-06,+5.014525675650E+00,+5.105880966203E+00,+5.107451317944E+00,+1.571044304E-03
+1.862500E-06,+4.978800172854E+00,+5.108315011403E+00,+5.087115262886E+00,-21.197509875E-03
+1.865000E-06,+5.085976681237E+00,+5.103760991351E+00,+5.092611493983E+00,-11.146240567E-03
+1.867500E-06,+5.011777560055E+00,+5.106352071726E+00,+5.090138189989E+00,-16.210937720E-03
+1.870000E-06,+4.988614871430E+00,+5.117501569093E+00,+5.088450061867E+00,-29.049072198E-03
+1.872500E-06,+5.066739872039E+00,+5.103486179796E+00,+5.091747800525E+00,-11.735840163E-03
+1.875000E-06,+5.056925173466E+00,+5.110042398319E+00,+5.090177448783E+00,-19.862060685E-03
+1.877500E-06,+5.007459092685E+00,+5.113104584216E+00,+5.092650752777E+00,-20.450439579E-03
+1.880000E-06,+4.983903816116E+00,+5.093396669854E+00,+5.094809986422E+00,+1.412352902E-03
+1.882500E-06,+4.997251806169E+00,+5.114203830435E+00,+5.087350815647E+00,-26.850585919E-03
+1.885000E-06,+4.934437735325E+00,+5.121898553970E+00,+5.098029207493E+00,-23.865966844E-03
+1.887500E-06,+4.906563991390E+00,+5.099442524061E+00,+5.090687813099E+00,-8.752441793E-03
+1.890000E-06,+5.055354821696E+00,+5.100070664757E+00,+5.090884107067E+00,-9.183349986E-03
+1.892500E-06,+5.002748037368E+00,+5.108354270196E+00,+5.100855840629E+00,-7.496338305E-03
+1.895000E-06,+4.976052057261E+00,+5.094260363313E+00,+5.095516644705E+00,+1.256102904E-03
+1.897500E-06,+5.160960978308E+00,+5.101405463738E+00,+5.102151380816E+00,+747.069714E-06
+1.900000E-06,+4.955637484243E+00,+5.107686870706E+00,+5.095202574357E+00,-12.481689757E-03
+1.902500E-06,+5.020414494797E+00,+5.107804647087E+00,+5.099010677331E+00,-8.792724996E-03
+1.905000E-06,+5.128376179050E+00,+5.107451317944E+00,+5.097086996448E+00,-10.362549178E-03
+1.907500E-06,+5.027481077764E+00,+5.110160174700E+00,+5.090255966370E+00,-19.901123185E-03
+1.910000E-06,+4.952496780696E+00,+5.114831971132E+00,+5.093710740202E+00,-21.119384876E-03
+1.912500E-06,+5.087547033007E+00,+5.099089194918E+00,+5.091315953796E+00,-7.772217204E-03
+1.915000E-06,+5.129946530827E+00,+5.105802448615E+00,+5.078792398654E+00,-27.008056618E-03
+1.917500E-06,+5.043969771360E+00,+5.099952888377E+00,+5.088371544280E+00,-11.578369464E-03
+1.920000E-06,+5.025518138054E+00,+5.096144785402E+00,+5.091355212589E+00,-4.786377428E-03
+1.922500E-06,+5.089117384775E+00,+5.088999684977E+00,+5.089274496531E+00,+275.878318E-06
+1.925000E-06,+5.033369896901E+00,+5.097636619557E+00,+5.094417398486E+00,-3.216553244E-03
+1.927500E-06,+5.057710349356E+00,+5.099756594409E+00,+5.084406406131E+00,-15.347900630E-03
+1.930000E-06,+5.146435224418E+00,+5.101876569261E+00,+5.077693152434E+00,-24.180908245E-03
+1.932500E-06,+5.023162610395E+00,+5.097872172319E+00,+5.088057473931E+00,-9.812012082E-03
+1.935000E-06,+4.969770650176E+00,+5.094652951248E+00,+5.080598303157E+00,-14.051513940E-03
+1.937500E-06,+5.056139997584E+00,+5.099324747680E+00,+5.086918968919E+00,-12.403564757E-03
+1.940000E-06,+5.031014369250E+00,+5.099364006474E+00,+5.094181845725E+00,-5.179443826E-03
+1.942500E-06,+4.897927056646E+00,+5.100109923551E+00,+5.087429333235E+00,-12.678222955E-03
+1.945000E-06,+5.055354821700E+00,+5.111455714886E+00,+5.083739006641E+00,-27.713623008E-03
+1.947500E-06,+5.085191505351E+00,+5.099324747680E+00,+5.091904835699E+00,-7.416992604E-03
+1.950000E-06,+4.870838488605E+00,+5.115460111828E+00,+5.088607097041E+00,-26.849365216E-03
+1.952500E-06,+5.079695274154E+00,+5.100816581834E+00,+5.087782662377E+00,-13.031006149E-03
+1.955000E-06,+5.131516882595E+00,+5.107922423467E+00,+5.078164257957E+00,-29.754638589E-03
+1.957500E-06,+4.954459720411E+00,+5.110434986254E+00,+5.083660489053E+00,-26.771240218E-03
+1.960000E-06,+5.077339746491E+00,+5.086801192538E+00,+5.091904835699E+00,+5.103759069E-03
+1.962500E-06,+5.023162610396E+00,+5.095516644706E+00,+5.083267901118E+00,-12.246094058E-03
+1.965000E-06,+4.987044519660E+00,+5.105645413441E+00,+5.070705087183E+00,-34.937743941E-03
+1.967500E-06,+4.907741755214E+00,+5.087193780473E+00,+5.093278893473E+00,+6.085204360E-03
+1.970000E-06,+4.981548288459E+00,+5.099992147170E+00,+5.088921167389E+00,-11.068115569E-03
+1.972500E-06,+5.087547033007E+00,+5.101562498912E+00,+5.088646355835E+00,-12.915039355E-03
+1.975000E-06,+4.978407584915E+00,+5.086173051842E+00,+5.083424936293E+00,-2.745361849E-03
+1.977500E-06,+5.167634973335E+00,+5.103015074274E+00,+5.081422737821E+00,-21.589355569E-03
+1.980000E-06,+5.010599796223E+00,+5.097558101970E+00,+5.091276695002E+00,-6.278076614E-03
+1.982500E-06,+4.963489243090E+00,+5.091551506558E+00,+5.081304961441E+00,-10.244140979E-03
+1.985000E-06,+4.965844770750E+00,+5.088842649802E+00,+5.088921167390E+00,+79.345120E-06
+1.987500E-06,+5.124057711685E+00,+5.097047737654E+00,+5.085544911144E+00,-11.500244466E-03
+1.990000E-06,+4.961133715441E+00,+5.103996544112E+00,+5.083817524227E+00,-20.177002085E-03
+1.992500E-06,+4.990185223199E+00,+5.099324747679E+00,+5.084406406131E+00,-14.915771733E-03
+1.995000E-06,+5.063991756442E+00,+5.099442524061E+00,+5.078164257957E+00,-21.275634872E-03
+1.997500E-06,+4.990185223199E+00,+5.099521041648E+00,+5.074984295679E+00,-24.533691441E-03
+2.000000E-06,+4.987044519659E+00,+5.083267901118E+00,+5.095595162292E+00,+12.327880002E-03
+2.002500E-06,+5.067132459991E+00,+5.093946292963E+00,+5.075337624821E+00,-18.605957197E-03
+2.005000E-06,+5.071058339409E+00,+5.089470790499E+00,+5.076044283106E+00,-13.424072548E-03
+2.007500E-06,+5.007459092686E+00,+5.083032348357E+00,+5.086173051841E+00,+3.140868488E-03
+2.010000E-06,+5.087547033008E+00,+5.085466393557E+00,+5.081147926267E+00,-4.315186033E-03
+2.012500E-06,+5.030229193363E+00,+5.096498114544E+00,+5.080716079537E+00,-15.780029526E-03
+2.015000E-06,+5.067132459979E+00,+5.081854584552E+00,+5.081619031789E+00,-233.154875E-06
+2.017500E-06,+5.079695274148E+00,+5.093318152267E+00,+5.082639760422E+00,-10.676269875E-03
+2.020000E-06,+5.040436479874E+00,+5.087743403583E+00,+5.086722674950E+00,-1.019287670E-03
+2.022500E-06,+4.967807710459E+00,+5.093632222616E+00,+5.076162059486E+00,-17.467041208E-03
+2.025000E-06,+4.940719142417E+00,+5.104232096873E+00,+5.079577574525E+00,-24.652099640E-03
+2.027500E-06,+5.040436479877E+00,+5.097086996448E+00,+5.083110865944E+00,-13.973388942E-03
+2.030000E-06,+4.957993011892E+00,+5.099442524061E+00,+5.079813127286E+00,-19.627685691E-03
+2.032500E-06,+5.078124922379E+00,+5.091119659828E+00,+5.085034546828E+00,-6.082764118E-03
+2.035000E-06,+5.061636228786E+00,+5.076515388628E+00,+5.078085740370E+00,+1.571044304E-03
+2.037500E-06,+4.953281956577E+00,+5.090884107066E+00,+5.080598303157E+00,-10.283203477E-03
+2.040000E-06,+5.111102309571E+00,+5.083267901118E+00,+5.082482725247E+00,-782.471268E-06
+2.042500E-06,+5.138976053515E+00,+5.088018215138E+00,+5.074630966538E+00,-13.383789345E-03
+2.045000E-06,+4.953281956581E+00,+5.094731468834E+00,+5.071568780641E+00,-23.160400454E-03
+2.047500E-06,+5.088724796835E+00,+5.085898240286E+00,+5.080009421254E+00,-5.886230919E-03
+2.050000E-06,+5.227308340627E+00,+5.092454458809E+00,+5.077928705195E+00,-14.522705337E-03
+2.052500E-06,+5.005888740911E+00,+5.088999684977E+00,+5.074159861015E+00,-14.836426032E-03
+2.055000E-06,+5.040436479872E+00,+5.080990891093E+00,+5.078164257957E+00,-2.823486848E-03
+2.057500E-06,+5.151146279738E+00,+5.095634421087E+00,+5.082168654899E+00,-13.463135047E-03
+2.060000E-06,+5.015310851541E+00,+5.082090137312E+00,+5.079342021763E+00,-2.745361849E-03
+2.062500E-06,+4.977622409024E+00,+5.083817524228E+00,+5.076476129834E+00,-7.338867606E-03
+2.065000E-06,+5.116598540772E+00,+5.090177448783E+00,+5.081147926267E+00,-9.027099989E-03
+2.067500E-06,+5.038866128109E+00,+5.097793654731E+00,+5.080990891092E+00,-16.800537315E-03
+2.070000E-06,+4.879475423344E+00,+5.097715137144E+00,+5.081776066963E+00,-15.936279522E-03
+2.072500E-06,+5.082443389749E+00,+5.076986494150E+00,+5.070783604770E+00,-6.202393021E-03
+2.075000E-06,+4.991755574976E+00,+5.094809986422E+00,+5.076593906215E+00,-18.214111503E-03
+2.077500E-06,+4.998036982060E+00,+5.093475187441E+00,+5.071922109783E+00,-21.550293069E-03
+2.080000E-06,+5.133872410248E+00,+5.070783604770E+00,+5.081304961441E+00,+10.521239417E-03
+2.082500E-06,+4.982726052286E+00,+5.084092335782E+00,+5.075023554473E+00,-9.066162489E-03
+2.085000E-06,+4.921089745272E+00,+5.099678076822E+00,+5.078478328305E+00,-21.197509874E-03
+2.087500E-06,+5.052999294043E+00,+5.094221104518E+00,+5.079145727795E+00,-15.072021729E-03
+2.090000E-06,+4.958778187778E+00,+5.077222046912E+00,+5.078713881066E+00,+1.492919306E-03
+2.092500E-06,+5.051036354325E+00,+5.084838252860E+00,+5.077614634847E+00,-7.222900810E-03
+2.095000E-06,+4.987829695542E+00,+5.090413001545E+00,+5.084602700099E+00,-5.806885219E-03
+2.097500E-06,+5.157427686817E+00,+5.086918968918E+00,+5.070194722866E+00,-16.721191615E-03
+2.100000E-06,+4.983903816118E+00,+5.083424936292E+00,+5.085544911143E+00,+2.120360698E-03
+2.102500E-06,+4.954067132466E+00,+5.090844848273E+00,+5.066739949034E+00,-24.101562544E-03
+2.105000E-06,+5.067132459976E+00,+5.105409860679E+00,+5.079577574525E+00,-25.828857426E-03
+2.107500E-06,+5.020021906850E+00,+5.091394471384E+00,+5.073374685144E+00,-18.017578305E-03
+2.110000E-06,+4.936793262984E+00,+5.098892900950E+00,+5.071961368576E+00,-26.927490214E-03
+2.112500E-06,+5.009814620339E+00,+5.087154521679E+00,+5.079970162460E+00,-7.182617608E-03
+2.115000E-06,+5.061636228784E+00,+5.101719534086E+00,+5.063402951582E+00,-38.314208710E-03
+2.117500E-06,+5.033369896904E+00,+5.095241833151E+00,+5.072039886163E+00,-23.198242251E-03
+2.120000E-06,+5.111887485454E+00,+5.065758479195E+00,+5.081776066963E+00,+16.016844763E-03
+2.122500E-06,+5.124842887570E+00,+5.093985551757E+00,+5.078674622273E+00,-15.307617428E-03
+2.125000E-06,+5.015310851543E+00,+5.086173051841E+00,+5.068977700267E+00,-17.193603713E-03
+2.127500E-06,+5.018451555080E+00,+5.077261305705E+00,+5.077967963989E+00,+708.007214E-06
+2.130000E-06,+5.236730451254E+00,+5.083896041815E+00,+5.064188127453E+00,-19.705810688E-03
+2.132500E-06,+5.061243640845E+00,+5.083974559402E+00,+5.071765074608E+00,-12.205810856E-03
+2.135000E-06,+4.894393765165E+00,+5.088450061867E+00,+5.084759735273E+00,-3.687744641E-03
+2.137500E-06,+5.105213490431E+00,+5.083424936292E+00,+5.077300564498E+00,-6.121826618E-03
+2.140000E-06,+5.115813364886E+00,+5.071647298228E+00,+5.077065011737E+00,+5.418700468E-03
+2.142500E-06,+5.032584721023E+00,+5.084484923718E+00,+5.078124999163E+00,-6.357422315E-03
+2.145000E-06,+4.975266881378E+00,+5.085701946318E+00,+5.078321293131E+00,-7.379150808E-03
+2.147500E-06,+5.030621781313E+00,+5.085427134764E+00,+5.074552448950E+00,-10.871582370E-03
+2.150000E-06,+4.946215373610E+00,+5.091983353286E+00,+5.065444408847E+00,-26.536865223E-03
+2.152500E-06,+4.968592886347E+00,+5.093082599505E+00,+5.067799936461E+00,-25.279541031E-03
+2.155000E-06,+4.915593514074E+00,+5.083346418706E+00,+5.065758479195E+00,-17.584228705E-03
+2.157500E-06,+4.961526303377E+00,+5.085427134763E+00,+5.073217649969E+00,-12.205810856E-03
+2.160000E-06,+5.129946530820E+00,+5.074788001711E+00,+5.079106469002E+00,+4.317626275E-03
+2.162500E-06,+5.066739872043E+00,+5.081030149886E+00,+5.077771670021E+00,-3.256836447E-03
+2.165000E-06,+5.112672661339E+00,+5.080127197634E+00,+5.072510991686E+00,-7.613525802E-03
+2.167500E-06,+4.987437107599E+00,+5.071411745466E+00,+5.079695350905E+00,+8.282469936E-03
+2.170000E-06,+5.122879947849E+00,+5.079106469002E+00,+5.071176192705E+00,-7.928467202E-03
+2.172500E-06,+5.007459092678E+00,+5.079813127285E+00,+5.078949433828E+00,-861.816968E-06
+2.175000E-06,+4.943859845953E+00,+5.073845790667E+00,+5.067878454047E+00,-5.965576621E-03
+2.177500E-06,+5.065954696152E+00,+5.084641958892E+00,+5.070351758041E+00,-14.287109638E-03
+2.180000E-06,+4.919519393500E+00,+5.071804333402E+00,+5.081776066963E+00,+9.971923023E-03
+2.182500E-06,+5.000785097656E+00,+5.081304961442E+00,+5.066033290751E+00,-15.268554928E-03
+2.185000E-06,+5.043577183417E+00,+5.083581971466E+00,+5.069370288202E+00,-14.207763936E-03
+2.187500E-06,+4.994503690572E+00,+5.084524182512E+00,+5.066072549544E+00,-18.449707201E-03
+2.190000E-06,+5.055354821700E+00,+5.100698805453E+00,+5.072668026860E+00,-28.028564408E-03
+2.192500E-06,+5.029051429536E+00,+5.081422737821E+00,+5.073806531872E+00,-7.613525802E-03
+2.195000E-06,+5.126805827282E+00,+5.084681217686E+00,+5.067250313351E+00,-17.427978708E-03
+2.197500E-06,+4.942682082131E+00,+5.081776066963E+00,+5.066779207828E+00,-14.993896730E-03
+2.200000E-06,+5.229663868284E+00,+5.071490263053E+00,+5.068663629918E+00,-2.823486847E-03
+2.202500E-06,+5.027873665701E+00,+5.089078202564E+00,+5.059084484292E+00,-29.991454990E-03
+2.205000E-06,+5.046717886958E+00,+5.077379082086E+00,+5.060183730511E+00,-17.193603713E-03
+2.207500E-06,+4.947000549493E+00,+5.070155464073E+00,+5.071922109782E+00,+1.767577503E-03
+2.210000E-06,+4.961918891322E+00,+5.088842649802E+00,+5.067878454047E+00,-20.960693473E-03
+2.212500E-06,+4.868090372998E+00,+5.075376883614E+00,+5.067799936460E+00,-7.574463303E-03
+2.215000E-06,+5.031799545125E+00,+5.072353956512E+00,+5.078007222782E+00,+5.653075462E-03
+2.217500E-06,+5.071843515304E+00,+5.073963567047E+00,+5.060576318447E+00,-13.383789345E-03
+2.220000E-06,+5.021592258624E+00,+5.073453202731E+00,+5.070626569595E+00,-2.823486848E-03
+2.222500E-06,+5.013347911821E+00,+5.077261305705E+00,+5.052253454214E+00,-25.004882836E-03
+2.225000E-06,+5.036510600448E+00,+5.075808730344E+00,+5.060183730511E+00,-15.621338123E-03
+2.227500E-06,+5.014133087707E+00,+5.077182788119E+00,+5.060772612414E+00,-16.407470919E-03
+2.230000E-06,+4.964274418976E+00,+5.085309358382E+00,+5.068192524395E+00,-17.113037309E-03
+2.232500E-06,+5.120524420199E+00,+5.081540514202E+00,+5.053470476814E+00,-28.067626908E-03
+2.235000E-06,+4.955637484239E+00,+5.086173051841E+00,+5.070626569595E+00,-15.543213125E-03
+2.237500E-06,+5.006281328856E+00,+5.075062813266E+00,+5.060419283273E+00,-14.642334238E-03
+2.240000E-06,+5.060065877014E+00,+5.074788001711E+00,+5.068977700266E+00,-5.806885218E-03
+2.242500E-06,+4.928548916189E+00,+5.081579772996E+00,+5.060458542066E+00,-21.118164173E-03
+2.245000E-06,+4.987044519657E+00,+5.078399810718E+00,+5.073217649969E+00,-5.179443826E-03
+2.247500E-06,+5.031799545129E+00,+5.069056217853E+00,+5.073099873589E+00,+4.042968077E-03
+2.250000E-06,+5.076554570606E+00,+5.076358353453E+00,+5.057828202898E+00,-18.526611496E-03
+2.252500E-06,+4.963096655149E+00,+5.064031092279E+00,+5.071882850989E+00,+7.851561742E-03
+2.255000E-06,+4.994111102627E+00,+5.062617775712E+00,+5.065679961608E+00,+3.062743489E-03
+2.257500E-06,+5.180590375436E+00,+5.078870916240E+00,+5.064148868660E+00,-14.719238534E-03
+2.260000E-06,+5.133872410250E+00,+5.062068152602E+00,+5.062146670188E+00,+79.345118E-06
+2.262500E-06,+4.989792635250E+00,+5.073649496700E+00,+5.057396356169E+00,-16.251220923E-03
+2.265000E-06,+5.066347284099E+00,+5.076515388628E+00,+5.055943780808E+00,-20.567627075E-03
+2.267500E-06,+5.021199670683E+00,+5.070312499247E+00,+5.062892587266E+00,-7.418213308E-03
+2.270000E-06,+4.983118640228E+00,+5.080598303157E+00,+5.050290514537E+00,-30.303954982E-03
+2.272500E-06,+5.094221028034E+00,+5.071293969086E+00,+5.060419283273E+00,-10.872803073E-03
+2.275000E-06,+5.053784469929E+00,+5.073924308254E+00,+5.060811871208E+00,-13.109131149E-03
+2.277500E-06,+5.020021906853E+00,+5.080009421253E+00,+5.060380024479E+00,-19.626464986E-03
+2.280000E-06,+4.907741755221E+00,+5.068585112330E+00,+5.064894785737E+00,-3.687744640E-03
+2.282500E-06,+4.973303941661E+00,+5.072785803241E+00,+5.057945979279E+00,-14.836426032E-03
+2.285000E-06,+4.916378689961E+00,+5.068349559569E+00,+5.052253454215E+00,-16.092529518E-03
+2.287500E-06,+5.064776932326E+00,+5.058848931531E+00,+5.056571921505E+00,-2.274170453E-03
+2.290000E-06,+5.115813364882E+00,+5.078321293131E+00,+5.045186871376E+00,-33.131103357E-03
+2.292500E-06,+5.038080952218E+00,+5.071293969086E+00,+5.060968906383E+00,-10.323486679E-03
+2.295000E-06,+5.060851052893E+00,+5.061989635015E+00,+5.058534861182E+00,-3.453369647E-03
+2.297500E-06,+5.087154445063E+00,+5.077339823292E+00,+5.060105212924E+00,-17.231445509E-03
+2.300000E-06,+4.973696529607E+00,+5.064816268151E+00,+5.059241519466E+00,-5.572510224E-03
+2.302500E-06,+5.040436479868E+00,+5.073806531873E+00,+5.055315640111E+00,-18.487548997E-03
+2.305000E-06,+5.114243013116E+00,+5.076593906214E+00,+5.057278579789E+00,-19.312744290E-03
+2.307500E-06,+5.070665751471E+00,+5.071568780641E+00,+5.054059358717E+00,-17.506103707E-03
+2.310000E-06,+5.045147535185E+00,+5.081304961440E+00,+5.054844534589E+00,-26.456298818E-03
+2.312500E-06,+4.952104192752E+00,+5.068114006808E+00,+5.058260049627E+00,-9.851074580E-03
+2.315000E-06,+4.990970399088E+00,+5.076436871041E+00,+5.056179333569E+00,-20.255127082E-03
+2.317500E-06,+5.010207208282E+00,+5.077065011737E+00,+5.051860866278E+00,-25.201416035E-03
+2.320000E-06,+5.031799545135E+00,+5.061675564666E+00,+5.057435614963E+00,-4.237061034E-03
+2.322500E-06,+5.032192133071E+00,+5.072393215305E+00,+5.051075690407E+00,-21.314697371E-03
+2.325000E-06,+5.016881203309E+00,+5.064266645040E+00,+5.059791142576E+00,-4.473877435E-03
+2.327500E-06,+5.020021906845E+00,+5.062068152602E+00,+5.065640702814E+00,+3.572997385E-03
+2.330000E-06,+5.120524420198E+00,+5.068663629918E+00,+5.058063755659E+00,-10.596924174E-03
+2.332500E-06,+4.991362987026E+00,+5.076829458976E+00,+5.052803077324E+00,-24.023437545E-03
+2.335000E-06,+4.959563363667E+00,+5.062617775712E+00,+5.059320037053E+00,-3.294678244E-03
+2.337500E-06,+5.115420776943E+00,+5.083699747848E+00,+5.057710426517E+00,-25.986328127E-03
+2.340000E-06,+4.937578438868E+00,+5.065915514370E+00,+5.060497800860E+00,-5.416260227E-03
+2.342500E-06,+5.028266253643E+00,+5.067799936461E+00,+5.049583856252E+00,-18.214111505E-03
+2.345000E-06,+5.140938993217E+00,+5.078321293130E+00,+5.050526067298E+00,-27.791748007E-03
+2.347500E-06,+5.023555198343E+00,+5.078439069512E+00,+5.060890388795E+00,-17.546386909E-03
+2.350000E-06,+4.855920146776E+00,+5.080205715221E+00,+5.044166142744E+00,-36.036376729E-03
+2.352500E-06,+5.121309596084E+00,+5.071608039434E+00,+5.056061557188E+00,-15.543213125E-03
+2.355000E-06,+4.969770650175E+00,+5.091041142241E+00,+5.054923052176E+00,-36.114501727E-03
+2.357500E-06,+4.957207836008E+00,+5.070822863562E+00,+5.045147612582E+00,-25.672607429E-03
+2.360000E-06,+4.970555826062E+00,+5.063010363647E+00,+5.060419283272E+00,-2.589111852E-03
+2.362500E-06,+5.076554570611E+00,+5.057121544614E+00,+5.059594848608E+00,+2.474364597E-03
+2.365000E-06,+5.062421404665E+00,+5.071097675118E+00,+5.060419283272E+00,-10.675049171E-03
+2.367500E-06,+5.079302686207E+00,+5.063952574692E+00,+5.060890388795E+00,-3.060303248E-03
+2.370000E-06,+5.137013113800E+00,+5.077379082086E+00,+5.044009107570E+00,-33.367919757E-03
+2.372500E-06,+4.966629946634E+00,+5.067956971634E+00,+5.061125941556E+00,-6.828613711E-03
+2.375000E-06,+4.967415122514E+00,+5.049034233144E+00,+5.060497800859E+00,+11.463622208E-03
+2.377500E-06,+5.006281328850E+00,+5.070822863563E+00,+5.057514132550E+00,-13.305664347E-03
+2.380000E-06,+4.954067132463E+00,+5.059241519466E+00,+5.059948177750E+00,+706.786511E-06
+2.382500E-06,+4.989792635254E+00,+5.066072549545E+00,+5.048052763304E+00,-18.017578306E-03
+2.385000E-06,+4.991755574973E+00,+5.080205715221E+00,+5.063010363647E+00,-17.193603713E-03
+2.387500E-06,+5.116598540771E+00,+5.056336368744E+00,+5.049780150220E+00,-6.555176218E-03
+2.390000E-06,+4.961133715439E+00,+5.085387875969E+00,+5.056257851156E+00,-29.127197196E-03
+2.392500E-06,+5.005496152961E+00,+5.066582913859E+00,+5.060929647589E+00,-5.650635221E-03
+2.395000E-06,+5.068702811755E+00,+5.067014760589E+00,+5.055943780808E+00,-11.068115569E-03
+2.397500E-06,+5.019629318911E+00,+5.071019157530E+00,+5.054255652686E+00,-16.760254112E-03
+2.400000E-06,+5.092258088318E+00,+5.061282976730E+00,+5.051546795931E+00,-9.732666380E-03
+2.402500E-06,+5.092258088327E+00,+5.068467335950E+00,+5.050290514536E+00,-18.173828302E-03
+2.405000E-06,+5.021592258621E+00,+5.061754082253E+00,+5.055001569763E+00,-6.749268009E-03
+2.407500E-06,+4.912060222596E+00,+5.050761620059E+00,+5.050918655234E+00,+157.470118E-06
+2.410000E-06,+5.078124922376E+00,+5.071254710292E+00,+5.046364635182E+00,-24.886474635E-03
+2.412500E-06,+5.039651303985E+00,+5.066033290750E+00,+5.048327574859E+00,-17.703857609E-03
+2.415000E-06,+5.083621153577E+00,+5.054687499415E+00,+5.055080087349E+00,+391.845111E-06
+2.417500E-06,+5.021984846560E+00,+5.064305903834E+00,+5.053548994402E+00,-10.754394872E-03
+2.420000E-06,+5.032584721015E+00,+5.065836996782E+00,+5.050761620059E+00,-15.072021730E-03
+2.422500E-06,+4.911667634651E+00,+5.059084484293E+00,+5.049937185394E+00,-9.146728895E-03
+2.425000E-06,+4.963489243094E+00,+5.072589509273E+00,+5.051311243170E+00,-21.275634872E-03
+2.427500E-06,+5.001570273545E+00,+5.063363692789E+00,+5.046443152769E+00,-16.917724814E-03
+2.430000E-06,+5.033369896905E+00,+5.081776066963E+00,+5.043459484460E+00,-38.314208709E-03
+2.432500E-06,+5.108354193975E+00,+5.059948177749E+00,+5.047856469336E+00,-12.089844062E-03
+2.435000E-06,+4.934437735331E+00,+5.073453202731E+00,+5.045736494485E+00,-27.713623009E-03
+2.437500E-06,+4.908134343162E+00,+5.073649496699E+00,+5.048916456763E+00,-24.730224639E-03
+2.440000E-06,+5.044362359301E+00,+5.060340765685E+00,+5.043773554808E+00,-16.563720914E-03
+2.442500E-06,+5.019629318907E+00,+5.062539258124E+00,+5.046168341214E+00,-16.367187716E-03
+2.445000E-06,+4.809594769532E+00,+5.080127197634E+00,+5.043773554808E+00,-36.351318128E-03
+2.447500E-06,+5.038080952213E+00,+5.079852386081E+00,+5.058495602388E+00,-21.353759872E-03
+2.450000E-06,+5.172346028642E+00,+5.048013504512E+00,+5.043302449285E+00,-4.708252431E-03
+2.452500E-06,+5.015310851546E+00,+5.039651381484E+00,+5.040711368911E+00,+1.060790411E-03
+2.455000E-06,+4.981548288457E+00,+5.101091393389E+00,+5.060654836033E+00,-40.433349287E-03
+2.457500E-06,+5.041614243700E+00,+5.082168654900E+00,+5.041967650305E+00,-40.197753590E-03
+2.460000E-06,+4.949356077156E+00,+5.005064384370E+00,+5.046914258291E+00,+41.849363715E-03
+2.462500E-06,+4.985474167882E+00,+5.062146670188E+00,+5.061597047079E+00,-548.096272E-06
+2.465000E-06,+5.045147535187E+00,+5.123861493647E+00,+5.061675564666E+00,-62.181395675E-03
+2.467500E-06,+4.917163865843E+00,+5.063952574693E+00,+5.046678705530E+00,-17.272949416E-03
+2.470000E-06,+4.866912609171E+00,+5.032781092613E+00,+5.045657976897E+00,+12.877196396E-03
+2.472500E-06,+5.032192133071E+00,+5.087821921168E+00,+5.069723617344E+00,-18.096924004E-03
+2.475000E-06,+5.081265625917E+00,+5.124960739867E+00,+5.066072549544E+00,-58.885497313E-03
+2.477500E-06,+5.040829067818E+00,+5.058456343595E+00,+5.052646042150E+00,-5.808105921E-03
+2.480000E-06,+5.183338491036E+00,+5.037099559903E+00,+5.066072549543E+00,+28.973387443E-03
+2.482500E-06,+4.918734217622E+00,+5.110238692285E+00,+5.074199119808E+00,-36.036376728E-03
+2.485000E-06,+4.957207836008E+00,+5.116559358048E+00,+5.060811871209E+00,-55.743407539E-03
+2.487500E-06,+5.088332208888E+00,+5.041300250814E+00,+5.060222989304E+00,+18.922118135E-03
+2.490000E-06,+5.117383716659E+00,+5.055629710459E+00,+5.065758479195E+00,+10.128173020E-03
+2.492500E-06,+5.078910098264E+00,+5.111102385744E+00,+5.072982097209E+00,-38.117675510E-03
+2.495000E-06,+5.008244268566E+00,+5.089863378436E+00,+5.074552448950E+00,-15.308838132E-03
+2.497500E-06,+5.102857962766E+00,+5.047189069847E+00,+5.074866519299E+00,+27.677000752E-03
