x-axis,1,2,4,F1
second,Volt,Volt,Volt,Volt
-5.000000E-06,+4.738928939827E+00,+5.063544216344E+00,+5.028164286898E+00,-35.330812551E-03
-4.995000E-06,+4.745210346911E+00,+5.067411207508E+00,+5.034700876024E+00,-32.659914173E-03
-4.990000E-06,+4.749136226339E+00,+5.060953135970E+00,+5.032482754188E+00,-28.420412315E-03
-4.985000E-06,+4.735984530256E+00,+5.058617237753E+00,+5.036271227766E+00,-22.296755225E-03
-4.980000E-06,+4.749136226339E+00,+5.055849492808E+00,+5.030441296924E+00,-25.357668243E-03
-4.975000E-06,+4.796639367414E+00,+5.061620535460E+00,+5.034269029295E+00,-27.301637926E-03
-4.970000E-06,+4.764054568164E+00,+5.054357658653E+00,+5.033032377298E+00,-21.274416381E-03
-4.965000E-06,+4.756791691223E+00,+5.046800340895E+00,+5.025906906269E+00,-20.842897836E-03
-4.960000E-06,+4.775832206447E+00,+5.049332533079E+00,+5.020548080949E+00,-28.734133011E-03
-4.955000E-06,+4.811950297182E+00,+5.052119907421E+00,+5.022157691485E+00,-29.912111500E-03
-4.950000E-06,+4.742462231312E+00,+5.040381528150E+00,+5.017211083497E+00,-23.120119465E-03
-4.945000E-06,+4.668851992043E+00,+5.045602947692E+00,+5.011793369988E+00,-33.759767664E-03
-4.940000E-06,+4.703596024978E+00,+5.044150372330E+00,+5.005001598704E+00,-39.097902311E-03
-4.935000E-06,+4.793891251815E+00,+5.046309605976E+00,+4.999328703036E+00,-46.929933386E-03
-4.930000E-06,+4.758558336966E+00,+5.045485171311E+00,+5.009084513233E+00,-36.351320341E-03
-4.925000E-06,+4.756202809309E+00,+5.043424084650E+00,+5.015660361152E+00,-27.713625221E-03
-4.920000E-06,+4.702025673207E+00,+5.044857030614E+00,+5.010497829800E+00,-34.307863355E-03
-4.915000E-06,+4.708503374262E+00,+5.042108915066E+00,+5.012990763191E+00,-29.067995308E-03
-4.910000E-06,+4.751099166053E+00,+5.044032595950E+00,+5.011204488084E+00,-32.778322374E-03
-4.905000E-06,+4.733040120685E+00,+5.045014065789E+00,+5.009418212978E+00,-35.545656296E-03
-4.900000E-06,+4.711447783833E+00,+5.041873362305E+00,+5.006179362510E+00,-35.643312544E-03
-4.895000E-06,+4.664926112615E+00,+5.035827508098E+00,+5.011557817226E+00,-24.219362604E-03
-4.890000E-06,+4.736180824228E+00,+5.041480774369E+00,+5.005943809749E+00,-35.485841845E-03
-4.885000E-06,+4.792713487986E+00,+5.038006371140E+00,+5.006454174065E+00,-31.501466934E-03
-4.880000E-06,+4.755417633423E+00,+5.040460045737E+00,+5.002174965568E+00,-38.233644517E-03
-4.875000E-06,+4.717532896946E+00,+5.032686804614E+00,+5.005139004481E+00,-27.498171125E-03
-4.870000E-06,+4.725580949773E+00,+5.033275686517E+00,+5.000212025891E+00,-33.012697369E-03
-4.865000E-06,+4.768373035535E+00,+5.035042332227E+00,+4.996698363868E+00,-38.292848618E-03
-4.860000E-06,+4.748351050454E+00,+5.023421729336E+00,+4.990554362677E+00,-32.816164170E-03
-4.855000E-06,+4.798798601099E+00,+5.027799084817E+00,+4.990436586297E+00,-37.312624030E-03
-4.850000E-06,+4.784861729131E+00,+5.026915761962E+00,+4.994480242032E+00,-32.385255976E-03
-4.845000E-06,+4.769158211420E+00,+5.024619122540E+00,+4.995049494539E+00,-29.519655454E-03
-4.840000E-06,+4.749921402225E+00,+5.022008412769E+00,+4.989141046110E+00,-32.816164170E-03
-4.835000E-06,+4.766998977735E+00,+5.020948425343E+00,+4.987472547384E+00,-33.426515719E-03
-4.830000E-06,+4.770728563191E+00,+5.022950623814E+00,+4.988159576271E+00,-34.741212955E-03
-4.825000E-06,+4.720281012545E+00,+5.021537307246E+00,+4.998975373894E+00,-22.511598970E-03
-4.820000E-06,+4.722440246231E+00,+5.013685548536E+00,+4.992124714419E+00,-21.510012079E-03
-4.815000E-06,+4.704773788806E+00,+5.019849179123E+00,+4.992968778481E+00,-26.829836179E-03
-4.810000E-06,+4.729899417143E+00,+5.017572169098E+00,+4.990829174232E+00,-26.691896729E-03
-4.805000E-06,+4.692014680666E+00,+5.012468525936E+00,+4.990750656645E+00,-21.666872427E-03
-4.800000E-06,+4.752276929881E+00,+5.019417332394E+00,+4.989298081284E+00,-30.069582200E-03
-4.795000E-06,+4.678274102669E+00,+5.015550341230E+00,+4.982898897935E+00,-32.600710073E-03
-4.790000E-06,+4.746780698682E+00,+5.012350749555E+00,+4.983212968284E+00,-29.086916206E-03
-4.785000E-06,+4.703988612921E+00,+5.011624461875E+00,+4.980877070067E+00,-30.696413241E-03
-4.780000E-06,+4.749136226339E+00,+5.015177382691E+00,+4.982938156729E+00,-32.188722778E-03
-4.775000E-06,+4.778384028075E+00,+5.020634354994E+00,+4.986059230816E+00,-34.524538155E-03
-4.770000E-06,+4.763269392279E+00,+5.019064003252E+00,+4.982349274826E+00,-36.663820334E-03
-4.765000E-06,+4.762876804336E+00,+5.016374775894E+00,+4.977991548742E+00,-38.332521468E-03
-4.760000E-06,+4.779758085875E+00,+5.018082533414E+00,+4.985136649168E+00,-32.896730574E-03
-4.755000E-06,+4.676311162955E+00,+5.011506685494E+00,+4.982918527332E+00,-28.537599812E-03
-4.750000E-06,+4.696136854065E+00,+5.004695284813E+00,+4.980975217051E+00,-23.670656562E-03
-4.745000E-06,+4.771317445105E+00,+5.002653827549E+00,+4.980562999719E+00,-22.041017926E-03
-4.740000E-06,+4.782113613532E+00,+5.006776000871E+00,+4.973280493516E+00,-33.446046968E-03
-4.735000E-06,+4.747173286625E+00,+5.004930837575E+00,+4.978344877884E+00,-26.536257084E-03
-4.730000E-06,+4.793498663872E+00,+5.002339757200E+00,+4.980072264800E+00,-22.216799172E-03
-4.725000E-06,+4.785058023102E+00,+5.003753073768E+00,+4.973437528690E+00,-30.266115399E-03
-4.720000E-06,+4.738928939827E+00,+5.004577508433E+00,+4.978776724613E+00,-25.750734640E-03
-4.715000E-06,+4.751295460024E+00,+5.000887181839E+00,+4.976892302522E+00,-23.944094056E-03
-4.710000E-06,+4.749528814282E+00,+4.997903513529E+00,+4.976696008554E+00,-21.157228884E-03
-4.705000E-06,+4.723618010059E+00,+5.001044217013E+00,+4.975086398019E+00,-25.906984637E-03
-4.700000E-06,+4.683966627839E+00,+4.994448739697E+00,+4.974850845258E+00,-19.547121498E-03
-4.695000E-06,+4.742854819255E+00,+4.998708318797E+00,+4.977304519854E+00,-21.353151731E-03
-4.690000E-06,+4.749528814282E+00,+4.993545787445E+00,+4.968962026225E+00,-24.533693652E-03
-4.685000E-06,+4.715569957232E+00,+4.987853262381E+00,+4.964506153157E+00,-23.297731765E-03
-4.680000E-06,+4.786824668845E+00,+4.991465071387E+00,+4.968019815180E+00,-23.394777662E-03
-4.675000E-06,+4.715177369289E+00,+4.987009198319E+00,+4.961502855451E+00,-25.456545194E-03
-4.670000E-06,+4.786432080902E+00,+4.987225121684E+00,+4.963073207193E+00,-24.101564755E-03
-4.665000E-06,+4.727543889487E+00,+4.986557722194E+00,+4.959402509996E+00,-27.104494376E-03
-4.660000E-06,+4.707521904405E+00,+4.986989568923E+00,+4.958911775077E+00,-28.028566621E-03
-4.655000E-06,+4.799976364928E+00,+4.990267678184E+00,+4.959481027583E+00,-30.736696443E-03
-4.650000E-06,+4.740499291598E+00,+4.993231717097E+00,+4.959265104219E+00,-33.916017661E-03
-4.645000E-06,+4.781132143675E+00,+4.994723551252E+00,+4.960285832851E+00,-34.387209057E-03
-4.640000E-06,+4.796246779471E+00,+4.987303639271E+00,+4.961581373038E+00,-25.672609642E-03
-4.635000E-06,+4.774458148648E+00,+4.985615511148E+00,+4.962739507448E+00,-22.825930018E-03
-4.630000E-06,+4.718906954746E+00,+4.985144405626E+00,+4.955928106767E+00,-29.166261908E-03
-4.625000E-06,+4.701633085264E+00,+4.981728890587E+00,+4.953297767599E+00,-28.381960167E-03
-4.620000E-06,+4.729506829201E+00,+4.979844468497E+00,+4.951060016367E+00,-28.734133011E-03
-4.615000E-06,+4.720477306517E+00,+4.978391893135E+00,+4.952414444744E+00,-25.926515886E-03
-4.610000E-06,+4.717729190917E+00,+4.976900058980E+00,+4.950824463605E+00,-26.025392837E-03
-4.605000E-06,+4.772102620991E+00,+4.975054895684E+00,+4.945936743808E+00,-29.068605660E-03
-4.600000E-06,+4.771906327020E+00,+4.973720096703E+00,+4.952316297760E+00,-21.353762082E-03
-4.595000E-06,+4.703596024978E+00,+4.967595724909E+00,+4.952002227412E+00,-15.543825689E-03
-4.590000E-06,+4.749921402225E+00,+4.972620850484E+00,+4.942266046612E+00,-30.303957195E-03
-4.585000E-06,+4.832168576235E+00,+4.974053796448E+00,+4.939066454937E+00,-34.936525451E-03
-4.580000E-06,+4.741284467484E+00,+4.968302383193E+00,+4.938889790366E+00,-29.361574403E-03
-4.575000E-06,+4.770924857163E+00,+4.965554267645E+00,+4.933805776602E+00,-31.698000132E-03
-4.570000E-06,+4.749136226339E+00,+4.962060235019E+00,+4.936259451199E+00,-25.750734640E-03
-4.565000E-06,+4.725580949773E+00,+4.956799556683E+00,+4.938065355702E+00,-18.684694759E-03
-4.560000E-06,+4.734217884514E+00,+4.958958790328E+00,+4.930488408547E+00,-28.419191612E-03
-4.555000E-06,+4.753847281652E+00,+4.960293589309E+00,+4.941304206170E+00,-18.940432058E-03
-4.550000E-06,+4.687499919324E+00,+4.960568400864E+00,+4.935945380850E+00,-24.572756151E-03
-4.545000E-06,+4.712429253690E+00,+4.961255429751E+00,+4.936122045421E+00,-25.083620397E-03
-4.540000E-06,+4.735003060399E+00,+4.958173614457E+00,+4.929389162327E+00,-28.734133011E-03
-4.535000E-06,+4.746976992654E+00,+4.955209575544E+00,+4.929899526644E+00,-25.260622347E-03
-4.530000E-06,+4.769550799363E+00,+4.954365511483E+00,+4.929389162327E+00,-24.925539346E-03
-4.525000E-06,+4.722047658288E+00,+4.952225907235E+00,+4.930704331911E+00,-21.472170283E-03
-4.520000E-06,+4.791535724158E+00,+4.949536679876E+00,+4.927504740237E+00,-21.981203475E-03
-4.515000E-06,+4.718906954746E+00,+4.945669688712E+00,+4.923873301834E+00,-21.746218128E-03
-4.510000E-06,+4.706344140577E+00,+4.951970725077E+00,+4.919103358417E+00,-32.817384873E-03
-4.505000E-06,+4.763269392279E+00,+4.949850750225E+00,+4.922165544314E+00,-27.636110575E-03
-4.500000E-06,+4.690248034924E+00,+4.945296730173E+00,+4.924049966405E+00,-21.197512086E-03
-4.495000E-06,+4.737751175999E+00,+4.948260769086E+00,+4.922420726472E+00,-25.789797139E-03
-4.490000E-06,+4.763661980221E+00,+4.944668589476E+00,+4.921380368443E+00,-23.238527665E-03
-4.485000E-06,+4.796050485500E+00,+4.939721981489E+00,+4.918455588324E+00,-21.216432984E-03
-4.480000E-06,+4.847283212031E+00,+4.939093840792E+00,+4.920909262921E+00,-18.133547311E-03
-4.475000E-06,+4.745210346911E+00,+4.944001189986E+00,+4.921969250347E+00,-21.981203475E-03
-4.470000E-06,+4.720477306517E+00,+4.942313061863E+00,+4.920124087050E+00,-22.138674174E-03
-4.465000E-06,+4.725188361830E+00,+4.945159324396E+00,+4.916924495376E+00,-28.184816617E-03
-4.460000E-06,+4.720084718574E+00,+4.938308664921E+00,+4.913371574559E+00,-24.886476847E-03
-4.455000E-06,+4.773869266734E+00,+4.943608602051E+00,+4.912841580846E+00,-30.717165193E-03
-4.450000E-06,+4.698884969664E+00,+4.942273803070E+00,+4.909288660030E+00,-32.934572370E-03
-4.445000E-06,+4.765821213907E+00,+4.941822326944E+00,+4.909857912537E+00,-31.914674932E-03
-4.440000E-06,+4.761699040508E+00,+4.939015323205E+00,+4.910387906250E+00,-28.577883015E-03
-4.435000E-06,+4.721851364317E+00,+4.943078608338E+00,+4.910603829614E+00,-32.424318475E-03
-4.430000E-06,+4.742854819255E+00,+4.935521290579E+00,+4.907522014320E+00,-27.949220919E-03
-4.425000E-06,+4.783880259274E+00,+4.934677226518E+00,+4.910564570820E+00,-24.063722959E-03
-4.420000E-06,+4.750706578110E+00,+4.927787308250E+00,+4.906069438959E+00,-21.668703482E-03
-4.415000E-06,+4.784861729131E+00,+4.934618338328E+00,+4.908954960285E+00,-25.612795190E-03
-4.410000E-06,+4.820194643980E+00,+4.933362056934E+00,+4.911958257992E+00,-21.353762082E-03
-4.405000E-06,+4.775439618505E+00,+4.932164663731E+00,+4.908837183904E+00,-23.278200516E-03
-4.400000E-06,+4.772691502905E+00,+4.930142835863E+00,+4.904891675153E+00,-25.201418246E-03
-4.395000E-06,+4.741677055427E+00,+4.930280241641E+00,+4.899258038278E+00,-30.972902492E-03
-4.390000E-06,+4.696136854065E+00,+4.928219154979E+00,+4.899670255611E+00,-28.498537313E-03
-4.385000E-06,+4.777206264247E+00,+4.929750247928E+00,+4.902143559604E+00,-27.556764873E-03
-4.380000E-06,+4.769550799363E+00,+4.925039192702E+00,+4.905127227914E+00,-19.862062897E-03
-4.375000E-06,+4.765821213907E+00,+4.932086146144E+00,+4.898394344820E+00,-33.641359464E-03
-4.370000E-06,+4.745995522797E+00,+4.934775373502E+00,+4.903399840998E+00,-31.325685688E-03
-4.365000E-06,+4.760913864622E+00,+4.932635769253E+00,+4.907522014320E+00,-25.064089148E-03
-4.360000E-06,+4.771906327020E+00,+4.934225750392E+00,+4.904263534456E+00,-29.913332203E-03
-4.355000E-06,+4.797031955357E+00,+4.924509198989E+00,+4.905029080930E+00,-19.430544352E-03
-4.350000E-06,+4.733040120686E+00,+4.927983602218E+00,+4.901319124940E+00,-26.614992433E-03
-4.345000E-06,+4.719103248717E+00,+4.927335832124E+00,+4.900671354846E+00,-26.614382082E-03
-4.340000E-06,+4.718514366803E+00,+4.929279142405E+00,+4.904734639978E+00,-24.493410450E-03
-4.335000E-06,+4.749136226339E+00,+4.922585518105E+00,+4.902123930207E+00,-20.410768939E-03
-4.330000E-06,+4.739321527770E+00,+4.925392521844E+00,+4.904381310836E+00,-20.960695685E-03
-4.325000E-06,+4.688285095210E+00,+4.923724023118E+00,+4.898158792059E+00,-25.515138942E-03
-4.320000E-06,+4.685536979610E+00,+4.923547358547E+00,+4.899159891294E+00,-24.337160453E-03
-4.315000E-06,+4.724599479916E+00,+4.917717427705E+00,+4.898139162662E+00,-19.528810951E-03
-4.310000E-06,+4.753454693710E+00,+4.916598552089E+00,+4.898335456630E+00,-18.212893012E-03
-4.305000E-06,+4.830009342549E+00,+4.921486271885E+00,+4.898708415169E+00,-22.727053067E-03
-4.300000E-06,+4.807239241869E+00,+4.921034795760E+00,+4.893977730546E+00,-27.008058831E-03
-4.295000E-06,+4.683181451953E+00,+4.921545160076E+00,+4.895410676510E+00,-26.085207289E-03
-4.290000E-06,+4.766410095821E+00,+4.920014067127E+00,+4.894527353656E+00,-25.435793241E-03
-4.285000E-06,+4.763073098307E+00,+4.921545160076E+00,+4.893349589849E+00,-28.144533415E-03
-4.280000E-06,+4.809594769526E+00,+4.922919217850E+00,+4.889502228081E+00,-33.367921970E-03
-4.275000E-06,+4.768961917449E+00,+4.919503702811E+00,+4.892230714233E+00,-27.222292225E-03
-4.270000E-06,+4.729899417143E+00,+4.915734858630E+00,+4.894095506927E+00,-21.589357780E-03
-4.265000E-06,+4.780935849703E+00,+4.920210361095E+00,+4.887127071072E+00,-33.032838970E-03
-4.260000E-06,+4.689462859038E+00,+4.918443715385E+00,+4.891543685346E+00,-26.849367428E-03
-4.255000E-06,+4.660411351273E+00,+4.915420788282E+00,+4.887225218055E+00,-28.145754118E-03
-4.250000E-06,+4.738143763941E+00,+4.914557094824E+00,+4.891739979314E+00,-22.767336269E-03
-4.245000E-06,+4.681611100183E+00,+4.917697798308E+00,+4.891955902678E+00,-25.692751243E-03
-4.240000E-06,+4.742854819255E+00,+4.914517836030E+00,+4.887539288404E+00,-26.927492426E-03
-4.235000E-06,+4.677292632812E+00,+4.912515637559E+00,+4.886283007010E+00,-26.183473888E-03
-4.230000E-06,+4.633715371165E+00,+4.918718526940E+00,+4.889345192907E+00,-29.323732607E-03
-4.225000E-06,+4.722636540202E+00,+4.918973709098E+00,+4.888108540910E+00,-30.816042144E-03
-4.220000E-06,+4.678470396641E+00,+4.909728263217E+00,+4.889345192907E+00,-20.333254293E-03
-4.215000E-06,+4.675722281041E+00,+4.916578922692E+00,+4.885556719330E+00,-30.972292141E-03
-4.210000E-06,+4.695744266122E+00,+4.916912622437E+00,+4.889659263255E+00,-27.203371327E-03
-4.205000E-06,+4.702810849092E+00,+4.914537465427E+00,+4.888579646433E+00,-25.908205340E-03
-4.200000E-06,+4.709092256177E+00,+4.914203765682E+00,+4.890287403952E+00,-23.865969057E-03
-4.195000E-06,+4.757773161080E+00,+4.911907126259E+00,+4.888775940401E+00,-23.081056966E-03
-4.190000E-06,+4.758950924908E+00,+4.910866768230E+00,+4.885419313552E+00,-25.396730742E-03
-4.185000E-06,+4.720084718574E+00,+4.911887496863E+00,+4.888422611259E+00,-23.414919263E-03
-4.180000E-06,+4.667477934243E+00,+4.908943087346E+00,+4.883848961810E+00,-25.045168250E-03
-4.175000E-06,+4.710073726034E+00,+4.915774117424E+00,+4.886322265804E+00,-29.401857606E-03
-4.170000E-06,+4.675329693098E+00,+4.914871165172E+00,+4.887657064784E+00,-27.163088124E-03
-4.165000E-06,+4.696529442008E+00,+4.912613784543E+00,+4.883456373875E+00,-29.106447456E-03
-4.160000E-06,+4.707521904405E+00,+4.912005273243E+00,+4.883456373875E+00,-28.499758016E-03
-4.155000E-06,+4.703792318949E+00,+4.910120851153E+00,+4.886813000723E+00,-23.258058915E-03
-4.150000E-06,+4.671403813671E+00,+4.908668275792E+00,+4.884437843713E+00,-24.179689754E-03
-4.145000E-06,+4.762091628450E+00,+4.908687905188E+00,+4.880943811088E+00,-27.694093972E-03
-4.140000E-06,+4.639211602364E+00,+4.901012811049E+00,+4.884869690442E+00,-16.092531731E-03
-4.135000E-06,+4.672777871470E+00,+4.905939789640E+00,+4.879746417884E+00,-26.143801038E-03
-4.130000E-06,+4.687107331381E+00,+4.905292019546E+00,+4.875251286023E+00,-29.990236499E-03
-4.125000E-06,+4.649615182847E+00,+4.900404299749E+00,+4.875702762149E+00,-24.652101852E-03
-4.120000E-06,+4.738143763941E+00,+4.908314946650E+00,+4.873484640313E+00,-34.779054751E-03
-4.115000E-06,+4.706933022491E+00,+4.902740197966E+00,+4.876860896558E+00,-25.830080342E-03
-4.110000E-06,+4.700455321436E+00,+4.907294218017E+00,+4.876389791036E+00,-30.854494292E-03
-4.105000E-06,+4.722243952259E+00,+4.907019406462E+00,+4.871384294858E+00,-35.584108444E-03
-4.100000E-06,+4.689462859038E+00,+4.899128388959E+00,+4.875133509642E+00,-23.944094056E-03
-4.095000E-06,+4.719888424603E+00,+4.906194971798E+00,+4.872503170474E+00,-33.641969815E-03
-4.090000E-06,+4.716944015032E+00,+4.906155713004E+00,+4.876821637765E+00,-29.284670108E-03
-4.085000E-06,+4.735788236285E+00,+4.901699839937E+00,+4.875074621452E+00,-26.575319583E-03
-4.080000E-06,+4.680040748412E+00,+4.902975750727E+00,+4.874662404120E+00,-28.262941615E-03
-4.075000E-06,+4.680040748412E+00,+4.898912465595E+00,+4.876311273449E+00,-22.550661470E-03
-4.070000E-06,+4.639996778249E+00,+4.900266893972E+00,+4.874740921707E+00,-25.476076443E-03
-4.065000E-06,+4.704773788806E+00,+4.893494752085E+00,+4.874466110152E+00,-18.978884206E-03
-4.060000E-06,+4.622722908767E+00,+4.896301755824E+00,+4.875054992055E+00,-21.197512086E-03
-4.055000E-06,+4.686125861525E+00,+4.894711774685E+00,+4.872503170474E+00,-22.158815775E-03
-4.050000E-06,+4.673366753384E+00,+4.896851378933E+00,+4.871129112700E+00,-25.671388939E-03
-4.045000E-06,+4.704184906892E+00,+4.895339915382E+00,+4.871757253397E+00,-23.533327463E-03
-4.040000E-06,+4.784469141188E+00,+4.901483916572E+00,+4.871050595113E+00,-30.382082193E-03
-4.035000E-06,+4.724795773887E+00,+4.897263596265E+00,+4.871305777271E+00,-25.908205340E-03
-4.030000E-06,+4.710662607947E+00,+4.896537308585E+00,+4.873523899107E+00,-22.963869468E-03
-4.025000E-06,+4.774850736590E+00,+4.893749934243E+00,+4.868498773532E+00,-25.201418246E-03
-4.020000E-06,+4.741284467484E+00,+4.885858916739E+00,+4.867752856455E+00,-18.055422312E-03
-4.015000E-06,+4.763465686250E+00,+4.898009513343E+00,+4.865750657984E+00,-32.208254027E-03
-4.010000E-06,+4.760521276679E+00,+4.894495851320E+00,+4.863905494687E+00,-30.540773596E-03
-4.005000E-06,+4.750510284139E+00,+4.890864412917E+00,+4.864474747194E+00,-26.339113533E-03
-4.000000E-06,+4.717729190918E+00,+4.895438062365E+00,+4.862963283642E+00,-32.425539179E-03
-3.995000E-06,+4.778187734104E+00,+4.884406341378E+00,+4.859783321364E+00,-24.572145799E-03
-3.990000E-06,+4.751491753996E+00,+4.887547044862E+00,+4.866418057474E+00,-21.079103885E-03
-3.985000E-06,+4.747173286625E+00,+4.886742239594E+00,+4.863395130371E+00,-23.297121414E-03
-3.980000E-06,+4.712232959719E+00,+4.889549243333E+00,+4.862884766055E+00,-26.614992433E-03
-3.975000E-06,+4.734610472457E+00,+4.894142522178E+00,+4.858566298764E+00,-35.526125047E-03
-3.970000E-06,+4.725973537715E+00,+4.887036680546E+00,+4.857938158068E+00,-29.049074410E-03
-3.965000E-06,+4.747958462511E+00,+4.880931938149E+00,+4.858841110319E+00,-22.041017926E-03
-3.960000E-06,+4.745995522797E+00,+4.882168590146E+00,+4.860372203268E+00,-21.746828480E-03
-3.955000E-06,+4.755025045481E+00,+4.881893778591E+00,+4.854836713377E+00,-27.006838128E-03
-3.950000E-06,+4.682003688126E+00,+4.879773803739E+00,+4.851617492306E+00,-28.106691619E-03
-3.945000E-06,+4.691425798752E+00,+4.875357189465E+00,+4.852049339035E+00,-23.257448563E-03
-3.940000E-06,+4.639211602364E+00,+4.872196856584E+00,+4.854718936997E+00,-17.427980920E-03
-3.935000E-06,+4.709877432062E+00,+4.881972296178E+00,+4.855307818900E+00,-26.615602785E-03
-3.930000E-06,+4.744425171026E+00,+4.881461931862E+00,+4.851146386784E+00,-30.266115399E-03
-3.925000E-06,+4.651185534618E+00,+4.887547044862E+00,+4.851166016180E+00,-36.331789091E-03
-3.920000E-06,+4.644707833562E+00,+4.895281027191E+00,+4.853305620429E+00,-41.925050685E-03
-3.915000E-06,+4.640389366192E+00,+4.900443558543E+00,+4.861216267329E+00,-39.177248012E-03
-3.910000E-06,+4.655307708017E+00,+4.919896290747E+00,+4.862452919326E+00,-57.393800339E-03
-3.905000E-06,+4.673170459413E+00,+4.892179582501E+00,+4.863041801229E+00,-29.088747261E-03
-3.900000E-06,+4.677685220755E+00,+4.921662936456E+00,+4.877410519668E+00,-44.202882665E-03
-3.895000E-06,+4.767391565678E+00,+4.888921102636E+00,+4.883417115081E+00,-5.455324938E-03
-3.890000E-06,+4.668263110128E+00,+4.910120851153E+00,+4.894448836069E+00,-15.623781742E-03
-3.885000E-06,+4.643333775763E+00,+4.877202352762E+00,+4.889816298430E+00,+12.661740087E-03
-3.880000E-06,+4.749136226339E+00,+4.943333790495E+00,+4.887068182881E+00,-56.214601147E-03
-3.875000E-06,+4.693388738466E+00,+4.884445600171E+00,+4.871207630287E+00,-13.189089413E-03
-3.870000E-06,+4.664729818644E+00,+4.918090386244E+00,+4.878274213126E+00,-39.765626905E-03
-3.865000E-06,+4.659626175387E+00,+4.901915763301E+00,+4.877273113891E+00,-24.592287401E-03
-3.860000E-06,+4.671403813671E+00,+4.929671730340E+00,+4.885340795965E+00,-44.281007664E-03
-3.855000E-06,+4.733629002600E+00,+4.902681309775E+00,+4.879471606329E+00,-23.159792315E-03
-3.850000E-06,+4.751099166053E+00,+4.923233288198E+00,+4.883848961810E+00,-39.334718712E-03
-3.845000E-06,+4.708503374263E+00,+4.915695599837E+00,+4.889109640146E+00,-26.536867435E-03
-3.840000E-06,+4.657270647731E+00,+4.920249619889E+00,+4.892328861217E+00,-27.869875218E-03
-3.835000E-06,+4.759932394765E+00,+4.914341171459E+00,+4.893015890104E+00,-21.275637084E-03
-3.830000E-06,+4.750706578110E+00,+4.928101378599E+00,+4.891700720520E+00,-36.350099638E-03
-3.825000E-06,+4.727936477430E+00,+4.933617239092E+00,+4.894036618736E+00,-39.530031207E-03
-3.820000E-06,+4.714588487375E+00,+4.928651001708E+00,+4.903007253062E+00,-25.594484644E-03
-3.815000E-06,+4.724403185945E+00,+4.930790605957E+00,+4.904675751788E+00,-26.065065688E-03
-3.810000E-06,+4.661981703044E+00,+4.932027257954E+00,+4.906462026895E+00,-25.515138942E-03
-3.805000E-06,+4.673170459413E+00,+4.935737213944E+00,+4.909484953998E+00,-26.203005138E-03
-3.800000E-06,+4.745210346911E+00,+4.931870222779E+00,+4.915491549411E+00,-16.329348132E-03
-3.795000E-06,+4.709288550148E+00,+4.941056780470E+00,+4.915334514237E+00,-25.671388939E-03
-3.790000E-06,+4.697707205836E+00,+4.940978262883E+00,+4.912350845927E+00,-28.576662312E-03
-3.785000E-06,+4.686714743439E+00,+4.949909638415E+00,+4.915903766743E+00,-33.955690512E-03
-3.780000E-06,+4.720084718574E+00,+4.936816830767E+00,+4.917611524263E+00,-19.156496506E-03
-3.775000E-06,+4.750902872081E+00,+4.953796258977E+00,+4.922185173711E+00,-31.561281385E-03
-3.770000E-06,+4.758165749023E+00,+4.953305524057E+00,+4.920634451366E+00,-32.620851674E-03
-3.765000E-06,+4.728917947287E+00,+4.955700310464E+00,+4.918907064450E+00,-36.743776387E-03
-3.760000E-06,+4.707521904405E+00,+4.955032910973E+00,+4.923814413643E+00,-31.168214988E-03
-3.755000E-06,+4.656092883903E+00,+4.962433193557E+00,+4.923461084501E+00,-38.922121065E-03
-3.750000E-06,+4.693388738466E+00,+4.961392835528E+00,+4.928564727663E+00,-32.777101671E-03
-3.745000E-06,+4.690051740952E+00,+4.969009041477E+00,+4.933020600731E+00,-35.937501991E-03
-3.740000E-06,+4.699670145550E+00,+4.973013438419E+00,+4.932843936160E+00,-40.118410100E-03
-3.735000E-06,+4.657466941703E+00,+4.981925184555E+00,+4.936180933611E+00,-45.693361148E-03
-3.730000E-06,+4.658840999502E+00,+4.985497734768E+00,+4.936691297928E+00,-48.756105220E-03
-3.725000E-06,+4.702614555121E+00,+4.975643777587E+00,+4.943149369466E+00,-32.444460077E-03
-3.720000E-06,+4.721655070345E+00,+4.992642835194E+00,+4.953808131915E+00,-38.785402318E-03
-3.715000E-06,+4.663552054815E+00,+4.977115982345E+00,+4.948311900818E+00,-28.754884964E-03
-3.710000E-06,+4.685144391668E+00,+4.994291704523E+00,+4.953140732425E+00,-41.101076094E-03
-3.705000E-06,+4.730880887000E+00,+4.989148802568E+00,+4.956968464796E+00,-32.130129029E-03
-3.700000E-06,+4.769550799363E+00,+4.997353890420E+00,+4.957576976096E+00,-39.727785109E-03
-3.695000E-06,+4.660607645244E+00,+4.992309135448E+00,+4.955084042705E+00,-37.174684580E-03
-3.690000E-06,+4.713018135604E+00,+5.003007156691E+00,+4.959422139393E+00,-43.535158071E-03
-3.685000E-06,+4.721851364317E+00,+5.008699681755E+00,+4.963171354177E+00,-45.477296699E-03
-3.680000E-06,+4.712232959719E+00,+5.010387809878E+00,+4.962288031322E+00,-48.050538829E-03
-3.675000E-06,+4.679844454440E+00,+5.003085674278E+00,+4.969531278732E+00,-33.503420014E-03
-3.670000E-06,+4.719692130632E+00,+5.011604832478E+00,+4.970689413141E+00,-40.865480396E-03
-3.665000E-06,+4.684751803725E+00,+5.022185077340E+00,+4.971376442028E+00,-50.758058300E-03
-3.660000E-06,+4.632930195279E+00,+5.002221980820E+00,+4.977991548742E+00,-24.180910457E-03
-3.655000E-06,+4.665907582472E+00,+5.025993180314E+00,+4.976911931919E+00,-49.031373768E-03
-3.650000E-06,+4.684751803725E+00,+5.021380272072E+00,+4.986039601419E+00,-35.290529349E-03
-3.645000E-06,+4.707129316463E+00,+5.030606088556E+00,+4.987511806177E+00,-43.044435426E-03
-3.640000E-06,+4.689462859038E+00,+5.024756528317E+00,+4.995736523426E+00,-28.970949412E-03
-3.635000E-06,+4.727936477430E+00,+5.033864568421E+00,+4.999269814845E+00,-34.545290108E-03
-3.630000E-06,+4.689462859038E+00,+5.035003073433E+00,+5.004530493181E+00,-30.422365395E-03
-3.625000E-06,+4.754043575623E+00,+5.038438217869E+00,+5.007553420284E+00,-30.834963042E-03
-3.620000E-06,+4.695744266123E+00,+5.030645347350E+00,+5.006336397684E+00,-24.259035455E-03
-3.615000E-06,+4.745799228826E+00,+5.045681465279E+00,+5.007494532094E+00,-38.135988270E-03
-3.610000E-06,+4.693388738466E+00,+5.041048927640E+00,+5.011950405162E+00,-29.047853707E-03
-3.605000E-06,+4.689266565067E+00,+5.045956276834E+00,+5.017230712894E+00,-28.675539262E-03
-3.600000E-06,+4.707521904405E+00,+5.050588814473E+00,+5.011518558433E+00,-39.019777312E-03
-3.595000E-06,+4.745014052940E+00,+5.053278041831E+00,+5.015522955375E+00,-37.705080076E-03
-3.590000E-06,+4.752276929881E+00,+5.056320598331E+00,+5.011675593607E+00,-44.594728360E-03
-3.585000E-06,+4.729506829201E+00,+5.057714285502E+00,+5.012303734304E+00,-45.359498850E-03
-3.580000E-06,+4.708307080291E+00,+5.061738311841E+00,+5.022118432691E+00,-39.569093706E-03
-3.575000E-06,+4.707521904405E+00,+5.067097137160E+00,+5.021038815868E+00,-46.007081844E-03
-3.570000E-06,+4.705166376749E+00,+5.067116766557E+00,+5.026711711536E+00,-40.354005798E-03
-3.565000E-06,+4.731077180972E+00,+5.065605303005E+00,+5.030087967782E+00,-35.466310595E-03
-3.560000E-06,+4.672188989556E+00,+5.068490824331E+00,+5.032953859711E+00,-35.487062548E-03
-3.555000E-06,+4.705558964691E+00,+5.072868179812E+00,+5.031167584604E+00,-41.651002840E-03
-3.550000E-06,+4.727151301544E+00,+5.074183349396E+00,+5.033974588343E+00,-40.158693303E-03
-3.545000E-06,+4.730488299057E+00,+5.083507312864E+00,+5.036840480272E+00,-46.616823041E-03
-3.540000E-06,+4.709877432062E+00,+5.082859542770E+00,+5.039392301853E+00,-43.416749870E-03
-3.535000E-06,+4.699473851579E+00,+5.087865038948E+00,+5.044790385966E+00,-43.023683473E-03
-3.530000E-06,+4.663944642758E+00,+5.084861741241E+00,+5.043082628446E+00,-41.728517486E-03
-3.525000E-06,+4.647848537104E+00,+5.085686175906E+00,+5.047911460053E+00,-37.725221677E-03
-3.520000E-06,+4.692603562580E+00,+5.086471351777E+00,+5.047479613324E+00,-38.941652314E-03
-3.515000E-06,+4.687892507267E+00,+5.077265164689E+00,+5.051994374582E+00,-25.220339144E-03
-3.510000E-06,+4.688677683153E+00,+5.071317457467E+00,+5.047597389705E+00,-23.670656562E-03
-3.505000E-06,+4.707718198377E+00,+5.057478732741E+00,+5.047322578150E+00,-10.107424443E-03
-3.500000E-06,+4.686322155496E+00,+5.071553010228E+00,+5.046537402279E+00,-24.964601845E-03
-3.495000E-06,+4.741088173512E+00,+5.045701094676E+00,+5.026731340933E+00,-18.919069754E-03
-3.490000E-06,+4.735395648342E+00,+5.060442771653E+00,+5.029067239149E+00,-31.325685687E-03
-3.485000E-06,+4.683181451954E+00,+5.057694656105E+00,+5.013265574746E+00,-44.378663911E-03
-3.480000E-06,+4.764054568164E+00,+5.076107030280E+00,+5.001232754523E+00,-74.822999168E-03
-3.475000E-06,+4.733236414657E+00,+5.073947796634E+00,+5.016622201594E+00,-57.274781787E-03
-3.470000E-06,+4.688677683153E+00,+5.073241138351E+00,+5.024081372369E+00,-49.108888415E-03
-3.465000E-06,+4.685929567553E+00,+5.078069969957E+00,+5.035309387324E+00,-42.709962777E-03
-3.460000E-06,+4.789180196501E+00,+5.076028512693E+00,+5.037586397350E+00,-38.392335920E-03
-3.455000E-06,+4.724010598002E+00,+5.085745064096E+00,+5.044456686221E+00,-41.238405193E-03
-3.450000E-06,+4.710662607947E+00,+5.074929266473E+00,+5.043004110859E+00,-31.875002082E-03
-3.445000E-06,+4.736180824228E+00,+5.075655554154E+00,+5.043553733969E+00,-32.051393679E-03
-3.440000E-06,+4.680825924297E+00,+5.062287934950E+00,+5.042768558098E+00,-19.468996499E-03
-3.435000E-06,+4.709288550148E+00,+5.082623990009E+00,+5.051542898456E+00,-31.030885889E-03
-3.430000E-06,+4.753847281652E+00,+5.069511552963E+00,+5.051052163537E+00,-18.409426211E-03
-3.425000E-06,+4.759539806823E+00,+5.080425497570E+00,+5.047675907292E+00,-32.698976672E-03
-3.420000E-06,+4.704381200863E+00,+5.058440573183E+00,+5.041512276704E+00,-16.878664526E-03
-3.415000E-06,+4.720673600488E+00,+5.074104831809E+00,+5.033974588343E+00,-40.079957953E-03
-3.410000E-06,+4.767195271707E+00,+5.067744907254E+00,+5.031422766762E+00,-36.271974639E-03
-3.405000E-06,+4.769550799363E+00,+5.063092740218E+00,+5.022687685198E+00,-40.355836853E-03
-3.400000E-06,+4.796246779471E+00,+5.061659794253E+00,+5.015444437788E+00,-46.165773246E-03
-3.395000E-06,+4.707521904405E+00,+5.070453764009E+00,+5.022864349769E+00,-47.539064231E-03
-3.390000E-06,+4.699670145550E+00,+5.068647859505E+00,+5.023139161323E+00,-45.457765450E-03
-3.385000E-06,+4.738340057913E+00,+5.065369750244E+00,+5.027653922582E+00,-37.665407226E-03
-3.380000E-06,+4.727151301544E+00,+5.066292331892E+00,+5.023688784433E+00,-42.552492077E-03
-3.375000E-06,+4.738928939827E+00,+5.066233443702E+00,+5.028733539404E+00,-37.449953129E-03
-3.370000E-06,+4.756202809309E+00,+5.068373047950E+00,+5.035466422498E+00,-32.856447372E-03
-3.365000E-06,+4.724010598002E+00,+5.065801596973E+00,+5.035309387324E+00,-30.441896645E-03
-3.360000E-06,+4.740499291598E+00,+5.065664191196E+00,+5.035466422498E+00,-30.147707198E-03
-3.355000E-06,+4.662374290987E+00,+5.068078606999E+00,+5.038057502872E+00,-29.970094898E-03
-3.350000E-06,+4.725973537716E+00,+5.062091640983E+00,+5.036133821988E+00,-25.906984637E-03
-3.345000E-06,+4.731273474943E+00,+5.064113468850E+00,+5.038862308140E+00,-25.200197543E-03
-3.340000E-06,+4.664337230701E+00,+5.052551754150E+00,+5.035230869737E+00,-17.271730924E-03
-3.335000E-06,+4.683966627839E+00,+5.061993493999E+00,+5.033660517995E+00,-28.283693568E-03
-3.330000E-06,+4.692603562580E+00,+5.049450309460E+00,+5.028399839659E+00,-20.999758184E-03
-3.325000E-06,+4.741284467484E+00,+5.054043588305E+00,+5.025082471604E+00,-28.909914257E-03
-3.320000E-06,+4.804098538327E+00,+5.039046729169E+00,+5.020312528188E+00,-18.685305111E-03
-3.315000E-06,+4.723029128145E+00,+5.043993337156E+00,+5.021804362343E+00,-22.138674174E-03
-3.310000E-06,+4.737751175999E+00,+5.045131842169E+00,+5.011125970497E+00,-33.955080160E-03
-3.305000E-06,+4.799583776985E+00,+5.047153670037E+00,+5.003391988168E+00,-43.711549668E-03
-3.300000E-06,+4.793106075929E+00,+5.044385925092E+00,+5.003980870071E+00,-40.355226501E-03
-3.295000E-06,+4.751688047967E+00,+5.043895190172E+00,+5.012362622494E+00,-31.482546036E-03
-3.290000E-06,+4.738536351885E+00,+5.044974806995E+00,+5.017525153846E+00,-27.399904525E-03
-3.285000E-06,+4.735395648342E+00,+5.045171100963E+00,+5.018565511875E+00,-26.556398685E-03
-3.280000E-06,+4.800957834784E+00,+5.049725121014E+00,+5.019841422665E+00,-29.832765799E-03
-3.275000E-06,+4.740695585569E+00,+5.046525529340E+00,+5.014835926488E+00,-31.639406384E-03
-3.270000E-06,+4.791143136216E+00,+5.048076251685E+00,+5.012657063446E+00,-35.368654347E-03
-3.265000E-06,+4.764447156107E+00,+5.046447011753E+00,+5.014659261917E+00,-31.737062632E-03
-3.260000E-06,+4.745210346911E+00,+5.042187432653E+00,+5.008063784600E+00,-34.073488360E-03
-3.255000E-06,+4.778187734104E+00,+5.042580020589E+00,+5.007416014507E+00,-35.113527400E-03
-3.250000E-06,+4.786824668845E+00,+5.035434920163E+00,+5.014659261917E+00,-20.725099987E-03
-3.245000E-06,+4.698884969665E+00,+5.032294216679E+00,+5.008299337362E+00,-23.944094056E-03
-3.240000E-06,+4.703596024978E+00,+5.027583161453E+00,+5.005472704226E+00,-22.061769879E-03
-3.235000E-06,+4.743247407198E+00,+5.027386867485E+00,+4.998327603800E+00,-29.008791208E-03
-3.230000E-06,+4.680433336354E+00,+5.030488312175E+00,+4.993577289781E+00,-36.860353533E-03
-3.225000E-06,+4.736573412170E+00,+5.031587558395E+00,+4.993184701845E+00,-38.352663069E-03
-3.220000E-06,+4.727151301544E+00,+5.025070598666E+00,+4.992752855116E+00,-32.266847776E-03
-3.215000E-06,+4.724599479916E+00,+5.025639851172E+00,+4.994048395303E+00,-31.541750136E-03
-3.210000E-06,+4.704773788806E+00,+5.024599493143E+00,+4.993420254606E+00,-31.129152489E-03
-3.205000E-06,+4.735591942314E+00,+5.025737998156E+00,+4.990201033535E+00,-35.486452196E-03
-3.200000E-06,+4.750706578110E+00,+5.026326880059E+00,+4.999112779671E+00,-27.164308827E-03
-3.195000E-06,+4.760913864622E+00,+5.023598393907E+00,+4.993577289781E+00,-29.970705249E-03
-3.190000E-06,+4.728721653315E+00,+5.020634354994E+00,+4.994676536000E+00,-25.908205340E-03
-3.185000E-06,+4.717140309003E+00,+5.024619122540E+00,+4.993538030987E+00,-31.030275538E-03
-3.180000E-06,+4.716158839146E+00,+5.015098865104E+00,+4.996992804819E+00,-18.055422312E-03
-3.175000E-06,+4.798602307128E+00,+5.018887338681E+00,+4.991869532261E+00,-26.967165277E-03
-3.170000E-06,+4.744817758969E+00,+5.016865510814E+00,+4.988669940587E+00,-28.145754118E-03
-3.165000E-06,+4.756987985194E+00,+5.019201409030E+00,+4.990181404139E+00,-28.969118357E-03
-3.160000E-06,+4.724010598002E+00,+5.009838186768E+00,+4.993145443052E+00,-16.641848125E-03
-3.155000E-06,+4.736180824228E+00,+5.018121792207E+00,+4.989356969474E+00,-28.715212113E-03
-3.150000E-06,+4.751491753996E+00,+5.013489254568E+00,+4.986275154180E+00,-27.164308827E-03
-3.145000E-06,+4.720281012546E+00,+5.015334417865E+00,+4.989082157919E+00,-26.203005138E-03
-3.140000E-06,+4.706736728520E+00,+5.010152257117E+00,+4.981367804987E+00,-28.734133011E-03
-3.135000E-06,+4.745210346911E+00,+5.014490353804E+00,+4.985156278564E+00,-29.283449405E-03
-3.130000E-06,+4.756987985195E+00,+5.012664819904E+00,+4.980425593942E+00,-32.188722778E-03
-3.125000E-06,+4.676311162955E+00,+5.012782596285E+00,+4.983939255964E+00,-28.793337111E-03
-3.120000E-06,+4.778972909989E+00,+5.007875247091E+00,+4.986235895387E+00,-21.590578483E-03
-3.115000E-06,+4.741088173512E+00,+5.007266735791E+00,+4.981250028606E+00,-25.966799089E-03
-3.110000E-06,+4.739321527770E+00,+5.005441201891E+00,+4.983880367774E+00,-21.510012079E-03
-3.105000E-06,+4.726955007573E+00,+5.007973394075E+00,+4.979856341435E+00,-28.067018768E-03
-3.100000E-06,+4.764054568164E+00,+5.004656026020E+00,+4.979640418071E+00,-24.964601845E-03
-3.095000E-06,+4.739321527770E+00,+5.010819656607E+00,+4.973692710848E+00,-37.077028332E-03
-3.090000E-06,+4.749921402224E+00,+5.006815259665E+00,+4.974065669387E+00,-32.698976672E-03
-3.085000E-06,+4.768176741564E+00,+5.003399744626E+00,+4.974968621638E+00,-28.381349816E-03
-3.080000E-06,+4.710662607948E+00,+5.007011553633E+00,+4.972102729709E+00,-34.859621155E-03
-3.075000E-06,+4.756987985194E+00,+5.001495693139E+00,+4.970885707109E+00,-30.559694494E-03
-3.070000E-06,+4.781328437646E+00,+4.998531654226E+00,+4.971631624187E+00,-26.849367428E-03
-3.065000E-06,+4.805668890098E+00,+5.001515322536E+00,+4.966076504899E+00,-35.388795948E-03
-3.060000E-06,+4.769550799363E+00,+5.002693086342E+00,+4.966920568961E+00,-35.721437542E-03
-3.055000E-06,+4.821372407809E+00,+4.993958004778E+00,+4.966567239819E+00,-27.341310777E-03
-3.050000E-06,+4.842179568775E+00,+4.992250247258E+00,+4.962955430812E+00,-29.244386906E-03
-3.045000E-06,+4.806454065984E+00,+4.991190259832E+00,+4.963524683319E+00,-27.615358622E-03
-3.040000E-06,+4.782113613532E+00,+4.987460674445E+00,+4.963387277541E+00,-24.024660460E-03
-3.035000E-06,+4.742265937340E+00,+4.993781340207E+00,+4.966586869216E+00,-27.144777578E-03
-3.030000E-06,+4.745602934854E+00,+4.990287307581E+00,+4.957812528857E+00,-32.424318475E-03
-3.025000E-06,+4.762484216393E+00,+4.984614411913E+00,+4.957871417047E+00,-26.693727783E-03
-3.020000E-06,+4.775047030562E+00,+4.985497734768E+00,+4.962366548909E+00,-23.082277669E-03
-3.015000E-06,+4.730292005086E+00,+4.989757313868E+00,+4.957302164541E+00,-32.404787226E-03
-3.010000E-06,+4.738143763941E+00,+4.991347295007E+00,+4.960992491135E+00,-30.305177898E-03
-3.005000E-06,+4.701240497321E+00,+4.984162935787E+00,+4.963740606683E+00,-20.372316792E-03
-3.000000E-06,+4.778972909989E+00,+4.985811805116E+00,+4.959539915773E+00,-26.221926036E-03
-2.995000E-06,+4.689855446980E+00,+4.980001503671E+00,+4.955731812799E+00,-24.219362604E-03
-2.990000E-06,+4.738928939827E+00,+4.980629644368E+00,+4.959853986122E+00,-20.725099987E-03
-2.985000E-06,+4.732058650828E+00,+4.973190102990E+00,+4.956438471083E+00,-16.701662577E-03
-2.980000E-06,+4.836290749633E+00,+4.972777885658E+00,+4.959461398186E+00,-13.267824763E-03
-2.975000E-06,+4.734806766428E+00,+4.972463815309E+00,+4.953709984931E+00,-18.703005306E-03
-2.970000E-06,+4.738536351884E+00,+4.972542332896E+00,+4.948704488754E+00,-23.787844059E-03
-2.965000E-06,+4.804098538327E+00,+4.969911993729E+00,+4.952061115602E+00,-17.800295365E-03
-2.960000E-06,+4.748351050454E+00,+4.973798614290E+00,+4.941873458676E+00,-31.876222785E-03
-2.955000E-06,+4.758362042994E+00,+4.972483444706E+00,+4.942639005150E+00,-29.794313651E-03
-2.950000E-06,+4.711447783833E+00,+4.970186805283E+00,+4.938929049160E+00,-31.207277487E-03
-2.945000E-06,+4.703399731006E+00,+4.969185706048E+00,+4.939223490112E+00,-29.912111500E-03
-2.940000E-06,+4.744425171026E+00,+4.967988312845E+00,+4.938968307953E+00,-28.970949412E-03
-2.935000E-06,+4.745014052940E+00,+4.967968683448E+00,+4.933982441173E+00,-33.935548910E-03
-2.930000E-06,+4.782898789417E+00,+4.963787621935E+00,+4.934532064282E+00,-29.205324407E-03
-2.925000E-06,+4.726562419630E+00,+4.961432094322E+00,+4.933550594444E+00,-27.831423070E-03
-2.920000E-06,+4.728721653315E+00,+4.961628388290E+00,+4.939282378302E+00,-22.296144874E-03
-2.915000E-06,+4.748351050453E+00,+4.961530241306E+00,+4.927485110840E+00,-33.995363362E-03
-2.910000E-06,+4.733825296571E+00,+4.959979518961E+00,+4.930331373373E+00,-29.598390804E-03
-2.905000E-06,+4.708110786320E+00,+4.963257628222E+00,+4.927465481444E+00,-35.742799847E-03
-2.900000E-06,+4.709092256177E+00,+4.959979518961E+00,+4.934414287902E+00,-25.516359646E-03
-2.895000E-06,+4.713214429576E+00,+4.956112527796E+00,+4.929055462582E+00,-27.008058831E-03
-2.890000E-06,+4.716944015031E+00,+4.956760297890E+00,+4.929899526644E+00,-26.811525632E-03
-2.885000E-06,+4.755417633423E+00,+4.955876975035E+00,+4.926326976431E+00,-29.500734556E-03
-2.880000E-06,+4.751491753996E+00,+4.954561805451E+00,+4.920438157398E+00,-34.073488360E-03
-2.875000E-06,+4.767391565679E+00,+4.950282596954E+00,+4.921576662411E+00,-28.656008013E-03
-2.870000E-06,+4.665907582472E+00,+4.950910737651E+00,+4.918710770482E+00,-32.150880982E-03
-2.865000E-06,+4.765821213906E+00,+4.948830021593E+00,+4.921910362156E+00,-26.869509029E-03
-2.860000E-06,+4.806454065983E+00,+4.941527885992E+00,+4.918710770482E+00,-22.767336269E-03
-2.855000E-06,+4.745602934854E+00,+4.947770034167E+00,+4.919535205147E+00,-28.184816617E-03
-2.850000E-06,+4.752669517824E+00,+4.944786365857E+00,+4.918475217721E+00,-26.260988535E-03
-2.845000E-06,+4.789180196501E+00,+4.943746007828E+00,+4.919652981527E+00,-24.044191710E-03
-2.840000E-06,+4.769550799363E+00,+4.947966328134E+00,+4.918632252895E+00,-29.283449405E-03
-2.835000E-06,+4.757380573137E+00,+4.942784167386E+00,+4.914824149921E+00,-27.909548069E-03
-2.830000E-06,+4.805668890098E+00,+4.942509355831E+00,+4.920634451366E+00,-21.826174181E-03
-2.825000E-06,+4.792713487987E+00,+4.943176755321E+00,+4.915903766743E+00,-27.223512928E-03
-2.820000E-06,+4.742069643369E+00,+4.933990197631E+00,+4.916590795630E+00,-17.349855922E-03
-2.815000E-06,+4.701240497321E+00,+4.937543118447E+00,+4.911212340914E+00,-26.280519785E-03
-2.810000E-06,+4.729506829200E+00,+4.938347923715E+00,+4.906854614830E+00,-31.442873185E-03
-2.805000E-06,+4.763073098307E+00,+4.941037151073E+00,+4.910211241679E+00,-30.775148591E-03
-2.800000E-06,+4.718514366803E+00,+4.939015323205E+00,+4.917533006675E+00,-21.431887081E-03
-2.795000E-06,+4.757576867108E+00,+4.932733916237E+00,+4.918553735308E+00,-14.130251502E-03
-2.790000E-06,+4.763661980222E+00,+4.930849494147E+00,+4.912547139895E+00,-18.253176214E-03
-2.785000E-06,+4.742069643369E+00,+4.930260612244E+00,+4.908424966572E+00,-21.786501330E-03
-2.780000E-06,+4.747565874568E+00,+4.926295474095E+00,+4.911487152469E+00,-14.759523948E-03
-2.775000E-06,+4.784076553246E+00,+4.934834261692E+00,+4.907168685178E+00,-27.614748271E-03
-2.770000E-06,+4.752669517824E+00,+4.931634670018E+00,+4.906619062069E+00,-24.964601845E-03
-2.765000E-06,+4.744228877054E+00,+4.930908382337E+00,+4.908366078382E+00,-22.492067721E-03
-2.760000E-06,+4.770335975249E+00,+4.925667333398E+00,+4.908424966572E+00,-17.193605925E-03
-2.755000E-06,+4.747565874568E+00,+4.930025059482E+00,+4.905284263088E+00,-24.690554000E-03
-2.750000E-06,+4.779365497932E+00,+4.927355461521E+00,+4.905205745501E+00,-22.100832378E-03
-2.745000E-06,+4.718121778861E+00,+4.932635769253E+00,+4.901417271924E+00,-31.169435691E-03
-2.740000E-06,+4.676900044870E+00,+4.930299871037E+00,+4.897825092314E+00,-32.425539179E-03
-2.735000E-06,+4.709681138091E+00,+4.929298771802E+00,+4.900259137514E+00,-28.989259959E-03
-2.730000E-06,+4.703596024977E+00,+4.926845097205E+00,+4.903753170140E+00,-23.041994466E-03
-2.725000E-06,+4.716355133118E+00,+4.923684764324E+00,+4.903713911346E+00,-19.921877349E-03
-2.720000E-06,+4.713803311490E+00,+4.928808036882E+00,+4.896568810920E+00,-32.188722778E-03
-2.715000E-06,+4.729703123172E+00,+4.921407754298E+00,+4.903674652553E+00,-17.682497516E-03
-2.710000E-06,+4.683966627839E+00,+4.920602949031E+00,+4.904263534456E+00,-16.289064930E-03
-2.705000E-06,+4.678862984583E+00,+4.922801441469E+00,+4.900612466656E+00,-22.139284526E-03
-2.700000E-06,+4.740499291598E+00,+4.924803639940E+00,+4.899002856120E+00,-25.750734640E-03
-2.695000E-06,+4.756202809309E+00,+4.922997735437E+00,+4.898001756885E+00,-24.946291299E-03
-2.690000E-06,+4.742462231312E+00,+4.920759984205E+00,+4.901829489256E+00,-18.880617606E-03
-2.685000E-06,+4.781132143675E+00,+4.919582220398E+00,+4.901299495543E+00,-18.233034613E-03
-2.680000E-06,+4.734217884514E+00,+4.921662936456E+00,+4.897275469204E+00,-24.337160453E-03
-2.675000E-06,+4.764839744050E+00,+4.922683665089E+00,+4.894998459178E+00,-27.636110575E-03
-2.670000E-06,+4.742462231312E+00,+4.920917019379E+00,+4.895822893843E+00,-25.045168250E-03
-2.665000E-06,+4.727151301544E+00,+4.924391422608E+00,+4.897766204123E+00,-26.575929934E-03
-2.660000E-06,+4.718514366803E+00,+4.922291077153E+00,+4.890994062236E+00,-31.246339986E-03
-2.655000E-06,+4.739910409684E+00,+4.917069657611E+00,+4.895842523240E+00,-21.177370485E-03
-2.650000E-06,+4.736573412170E+00,+4.918129645037E+00,+4.895705117462E+00,-22.375490575E-03
-2.645000E-06,+4.723814304031E+00,+4.920544060840E+00,+4.893683289594E+00,-26.810915281E-03
-2.640000E-06,+4.767980447592E+00,+4.920563690237E+00,+4.896333258159E+00,-24.180910457E-03
-2.635000E-06,+4.659233587444E+00,+4.920602949031E+00,+4.888402981862E+00,-32.150880982E-03
-2.630000E-06,+4.749921402225E+00,+4.918325939005E+00,+4.891111838617E+00,-27.164308827E-03
-2.625000E-06,+4.761110158593E+00,+4.918993338495E+00,+4.891111838617E+00,-27.832033422E-03
-2.620000E-06,+4.639996778250E+00,+4.917894092276E+00,+4.894291800894E+00,-23.553469064E-03
-2.615000E-06,+4.722636540202E+00,+4.921427383695E+00,+4.890797768268E+00,-30.579836095E-03
-2.610000E-06,+4.789965372387E+00,+4.922840700263E+00,+4.888520758243E+00,-34.270021559E-03
-2.605000E-06,+4.783683965303E+00,+4.914184136285E+00,+4.891602573536E+00,-22.531740572E-03
-2.600000E-06,+4.818231704266E+00,+4.922762182676E+00,+4.893820695372E+00,-28.890383008E-03
-2.595000E-06,+4.717925484889E+00,+4.912397861179E+00,+4.892642931565E+00,-19.705202549E-03
-2.590000E-06,+4.728721653314E+00,+4.916991140024E+00,+4.892446637597E+00,-24.494631153E-03
-2.585000E-06,+4.797228249328E+00,+4.914694500601E+00,+4.893899212959E+00,-20.745851940E-03
-2.580000E-06,+4.753847281653E+00,+4.911848238069E+00,+4.886597077359E+00,-25.201418246E-03
-2.575000E-06,+4.740106703655E+00,+4.919012967892E+00,+4.890228515762E+00,-28.734743363E-03
-2.570000E-06,+4.738536351885E+00,+4.916284481740E+00,+4.889502228081E+00,-26.732179931E-03
-2.565000E-06,+4.616834089626E+00,+4.913791548350E+00,+4.887068182881E+00,-26.672365479E-03
-2.560000E-06,+4.717729190917E+00,+4.910356403914E+00,+4.889502228081E+00,-20.804445688E-03
-2.555000E-06,+4.696333148036E+00,+4.911475279530E+00,+4.885851160281E+00,-25.573732691E-03
-2.550000E-06,+4.768765623477E+00,+4.912947484288E+00,+4.885065984410E+00,-27.830812719E-03
-2.545000E-06,+4.767587859649E+00,+4.913771918953E+00,+4.887107441675E+00,-26.614382082E-03
-2.540000E-06,+4.743639995140E+00,+4.913497107398E+00,+4.883220821113E+00,-30.225832196E-03
-2.535000E-06,+4.721262482402E+00,+4.912005273243E+00,+4.882730086194E+00,-29.224855656E-03
-2.530000E-06,+4.754632457538E+00,+4.906430524559E+00,+4.883652667842E+00,-22.728273770E-03
-2.525000E-06,+4.756202809309E+00,+4.911102320992E+00,+4.883750814826E+00,-27.302248277E-03
-2.520000E-06,+4.756987985194E+00,+4.906116454211E+00,+4.887146700468E+00,-18.919680106E-03
-2.515000E-06,+4.695547972151E+00,+4.903584262027E+00,+4.883181562320E+00,-20.352175191E-03
-2.510000E-06,+4.718906954746E+00,+4.905959419037E+00,+4.877332002081E+00,-28.577883015E-03
-2.505000E-06,+4.674544517213E+00,+4.904153514533E+00,+4.879667900297E+00,-24.436647756E-03
-2.500000E-06,+4.713018135604E+00,+4.905566831101E+00,+4.881414916610E+00,-24.102785458E-03
-2.495000E-06,+4.673366753385E+00,+4.906332377575E+00,+4.879373459346E+00,-26.909181880E-03
-2.490000E-06,+4.667477934243E+00,+4.903054268314E+00,+4.876664602591E+00,-26.339113533E-03
-2.485000E-06,+4.658644705531E+00,+4.898657283436E+00,+4.878607912871E+00,-19.999391995E-03
-2.480000E-06,+4.705166376749E+00,+4.907215700430E+00,+4.874740921707E+00,-32.425539178E-03
-2.475000E-06,+4.709877432062E+00,+4.901797986920E+00,+4.878117177952E+00,-23.631594063E-03
-2.470000E-06,+4.755810221366E+00,+4.901955022095E+00,+4.877606813636E+00,-24.299318657E-03
-2.465000E-06,+4.731666062886E+00,+4.902053169078E+00,+4.873386493329E+00,-28.616335162E-03
-2.460000E-06,+4.671403813671E+00,+4.900855775875E+00,+4.871835770984E+00,-28.970949412E-03
-2.455000E-06,+4.765821213907E+00,+4.899422829911E+00,+4.875094250849E+00,-24.278566704E-03
-2.450000E-06,+4.720869894459E+00,+4.901994280888E+00,+4.873641675487E+00,-28.303224818E-03
-2.445000E-06,+4.704184906892E+00,+4.900502446733E+00,+4.870186901655E+00,-30.266115399E-03
-2.440000E-06,+4.764054568164E+00,+4.899678012069E+00,+4.870343936829E+00,-29.283449405E-03
-2.435000E-06,+4.731862356857E+00,+4.901287622604E+00,+4.872090953142E+00,-29.146120307E-03
-2.430000E-06,+4.734610472457E+00,+4.898225436707E+00,+4.868380997152E+00,-29.794924003E-03
-2.425000E-06,+4.730292005086E+00,+4.898519877659E+00,+4.869912090100E+00,-28.557741413E-03
-2.420000E-06,+4.736573412170E+00,+4.891590700598E+00,+4.865475846429E+00,-26.065676039E-03
-2.415000E-06,+4.787020962817E+00,+4.893632157862E+00,+4.869068026039E+00,-24.514772754E-03
-2.410000E-06,+4.745602934854E+00,+4.893946228210E+00,+4.868302479565E+00,-25.594484644E-03
-2.405000E-06,+4.757773161080E+00,+4.892081435517E+00,+4.867831374042E+00,-24.200441706E-03
-2.400000E-06,+4.687892507267E+00,+4.893789193036E+00,+4.867517303694E+00,-26.221926036E-03
-2.395000E-06,+4.703007143063E+00,+4.890354048601E+00,+4.868636179310E+00,-21.668703481E-03
-2.390000E-06,+4.771513739077E+00,+4.893357346307E+00,+4.865829175571E+00,-27.478029524E-03
-2.385000E-06,+4.728132771401E+00,+4.893239569927E+00,+4.863611053735E+00,-29.577638852E-03
-2.380000E-06,+4.677685220755E+00,+4.897008414107E+00,+4.863748459513E+00,-33.209230567E-03
-2.375000E-06,+4.730880887000E+00,+4.893592899069E+00,+4.864631782368E+00,-28.911134960E-03
-2.370000E-06,+4.743247407198E+00,+4.888253703146E+00,+4.864926223319E+00,-23.277590164E-03
-2.365000E-06,+4.713214429576E+00,+4.887154456927E+00,+4.861275155519E+00,-25.828859639E-03
-2.360000E-06,+4.803313362441E+00,+4.892218841294E+00,+4.861235896726E+00,-30.933839993E-03
-2.355000E-06,+4.720477306516E+00,+4.883856718268E+00,+4.861078861552E+00,-22.727053067E-03
-2.350000E-06,+4.759343512851E+00,+4.886172987088E+00,+4.856799653055E+00,-29.323732607E-03
-2.345000E-06,+4.767587859649E+00,+4.891198112662E+00,+4.863061430626E+00,-28.087160369E-03
-2.340000E-06,+4.731077180972E+00,+4.885387811217E+00,+4.862021072597E+00,-23.316652663E-03
-2.335000E-06,+4.754043575624E+00,+4.888194814956E+00,+4.858350375400E+00,-29.793703300E-03
-2.330000E-06,+4.673759341327E+00,+4.884838188107E+00,+4.859822580158E+00,-24.965822548E-03
-2.325000E-06,+4.671796401613E+00,+4.883189318778E+00,+4.859410362826E+00,-23.728639959E-03
-2.320000E-06,+4.744425171025E+00,+4.885623363978E+00,+4.863355871577E+00,-22.218019875E-03
-2.315000E-06,+4.695351678179E+00,+4.883837088872E+00,+4.852383038780E+00,-31.403810686E-03
-2.310000E-06,+4.698492381722E+00,+4.878399745965E+00,+4.849065670725E+00,-29.283449405E-03
-2.305000E-06,+4.692210974637E+00,+4.884563376552E+00,+4.852284891796E+00,-32.227785277E-03
-2.300000E-06,+4.739714115712E+00,+4.879184921836E+00,+4.850400469706E+00,-28.734133011E-03
-2.295000E-06,+4.708699668234E+00,+4.888646291081E+00,+4.851166016180E+00,-37.430421879E-03
-2.290000E-06,+4.709484844119E+00,+4.892729205610E+00,+4.853973019919E+00,-38.706056616E-03
-2.285000E-06,+4.739125233799E+00,+4.906469783353E+00,+4.860548867839E+00,-45.870363097E-03
-2.280000E-06,+4.732647532743E+00,+4.928022861011E+00,+4.862884766055E+00,-65.086671261E-03
-2.275000E-06,+4.735395648342E+00,+4.903073897711E+00,+4.862060331390E+00,-40.963136644E-03
-2.270000E-06,+4.776224794389E+00,+4.906548300940E+00,+4.874583886532E+00,-31.914064581E-03
-2.265000E-06,+4.770532269220E+00,+4.882050813765E+00,+4.881513063594E+00,-489.504736E-06
-2.260000E-06,+4.737358588056E+00,+4.939643463902E+00,+4.895940670223E+00,-43.653566271E-03
-2.255000E-06,+4.720477306517E+00,+4.883895977062E+00,+4.882867491971E+00,-980.227381E-06
-2.250000E-06,+4.731469768914E+00,+4.916559293295E+00,+4.884437843714E+00,-32.071535280E-03
-2.245000E-06,+4.756595397252E+00,+4.891041077488E+00,+4.875938314910E+00,-15.053713395E-03
-2.240000E-06,+4.690248034924E+00,+4.936816830766E+00,+4.873563157900E+00,-63.201905678E-03
-2.235000E-06,+4.682985157983E+00,+4.882325625319E+00,+4.877096449320E+00,-5.182497795E-03
-2.230000E-06,+4.651774416532E+00,+4.920210361095E+00,+4.880511964358E+00,-39.648439408E-03
-2.225000E-06,+4.675329693098E+00,+4.916814475453E+00,+4.878980871410E+00,-37.782594723E-03
-2.220000E-06,+4.691033210809E+00,+4.918522232973E+00,+4.886204489423E+00,-32.266847776E-03
-2.215000E-06,+4.683770333869E+00,+4.911278985562E+00,+4.883103044733E+00,-28.126833220E-03
-2.210000E-06,+4.627433964080E+00,+4.916677069676E+00,+4.886911147707E+00,-29.715578302E-03
-2.205000E-06,+4.620563675083E+00,+4.924784010543E+00,+4.887833729355E+00,-36.900026383E-03
-2.200000E-06,+4.696529442007E+00,+4.919150373669E+00,+4.895862152636E+00,-23.238527665E-03
-2.195000E-06,+4.620956263025E+00,+4.926511397460E+00,+4.894193653910E+00,-32.266847776E-03
-2.190000E-06,+4.554020018782E+00,+4.933715386076E+00,+4.904106499282E+00,-29.559328305E-03
-2.185000E-06,+4.644315245619E+00,+4.938917176221E+00,+4.907364979146E+00,-31.502687637E-03
-2.180000E-06,+4.645493009448E+00,+4.926216956508E+00,+4.918867805656E+00,-7.298586615E-03
-2.175000E-06,+4.739517821741E+00,+4.940173457615E+00,+4.915727102172E+00,-24.396974905E-03
-2.170000E-06,+4.745210346911E+00,+4.935835360928E+00,+4.914824149921E+00,-20.960695685E-03
-2.165000E-06,+4.672581577500E+00,+4.946867081915E+00,+4.916394501663E+00,-30.422365395E-03
-2.160000E-06,+4.735003060399E+00,+4.938387182509E+00,+4.919652981527E+00,-18.685305111E-03
-2.155000E-06,+4.742658525283E+00,+4.946553011567E+00,+4.918102259182E+00,-28.400270714E-03
-2.150000E-06,+4.733825296571E+00,+4.949929267812E+00,+4.918396700134E+00,-31.481935684E-03
-2.145000E-06,+4.720281012545E+00,+4.953482188628E+00,+4.921164445079E+00,-32.267458127E-03
-2.140000E-06,+4.691818386695E+00,+4.940899745296E+00,+4.922401097076E+00,-18.448488710E-03
-2.135000E-06,+4.721851364317E+00,+4.953796258977E+00,+4.925404394782E+00,-28.341676965E-03
-2.130000E-06,+4.674544517213E+00,+4.953972923548E+00,+4.922008509140E+00,-31.914064581E-03
-2.125000E-06,+4.666103876443E+00,+4.955091799164E+00,+4.922499244060E+00,-32.542116324E-03
-2.120000E-06,+4.693388738466E+00,+4.957231403412E+00,+4.927818810585E+00,-29.361574403E-03
-2.115000E-06,+4.674544517213E+00,+4.967183507577E+00,+4.933000971334E+00,-34.132692461E-03
-2.110000E-06,+4.731862356857E+00,+4.973288249974E+00,+4.933511335650E+00,-39.726564406E-03
-2.105000E-06,+4.795657897557E+00,+4.980629644368E+00,+4.935140575582E+00,-45.439454903E-03
-2.100000E-06,+4.691033210810E+00,+4.985968840290E+00,+4.939753483824E+00,-46.165773246E-03
-2.095000E-06,+4.714981075318E+00,+4.979667803926E+00,+4.941480870741E+00,-38.135988270E-03
-2.090000E-06,+4.706736728520E+00,+4.980001503671E+00,+4.941873458676E+00,-38.078615224E-03
-2.085000E-06,+4.686125861524E+00,+4.968969782684E+00,+4.952748144489E+00,-16.171267081E-03
-2.080000E-06,+4.715373663261E+00,+5.011487056097E+00,+4.961031749928E+00,-50.404054401E-03
-2.075000E-06,+4.677488926783E+00,+4.975604518793E+00,+4.958401410760E+00,-17.152712371E-03
-2.070000E-06,+4.731469768914E+00,+4.995312433155E+00,+4.958126599206E+00,-37.135011730E-03
-2.065000E-06,+4.691229504781E+00,+4.998413877845E+00,+4.960383979835E+00,-37.979127922E-03
-2.060000E-06,+4.680040748412E+00,+5.011644091272E+00,+4.956870317812E+00,-54.722901961E-03
-2.055000E-06,+4.706344140578E+00,+4.999866453207E+00,+4.959814727328E+00,-40.001222603E-03
-2.050000E-06,+4.667870522185E+00,+5.013292960601E+00,+4.971121259870E+00,-42.121583884E-03
-2.045000E-06,+4.707129316463E+00,+5.014882941739E+00,+4.976126756048E+00,-38.706666968E-03
-2.040000E-06,+4.665907582472E+00,+5.011487056097E+00,+4.975478985954E+00,-35.958253943E-03
-2.035000E-06,+4.671403813671E+00,+5.012743337491E+00,+4.974850845258E+00,-37.841798823E-03
-2.030000E-06,+4.630967255565E+00,+5.017258098749E+00,+4.977402666838E+00,-39.804689404E-03
-2.025000E-06,+4.646474479305E+00,+5.026896132565E+00,+4.981191140416E+00,-45.654909000E-03
-2.020000E-06,+4.744425171025E+00,+5.014941829930E+00,+4.983330744664E+00,-31.561281386E-03
-2.015000E-06,+4.754043575624E+00,+5.025188375046E+00,+4.988336240842E+00,-36.801759784E-03
-2.010000E-06,+4.675329693099E+00,+5.029232030782E+00,+4.993655807368E+00,-35.526125047E-03
-2.005000E-06,+4.671403813670E+00,+5.029860171478E+00,+4.998622044752E+00,-31.188966941E-03
-2.000000E-06,+4.711447783833E+00,+5.035434920162E+00,+4.996835769645E+00,-38.548585917E-03
-1.995000E-06,+4.710662607948E+00,+5.040322639959E+00,+5.002960141439E+00,-37.312624030E-03
-1.990000E-06,+4.672581577499E+00,+5.039910422627E+00,+5.005040857497E+00,-34.819337953E-03
-1.985000E-06,+4.691033210809E+00,+5.050098079553E+00,+5.005060486894E+00,-44.987794757E-03
-1.980000E-06,+4.658840999502E+00,+5.036455648795E+00,+5.012225216717E+00,-24.180910457E-03
-1.975000E-06,+4.690640622867E+00,+5.052708789324E+00,+5.013520756904E+00,-39.138795865E-03
-1.970000E-06,+4.674937105155E+00,+5.048311804447E+00,+5.012107440336E+00,-36.154787142E-03
-1.965000E-06,+4.663355760844E+00,+5.054985799350E+00,+5.015169626233E+00,-39.766237257E-03
-1.960000E-06,+4.702810849092E+00,+5.056948739028E+00,+5.018192553336E+00,-38.704835913E-03
-1.955000E-06,+4.674544517212E+00,+5.058911678705E+00,+5.018526253081E+00,-40.334474549E-03
-1.950000E-06,+4.708699668234E+00,+5.062484228918E+00,+5.019448834730E+00,-42.985841677E-03
-1.945000E-06,+4.757576867108E+00,+5.067411207508E+00,+5.017780336004E+00,-49.581300514E-03
-1.940000E-06,+4.700455321436E+00,+5.063779769105E+00,+5.021019186472E+00,-42.711183480E-03
-1.935000E-06,+4.735788236285E+00,+5.068235642173E+00,+5.027791328359E+00,-40.394289001E-03
-1.930000E-06,+4.720477306516E+00,+5.068922671060E+00,+5.033385706440E+00,-35.487062548E-03
-1.925000E-06,+4.718121778860E+00,+5.076558506405E+00,+5.035564569482E+00,-40.943605394E-03
-1.920000E-06,+4.775047030561E+00,+5.082466954835E+00,+5.034602729040E+00,-47.813722428E-03
-1.915000E-06,+4.690836916837E+00,+5.075596665963E+00,+5.039392301853E+00,-36.154176791E-03
-1.910000E-06,+4.745995522797E+00,+5.082113625693E+00,+5.043200404827E+00,-38.862306613E-03
-1.905000E-06,+4.718121778861E+00,+5.081564002583E+00,+5.044358539237E+00,-37.155763682E-03
-1.900000E-06,+4.651774416533E+00,+5.083095095531E+00,+5.044495945014E+00,-38.548585917E-03
-1.895000E-06,+4.745014052940E+00,+5.082859542770E+00,+5.050522169824E+00,-32.287599729E-03
-1.890000E-06,+4.734217884514E+00,+5.082702507596E+00,+5.051444751472E+00,-31.207277487E-03
-1.885000E-06,+4.705755258663E+00,+5.075125560441E+00,+5.049364035414E+00,-25.712282493E-03
-1.880000E-06,+4.681611100183E+00,+5.068490824331E+00,+5.045595191234E+00,-22.845461268E-03
-1.875000E-06,+4.691818386695E+00,+5.058008726453E+00,+5.047342207547E+00,-10.616457635E-03
-1.870000E-06,+4.720477306516E+00,+5.055692457634E+00,+5.039313784266E+00,-16.329348132E-03
-1.865000E-06,+4.698492381722E+00,+5.060560548034E+00,+5.030932031843E+00,-29.578859554E-03
-1.860000E-06,+4.666692758358E+00,+5.067077507763E+00,+5.021647327169E+00,-45.379640451E-03
-1.855000E-06,+4.718318072832E+00,+5.066233443702E+00,+5.006140103717E+00,-60.041505358E-03
-1.850000E-06,+4.728329065372E+00,+5.071081904705E+00,+5.008691925297E+00,-62.338868588E-03
-1.845000E-06,+4.680629630326E+00,+5.068451565538E+00,+5.018781435239E+00,-49.619752662E-03
-1.840000E-06,+4.661196527159E+00,+5.071788562989E+00,+5.032482754188E+00,-39.256593713E-03
-1.835000E-06,+4.694173914350E+00,+5.073103732573E+00,+5.042513375940E+00,-30.540163244E-03
-1.830000E-06,+4.773476678791E+00,+5.083526942261E+00,+5.044221133459E+00,-39.256593713E-03
-1.825000E-06,+4.722636540203E+00,+5.087766891964E+00,+5.041747829466E+00,-45.969850399E-03
-1.820000E-06,+4.735788236285E+00,+5.069904140899E+00,+5.036958256653E+00,-32.896730574E-03
-1.815000E-06,+4.734021590543E+00,+5.076224806660E+00,+5.046242961327E+00,-29.931642750E-03
-1.810000E-06,+4.706344140577E+00,+5.066174555512E+00,+5.046733696247E+00,-19.390871501E-03
-1.805000E-06,+4.734610472456E+00,+5.083212871912E+00,+5.051935486392E+00,-31.227419088E-03
-1.800000E-06,+4.735003060399E+00,+5.064643462563E+00,+5.047479613324E+00,-17.113039521E-03
-1.795000E-06,+4.736377118199E+00,+5.072122262735E+00,+5.049422923605E+00,-22.650148772E-03
-1.790000E-06,+4.712232959719E+00,+5.061973864602E+00,+5.038136020459E+00,-23.787844059E-03
-1.785000E-06,+4.715766251203E+00,+5.071199681086E+00,+5.030500185114E+00,-40.648805596E-03
-1.780000E-06,+4.744425171026E+00,+5.056006527983E+00,+5.021568809581E+00,-34.388429760E-03
-1.775000E-06,+4.788002432674E+00,+5.072868179812E+00,+5.022216579675E+00,-50.601808304E-03
-1.770000E-06,+4.714588487376E+00,+5.066410108273E+00,+5.025141359794E+00,-41.219484294E-03
-1.765000E-06,+4.704184906892E+00,+5.068314159760E+00,+5.027712810772E+00,-40.551149349E-03
-1.760000E-06,+4.781328437646E+00,+5.065978261544E+00,+5.028792427594E+00,-37.135011730E-03
-1.755000E-06,+4.699670145550E+00,+5.068785265283E+00,+5.029989820798E+00,-38.744508764E-03
-1.750000E-06,+4.723225422116E+00,+5.067627130873E+00,+5.030873143653E+00,-36.704103536E-03
-1.745000E-06,+4.736180824228E+00,+5.066645661034E+00,+5.031520913746E+00,-35.073854549E-03
-1.740000E-06,+4.735788236285E+00,+5.062523487712E+00,+5.027457628614E+00,-35.015871152E-03
-1.735000E-06,+4.681611100183E+00,+5.070708946167E+00,+5.033052006695E+00,-37.606203125E-03
-1.730000E-06,+4.699277557607E+00,+5.068647859505E+00,+5.033739035582E+00,-34.858400452E-03
-1.725000E-06,+4.770532269220E+00,+5.066115667321E+00,+5.035191610943E+00,-30.874635893E-03
-1.720000E-06,+4.750706578110E+00,+5.059775372163E+00,+5.038528608395E+00,-21.197512086E-03
-1.715000E-06,+4.777402558219E+00,+5.057596509121E+00,+5.037193809414E+00,-20.354006245E-03
-1.710000E-06,+4.722832834174E+00,+5.057930208866E+00,+5.032364977808E+00,-25.516359645E-03
-1.705000E-06,+4.757773161080E+00,+5.056850592044E+00,+5.026535046965E+00,-30.264894696E-03
-1.700000E-06,+4.737358588056E+00,+5.043522231634E+00,+5.024709513065E+00,-18.763430109E-03
-1.695000E-06,+4.750706578110E+00,+5.048449210224E+00,+5.020410675172E+00,-27.988893770E-03
-1.690000E-06,+4.777795146161E+00,+5.046231088389E+00,+5.019802163872E+00,-26.379396736E-03
-1.685000E-06,+4.748939932368E+00,+5.043070755508E+00,+5.023845819607E+00,-19.176027756E-03
-1.680000E-06,+4.723225422116E+00,+5.052708789324E+00,+5.013717050872E+00,-38.941652314E-03
-1.675000E-06,+4.711840371775E+00,+5.045190730359E+00,+5.006120474320E+00,-39.019166961E-03
-1.670000E-06,+4.747173286626E+00,+5.048743651176E+00,+5.001782377632E+00,-46.910402136E-03
-1.665000E-06,+4.740106703655E+00,+5.045406653724E+00,+5.007396385110E+00,-37.959596672E-03
-1.660000E-06,+4.676900044870E+00,+5.049646603427E+00,+5.019213281968E+00,-30.382082193E-03
-1.655000E-06,+4.746976992654E+00,+5.049489568253E+00,+5.019900310856E+00,-29.539797056E-03
-1.650000E-06,+4.779365497932E+00,+5.049568085840E+00,+5.020822892504E+00,-28.695070512E-03
-1.645000E-06,+4.756399103281E+00,+5.044817771821E+00,+5.018918841017E+00,-25.849001240E-03
-1.640000E-06,+4.719299542689E+00,+5.050588814473E+00,+5.011125970497E+00,-39.412843710E-03
-1.635000E-06,+4.708503374262E+00,+5.041892991701E+00,+5.014305932775E+00,-27.537233624E-03
-1.630000E-06,+4.708699668234E+00,+5.039753387453E+00,+5.014384450362E+00,-25.318605744E-03
-1.625000E-06,+4.771906327019E+00,+5.041441515576E+00,+5.009398583581E+00,-31.993410282E-03
-1.620000E-06,+4.796246779471E+00,+5.039046729169E+00,+5.008220819775E+00,-30.775148590E-03
-1.615000E-06,+4.738732645856E+00,+5.035454549559E+00,+5.005590480607E+00,-29.815065604E-03
-1.610000E-06,+4.712232959719E+00,+5.030880900111E+00,+5.002489035916E+00,-28.342287317E-03
-1.605000E-06,+4.700455321435E+00,+5.033373833501E+00,+4.999564255797E+00,-33.759767664E-03
-1.600000E-06,+4.735788236285E+00,+5.027975749388E+00,+4.992909890290E+00,-35.015871152E-03
-1.595000E-06,+4.818427998238E+00,+5.027779455420E+00,+4.993165072448E+00,-34.563600654E-03
-1.590000E-06,+4.745602934855E+00,+5.028211302149E+00,+4.989729928013E+00,-38.431398419E-03
-1.585000E-06,+4.719888424603E+00,+5.030292018207E+00,+4.993361366416E+00,-36.881105485E-03
-1.580000E-06,+4.713803311490E+00,+5.019966955504E+00,+4.998170568626E+00,-21.746828480E-03
-1.575000E-06,+4.728329065372E+00,+5.024481716762E+00,+4.996187999552E+00,-28.244020717E-03
-1.570000E-06,+4.770728563190E+00,+5.021301754485E+00,+4.995854299807E+00,-25.396730742E-03
-1.565000E-06,+4.723029128146E+00,+5.019064003252E+00,+4.995638376442E+00,-23.375246412E-03
-1.560000E-06,+4.749921402224E+00,+5.024520975556E+00,+4.990632880265E+00,-33.839113366E-03
-1.555000E-06,+4.647063361219E+00,+5.019888437917E+00,+4.991143244581E+00,-28.695680864E-03
-1.550000E-06,+4.685536979610E+00,+5.017101063575E+00,+4.988316611445E+00,-28.734133011E-03
-1.545000E-06,+4.669833461900E+00,+5.019201409030E+00,+4.992733225719E+00,-26.417848883E-03
-1.540000E-06,+4.670618637785E+00,+5.019731402743E+00,+4.992046196832E+00,-27.635500223E-03
-1.535000E-06,+4.733629002601E+00,+5.021615824833E+00,+4.996030964378E+00,-25.535280544E-03
-1.530000E-06,+4.729506829199E+00,+5.015295159072E+00,+4.992556561148E+00,-22.689211271E-03
-1.525000E-06,+4.742462231313E+00,+5.018632156523E+00,+4.991319909152E+00,-27.262575427E-03
-1.520000E-06,+4.721655070345E+00,+5.022165447943E+00,+4.986000342626E+00,-36.114503940E-03
-1.515000E-06,+4.763661980221E+00,+5.011251503336E+00,+4.987570694368E+00,-23.630983711E-03
-1.510000E-06,+4.728329065373E+00,+5.012311490762E+00,+4.989926221981E+00,-22.335207373E-03
-1.505000E-06,+4.728329065372E+00,+5.015844782181E+00,+4.988218464461E+00,-27.576296123E-03
-1.500000E-06,+4.746780698682E+00,+5.011565573685E+00,+4.982388533619E+00,-29.127199409E-03
-1.495000E-06,+4.763073098308E+00,+5.014038877678E+00,+4.983978514758E+00,-30.010988451E-03
-1.490000E-06,+4.739714115712E+00,+5.011251503336E+00,+4.980896699464E+00,-30.303957195E-03
-1.485000E-06,+4.774654442619E+00,+5.008405240804E+00,+4.977932660551E+00,-30.422975747E-03
-1.480000E-06,+4.770335975249E+00,+5.013214443014E+00,+4.977913031154E+00,-35.250246147E-03
-1.475000E-06,+4.723618010059E+00,+5.009524116420E+00,+4.979149683151E+00,-30.324098796E-03
-1.470000E-06,+4.730684593029E+00,+5.008621164168E+00,+4.979561900484E+00,-29.008791208E-03
-1.465000E-06,+4.706540434549E+00,+5.005539348875E+00,+4.975851944493E+00,-29.636232600E-03
-1.460000E-06,+4.721655070345E+00,+5.001515322536E+00,+4.973594563864E+00,-27.869875218E-03
-1.455000E-06,+4.792713487987E+00,+4.999356088891E+00,+4.971317553838E+00,-27.988893770E-03
-1.450000E-06,+4.763269392279E+00,+5.002496792375E+00,+4.969393872954E+00,-33.051759868E-03
-1.445000E-06,+4.756791691223E+00,+5.000926440633E+00,+4.969001285019E+00,-31.874391730E-03
-1.440000E-06,+4.760913864622E+00,+5.001122734600E+00,+4.966527981025E+00,-34.544679756E-03
-1.435000E-06,+4.734610472457E+00,+4.996509826358E+00,+4.970296825206E+00,-26.163332287E-03
-1.430000E-06,+4.716158839147E+00,+4.995233915568E+00,+4.969236837780E+00,-25.947267839E-03
-1.425000E-06,+4.723029128145E+00,+4.993486899255E+00,+4.966940198357E+00,-26.496584233E-03
-1.420000E-06,+4.747565874568E+00,+4.994134669349E+00,+4.972259764883E+00,-21.824953478E-03
-1.415000E-06,+4.723618010059E+00,+4.987048457113E+00,+4.961404708467E+00,-25.593263941E-03
-1.410000E-06,+4.736966000113E+00,+4.991425812594E+00,+4.962405807702E+00,-28.969728709E-03
-1.405000E-06,+4.759736100794E+00,+4.990562119136E+00,+4.962523584083E+00,-27.988283418E-03
-1.400000E-06,+4.762484216393E+00,+4.996176126613E+00,+4.959696950948E+00,-36.429445339E-03
-1.395000E-06,+4.744621464997E+00,+4.990169531200E+00,+4.960698050183E+00,-29.421388855E-03
-1.390000E-06,+4.741284467484E+00,+4.988677697045E+00,+4.959853986122E+00,-28.773195510E-03
-1.385000E-06,+4.731469768915E+00,+4.988010297555E+00,+4.962366548909E+00,-25.592653589E-03
-1.380000E-06,+4.730292005086E+00,+4.983377759916E+00,+4.967705744832E+00,-15.621340336E-03
-1.375000E-06,+4.740302997627E+00,+4.990895818881E+00,+4.961954331577E+00,-28.892214062E-03
-1.370000E-06,+4.746780698682E+00,+4.985851063910E+00,+4.958636963522E+00,-27.164308827E-03
-1.365000E-06,+4.737358588056E+00,+4.981571855413E+00,+4.957380682128E+00,-24.141847958E-03
-1.360000E-06,+4.703596024978E+00,+4.981807408174E+00,+4.960246574057E+00,-21.510012079E-03
-1.355000E-06,+4.758165749022E+00,+4.977155241138E+00,+4.960521385612E+00,-16.584475080E-03
-1.350000E-06,+4.777795146161E+00,+4.974897860509E+00,+4.958322893173E+00,-16.525881331E-03
-1.345000E-06,+4.759147218880E+00,+4.973818243687E+00,+4.955005525118E+00,-18.763430109E-03
-1.340000E-06,+4.753062105767E+00,+4.967281654561E+00,+4.950824463605E+00,-16.407473130E-03
-1.335000E-06,+4.729506829201E+00,+4.972699368071E+00,+4.946741549076E+00,-25.906984637E-03
-1.330000E-06,+4.734217884514E+00,+4.968577194748E+00,+4.942540858167E+00,-25.986330338E-03
-1.325000E-06,+4.690051740953E+00,+4.966516108087E+00,+4.937280179831E+00,-29.185793157E-03
-1.320000E-06,+4.757773161079E+00,+4.969401629412E+00,+4.934178735140E+00,-35.172121148E-03
-1.315000E-06,+4.733040120685E+00,+4.971501974867E+00,+4.936907221292E+00,-34.544069405E-03
-1.310000E-06,+4.718906954746E+00,+4.968537935954E+00,+4.936848333102E+00,-31.639406384E-03
-1.305000E-06,+4.774850736589E+00,+4.965515008851E+00,+4.936259451199E+00,-29.205324407E-03
-1.300000E-06,+4.727936477430E+00,+4.968852006303E+00,+4.939360895889E+00,-29.442140808E-03
-1.295000E-06,+4.755613927395E+00,+4.964690574187E+00,+4.934630211266E+00,-30.009767748E-03
-1.290000E-06,+4.731862356857E+00,+4.965240197296E+00,+4.934924652218E+00,-30.264894696E-03
-1.285000E-06,+4.692799856552E+00,+4.960666547848E+00,+4.937515732592E+00,-23.100588215E-03
-1.280000E-06,+4.753062105766E+00,+4.966967584212E+00,+4.929310644740E+00,-37.606203125E-03
-1.275000E-06,+4.752080635910E+00,+4.956799556683E+00,+4.935003169805E+00,-21.747438831E-03
-1.270000E-06,+4.693781326409E+00,+4.955504016496E+00,+4.931862466321E+00,-23.591310860E-03
-1.265000E-06,+4.719103248717E+00,+4.955916233828E+00,+4.925424024179E+00,-30.441286293E-03
-1.260000E-06,+4.664337230701E+00,+4.951892207489E+00,+4.928839539218E+00,-23.001711264E-03
-1.255000E-06,+4.788395020616E+00,+4.954424399673E+00,+4.925482912369E+00,-28.891603711E-03
-1.250000E-06,+4.789572784445E+00,+4.951499619554E+00,+4.923932190024E+00,-27.518312726E-03
-1.245000E-06,+4.740695585570E+00,+4.953168118280E+00,+4.921144815682E+00,-31.973268681E-03
-1.240000E-06,+4.793891251814E+00,+4.951656654728E+00,+4.918396700134E+00,-33.209230567E-03
-1.235000E-06,+4.754828751509E+00,+4.949144091941E+00,+4.924226630976E+00,-24.866945598E-03
-1.230000E-06,+4.731077180972E+00,+4.946984858296E+00,+4.920163345843E+00,-26.771242430E-03
-1.225000E-06,+4.735003060399E+00,+4.951538878347E+00,+4.920575563176E+00,-30.913088041E-03
-1.220000E-06,+4.694173914352E+00,+4.943098237734E+00,+4.921615921205E+00,-21.431887081E-03
-1.215000E-06,+4.772495208934E+00,+4.944491924905E+00,+4.917650783056E+00,-26.790163328E-03
-1.210000E-06,+4.749921402225E+00,+4.941527885992E+00,+4.920006310669E+00,-21.470949580E-03
-1.205000E-06,+4.708503374263E+00,+4.943922672399E+00,+4.921949620950E+00,-21.923220077E-03
-1.200000E-06,+4.690248034924E+00,+4.943333790496E+00,+4.920045569463E+00,-23.238527665E-03
-1.195000E-06,+4.713607017518E+00,+4.938092741557E+00,+4.916001913727E+00,-22.041628278E-03
-1.190000E-06,+4.718514366803E+00,+4.938465700096E+00,+4.914313785604E+00,-24.101564755E-03
-1.185000E-06,+4.691033210809E+00,+4.938485329492E+00,+4.915157849666E+00,-23.277590164E-03
-1.180000E-06,+4.730292005086E+00,+4.941056780470E+00,+4.915727102172E+00,-25.279543245E-03
-1.175000E-06,+4.744032583084E+00,+4.938995693808E+00,+4.914451191382E+00,-24.494631153E-03
-1.170000E-06,+4.710270020005E+00,+4.937562747844E+00,+4.908817554508E+00,-28.695070512E-03
-1.165000E-06,+4.728329065372E+00,+4.937896447589E+00,+4.914608226556E+00,-23.238527665E-03
-1.160000E-06,+4.770335975248E+00,+4.936031654896E+00,+4.914863408714E+00,-21.119387088E-03
-1.155000E-06,+4.793498663872E+00,+4.938936805618E+00,+4.912311587133E+00,-26.574709231E-03
-1.150000E-06,+4.781721025589E+00,+4.933833162457E+00,+4.909563471585E+00,-24.219972956E-03
-1.145000E-06,+4.814109530867E+00,+4.936208319466E+00,+4.910466423837E+00,-25.692140892E-03
-1.140000E-06,+4.759343512852E+00,+4.934147232805E+00,+4.904420569630E+00,-29.676515802E-03
-1.135000E-06,+4.754043575623E+00,+4.937621636034E+00,+4.905774998008E+00,-31.796877083E-03
-1.130000E-06,+4.753847281653E+00,+4.932655398650E+00,+4.903910205314E+00,-28.696291215E-03
-1.125000E-06,+4.726562419630E+00,+4.929573583357E+00,+4.903694281949E+00,-25.830080342E-03
-1.120000E-06,+4.742854819255E+00,+4.931713187605E+00,+4.899788031991E+00,-31.876222785E-03
-1.115000E-06,+4.776028500419E+00,+4.932616139857E+00,+4.908228672604E+00,-24.338381156E-03
-1.110000E-06,+4.741284467484E+00,+4.931124305702E+00,+4.903870946520E+00,-27.203371326E-03
-1.105000E-06,+4.730684593029E+00,+4.925745850986E+00,+4.906520915085E+00,-19.175417405E-03
-1.100000E-06,+4.743639995140E+00,+4.922055524392E+00,+4.897903609901E+00,-24.102785458E-03
-1.095000E-06,+4.766802683764E+00,+4.930613941386E+00,+4.902398741762E+00,-28.165895719E-03
-1.090000E-06,+4.741284467484E+00,+4.928179896186E+00,+4.901162089765E+00,-26.967775629E-03
-1.085000E-06,+4.725777243744E+00,+4.928572484121E+00,+4.903282064617E+00,-25.240480745E-03
-1.080000E-06,+4.749921402224E+00,+4.928729519295E+00,+4.899866549578E+00,-28.812258009E-03
-1.075000E-06,+4.717336602975E+00,+4.922526629914E+00,+4.897236210410E+00,-25.239870394E-03
-1.070000E-06,+4.691425798752E+00,+4.924293275624E+00,+4.899356185262E+00,-24.887697550E-03
-1.065000E-06,+4.722047658288E+00,+4.927355461521E+00,+4.901181719162E+00,-26.124880140E-03
-1.060000E-06,+4.708307080291E+00,+4.929985800689E+00,+4.899473961643E+00,-30.462648597E-03
-1.055000E-06,+4.776617382333E+00,+4.926550656253E+00,+4.896097705398E+00,-30.404054849E-03
-1.050000E-06,+4.770728563191E+00,+4.926766579618E+00,+4.899395444056E+00,-27.321779527E-03
-1.045000E-06,+4.749528814282E+00,+4.923508099753E+00,+4.900749872433E+00,-22.708742521E-03
-1.040000E-06,+4.761699040507E+00,+4.927630273076E+00,+4.902379112365E+00,-25.201418246E-03
-1.035000E-06,+4.755613927395E+00,+4.923213658802E+00,+4.899827290785E+00,-23.336794265E-03
-1.030000E-06,+4.676507456928E+00,+4.923233288198E+00,+4.903517617378E+00,-19.666750401E-03
-1.025000E-06,+4.685733273581E+00,+4.925726221589E+00,+4.896136964191E+00,-29.539186704E-03
-1.020000E-06,+4.693388738466E+00,+4.925667333398E+00,+4.897511021965E+00,-28.106691619E-03
-1.015000E-06,+4.723618010059E+00,+4.922035894995E+00,+4.893526254420E+00,-28.459474814E-03
-1.010000E-06,+4.735788236284E+00,+4.923036994231E+00,+4.895273270733E+00,-27.713625221E-03
-1.005000E-06,+4.726169831688E+00,+4.917854833482E+00,+4.893545883817E+00,-24.259645806E-03
-1.000000E-06,+4.758558336965E+00,+4.922134041979E+00,+4.893271072262E+00,-28.812258009E-03
-995.000E-09,+4.686911037410E+00,+4.921780712837E+00,+4.890169627572E+00,-31.561891737E-03
-990.000E-09,+4.690640622866E+00,+4.919621479192E+00,+4.885968936662E+00,-33.602296965E-03
-985.000E-09,+4.730880887000E+00,+4.915754488027E+00,+4.888540387639E+00,-27.163088124E-03
-980.000E-09,+4.680825924298E+00,+4.914203765682E+00,+4.889031122559E+00,-25.123293248E-03
-975.000E-09,+4.693388738466E+00,+4.917952980466E+00,+4.885654866313E+00,-32.247316526E-03
-970.000E-09,+4.705558964691E+00,+4.917697798308E+00,+4.892603672772E+00,-25.043947547E-03
-965.000E-09,+4.766606389792E+00,+4.919268150050E+00,+4.890365921539E+00,-28.852541212E-03
-960.000E-09,+4.757773161080E+00,+4.917894092276E+00,+4.889973333604E+00,-27.869875218E-03
-955.000E-09,+4.732451238771E+00,+4.917697798308E+00,+4.889620004462E+00,-28.027345917E-03
-950.000E-09,+4.749528814282E+00,+4.918561491766E+00,+4.890601474301E+00,-27.910158420E-03
-945.000E-09,+4.757773161080E+00,+4.918659638750E+00,+4.890346292143E+00,-28.263551967E-03
-940.000E-09,+4.753847281652E+00,+4.914203765682E+00,+4.889973333604E+00,-24.180910457E-03
-935.000E-09,+4.734414178485E+00,+4.918463344782E+00,+4.887794470562E+00,-30.618288242E-03
-930.000E-09,+4.756595397251E+00,+4.919817773160E+00,+4.888442240655E+00,-31.325685688E-03
-925.000E-09,+4.692799856553E+00,+4.916755587263E+00,+4.886852259517E+00,-29.852297049E-03
-920.000E-09,+4.683966627839E+00,+4.914753388792E+00,+4.886675594946E+00,-28.028566621E-03
-915.000E-09,+4.698296087749E+00,+4.907686805953E+00,+4.883927479397E+00,-23.709108709E-03
-910.000E-09,+4.768373035535E+00,+4.911887496863E+00,+4.885183760791E+00,-26.654054933E-03
-905.000E-09,+4.815483588666E+00,+4.909492710456E+00,+4.884791172855E+00,-24.651491501E-03
-900.000E-09,+4.765624919936E+00,+4.907294218017E+00,+4.881022328675E+00,-26.221926036E-03
-895.000E-09,+4.729114241258E+00,+4.909904927788E+00,+4.882337498259E+00,-27.518312726E-03
-890.000E-09,+4.713410723546E+00,+4.908471981824E+00,+4.884908949236E+00,-23.513185862E-03
-885.000E-09,+4.738340057913E+00,+4.908629016998E+00,+4.889953704207E+00,-18.625490659E-03
-880.000E-09,+4.686322155496E+00,+4.910199368740E+00,+4.886440042184E+00,-23.709719061E-03
-875.000E-09,+4.720084718574E+00,+4.906194971798E+00,+4.880335299787E+00,-25.809938740E-03
-870.000E-09,+4.710662607948E+00,+4.907490511985E+00,+4.880668999533E+00,-26.771242430E-03
-865.000E-09,+4.706540434548E+00,+4.908786052172E+00,+4.879118277187E+00,-29.618532405E-03
-860.000E-09,+4.719299542688E+00,+4.906509042146E+00,+4.879687529694E+00,-26.771242430E-03
-855.000E-09,+4.739910409685E+00,+4.906489412750E+00,+4.879981970646E+00,-26.456911382E-03
-850.000E-09,+4.712232959718E+00,+4.904977949198E+00,+4.879805306075E+00,-25.122072545E-03
-845.000E-09,+4.703988612921E+00,+4.906705336114E+00,+4.881866392736E+00,-24.788820599E-03
-840.000E-09,+4.658840999502E+00,+4.910906027024E+00,+4.874269816184E+00,-36.585695335E-03
-835.000E-09,+4.743639995140E+00,+4.904860172817E+00,+4.881434546007E+00,-23.375246412E-03
-830.000E-09,+4.707521904406E+00,+4.905802383862E+00,+4.877999401571E+00,-27.752687720E-03
-825.000E-09,+4.748547344424E+00,+4.904565731866E+00,+4.874505368945E+00,-30.009767748E-03
-820.000E-09,+4.667477934244E+00,+4.903603891424E+00,+4.875133509642E+00,-28.419191612E-03
-815.000E-09,+4.692407268610E+00,+4.898245066104E+00,+4.872797611426E+00,-25.397951445E-03
-810.000E-09,+4.690640622865E+00,+4.901758728127E+00,+4.873955745836E+00,-27.752687721E-03
-805.000E-09,+4.740106703655E+00,+4.899972453020E+00,+4.874701662913E+00,-25.220339144E-03
-800.000E-09,+4.716944015032E+00,+4.907529770779E+00,+4.868302479565E+00,-39.176027309E-03
-795.000E-09,+4.730292005086E+00,+4.896733602553E+00,+4.873406122726E+00,-23.278200516E-03
-790.000E-09,+4.704381200864E+00,+4.898107660327E+00,+4.873680934281E+00,-24.376222952E-03
-785.000E-09,+4.692603562580E+00,+4.896242867633E+00,+4.868479144136E+00,-27.713625221E-03
-780.000E-09,+4.724010598002E+00,+4.897086931694E+00,+4.870815042352E+00,-26.221926036E-03
-775.000E-09,+4.708699668234E+00,+4.894829551065E+00,+4.864298082622E+00,-30.481569496E-03
-770.000E-09,+4.673759341328E+00,+4.894495851320E+00,+4.869598019752E+00,-24.847414348E-03
-765.000E-09,+4.685929567552E+00,+4.897401002043E+00,+4.867301380329E+00,-30.049440599E-03
-760.000E-09,+4.776617382332E+00,+4.897950625153E+00,+4.863826977100E+00,-34.073488360E-03
-755.000E-09,+4.728132771400E+00,+4.892179582501E+00,+4.863473647958E+00,-28.656008013E-03
-750.000E-09,+4.755417633423E+00,+4.892218841294E+00,+4.861549967074E+00,-30.618898594E-03
-745.000E-09,+4.725580949773E+00,+4.896556937981E+00,+4.863689571323E+00,-32.816164170E-03
-740.000E-09,+4.680825924297E+00,+4.888999620223E+00,+4.864298082623E+00,-24.652101852E-03
-735.000E-09,+4.691622092724E+00,+4.889235172985E+00,+4.863395130371E+00,-25.789797139E-03
-730.000E-09,+4.702025673206E+00,+4.889784796094E+00,+4.864886964526E+00,-24.848635051E-03
-725.000E-09,+4.754828751509E+00,+4.891335518440E+00,+4.867026568774E+00,-24.259035455E-03
-720.000E-09,+4.704381200864E+00,+4.893946228211E+00,+4.861235896726E+00,-32.659914173E-03
-715.000E-09,+4.663552054814E+00,+4.885505587597E+00,+4.858880369113E+00,-26.574709231E-03
-710.000E-09,+4.705951552635E+00,+4.883895977062E+00,+4.856799653055E+00,-27.045900627E-03
-705.000E-09,+4.655307708017E+00,+4.891885141549E+00,+4.857133352800E+00,-34.702150456E-03
-700.000E-09,+4.653344768303E+00,+4.880127132881E+00,+4.859744062571E+00,-20.333254293E-03
-695.000E-09,+4.646474479304E+00,+4.883562277317E+00,+4.863395130371E+00,-20.117189844E-03
-690.000E-09,+4.668655698072E+00,+4.884210047410E+00,+4.859704803777E+00,-24.454347950E-03
-685.000E-09,+4.596026928659E+00,+4.882678954462E+00,+4.859429992222E+00,-23.199465166E-03
-680.000E-09,+4.691033210808E+00,+4.881776002210E+00,+4.856367806326E+00,-25.357668243E-03
-675.000E-09,+4.646670773276E+00,+4.882502289891E+00,+4.858016675655E+00,-24.435427053E-03
-670.000E-09,+4.636070898822E+00,+4.876122735939E+00,+4.852559703351E+00,-23.513185862E-03
-665.000E-09,+4.596615810573E+00,+4.885878546136E+00,+4.853109326461E+00,-32.718507922E-03
-660.000E-09,+4.705166376748E+00,+4.894338816146E+00,+4.857781122893E+00,-36.507570337E-03
-655.000E-09,+4.707521904405E+00,+4.914105618698E+00,+4.857388534958E+00,-56.666261293E-03
-650.000E-09,+4.701633085264E+00,+4.922134041979E+00,+4.858762592732E+00,-63.321534582E-03
-645.000E-09,+4.701633085264E+00,+4.896066203063E+00,+4.858075563845E+00,-37.940675775E-03
-640.000E-09,+4.711447783833E+00,+4.925902886159E+00,+4.876625343797E+00,-49.227296615E-03
-635.000E-09,+4.699277557608E+00,+4.884916705694E+00,+4.880629740739E+00,-4.240115004E-03
-630.000E-09,+4.649811476818E+00,+4.918443715385E+00,+4.890405180333E+00,-27.988283418E-03
-625.000E-09,+4.697510911864E+00,+4.886840386579E+00,+4.887284106246E+00,+490.719851E-06
-620.000E-09,+4.693388738466E+00,+4.944904142237E+00,+4.886832630120E+00,-58.021241731E-03
-615.000E-09,+4.713410723546E+00,+4.891904770945E+00,+4.871816141587E+00,-20.038454494E-03
-610.000E-09,+4.699277557608E+00,+4.921388124902E+00,+4.872346135300E+00,-48.990480215E-03
-605.000E-09,+4.618600735369E+00,+4.906175342401E+00,+4.877410519668E+00,-28.714601762E-03
-600.000E-09,+4.721655070344E+00,+4.942548614624E+00,+4.879766047281E+00,-62.730714282E-03
-595.000E-09,+4.728721653314E+00,+4.899540606291E+00,+4.886341895201E+00,-13.151247617E-03
-590.000E-09,+4.753454693710E+00,+4.920917019379E+00,+4.890326662746E+00,-30.540773596E-03
-585.000E-09,+4.709877432062E+00,+4.923036994230E+00,+4.890248145159E+00,-32.738039171E-03
-580.000E-09,+4.655700295960E+00,+4.915852635011E+00,+4.896490293333E+00,-19.312746503E-03
-575.000E-09,+4.695547972151E+00,+4.912535266956E+00,+4.890954803443E+00,-21.531374383E-03
-570.000E-09,+4.705558964691E+00,+4.922605147502E+00,+4.894252542101E+00,-28.302004115E-03
-565.000E-09,+4.695547972151E+00,+4.930260612243E+00,+4.892014790868E+00,-38.194582018E-03
-560.000E-09,+4.742854819254E+00,+4.925588815811E+00,+4.905127227914E+00,-20.411379291E-03
-555.000E-09,+4.716551427089E+00,+4.930947641131E+00,+4.906834985433E+00,-24.063722959E-03
-550.000E-09,+4.734610472456E+00,+4.937209418702E+00,+4.908542742953E+00,-28.616945514E-03
-545.000E-09,+4.755025045481E+00,+4.946003388457E+00,+4.915727102172E+00,-30.225832196E-03
-540.000E-09,+4.716158839147E+00,+4.928258413773E+00,+4.912193810753E+00,-16.014406733E-03
-535.000E-09,+4.721262482402E+00,+4.945532282934E+00,+4.912566769292E+00,-32.915651472E-03
-530.000E-09,+4.714981075318E+00,+4.944236742747E+00,+4.910780494185E+00,-33.405763766E-03
-525.000E-09,+4.698099793779E+00,+4.954129958722E+00,+4.915766360966E+00,-38.312379867E-03
-520.000E-09,+4.706736728520E+00,+4.944982659825E+00,+4.916198207695E+00,-28.734133011E-03
-515.000E-09,+4.677685220755E+00,+4.951538878347E+00,+4.914804520524E+00,-36.684572287E-03
-510.000E-09,+4.642744893849E+00,+4.949144091941E+00,+4.920595192572E+00,-28.498537313E-03
-505.000E-09,+4.655504001988E+00,+4.955935863225E+00,+4.921380368443E+00,-34.505006905E-03
-500.000E-09,+4.609374918714E+00,+4.948594468831E+00,+4.925855870908E+00,-22.689211271E-03
-495.000E-09,+4.682003688125E+00,+4.963610957364E+00,+4.923677007866E+00,-39.884035106E-03
-490.000E-09,+4.683574039896E+00,+4.960215071722E+00,+4.928721762837E+00,-31.442873185E-03
-485.000E-09,+4.702221967178E+00,+4.965770191009E+00,+4.933766517808E+00,-31.953737431E-03
-480.000E-09,+4.711447783833E+00,+4.971914192200E+00,+4.933079488921E+00,-38.785402318E-03
-475.000E-09,+4.679844454441E+00,+4.982219625506E+00,+4.942364193595E+00,-39.804079053E-03
-470.000E-09,+4.638819014421E+00,+4.991190259832E+00,+4.945563785270E+00,-45.576173650E-03
-465.000E-09,+4.724403185943E+00,+4.983377759916E+00,+4.946937843044E+00,-36.390382840E-03
-460.000E-09,+4.695744266123E+00,+4.994919845219E+00,+4.954750342960E+00,-40.118410100E-03
-455.000E-09,+4.794676427701E+00,+4.982808507409E+00,+4.957223646954E+00,-25.534670192E-03
-450.000E-09,+4.728721653316E+00,+4.994056151762E+00,+4.960599903199E+00,-33.406984469E-03
-445.000E-09,+4.674544517213E+00,+4.979628545132E+00,+4.959912874312E+00,-19.665529698E-03
-440.000E-09,+4.663552054815E+00,+5.007875247091E+00,+4.955378483657E+00,-52.445069981E-03
-435.000E-09,+4.731469768914E+00,+4.987755115396E+00,+4.955515889434E+00,-32.189943480E-03
-430.000E-09,+4.731469768914E+00,+4.998531654226E+00,+4.959068810251E+00,-39.412843710E-03
-425.000E-09,+4.718514366803E+00,+5.004184920497E+00,+4.965507252393E+00,-38.626710915E-03
-420.000E-09,+4.685536979611E+00,+5.012272231968E+00,+4.968412403116E+00,-43.809816268E-03
-415.000E-09,+4.730292005087E+00,+5.006638595094E+00,+4.972063470916E+00,-34.524538155E-03
-410.000E-09,+4.727543889486E+00,+5.013803324917E+00,+4.976735267348E+00,-37.017824232E-03
-405.000E-09,+4.708307080292E+00,+5.019495849981E+00,+4.980229299974E+00,-39.216310511E-03
-400.000E-09,+4.691818386695E+00,+5.013999618885E+00,+4.983409262251E+00,-30.540773596E-03
-395.000E-09,+4.707521904405E+00,+5.020634354994E+00,+4.982035204477E+00,-38.548585917E-03
-390.000E-09,+4.716158839147E+00,+5.022401000704E+00,+4.986235895387E+00,-36.114503940E-03
-385.000E-09,+4.765428625963E+00,+5.029997577256E+00,+4.995795411616E+00,-34.151003007E-03
-380.000E-09,+4.707521904406E+00,+5.021066201724E+00,+5.002096447981E+00,-18.919680106E-03
-375.000E-09,+4.700651615408E+00,+5.036907124921E+00,+5.001036460555E+00,-35.819704142E-03
-370.000E-09,+4.640781954134E+00,+5.036534166382E+00,+5.000997201762E+00,-35.485841845E-03
-365.000E-09,+4.676900044869E+00,+5.041166704021E+00,+5.006316768287E+00,-34.798586001E-03
-360.000E-09,+4.707521904405E+00,+5.040303010563E+00,+5.007592679078E+00,-32.659914173E-03
-355.000E-09,+4.746780698683E+00,+5.044327036901E+00,+5.010321165229E+00,-33.956300863E-03
-350.000E-09,+4.717336602974E+00,+5.044896289408E+00,+5.010654864975E+00,-34.190675858E-03
-345.000E-09,+4.710270020005E+00,+5.056006527982E+00,+5.007278608729E+00,-48.677980221E-03
-340.000E-09,+4.732647532742E+00,+5.049725121015E+00,+5.016700719181E+00,-32.974855573E-03
-335.000E-09,+4.734217884514E+00,+5.064859385928E+00,+5.016700719181E+00,-48.108522227E-03
-330.000E-09,+4.714981075318E+00,+5.062523487712E+00,+5.018702917652E+00,-43.770753769E-03
-325.000E-09,+4.673955635299E+00,+5.062425340728E+00,+5.021529550788E+00,-40.846559498E-03
-320.000E-09,+4.764054568163E+00,+5.065821226370E+00,+5.019291799556E+00,-46.478273239E-03
-315.000E-09,+4.723814304030E+00,+5.066881213796E+00,+5.027869845946E+00,-38.961183564E-03
-310.000E-09,+4.707129316463E+00,+5.069668588138E+00,+5.027536146201E+00,-42.082521384E-03
-305.000E-09,+4.741088173511E+00,+5.073810390857E+00,+5.030205744162E+00,-43.554078969E-03
-300.000E-09,+4.717729190918E+00,+5.068883412267E+00,+5.035152352149E+00,-33.680421963E-03
-295.000E-09,+4.662570584958E+00,+5.074831119489E+00,+5.036408633543E+00,-38.372194319E-03
-290.000E-09,+4.693781326409E+00,+5.075047042854E+00,+5.036055304401E+00,-38.940431611E-03
-285.000E-09,+4.637248662650E+00,+5.077795158402E+00,+5.037763061920E+00,-39.981081002E-03
-280.000E-09,+4.691818386694E+00,+5.081995849312E+00,+5.040098960137E+00,-41.846925687E-03
-275.000E-09,+4.699866439522E+00,+5.078462557893E+00,+5.039902666169E+00,-38.510744121E-03
-270.000E-09,+4.718906954745E+00,+5.079365510144E+00,+5.046380367105E+00,-32.935793073E-03
-265.000E-09,+4.725580949773E+00,+5.080445126967E+00,+5.045438156059E+00,-34.957887755E-03
-260.000E-09,+4.728721653315E+00,+5.072730774035E+00,+5.048421824369E+00,-24.259035455E-03
-255.000E-09,+4.699670145550E+00,+5.069904140899E+00,+5.046537402279E+00,-23.316652664E-03
-250.000E-09,+4.777009970275E+00,+5.058283538008E+00,+5.043750027937E+00,-14.484865751E-03
-245.000E-09,+4.728329065374E+00,+5.067921571825E+00,+5.042493746543E+00,-25.379030547E-03
-240.000E-09,+4.741284467483E+00,+5.039910422627E+00,+5.028321322072E+00,-11.539309177E-03
-235.000E-09,+4.692210974637E+00,+5.070767834357E+00,+5.028007251724E+00,-42.710573128E-03
-230.000E-09,+4.689070271096E+00,+5.061345723905E+00,+5.015248143820E+00,-46.047365046E-03
-225.000E-09,+4.724795773886E+00,+5.067293431128E+00,+5.010085612468E+00,-57.156983938E-03
-220.000E-09,+4.728721653315E+00,+5.064250874628E+00,+5.007357126317E+00,-56.842042539E-03
-215.000E-09,+4.679451866497E+00,+5.066881213796E+00,+5.023158790720E+00,-43.671876818E-03
-210.000E-09,+4.698492381721E+00,+5.069707846931E+00,+5.036016045607E+00,-33.641359464E-03
-205.000E-09,+4.709877432062E+00,+5.073300026541E+00,+5.037154550621E+00,-36.094972690E-03
-200.000E-09,+4.760913864622E+00,+5.080504015157E+00,+5.041747829466E+00,-38.704835913E-03
-195.000E-09,+4.751295460025E+00,+5.076813688563E+00,+5.042258193782E+00,-34.504396554E-03
-190.000E-09,+4.662374290988E+00,+5.074026314222E+00,+5.041276723943E+00,-32.698976673E-03
-185.000E-09,+4.724795773886E+00,+5.067646760270E+00,+5.042238564385E+00,-25.358278594E-03
-180.000E-09,+4.756202809309E+00,+5.068961929854E+00,+5.045830743995E+00,-23.082277669E-03
-175.000E-09,+4.681218512240E+00,+5.078246634528E+00,+5.049462182398E+00,-28.733522660E-03
-170.000E-09,+4.697314617893E+00,+5.066998990176E+00,+5.044024839492E+00,-22.923586266E-03
-165.000E-09,+4.663944642758E+00,+5.068824524076E+00,+5.042945222669E+00,-25.829469990E-03
-160.000E-09,+4.771906327018E+00,+5.057419844550E+00,+5.034602729040E+00,-22.767336270E-03
-155.000E-09,+4.727543889487E+00,+5.072495221273E+00,+5.026927634901E+00,-45.516359198E-03
-150.000E-09,+4.718906954745E+00,+5.065232344466E+00,+5.020587339743E+00,-44.594728360E-03
-145.000E-09,+4.706736728520E+00,+5.075812589328E+00,+5.020135863617E+00,-55.626222254E-03
-140.000E-09,+4.756202809308E+00,+5.049254015492E+00,+5.020783633710E+00,-28.419191612E-03
-135.000E-09,+4.754828751509E+00,+5.066920472589E+00,+5.016406278230E+00,-50.463868854E-03
-130.000E-09,+4.784861729131E+00,+5.061620535460E+00,+5.021451033201E+00,-40.119630803E-03
-125.000E-09,+4.767195271707E+00,+5.063387181170E+00,+5.024846918843E+00,-38.489381817E-03
-120.000E-09,+4.695744266123E+00,+5.067705648460E+00,+5.030048708988E+00,-37.606203125E-03
-115.000E-09,+4.685536979610E+00,+5.062386081934E+00,+5.023158790720E+00,-39.176637661E-03
-110.000E-09,+4.778187734103E+00,+5.056045786776E+00,+5.029067239149E+00,-26.928713130E-03
-105.000E-09,+4.776617382334E+00,+5.069727476328E+00,+5.035387904911E+00,-34.289552809E-03
-100.000E-09,+4.652559592419E+00,+5.059147231467E+00,+5.030912402446E+00,-28.184816617E-03
-95.000E-09,+4.729114241257E+00,+5.063446069360E+00,+5.031599431333E+00,-31.796266732E-03
-90.000E-09,+4.751491753996E+00,+5.060521289240E+00,+5.033503482820E+00,-26.967775629E-03
-85.000E-09,+4.750902872082E+00,+5.058715384737E+00,+5.036879739066E+00,-21.785890979E-03
-80.000E-09,+4.667477934244E+00,+5.055221352111E+00,+5.032796824537E+00,-22.374269872E-03
-75.000E-09,+4.696333148036E+00,+5.048979203937E+00,+5.031226472795E+00,-17.703249469E-03
-70.000E-09,+4.763269392279E+00,+5.043993337156E+00,+5.028870945182E+00,-15.073244645E-03
-65.000E-09,+4.807239241868E+00,+5.049018462731E+00,+5.023747672623E+00,-25.220339144E-03
-60.000E-09,+4.683966627841E+00,+5.026562432821E+00,+5.021097704059E+00,-5.416262439E-03
-55.000E-09,+4.683181451954E+00,+5.047565887369E+00,+5.020234010601E+00,-27.281496325E-03
-50.000E-09,+4.700455321435E+00,+5.045014065788E+00,+5.009477101168E+00,-35.487062547E-03
-45.000E-09,+4.770139681277E+00,+5.041343368592E+00,+5.004255681626E+00,-37.038576185E-03
-40.000E-09,+4.742854819255E+00,+5.047448110989E+00,+5.004059387658E+00,-43.338624872E-03
-35.000E-09,+4.697707205836E+00,+5.043325937666E+00,+5.013402980523E+00,-29.872438650E-03
-30.000E-09,+4.710270020005E+00,+5.041009668847E+00,+5.014541485536E+00,-26.418459235E-03
-25.000E-09,+4.728721653315E+00,+5.040872263069E+00,+5.014384450362E+00,-26.437990484E-03
-20.000E-09,+4.724010598002E+00,+5.039125246756E+00,+5.016857754355E+00,-22.218019876E-03
-15.000E-09,+4.737358588057E+00,+5.048252916257E+00,+5.014227415188E+00,-33.974611410E-03
-10.000E-09,+4.696136854065E+00,+5.041245221608E+00,+5.013717050871E+00,-27.478029524E-03
-5.000E-09,+4.689659153010E+00,+5.034826408863E+00,+5.013677792078E+00,-21.098635135E-03
-0.0E+00,+4.697314617893E+00,+5.045956276834E+00,+5.006493432858E+00,-39.412843710E-03
+5.000E-09,+4.743247407197E+00,+5.032863469185E+00,+5.004510863784E+00,-28.302614466E-03
+10.000E-09,+4.758558336966E+00,+5.033864568421E+00,+5.005668998194E+00,-28.145754118E-03
+15.000E-09,+4.706147846606E+00,+5.031685705379E+00,+5.005826033368E+00,-25.809938741E-03
+20.000E-09,+4.722440246230E+00,+5.031430523220E+00,+5.006493432858E+00,-24.886476847E-03
+25.000E-09,+4.716551427090E+00,+5.037986741743E+00,+5.000977572365E+00,-36.959230483E-03
+30.000E-09,+4.704381200863E+00,+5.034728261879E+00,+4.992006938039E+00,-42.670900278E-03
+35.000E-09,+4.759343512851E+00,+5.031940887537E+00,+4.995167270919E+00,-36.724245137E-03
+40.000E-09,+4.771906327020E+00,+5.031116452872E+00,+4.993459513400E+00,-37.606203125E-03
+45.000E-09,+4.731077180973E+00,+5.021831748198E+00,+4.997247986978E+00,-24.533693652E-03
+50.000E-09,+4.696922029950E+00,+5.021890636388E+00,+4.997149839994E+00,-24.691164351E-03
+55.000E-09,+4.755221339452E+00,+5.024010611240E+00,+5.000408319858E+00,-23.552248361E-03
+60.000E-09,+4.763269392279E+00,+5.021144719311E+00,+4.991810644071E+00,-29.283449405E-03
+65.000E-09,+4.771317445106E+00,+5.024658381333E+00,+4.992752855116E+00,-31.855470832E-03
+70.000E-09,+4.743639995140E+00,+5.024403199175E+00,+4.995540229458E+00,-28.812258009E-03
+75.000E-09,+4.730095711115E+00,+5.015255900278E+00,+4.996030964378E+00,-19.175417405E-03
+80.000E-09,+4.752276929881E+00,+5.020673613788E+00,+4.988198835064E+00,-32.425539178E-03
+85.000E-09,+4.766410095821E+00,+5.015785893991E+00,+4.988375499635E+00,-27.359621323E-03
+90.000E-09,+4.713803311490E+00,+5.014392206820E+00,+4.986864036084E+00,-27.478029524E-03
+95.000E-09,+4.725384655801E+00,+5.016237370117E+00,+4.986707000909E+00,-29.480592955E-03
+100.000E-09,+4.727151301544E+00,+5.013135925427E+00,+4.981995945684E+00,-31.090089990E-03
+105.000E-09,+4.758362042994E+00,+5.013705177933E+00,+4.992870631497E+00,-20.784304087E-03
+110.000E-09,+4.785646905017E+00,+5.010387809878E+00,+4.986667742116E+00,-23.669435859E-03
+115.000E-09,+4.720477306518E+00,+5.009838186768E+00,+4.980111523593E+00,-29.676515802E-03
+120.000E-09,+4.767980447591E+00,+5.014784794755E+00,+4.984037402948E+00,-30.697023592E-03
+125.000E-09,+4.711840371776E+00,+5.007404141568E+00,+4.983782220790E+00,-23.571779611E-03
+130.000E-09,+4.702810849093E+00,+5.011761867652E+00,+4.983055933109E+00,-28.656008013E-03
+135.000E-09,+4.715569957232E+00,+5.009877445562E+00,+4.979208571342E+00,-30.618288242E-03
+140.000E-09,+4.789180196501E+00,+5.004106402910E+00,+4.972887905580E+00,-31.168214988E-03
+145.000E-09,+4.749725108253E+00,+5.009210046072E+00,+4.976754896745E+00,-32.404176874E-03
+150.000E-09,+4.727151301545E+00,+5.003321227039E+00,+4.980229299974E+00,-23.041994466E-03
+155.000E-09,+4.728132771400E+00,+5.000906811236E+00,+4.978462654264E+00,-22.393801122E-03
+160.000E-09,+4.754632457538E+00,+5.004341955671E+00,+4.977755995980E+00,-26.536867435E-03
+165.000E-09,+4.788395020617E+00,+5.005558978271E+00,+4.974124557577E+00,-31.384279436E-03
+170.000E-09,+4.733825296571E+00,+5.004459732052E+00,+4.977324149251E+00,-27.084963126E-03
+175.000E-09,+4.744621464997E+00,+5.003419374023E+00,+4.975518244748E+00,-27.850343968E-03
+180.000E-09,+4.649418888877E+00,+5.001279769775E+00,+4.973673081451E+00,-27.557375225E-03
+185.000E-09,+4.765624919934E+00,+5.003164191865E+00,+4.968294626735E+00,-34.819948305E-03
+190.000E-09,+4.776617382334E+00,+4.998374619052E+00,+4.970375342793E+00,-27.949220919E-03
+195.000E-09,+4.711644077805E+00,+4.999179424320E+00,+4.974340480941E+00,-24.788210248E-03
+200.000E-09,+4.756987985194E+00,+5.000730146665E+00,+4.972966423167E+00,-27.713625221E-03
+205.000E-09,+4.760521276679E+00,+4.996666861532E+00,+4.972220506090E+00,-24.395754202E-03
+210.000E-09,+4.729899417144E+00,+4.997667960768E+00,+4.971513847806E+00,-26.104738539E-03
+215.000E-09,+4.745799228825E+00,+4.989129173171E+00,+4.965153923251E+00,-23.924562806E-03
+220.000E-09,+4.776617382333E+00,+4.992956905542E+00,+4.962759136844E+00,-30.147707198E-03
+225.000E-09,+4.806257772012E+00,+4.993683193223E+00,+4.960187685867E+00,-33.444826265E-03
+230.000E-09,+4.793891251814E+00,+4.990130272406E+00,+4.953494061567E+00,-36.586916039E-03
+235.000E-09,+4.753258399739E+00,+4.990228419390E+00,+4.956516988670E+00,-33.660890714E-03
+240.000E-09,+4.793891251814E+00,+4.989580649297E+00,+4.957262905747E+00,-32.266847776E-03
+245.000E-09,+4.749528814280E+00,+4.984202194581E+00,+4.959736209741E+00,-24.415285451E-03
+250.000E-09,+4.825298287237E+00,+4.981218526271E+00,+4.962562842877E+00,-18.605959409E-03
+255.000E-09,+4.792713487987E+00,+4.987598080222E+00,+4.963858383064E+00,-23.689577460E-03
+260.000E-09,+4.787609844730E+00,+4.983456277503E+00,+4.957027352986E+00,-26.378176033E-03
+265.000E-09,+4.813716942926E+00,+4.979334104180E+00,+4.955888847973E+00,-23.394777662E-03
+270.000E-09,+4.737751175998E+00,+4.979255586593E+00,+4.962209513735E+00,-16.997072726E-03
+275.000E-09,+4.748351050454E+00,+4.975761553968E+00,+4.957164758764E+00,-18.547976012E-03
+280.000E-09,+4.745210346911E+00,+4.977803011232E+00,+4.951766674651E+00,-25.987551041E-03
+285.000E-09,+4.729310535230E+00,+4.975349336635E+00,+4.950098175925E+00,-25.202028598E-03
+290.000E-09,+4.677292632813E+00,+4.970343840458E+00,+4.947016360631E+00,-23.277590164E-03
+295.000E-09,+4.682396276068E+00,+4.973936020067E+00,+4.946348961141E+00,-27.536623272E-03
+300.000E-09,+4.686322155496E+00,+4.971835674613E+00,+4.943208257657E+00,-28.577883015E-03
+305.000E-09,+4.687303625352E+00,+4.970697169600E+00,+4.934433917299E+00,-36.212770539E-03
+310.000E-09,+4.751491753996E+00,+4.966967584212E+00,+4.934217993934E+00,-32.698976672E-03
+315.000E-09,+4.719103248718E+00,+4.964886868154E+00,+4.939007566747E+00,-25.828859639E-03
+320.000E-09,+4.733432708628E+00,+4.962963187270E+00,+4.943365292831E+00,-19.547121498E-03
+325.000E-09,+4.757184279165E+00,+4.964788721170E+00,+4.938830902176E+00,-25.906984637E-03
+330.000E-09,+4.742462231314E+00,+4.964180209870E+00,+4.935631310502E+00,-28.498537313E-03
+335.000E-09,+4.741284467483E+00,+4.965632785232E+00,+4.932667271589E+00,-32.915651472E-03
+340.000E-09,+4.764054568164E+00,+4.960764694832E+00,+4.939203860715E+00,-21.510012079E-03
+345.000E-09,+4.777991440133E+00,+4.961608758893E+00,+4.934198364537E+00,-27.360231675E-03
+350.000E-09,+4.771513739077E+00,+4.960254330515E+00,+4.930174338198E+00,-30.029298998E-03
+355.000E-09,+4.714392193405E+00,+4.957663250141E+00,+4.926503641002E+00,-31.109010888E-03
+360.000E-09,+4.789180196501E+00,+4.964219468664E+00,+4.928525468869E+00,-35.643312544E-03
+365.000E-09,+4.792124606072E+00,+4.955975122019E+00,+4.927033634714E+00,-28.892214062E-03
+370.000E-09,+4.802920774499E+00,+4.951735172315E+00,+4.929389162327E+00,-22.296144874E-03
+375.000E-09,+4.792517194015E+00,+4.953855147167E+00,+4.927269187476E+00,-26.536257084E-03
+380.000E-09,+4.753847281653E+00,+4.943333790496E+00,+4.922636649837E+00,-20.648195692E-03
+385.000E-09,+4.780543261761E+00,+4.953717741390E+00,+4.929291015344E+00,-24.376222952E-03
+390.000E-09,+4.791535724158E+00,+4.953580335612E+00,+4.920712968953E+00,-32.817384873E-03
+395.000E-09,+4.714784781348E+00,+4.954561805451E+00,+4.923853672437E+00,-30.658571445E-03
+400.000E-09,+4.797031955356E+00,+4.954875875799E+00,+4.919731499114E+00,-35.093996150E-03
+405.000E-09,+4.748939932368E+00,+4.944452666112E+00,+4.921203703872E+00,-23.199465166E-03
+410.000E-09,+4.709877432063E+00,+4.945414506554E+00,+4.923461084501E+00,-21.903078476E-03
+415.000E-09,+4.745014052939E+00,+4.942371950054E+00,+4.921301850856E+00,-21.020510137E-03
+420.000E-09,+4.665122406587E+00,+4.939800499076E+00,+4.918789288069E+00,-20.960695685E-03
+425.000E-09,+4.738143763941E+00,+4.943392678686E+00,+4.915255996650E+00,-28.085939666E-03
+430.000E-09,+4.736966000113E+00,+4.938897546825E+00,+4.914784891127E+00,-24.062502256E-03
+435.000E-09,+4.729899417143E+00,+4.940291233996E+00,+4.913842680082E+00,-26.398317634E-03
+440.000E-09,+4.796246779471E+00,+4.943804896018E+00,+4.916747830804E+00,-27.008058831E-03
+445.000E-09,+4.709288550147E+00,+4.940173457615E+00,+4.916688942614E+00,-23.435060864E-03
+450.000E-09,+4.720084718575E+00,+4.938073112160E+00,+4.914392303192E+00,-23.630373360E-03
+455.000E-09,+4.754436163565E+00,+4.936797201370E+00,+4.910741235391E+00,-26.006471939E-03
+460.000E-09,+4.718514366804E+00,+4.933047986586E+00,+4.912350845927E+00,-20.648195692E-03
+465.000E-09,+4.745406640882E+00,+4.937700153621E+00,+4.911133823327E+00,-26.516725834E-03
+470.000E-09,+4.765624919935E+00,+4.936738313179E+00,+4.910427165043E+00,-26.260988535E-03
+475.000E-09,+4.768176741563E+00,+4.937602006637E+00,+4.911663817040E+00,-25.888063739E-03
+480.000E-09,+4.679255572527E+00,+4.936502760418E+00,+4.906147956546E+00,-30.303957195E-03
+485.000E-09,+4.771513739078E+00,+4.932910580808E+00,+4.907934231653E+00,-24.926149698E-03
+490.000E-09,+4.710270020005E+00,+4.933911680044E+00,+4.909092366062E+00,-24.769289350E-03
+495.000E-09,+4.725580949773E+00,+4.930201724053E+00,+4.904832786962E+00,-25.319216095E-03
+500.000E-09,+4.692603562581E+00,+4.925824368573E+00,+4.899788031991E+00,-25.987551041E-03
+505.000E-09,+4.685340685639E+00,+4.934677226518E+00,+4.901554677701E+00,-33.072511821E-03
+510.000E-09,+4.684751803724E+00,+4.930653200179E+00,+4.900926537004E+00,-29.676515802E-03
+515.000E-09,+4.744228877054E+00,+4.928749148692E+00,+4.900533949069E+00,-28.164675016E-03
+520.000E-09,+4.766410095821E+00,+4.931320599670E+00,+4.901593936494E+00,-29.676515802E-03
+525.000E-09,+4.716158839147E+00,+4.926158068318E+00,+4.902928735475E+00,-23.179933916E-03
+530.000E-09,+4.706344140577E+00,+4.928140637392E+00,+4.899395444056E+00,-28.695070512E-03
+535.000E-09,+4.761306452564E+00,+4.927826567044E+00,+4.903517617378E+00,-24.258425103E-03
+540.000E-09,+4.791535724158E+00,+4.926531026857E+00,+4.906697579656E+00,-19.783937899E-03
+545.000E-09,+4.793106075929E+00,+4.925686962795E+00,+4.901476160114E+00,-24.160768856E-03
+550.000E-09,+4.773084090848E+00,+4.928258413773E+00,+4.903399840998E+00,-24.808351849E-03
+555.000E-09,+4.734217884514E+00,+4.923586617340E+00,+4.902673553317E+00,-20.863649789E-03
+560.000E-09,+4.767980447592E+00,+4.935167961437E+00,+4.906069438959E+00,-29.049074410E-03
+565.000E-09,+4.747762168539E+00,+4.926688062031E+00,+4.904027981695E+00,-22.609865570E-03
+570.000E-09,+4.725188361830E+00,+4.926727320824E+00,+4.901947265636E+00,-24.730226850E-03
+575.000E-09,+4.735003060399E+00,+4.926589915047E+00,+4.899336555865E+00,-27.203981678E-03
+580.000E-09,+4.767980447592E+00,+4.921741454044E+00,+4.905755368611E+00,-15.936281735E-03
+585.000E-09,+4.724795773887E+00,+4.921643307060E+00,+4.904930933946E+00,-16.663210429E-03
+590.000E-09,+4.758950924909E+00,+4.920759984205E+00,+4.899159891294E+00,-21.550295281E-03
+595.000E-09,+4.745995522797E+00,+4.915872264408E+00,+4.895037717972E+00,-20.784914439E-03
+600.000E-09,+4.728721653315E+00,+4.919935549540E+00,+4.894134765720E+00,-25.750734640E-03
+605.000E-09,+4.756987985195E+00,+4.921859230424E+00,+4.895410676510E+00,-26.398927985E-03
+610.000E-09,+4.679648160470E+00,+4.918090386243E+00,+4.890837027062E+00,-27.203371327E-03
+615.000E-09,+4.740106703654E+00,+4.919974808334E+00,+4.893565513214E+00,-26.359865486E-03
+620.000E-09,+4.799387483013E+00,+4.921505901282E+00,+4.886204489423E+00,-35.250246147E-03
+625.000E-09,+4.765821213907E+00,+4.918659638750E+00,+4.896352887556E+00,-22.256472023E-03
+630.000E-09,+4.787609844730E+00,+4.919857031953E+00,+4.890326662746E+00,-29.479982604E-03
+635.000E-09,+4.752276929882E+00,+4.918463344782E+00,+4.890130368778E+00,-28.282472865E-03
+640.000E-09,+4.683181451954E+00,+4.920956278172E+00,+4.888795569797E+00,-32.110597779E-03
+645.000E-09,+4.695155384208E+00,+4.915793746821E+00,+4.890444439126E+00,-25.299074494E-03
+650.000E-09,+4.686714743440E+00,+4.917972609863E+00,+4.889070381352E+00,-28.852541212E-03
+655.000E-09,+4.694762796264E+00,+4.918149274434E+00,+4.891700720520E+00,-26.398317634E-03
+660.000E-09,+4.676114868984E+00,+4.912868966701E+00,+4.893035519501E+00,-19.783937899E-03
+665.000E-09,+4.700062733493E+00,+4.917992239260E+00,+4.884712655268E+00,-33.229982520E-03
+670.000E-09,+4.681218512240E+00,+4.916991140024E+00,+4.887068182881E+00,-29.873049001E-03
+675.000E-09,+4.740106703654E+00,+4.912751190321E+00,+4.889188157733E+00,-23.513185862E-03
+680.000E-09,+4.751491753996E+00,+4.916088187772E+00,+4.889816298430E+00,-26.221926036E-03
+685.000E-09,+4.707129316463E+00,+4.913791548350E+00,+4.884398584920E+00,-29.342653505E-03
+690.000E-09,+4.692210974638E+00,+4.914164506889E+00,+4.887931876339E+00,-26.182863537E-03
+695.000E-09,+4.722636540202E+00,+4.912358602385E+00,+4.889757410239E+00,-22.550661470E-03
+700.000E-09,+4.741284467484E+00,+4.913183037050E+00,+4.888874087384E+00,-24.259035455E-03
+705.000E-09,+4.756202809308E+00,+4.908118652682E+00,+4.885851160281E+00,-22.216799172E-03
+710.000E-09,+4.777009970276E+00,+4.905645348688E+00,+4.883181562320E+00,-22.413332371E-03
+715.000E-09,+4.738928939827E+00,+4.908000876301E+00,+4.884987466823E+00,-22.963259117E-03
+720.000E-09,+4.700455321436E+00,+4.912868966701E+00,+4.883299338700E+00,-29.520265806E-03
+725.000E-09,+4.766998977734E+00,+4.912692302131E+00,+4.880531593755E+00,-32.110597780E-03
+730.000E-09,+4.770335975250E+00,+4.909178640108E+00,+4.887068182881E+00,-22.060549176E-03
+735.000E-09,+4.783095083388E+00,+4.909551598647E+00,+4.885949307265E+00,-23.553469064E-03
+740.000E-09,+4.782898789417E+00,+4.902190574856E+00,+4.876939414146E+00,-25.201418246E-03
+745.000E-09,+4.786235786932E+00,+4.908864569759E+00,+4.881532692991E+00,-27.280885973E-03
+750.000E-09,+4.774261854675E+00,+4.909060863727E+00,+4.879766047281E+00,-29.244386906E-03
+755.000E-09,+4.742265937342E+00,+4.906783853701E+00,+4.882298239465E+00,-24.436647756E-03
+760.000E-09,+4.794676427699E+00,+4.908393464237E+00,+4.883456373875E+00,-24.886476847E-03
+765.000E-09,+4.682592570039E+00,+4.906352006972E+00,+4.882906750765E+00,-23.394777662E-03
+770.000E-09,+4.710270020005E+00,+4.908197170269E+00,+4.886518559771E+00,-21.628420279E-03
+775.000E-09,+4.732058650828E+00,+4.905507942911E+00,+4.878234954333E+00,-27.222902576E-03
+780.000E-09,+4.694173914352E+00,+4.903760926598E+00,+4.876625343797E+00,-27.086183829E-03
+785.000E-09,+4.692210974637E+00,+4.908314946650E+00,+4.878529395284E+00,-29.734499200E-03
+790.000E-09,+4.689462859038E+00,+4.905841642656E+00,+4.876429049829E+00,-29.362795106E-03
+795.000E-09,+4.654915120075E+00,+4.901542804762E+00,+4.878804206839E+00,-22.688600920E-03
+800.000E-09,+4.711447783832E+00,+4.906273489385E+00,+4.877174966907E+00,-29.049074410E-03
+805.000E-09,+4.700062733493E+00,+4.898048772136E+00,+4.876566455607E+00,-21.431276729E-03
+810.000E-09,+4.683181451954E+00,+4.897989883946E+00,+4.873759451868E+00,-24.179689754E-03
+815.000E-09,+4.707521904405E+00,+4.901523175365E+00,+4.874132410407E+00,-27.340090073E-03
+820.000E-09,+4.709092256177E+00,+4.897243966869E+00,+4.869794313720E+00,-27.398683822E-03
+825.000E-09,+4.697510911866E+00,+4.900423929146E+00,+4.866712498426E+00,-33.661501065E-03
+830.000E-09,+4.640781954134E+00,+4.900855775875E+00,+4.870540230797E+00,-30.264894696E-03
+835.000E-09,+4.635874604850E+00,+4.897224337472E+00,+4.871011336319E+00,-26.163332287E-03
+840.000E-09,+4.660411351273E+00,+4.900149117591E+00,+4.867438786107E+00,-32.659914173E-03
+845.000E-09,+4.647652243132E+00,+4.896517679188E+00,+4.870756154161E+00,-25.711672141E-03
+850.000E-09,+4.740891879540E+00,+4.898814318611E+00,+4.870186901655E+00,-28.576662312E-03
+855.000E-09,+4.784076553245E+00,+4.898932094991E+00,+4.871678735810E+00,-27.202760975E-03
+860.000E-09,+4.758558336966E+00,+4.890569971965E+00,+4.872856499616E+00,-17.664797321E-03
+865.000E-09,+4.748547344425E+00,+4.892866611388E+00,+4.867949150423E+00,-24.866945598E-03
+870.000E-09,+4.724795773888E+00,+4.892807723198E+00,+4.865750657984E+00,-27.006838128E-03
+875.000E-09,+4.652167004475E+00,+4.891747735772E+00,+4.866143245919E+00,-25.554201442E-03
+880.000E-09,+4.738143763940E+00,+4.885309293630E+00,+4.862570695706E+00,-22.689211271E-03
+885.000E-09,+4.740302997626E+00,+4.889156655398E+00,+4.861294784916E+00,-27.811891821E-03
+890.000E-09,+4.731469768916E+00,+4.885898175533E+00,+4.864612152971E+00,-21.236574585E-03
+895.000E-09,+4.699081263635E+00,+4.887527415465E+00,+4.863807347703E+00,-23.670046210E-03
+900.000E-09,+4.661196527159E+00,+4.883424871539E+00,+4.863591424339E+00,-19.783937899E-03
+905.000E-09,+4.730292005087E+00,+4.887880744607E+00,+4.861510708281E+00,-26.319582284E-03
+910.000E-09,+4.713410723547E+00,+4.885976693120E+00,+4.861275155519E+00,-24.652101852E-03
+915.000E-09,+4.672385283528E+00,+4.886251504675E+00,+4.865161776081E+00,-21.040041386E-03
+920.000E-09,+4.709877432061E+00,+4.890098866443E+00,+4.863669941926E+00,-26.378176032E-03
+925.000E-09,+4.660803939215E+00,+4.879067145455E+00,+4.860921826377E+00,-18.094484811E-03
+930.000E-09,+4.729114241258E+00,+4.884406341378E+00,+4.862178107771E+00,-22.177736673E-03
+935.000E-09,+4.745602934854E+00,+4.889392208159E+00,+4.862256625358E+00,-27.084963126E-03
+940.000E-09,+4.673759341328E+00,+4.874473866610E+00,+4.857545570132E+00,-16.878664526E-03
+945.000E-09,+4.693192444495E+00,+4.882345254717E+00,+4.853717837761E+00,-28.577272663E-03
+950.000E-09,+4.693388738465E+00,+4.879184921836E+00,+4.853698208364E+00,-25.437013944E-03
+955.000E-09,+4.723029128145E+00,+4.882148960749E+00,+4.853030808874E+00,-29.067995308E-03
+960.000E-09,+4.760913864622E+00,+4.883346353952E+00,+4.849772329009E+00,-33.524171966E-03
+965.000E-09,+4.707718198377E+00,+4.890942930504E+00,+4.858958886700E+00,-31.934206182E-03
+970.000E-09,+4.689462859038E+00,+4.895516579953E+00,+4.855739665629E+00,-39.726564406E-03
+975.000E-09,+4.675329693099E+00,+4.907333476811E+00,+4.855052636742E+00,-52.230226236E-03
+980.000E-09,+4.654129944189E+00,+4.922448112327E+00,+4.865083258493E+00,-57.313233935E-03
+985.000E-09,+4.692407268610E+00,+4.898657283436E+00,+4.864494376590E+00,-34.113771563E-03
+990.000E-09,+4.668655698070E+00,+4.903682409011E+00,+4.876978672939E+00,-26.654054932E-03
+995.000E-09,+4.669048286015E+00,+4.886624463214E+00,+4.884987466823E+00,-1.588747876E-03
+1.000000E-06,+4.748351050452E+00,+4.943412308082E+00,+4.889345192907E+00,-54.017335570E-03
+1.005000E-06,+4.613497092111E+00,+4.881717114019E+00,+4.887539288404E+00,+5.869748052E-03
+1.010000E-06,+4.651381828590E+00,+4.911259356167E+00,+4.881336399023E+00,-29.873049002E-03
+1.015000E-06,+4.693388738465E+00,+4.910238627533E+00,+4.878077919158E+00,-32.111208131E-03
+1.020000E-06,+4.631359843509E+00,+4.922605147502E+00,+4.872149841333E+00,-50.404054402E-03
+1.025000E-06,+4.599167632202E+00,+4.901974651491E+00,+4.880845664104E+00,-21.078493533E-03
+1.030000E-06,+4.665122406584E+00,+4.918757785735E+00,+4.887303735642E+00,-31.405031390E-03
+1.035000E-06,+4.681611100184E+00,+4.920288878682E+00,+4.882337498259E+00,-37.901002923E-03
+1.040000E-06,+4.789180196500E+00,+4.916166705360E+00,+4.889109640146E+00,-27.008058831E-03
+1.045000E-06,+4.671403813671E+00,+4.917128545801E+00,+4.883652667842E+00,-33.425905367E-03
+1.050000E-06,+4.654915120075E+00,+4.914635612412E+00,+4.886008195455E+00,-28.576662312E-03
+1.055000E-06,+4.695547972150E+00,+4.936934607146E+00,+4.886538189168E+00,-50.345460652E-03
+1.060000E-06,+4.731077180971E+00,+4.910042333566E+00,+4.895155494352E+00,-14.837648947E-03
+1.065000E-06,+4.732254944801E+00,+4.935540919976E+00,+4.894998459178E+00,-40.492555600E-03
+1.070000E-06,+4.695351678179E+00,+4.929671730341E+00,+4.900416172688E+00,-29.205324407E-03
+1.075000E-06,+4.667281640272E+00,+4.940409010376E+00,+4.906304991720E+00,-34.053346759E-03
+1.080000E-06,+4.758558336964E+00,+4.922919217850E+00,+4.909210142443E+00,-13.658449755E-03
+1.085000E-06,+4.697903499807E+00,+4.941311962628E+00,+4.912076034372E+00,-29.185182806E-03
+1.090000E-06,+4.729506829200E+00,+4.939407911141E+00,+4.916512278043E+00,-22.845461268E-03
+1.095000E-06,+4.719299542689E+00,+4.949693715050E+00,+4.909877541934E+00,-39.765626905E-03
+1.100000E-06,+4.687107331382E+00,+4.927473237902E+00,+4.916904865979E+00,-10.518801387E-03
+1.105000E-06,+4.668263110129E+00,+4.950007785399E+00,+4.920320381018E+00,-29.636842952E-03
+1.110000E-06,+4.640389366192E+00,+4.946042647250E+00,+4.921537403618E+00,-24.455568653E-03
+1.115000E-06,+4.684948097695E+00,+4.949909638415E+00,+4.920045569463E+00,-29.813844901E-03
+1.120000E-06,+4.706736728520E+00,+4.948987056767E+00,+4.923735896056E+00,-25.201418246E-03
+1.125000E-06,+4.663552054815E+00,+4.956269562970E+00,+4.915393402427E+00,-40.825197194E-03
+1.130000E-06,+4.719692130631E+00,+4.952952194915E+00,+4.918750029275E+00,-34.152834062E-03
+1.135000E-06,+4.665711288502E+00,+4.962060235019E+00,+4.918514476514E+00,-43.494874868E-03
+1.140000E-06,+4.668263110128E+00,+4.953776629580E+00,+4.924049966405E+00,-29.676515803E-03
+1.145000E-06,+4.611337858427E+00,+4.967262025164E+00,+4.927151411095E+00,-40.060426703E-03
+1.150000E-06,+4.640389366191E+00,+4.974230461019E+00,+4.936966109482E+00,-37.214357431E-03
+1.155000E-06,+4.699473851578E+00,+4.980315574019E+00,+4.936357598182E+00,-43.908082867E-03
+1.160000E-06,+4.669048286015E+00,+4.988952508600E+00,+4.938575720018E+00,-50.325929403E-03
+1.165000E-06,+4.750313990168E+00,+4.981944813952E+00,+4.941402353154E+00,-40.491945248E-03
+1.170000E-06,+4.738536351884E+00,+4.984987370451E+00,+4.948743747547E+00,-36.193849641E-03
+1.175000E-06,+4.714392193404E+00,+4.976841170790E+00,+4.952198521380E+00,-24.593508104E-03
+1.180000E-06,+4.701240497321E+00,+5.005519719477E+00,+4.962759136844E+00,-42.711183480E-03
+1.185000E-06,+4.653737356246E+00,+4.982042960935E+00,+4.956399212289E+00,-25.593263940E-03
+1.190000E-06,+4.673366753384E+00,+4.996765008516E+00,+4.955103672102E+00,-41.611329989E-03
+1.195000E-06,+4.694173914351E+00,+4.986812904352E+00,+4.955221448483E+00,-31.540529433E-03
+1.200000E-06,+4.661196527159E+00,+5.016669216846E+00,+4.969197578986E+00,-47.420656031E-03
+1.205000E-06,+4.673366753384E+00,+4.987931779967E+00,+4.963308759954E+00,-24.572756151E-03
+1.210000E-06,+4.690248034924E+00,+5.011369279717E+00,+4.970767930728E+00,-40.550538997E-03
+1.215000E-06,+4.703007143063E+00,+5.005009355162E+00,+4.970630524951E+00,-34.328615308E-03
+1.220000E-06,+4.724010598002E+00,+5.019731402743E+00,+4.973280493516E+00,-46.400148241E-03
+1.225000E-06,+4.717532896946E+00,+5.011251503336E+00,+4.972946793770E+00,-38.254396470E-03
+1.230000E-06,+4.728721653315E+00,+5.014902571136E+00,+4.976853043729E+00,-37.999269523E-03
+1.235000E-06,+4.710466313977E+00,+5.021026942930E+00,+4.976696008554E+00,-44.281007663E-03
+1.240000E-06,+4.750706578109E+00,+5.021223236898E+00,+4.981053734638E+00,-40.118410101E-03
+1.245000E-06,+4.741677055427E+00,+5.023932093652E+00,+4.989396228268E+00,-34.485475656E-03
+1.250000E-06,+4.710270020005E+00,+5.028093525769E+00,+4.992831372703E+00,-35.212404351E-03
+1.255000E-06,+4.740695585569E+00,+5.033550498072E+00,+4.999446479416E+00,-34.053346759E-03
+1.260000E-06,+4.687892507268E+00,+5.032372734266E+00,+4.995658005839E+00,-36.663820334E-03
+1.265000E-06,+4.697510911866E+00,+5.044287778108E+00,+5.000781278397E+00,-43.456422721E-03
+1.270000E-06,+4.694173914350E+00,+5.043522231634E+00,+5.001507566078E+00,-41.964113184E-03
+1.275000E-06,+4.709092256177E+00,+5.045936647437E+00,+5.006532691652E+00,-39.353029258E-03
+1.280000E-06,+4.791535724157E+00,+5.044699995440E+00,+5.010026724278E+00,-34.622804755E-03
+1.285000E-06,+4.715962545175E+00,+5.049744750411E+00,+5.015542584771E+00,-34.151613359E-03
+1.290000E-06,+4.715766251203E+00,+5.052865824499E+00,+5.018310329717E+00,-34.505617257E-03
+1.295000E-06,+4.756202809308E+00,+5.057930208866E+00,+5.019252540762E+00,-38.627931618E-03
+1.300000E-06,+4.751491753996E+00,+5.054985799350E+00,+5.018428106097E+00,-36.507570337E-03
+1.305000E-06,+4.716551427091E+00,+5.061502759079E+00,+5.024513219098E+00,-36.938478531E-03
+1.310000E-06,+4.665907582471E+00,+5.061581276666E+00,+5.024748771859E+00,-36.782228534E-03
+1.315000E-06,+4.720673600488E+00,+5.064898644721E+00,+5.025690982904E+00,-39.158327114E-03
+1.320000E-06,+4.661196527159E+00,+5.073201879557E+00,+5.029891673814E+00,-43.260499874E-03
+1.325000E-06,+4.704773788806E+00,+5.069609699947E+00,+5.027909104740E+00,-41.649782136E-03
+1.330000E-06,+4.723618010059E+00,+5.074379643364E+00,+5.032168683840E+00,-42.160646383E-03
+1.335000E-06,+4.698296087751E+00,+5.075321854409E+00,+5.034484952659E+00,-40.787355398E-03
+1.340000E-06,+4.649418888876E+00,+5.078776628241E+00,+5.035152352149E+00,-43.572999867E-03
+1.345000E-06,+4.713018135604E+00,+5.080052539031E+00,+5.039843777979E+00,-40.158082951E-03
+1.350000E-06,+4.680825924299E+00,+5.079954392047E+00,+5.040059701343E+00,-39.843751903E-03
+1.355000E-06,+4.671600107641E+00,+5.076440730025E+00,+5.045516673646E+00,-30.874025542E-03
+1.360000E-06,+4.739714115712E+00,+5.080425497570E+00,+5.042690040511E+00,-37.684328123E-03
+1.365000E-06,+4.669244579985E+00,+5.076597765199E+00,+5.046537402279E+00,-30.010988451E-03
+1.370000E-06,+4.694959090237E+00,+5.074772231299E+00,+5.042611522924E+00,-32.110597779E-03
+1.375000E-06,+4.711840371775E+00,+5.067411207509E+00,+5.047518872117E+00,-19.841921296E-03
+1.380000E-06,+4.724010598002E+00,+5.048311804447E+00,+5.041983382227E+00,-6.278078826E-03
+1.385000E-06,+4.762484216394E+00,+5.068451565538E+00,+5.042434858353E+00,-25.966188737E-03
+1.390000E-06,+4.733040120685E+00,+5.046074053215E+00,+5.031304990382E+00,-14.719240746E-03
+1.395000E-06,+4.739517821742E+00,+5.061031653556E+00,+5.027359481630E+00,-33.622438565E-03
+1.400000E-06,+4.751491753995E+00,+5.058205020421E+00,+5.021254739233E+00,-36.900636735E-03
+1.405000E-06,+4.732647532743E+00,+5.066861584399E+00,+5.007651567268E+00,-59.159547370E-03
+1.410000E-06,+4.700062733494E+00,+5.068137495189E+00,+5.011636334813E+00,-56.450196845E-03
+1.415000E-06,+4.648633712990E+00,+5.070650057976E+00,+5.019036617397E+00,-51.563722345E-03
+1.420000E-06,+4.629004315852E+00,+5.071395975054E+00,+5.034759764214E+00,-36.585695336E-03
+1.425000E-06,+4.703007143063E+00,+5.074595566728E+00,+5.036330115956E+00,-38.214723620E-03
+1.430000E-06,+4.755417633423E+00,+5.076578135802E+00,+5.039313784266E+00,-37.214357431E-03
+1.435000E-06,+4.747762168539E+00,+5.080504015157E+00,+5.041296353340E+00,-39.156496059E-03
+1.440000E-06,+4.735003060399E+00,+5.074379643364E+00,+5.032561271775E+00,-41.768800688E-03
+1.445000E-06,+4.716158839147E+00,+5.075871477518E+00,+5.037723803127E+00,-38.096925770E-03
+1.450000E-06,+4.716551427089E+00,+5.074536678538E+00,+5.041158947562E+00,-33.327638768E-03
+1.455000E-06,+4.787020962815E+00,+5.079974021444E+00,+5.045830743995E+00,-34.093629961E-03
+1.460000E-06,+4.793891251815E+00,+5.060246477686E+00,+5.042690040511E+00,-17.506105919E-03
+1.465000E-06,+4.682985157982E+00,+5.073653355683E+00,+5.045497044250E+00,-28.105470916E-03
+1.470000E-06,+4.681218512240E+00,+5.061777570634E+00,+5.036918997859E+00,-24.808351849E-03
+1.475000E-06,+4.713018135603E+00,+5.071219310483E+00,+5.029283162514E+00,-41.885377834E-03
+1.480000E-06,+4.677685220756E+00,+5.058676125944E+00,+5.016308131246E+00,-42.318117082E-03
+1.485000E-06,+4.752276929882E+00,+5.069334888393E+00,+5.022255838469E+00,-47.028199985E-03
+1.490000E-06,+4.684751803725E+00,+5.065585673608E+00,+5.019998457839E+00,-45.537111151E-03
+1.495000E-06,+4.661981703044E+00,+5.074026314222E+00,+5.024689883668E+00,-49.286500716E-03
+1.500000E-06,+4.709877432061E+00,+5.068176753983E+00,+5.027457628614E+00,-40.667726494E-03
+1.505000E-06,+4.709681138092E+00,+5.070473393406E+00,+5.026417270585E+00,-44.005128764E-03
+1.510000E-06,+4.699670145549E+00,+5.059579078195E+00,+5.027810957756E+00,-31.718752085E-03
+1.515000E-06,+4.713803311490E+00,+5.058872419912E+00,+5.030500185114E+00,-28.322145716E-03
+1.520000E-06,+4.762484216392E+00,+5.067313060524E+00,+5.033974588343E+00,-33.287355565E-03
+1.525000E-06,+4.751491753996E+00,+5.061443870889E+00,+5.031520913746E+00,-29.872438650E-03
+1.530000E-06,+4.685929567554E+00,+5.061227947525E+00,+5.039353043059E+00,-21.824953478E-03
+1.535000E-06,+4.681611100182E+00,+5.063426439963E+00,+5.037233068208E+00,-26.142580334E-03
+1.540000E-06,+4.729506829200E+00,+5.060324995273E+00,+5.034524211453E+00,-25.750734640E-03
+1.545000E-06,+4.766017507878E+00,+5.061620535460E+00,+5.031736837111E+00,-29.833376151E-03
+1.550000E-06,+4.709484844120E+00,+5.061542017873E+00,+5.026201347220E+00,-35.290529349E-03
+1.555000E-06,+4.717729190917E+00,+5.056516892299E+00,+5.027261334646E+00,-29.204714055E-03
+1.560000E-06,+4.723225422116E+00,+5.047526628576E+00,+5.029577603465E+00,-17.899172316E-03
+1.565000E-06,+4.712232959719E+00,+5.049764379808E+00,+5.025651724111E+00,-24.061891904E-03
+1.570000E-06,+4.740499291597E+00,+5.041088186434E+00,+5.015876284517E+00,-25.161135044E-03
+1.575000E-06,+4.741677055427E+00,+5.046309605975E+00,+5.016347390039E+00,-29.911501149E-03
+1.580000E-06,+4.688677683153E+00,+5.034414191530E+00,+5.009948206691E+00,-24.415285452E-03
+1.585000E-06,+4.698099793779E+00,+5.047212558227E+00,+5.003490135152E+00,-43.671266466E-03
+1.590000E-06,+4.767587859648E+00,+5.047330334608E+00,+5.003823834897E+00,-43.455812370E-03
+1.595000E-06,+4.779954379847E+00,+5.048625874795E+00,+5.005335298449E+00,-43.240358273E-03
+1.600000E-06,+4.756987985195E+00,+5.048704392382E+00,+5.015679990549E+00,-32.974855573E-03
+1.605000E-06,+4.775243324534E+00,+5.044307407505E+00,+5.015228514423E+00,-29.028932809E-03
+1.610000E-06,+4.693388738466E+00,+5.043090384905E+00,+5.014188156394E+00,-28.851320509E-03
+1.615000E-06,+4.736377118198E+00,+5.045583318295E+00,+5.006964538381E+00,-38.568727518E-03
+1.620000E-06,+4.731862356857E+00,+5.031901628743E+00,+5.013481498110E+00,-18.370363712E-03
+1.625000E-06,+4.732451238772E+00,+5.040970410053E+00,+5.008397484346E+00,-32.522585075E-03
+1.630000E-06,+4.717336602974E+00,+5.040067457801E+00,+5.004059387658E+00,-35.958253943E-03
+1.635000E-06,+4.753454693709E+00,+5.035748990511E+00,+5.004609010768E+00,-31.090089990E-03
+1.640000E-06,+4.727151301544E+00,+5.037397859840E+00,+5.001860895220E+00,-35.487062548E-03
+1.645000E-06,+4.693585032437E+00,+5.028859072243E+00,+5.004137905245E+00,-24.672243454E-03
+1.650000E-06,+4.714588487375E+00,+5.027740196627E+00,+5.002096447981E+00,-25.594484644E-03
+1.655000E-06,+4.769158211420E+00,+5.031980146330E+00,+5.000349431668E+00,-31.581422987E-03
+1.660000E-06,+4.752276929882E+00,+5.029703136304E+00,+4.992281749594E+00,-37.371828130E-03
+1.665000E-06,+4.746191816770E+00,+5.032313846075E+00,+4.992674337529E+00,-39.590456011E-03
+1.670000E-06,+4.691818386694E+00,+5.031155711666E+00,+4.992006938039E+00,-39.099123014E-03
+1.675000E-06,+4.696922029951E+00,+5.022283224324E+00,+4.993165072448E+00,-29.067995309E-03
+1.680000E-06,+4.702025673207E+00,+5.021615824833E+00,+4.996600216884E+00,-24.964601845E-03
+1.685000E-06,+4.722243952260E+00,+5.021380272072E+00,+4.995756152823E+00,-25.574343043E-03
+1.690000E-06,+4.692603562581E+00,+5.020634354995E+00,+4.993223960639E+00,-27.359621323E-03
+1.695000E-06,+4.800761540811E+00,+5.019240667823E+00,+4.990573992074E+00,-28.615724811E-03
+1.700000E-06,+4.751491753997E+00,+5.019181779633E+00,+4.993616548574E+00,-25.516359646E-03
+1.705000E-06,+4.711055195891E+00,+5.018946226872E+00,+4.992026567436E+00,-26.869509029E-03
+1.710000E-06,+4.706736728519E+00,+5.017415133923E+00,+4.989651410426E+00,-27.713625221E-03
+1.715000E-06,+4.794872721671E+00,+5.014882941740E+00,+4.993636177971E+00,-21.196901734E-03
+1.720000E-06,+4.716944015033E+00,+5.013842583710E+00,+4.989455116458E+00,-24.337160453E-03
+1.725000E-06,+4.749136226340E+00,+5.015864411578E+00,+4.986707000910E+00,-29.107668159E-03
+1.730000E-06,+4.722047658288E+00,+5.014274430440E+00,+4.984469249677E+00,-29.755861504E-03
+1.735000E-06,+4.752669517823E+00,+5.016394405291E+00,+4.985882566245E+00,-30.462648597E-03
+1.740000E-06,+4.720084718575E+00,+5.011015950575E+00,+4.988748458174E+00,-22.218019876E-03
+1.745000E-06,+4.806061478041E+00,+5.013803324917E+00,+4.981583728351E+00,-32.169801880E-03
+1.750000E-06,+4.762484216394E+00,+5.011840385239E+00,+4.983173709490E+00,-28.615724811E-03
+1.755000E-06,+4.731273474943E+00,+5.006697483284E+00,+4.984233696916E+00,-22.413942723E-03
+1.760000E-06,+4.741284467483E+00,+5.007325623981E+00,+4.981917428097E+00,-25.357668243E-03
+1.765000E-06,+4.699081263635E+00,+5.006736742078E+00,+4.982977415522E+00,-23.709108709E-03
+1.770000E-06,+4.728721653316E+00,+5.007090071220E+00,+4.983330744664E+00,-23.709719061E-03
+1.775000E-06,+4.701829379235E+00,+5.007443400362E+00,+4.981622987145E+00,-25.770265890E-03
+1.780000E-06,+4.756987985194E+00,+5.009367081246E+00,+4.980111523593E+00,-29.205324407E-03
+1.785000E-06,+4.773084090849E+00,+5.002673456946E+00,+4.979208571342E+00,-23.414919263E-03
+1.790000E-06,+4.756202809307E+00,+5.003281968245E+00,+4.980111523593E+00,-23.121340168E-03
+1.795000E-06,+4.776421088362E+00,+5.001417175552E+00,+4.971239036251E+00,-30.128175949E-03
+1.800000E-06,+4.770335975249E+00,+5.000730146665E+00,+4.968962026225E+00,-31.717531382E-03
+1.805000E-06,+4.791339430186E+00,+5.005578607668E+00,+4.976401567603E+00,-29.126589057E-03
+1.810000E-06,+4.769943387307E+00,+5.003713814975E+00,+4.977324149251E+00,-26.340334236E-03
+1.815000E-06,+4.753847281652E+00,+4.998197954481E+00,+4.974301222148E+00,-23.847048159E-03
+1.820000E-06,+4.771121151134E+00,+4.999159794923E+00,+4.969747202096E+00,-29.361574403E-03
+1.825000E-06,+4.794676427700E+00,+4.996372420581E+00,+4.974301222148E+00,-22.020876325E-03
+1.830000E-06,+4.771513739078E+00,+4.992210988465E+00,+4.970885707109E+00,-21.275637084E-03
+1.835000E-06,+4.737751175999E+00,+4.989286208345E+00,+4.967175751119E+00,-22.061159527E-03
+1.840000E-06,+4.802528186555E+00,+4.991308036213E+00,+4.964408006174E+00,-26.849367428E-03
+1.845000E-06,+4.777795146161E+00,+4.984104047597E+00,+4.964172453412E+00,-19.880983795E-03
+1.850000E-06,+4.760521276680E+00,+4.988795473426E+00,+4.960599903199E+00,-28.144533415E-03
+1.855000E-06,+4.735003060399E+00,+4.988010297555E+00,+4.961385079070E+00,-26.575319583E-03
+1.860000E-06,+4.738928939827E+00,+4.988324367903E+00,+4.961502855451E+00,-26.771242430E-03
+1.865000E-06,+4.792909781958E+00,+4.990817301294E+00,+4.957204017557E+00,-33.562624114E-03
+1.870000E-06,+4.787609844731E+00,+4.990836930690E+00,+4.958126599206E+00,-32.659914173E-03
+1.875000E-06,+4.754632457538E+00,+4.992093212084E+00,+4.963760236080E+00,-28.281862513E-03
+1.880000E-06,+4.736573412171E+00,+4.987539192032E+00,+4.957891046444E+00,-29.598390804E-03
+1.885000E-06,+4.733825296571E+00,+4.983750718455E+00,+4.961051379325E+00,-22.650148772E-03
+1.890000E-06,+4.763269392278E+00,+4.982710360426E+00,+4.962955430812E+00,-19.705812901E-03
+1.895000E-06,+4.810379945411E+00,+4.984084418200E+00,+4.959500656980E+00,-24.534304003E-03
+1.900000E-06,+4.643922657679E+00,+4.981571855413E+00,+4.956477729877E+00,-25.045168250E-03
+1.905000E-06,+4.788198726646E+00,+4.978333004945E+00,+4.957871417047E+00,-20.411379291E-03
+1.910000E-06,+4.762091628449E+00,+4.974937119303E+00,+4.956870317812E+00,-18.017580516E-03
+1.915000E-06,+4.729506829202E+00,+4.974603419558E+00,+4.953337026393E+00,-21.217653687E-03
+1.920000E-06,+4.775832206446E+00,+4.977331905709E+00,+4.950667428431E+00,-26.614992433E-03
+1.925000E-06,+4.768765623477E+00,+4.969421258809E+00,+4.947565983741E+00,-21.806032580E-03
+1.930000E-06,+4.765232331993E+00,+4.971521604264E+00,+4.942815669721E+00,-28.656008013E-03
+1.935000E-06,+4.743443701169E+00,+4.974269719813E+00,+4.938536461224E+00,-35.683595746E-03
+1.940000E-06,+4.682396276069E+00,+4.965318714883E+00,+4.931273584418E+00,-33.995363362E-03
+1.945000E-06,+4.752080635911E+00,+4.969303482429E+00,+4.934963911011E+00,-34.288942457E-03
+1.950000E-06,+4.727151301542E+00,+4.966143149548E+00,+4.934728358250E+00,-31.364748187E-03
+1.955000E-06,+4.729310535230E+00,+4.960156183532E+00,+4.941441611947E+00,-18.664553158E-03
+1.960000E-06,+4.727151301544E+00,+4.966025373167E+00,+4.942580116960E+00,-23.394777662E-03
+1.965000E-06,+4.756006515336E+00,+4.963414663396E+00,+4.935827604470E+00,-27.536623272E-03
+1.970000E-06,+4.792320900045E+00,+4.965632785232E+00,+4.932412089431E+00,-33.170168068E-03
+1.975000E-06,+4.839235159203E+00,+4.961608758893E+00,+4.931764319337E+00,-29.794924003E-03
+1.980000E-06,+4.778187734105E+00,+4.958880272741E+00,+4.936220192405E+00,-22.611086273E-03
+1.985000E-06,+4.763661980222E+00,+4.962531340541E+00,+4.930743590705E+00,-31.738283334E-03
+1.990000E-06,+4.784469141187E+00,+4.959508413438E+00,+4.924638848308E+00,-34.819337953E-03
+1.995000E-06,+4.759343512852E+00,+4.953717741390E+00,+4.927131781698E+00,-26.536867435E-03
+2.000000E-06,+4.845712860259E+00,+4.955189946148E+00,+4.931038031656E+00,-24.102785458E-03
+2.005000E-06,+4.782506201474E+00,+4.951205178602E+00,+4.925914759098E+00,-25.241091097E-03
+2.010000E-06,+4.759736100794E+00,+4.954090699928E+00,+4.926641046779E+00,-27.399904525E-03
+2.015000E-06,+4.741677055426E+00,+4.949261868322E+00,+4.926071794273E+00,-23.140871417E-03
+2.020000E-06,+4.804098538326E+00,+4.945218212586E+00,+4.921066298095E+00,-24.102785458E-03
+2.025000E-06,+4.774458148648E+00,+4.948005586928E+00,+4.922911461392E+00,-25.043337195E-03
+2.030000E-06,+4.747958462511E+00,+4.945375247760E+00,+4.922597391043E+00,-22.728273770E-03
+2.035000E-06,+4.726169831687E+00,+4.942391579451E+00,+4.922165544314E+00,-20.177004296E-03
+2.040000E-06,+4.794676427699E+00,+4.947416705025E+00,+4.921223333269E+00,-26.143801038E-03
+2.045000E-06,+4.724206891973E+00,+4.940369751583E+00,+4.920025940066E+00,-20.294802145E-03
+2.050000E-06,+4.739321527770E+00,+4.944393777922E+00,+4.920359639811E+00,-23.984377258E-03
+2.055000E-06,+4.730292005086E+00,+4.946827823121E+00,+4.917218936327E+00,-29.558107602E-03
+2.060000E-06,+4.755417633423E+00,+4.942548614625E+00,+4.915727102172E+00,-26.771242430E-03
+2.065000E-06,+4.762484216395E+00,+4.944295630938E+00,+4.910132724091E+00,-34.111940508E-03
+2.070000E-06,+4.727936477428E+00,+4.946003388457E+00,+4.913921197669E+00,-32.032472781E-03
+2.075000E-06,+4.695744266124E+00,+4.937759041812E+00,+4.911526411263E+00,-26.182863537E-03
+2.080000E-06,+4.728721653314E+00,+4.941135298057E+00,+4.915648584585E+00,-25.435793241E-03
+2.085000E-06,+4.766802683763E+00,+4.940703451328E+00,+4.909249401237E+00,-31.403200334E-03
+2.090000E-06,+4.753062105768E+00,+4.936659795592E+00,+4.912743433863E+00,-23.867189760E-03
+2.095000E-06,+4.734021590542E+00,+4.940153828218E+00,+4.912821951450E+00,-27.282717028E-03
+2.100000E-06,+4.714588487376E+00,+4.934225750392E+00,+4.913057504211E+00,-21.119387088E-03
+2.105000E-06,+4.710073726035E+00,+4.935815731531E+00,+4.913293056972E+00,-22.471926120E-03
+2.110000E-06,+4.661196527158E+00,+4.931438376050E+00,+4.908778295714E+00,-22.609865570E-03
+2.115000E-06,+4.658252117588E+00,+4.935835360928E+00,+4.906442397498E+00,-29.343263857E-03
+2.120000E-06,+4.700455321435E+00,+4.930378388624E+00,+4.903792428933E+00,-26.536867435E-03
+2.125000E-06,+4.765821213907E+00,+4.933067615983E+00,+4.904499087217E+00,-28.518068563E-03
+2.130000E-06,+4.699670145552E+00,+4.932694657444E+00,+4.905323521882E+00,-27.321779527E-03
+2.135000E-06,+4.707129316462E+00,+4.937444971463E+00,+4.907855714065E+00,-29.538576353E-03
+2.140000E-06,+4.708307080291E+00,+4.929593212754E+00,+4.902143559604E+00,-27.398683822E-03
+2.145000E-06,+4.727151301544E+00,+4.933754644870E+00,+4.900573207862E+00,-33.131105569E-03
+2.150000E-06,+4.750706578110E+00,+4.929907283102E+00,+4.900494690275E+00,-29.362795106E-03
+2.155000E-06,+4.756595397252E+00,+4.929946541895E+00,+4.898001756885E+00,-31.895143683E-03
+2.160000E-06,+4.731862356857E+00,+4.926452509269E+00,+4.900180619927E+00,-26.221926036E-03
+2.165000E-06,+4.767784153621E+00,+4.923841799498E+00,+4.900376913895E+00,-23.414919263E-03
+2.170000E-06,+4.725188361831E+00,+4.921702195250E+00,+4.896686587301E+00,-24.965822549E-03
+2.175000E-06,+4.681414806211E+00,+4.927689161266E+00,+4.898590638788E+00,-29.049074410E-03
+2.180000E-06,+4.737358588055E+00,+4.927159167553E+00,+4.898453233011E+00,-28.656008013E-03
+2.185000E-06,+4.716158839146E+00,+4.929338030595E+00,+4.897334357394E+00,-31.953737431E-03
+2.190000E-06,+4.740106703655E+00,+4.924960675115E+00,+4.899748773198E+00,-25.162355747E-03
+2.195000E-06,+4.715177369290E+00,+4.920053325921E+00,+4.899984325959E+00,-20.018923245E-03
+2.200000E-06,+4.695744266122E+00,+4.927237685140E+00,+4.904342052043E+00,-22.845461268E-03
+2.205000E-06,+4.674740811183E+00,+4.919739255572E+00,+4.894723647623E+00,-24.965822548E-03
+2.210000E-06,+4.740499291598E+00,+4.923154770611E+00,+4.894841424004E+00,-28.264162319E-03
+2.215000E-06,+4.749136226339E+00,+4.921800342234E+00,+4.899729143801E+00,-22.020876325E-03
+2.220000E-06,+4.764839744050E+00,+4.926373991682E+00,+4.899552479230E+00,-26.771242430E-03
+2.225000E-06,+4.773476678791E+00,+4.925706592192E+00,+4.892996260707E+00,-32.661134877E-03
+2.230000E-06,+4.723225422117E+00,+4.924528828385E+00,+4.896019187810E+00,-28.460695517E-03
+2.235000E-06,+4.668851992043E+00,+4.921348866108E+00,+4.890326662746E+00,-30.972902492E-03
+2.240000E-06,+4.687107331381E+00,+4.922526629914E+00,+4.888952604972E+00,-33.524171966E-03
+2.245000E-06,+4.677488926782E+00,+4.919680367382E+00,+4.889777039636E+00,-29.854128103E-03
+2.250000E-06,+4.747958462511E+00,+4.917108916405E+00,+4.889894816017E+00,-27.164308827E-03
+2.255000E-06,+4.731862356857E+00,+4.922428482931E+00,+4.889835927826E+00,-32.542116324E-03
+2.260000E-06,+4.702025673207E+00,+4.914282283269E+00,+4.893820695372E+00,-20.411379291E-03
+2.265000E-06,+4.743247407198E+00,+4.920053325921E+00,+4.892721449152E+00,-27.282106676E-03
+2.270000E-06,+4.720869894460E+00,+4.916755587263E+00,+4.892525155185E+00,-24.180910457E-03
+2.275000E-06,+4.716747721061E+00,+4.917167804595E+00,+4.895096606162E+00,-22.020876325E-03
+2.280000E-06,+4.761699040507E+00,+4.912319343592E+00,+4.889502228081E+00,-22.767336269E-03
+2.285000E-06,+4.696922029950E+00,+4.911946385053E+00,+4.889345192907E+00,-22.551882173E-03
+2.290000E-06,+4.765232331992E+00,+4.911063062198E+00,+4.891622202933E+00,-19.390871501E-03
+2.295000E-06,+4.777598852190E+00,+4.916480775708E+00,+4.891779238107E+00,-24.652712204E-03
+2.300000E-06,+4.830794518434E+00,+4.913418589811E+00,+4.892485896391E+00,-20.882570687E-03
+2.305000E-06,+4.724206891973E+00,+4.913713030763E+00,+4.890208886365E+00,-23.455202465E-03
+2.310000E-06,+4.753847281652E+00,+4.916912622437E+00,+4.886989665294E+00,-29.873049001E-03
+2.315000E-06,+4.728132771401E+00,+4.915931152598E+00,+4.889247045923E+00,-26.633913332E-03
+2.320000E-06,+4.700455321436E+00,+4.919071856082E+00,+4.892642931565E+00,-26.378176032E-03
+2.325000E-06,+4.728329065372E+00,+4.915440417679E+00,+4.887657064784E+00,-27.733766822E-03
+2.330000E-06,+4.713018135605E+00,+4.917383727960E+00,+4.888991863765E+00,-28.342287317E-03
+2.335000E-06,+4.741873349397E+00,+4.919562591001E+00,+4.889737780843E+00,-29.774782402E-03
+2.340000E-06,+4.716944015033E+00,+4.913654142572E+00,+4.885419313552E+00,-28.184816617E-03
+2.345000E-06,+4.736966000113E+00,+4.914439318443E+00,+4.883770444223E+00,-30.618898594E-03
+2.350000E-06,+4.714981075319E+00,+4.910434921501E+00,+4.883966738191E+00,-26.417238531E-03
+2.355000E-06,+4.720084718573E+00,+4.906253859988E+00,+4.885281907775E+00,-20.921022834E-03
+2.360000E-06,+4.704381200864E+00,+4.914910423966E+00,+4.884005996984E+00,-30.853273589E-03
+2.365000E-06,+4.740499291597E+00,+4.904781655230E+00,+4.882101945497E+00,-22.630007171E-03
+2.370000E-06,+4.772298914963E+00,+4.910474180295E+00,+4.884398584920E+00,-26.025392837E-03
+2.375000E-06,+4.744621464997E+00,+4.907510141382E+00,+4.884045255778E+00,-23.414919263E-03
+2.380000E-06,+4.810379945410E+00,+4.911691202895E+00,+4.889031122559E+00,-22.611086273E-03
+2.385000E-06,+4.767391565678E+00,+4.907215700430E+00,+4.880237152804E+00,-26.928102778E-03
+2.390000E-06,+4.753454693709E+00,+4.905331278340E+00,+4.881297140229E+00,-23.983156555E-03
+2.395000E-06,+4.758362042994E+00,+4.903741297201E+00,+4.880354929184E+00,-23.336183913E-03
+2.400000E-06,+4.674544517214E+00,+4.908000876301E+00,+4.877646072429E+00,-30.303957195E-03
+2.405000E-06,+4.745014052938E+00,+4.903015009521E+00,+4.876507567416E+00,-26.456911382E-03
+2.410000E-06,+4.828046402836E+00,+4.900306152766E+00,+4.877881625191E+00,-22.374269872E-03
+2.415000E-06,+4.798013425215E+00,+4.907078294653E+00,+4.874897956881E+00,-32.130739380E-03
+2.420000E-06,+4.733432708629E+00,+4.894417333733E+00,+4.873955745836E+00,-20.411379291E-03
+2.425000E-06,+4.755810221366E+00,+4.899678012069E+00,+4.876272014655E+00,-23.356325514E-03
+2.430000E-06,+4.751491753995E+00,+4.899560235688E+00,+4.872660205649E+00,-26.850588131E-03
+2.435000E-06,+4.758950924908E+00,+4.900325782162E+00,+4.869519502165E+00,-30.756838044E-03
+2.440000E-06,+4.792320900043E+00,+4.897558037217E+00,+4.872699464442E+00,-24.808351849E-03
+2.445000E-06,+4.735003060398E+00,+4.896419532204E+00,+4.870206531052E+00,-26.163332287E-03
+2.450000E-06,+4.751099166054E+00,+4.901091328637E+00,+4.872895758410E+00,-28.145754118E-03
+2.455000E-06,+4.698884969665E+00,+4.904585361262E+00,+4.871286147874E+00,-33.248293066E-03
+2.460000E-06,+4.739714115712E+00,+4.907451253192E+00,+4.871050595113E+00,-36.351320341E-03
+2.465000E-06,+4.759147218880E+00,+4.903839444185E+00,+4.869951348894E+00,-33.837282311E-03
+2.470000E-06,+4.753847281651E+00,+4.904074996946E+00,+4.876507567416E+00,-27.517092023E-03
+2.475000E-06,+4.691425798754E+00,+4.898657283437E+00,+4.871639477016E+00,-26.968385980E-03
+2.480000E-06,+4.771121151133E+00,+4.899363941720E+00,+4.868773585087E+00,-30.540773596E-03
+2.485000E-06,+4.703988612920E+00,+4.892748835007E+00,+4.871462812445E+00,-21.235964233E-03
+2.490000E-06,+4.700062733493E+00,+4.894338816146E+00,+4.870029866481E+00,-24.259035455E-03
+2.495000E-06,+4.727936477429E+00,+4.891041077488E+00,+4.868655808707E+00,-22.334597021E-03
+2.500000E-06,+4.759343512851E+00,+4.889235172985E+00,+4.870265419242E+00,-18.919680106E-03
+2.505000E-06,+4.755221339453E+00,+4.890412936791E+00,+4.865927322555E+00,-24.436647756E-03
+2.510000E-06,+4.667870522186E+00,+4.894535110114E+00,+4.865829175571E+00,-28.656008013E-03
+2.515000E-06,+4.680040748411E+00,+4.892709576214E+00,+4.865024370303E+00,-27.634889872E-03
+2.520000E-06,+4.714588487375E+00,+4.891355147836E+00,+4.862806248468E+00,-28.499758016E-03
+2.525000E-06,+4.733629002600E+00,+4.887959262194E+00,+4.863081060023E+00,-24.827272747E-03
+2.530000E-06,+4.729114241257E+00,+4.888803326256E+00,+4.859115921874E+00,-29.637453303E-03
+2.535000E-06,+4.757576867108E+00,+4.891531812407E+00,+4.856446323913E+00,-35.035402401E-03
+2.540000E-06,+4.770335975248E+00,+4.884210047410E+00,+4.865004740906E+00,-19.156496507E-03
+2.545000E-06,+4.775635912477E+00,+4.887880744607E+00,+4.863139948213E+00,-24.689943648E-03
+2.550000E-06,+4.756202809308E+00,+4.889784796094E+00,+4.856878170642E+00,-32.856447372E-03
+2.555000E-06,+4.716158839147E+00,+4.881030085133E+00,+4.860450720855E+00,-20.529787492E-03
+2.560000E-06,+4.791535724157E+00,+4.884288564997E+00,+4.861942555010E+00,-22.296144874E-03
+2.565000E-06,+4.734610472456E+00,+4.882875248430E+00,+4.861805149232E+00,-21.019899785E-03
+2.570000E-06,+4.674544517215E+00,+4.882953766017E+00,+4.860647014822E+00,-22.257082375E-03
+2.575000E-06,+4.719888424600E+00,+4.888037779781E+00,+4.865672140397E+00,-22.315065772E-03
+2.580000E-06,+4.704381200864E+00,+4.885701881565E+00,+4.856289288739E+00,-29.361574403E-03
+2.585000E-06,+4.726758713603E+00,+4.877477164317E+00,+4.856171512358E+00,-21.256716186E-03
+2.590000E-06,+4.678077808697E+00,+4.880284168055E+00,+4.856171512358E+00,-24.063722959E-03
+2.595000E-06,+4.645296715478E+00,+4.884563376552E+00,+4.853874872935E+00,-30.639040195E-03
+2.600000E-06,+4.774261854674E+00,+4.901169846223E+00,+4.854012278713E+00,-47.108156038E-03
+2.605000E-06,+4.720281012546E+00,+4.905802383862E+00,+4.860234797490E+00,-45.516359198E-03
+2.610000E-06,+4.672188989557E+00,+4.918757785734E+00,+4.863826977100E+00,-54.880372661E-03
+2.615000E-06,+4.658840999501E+00,+4.896910267124E+00,+4.859233698255E+00,-37.626344727E-03
+2.620000E-06,+4.695744266122E+00,+4.925117710288E+00,+4.873170569964E+00,-51.895753587E-03
+2.625000E-06,+4.669440873958E+00,+4.883974494648E+00,+4.877135708113E+00,-6.788943072E-03
+2.630000E-06,+4.662374290985E+00,+4.913222295844E+00,+4.891661461727E+00,-21.511232782E-03
+2.635000E-06,+4.646474479306E+00,+4.891767365169E+00,+4.891465167759E+00,-255.129742E-06
+2.640000E-06,+4.679255572525E+00,+4.934382785566E+00,+4.881807504546E+00,-52.525636385E-03
+2.645000E-06,+4.725973537717E+00,+4.890805524725E+00,+4.875859797323E+00,-14.897463397E-03
+2.650000E-06,+4.686714743438E+00,+4.916716328470E+00,+4.875486838784E+00,-41.179201093E-03
+2.655000E-06,+4.696922029951E+00,+4.920249619888E+00,+4.877646072429E+00,-42.553102428E-03
+2.660000E-06,+4.698099793779E+00,+4.919385926431E+00,+4.882592680417E+00,-36.741945332E-03
+2.665000E-06,+4.716551427089E+00,+4.913379331017E+00,+4.881630839975E+00,-31.698000132E-03
+2.670000E-06,+4.737751175998E+00,+4.917580021928E+00,+4.882553421623E+00,-34.975587950E-03
+2.675000E-06,+4.693585032438E+00,+4.927905084630E+00,+4.881356028420E+00,-46.498414840E-03
+2.680000E-06,+4.741284467483E+00,+4.906194971798E+00,+4.884084514571E+00,-22.061769880E-03
+2.685000E-06,+4.690640622866E+00,+4.920917019379E+00,+4.889914445414E+00,-30.951540188E-03
+2.690000E-06,+4.725580949773E+00,+4.923194029405E+00,+4.892446637597E+00,-30.697023593E-03
+2.695000E-06,+4.774065560704E+00,+4.935246479024E+00,+4.898099903869E+00,-37.096559581E-03
+2.700000E-06,+4.693388738467E+00,+4.921741454044E+00,+4.901908006843E+00,-19.783937899E-03
+2.705000E-06,+4.731077180974E+00,+4.937582377241E+00,+4.912174181356E+00,-25.358278595E-03
+2.710000E-06,+4.683574039895E+00,+4.930221353450E+00,+4.915413031824E+00,-14.758303245E-03
+2.715000E-06,+4.704381200864E+00,+4.942941202560E+00,+4.910348647456E+00,-32.541505973E-03
+2.720000E-06,+4.690248034924E+00,+4.931870222779E+00,+4.921144815682E+00,-10.675051384E-03
+2.725000E-06,+4.682985157981E+00,+4.945021918618E+00,+4.919260393592E+00,-25.711061790E-03
+2.730000E-06,+4.730292005086E+00,+4.944590071889E+00,+4.917729300643E+00,-26.810304929E-03
+2.735000E-06,+4.752276929881E+00,+4.956289192367E+00,+4.918907064450E+00,-37.332155280E-03
+2.740000E-06,+4.693388738467E+00,+4.940350122186E+00,+4.918396700134E+00,-21.903078477E-03
+2.745000E-06,+4.690836916838E+00,+4.955641422274E+00,+4.919751128511E+00,-35.839845743E-03
+2.750000E-06,+4.685144391667E+00,+4.952206277838E+00,+4.924167742785E+00,-27.989504121E-03
+2.755000E-06,+4.684751803725E+00,+4.955543275290E+00,+4.925816612114E+00,-29.677126154E-03
+2.760000E-06,+4.675329693098E+00,+4.957388438586E+00,+4.923500343295E+00,-33.839113366E-03
+2.765000E-06,+4.679451866496E+00,+4.962668746319E+00,+4.929546197502E+00,-33.072511820E-03
+2.770000E-06,+4.744032583083E+00,+4.963395033999E+00,+4.931273584418E+00,-32.071535280E-03
+2.775000E-06,+4.783291377359E+00,+4.968950153286E+00,+4.937594250179E+00,-31.306764789E-03
+2.780000E-06,+4.702810849094E+00,+4.970814945980E+00,+4.939832001412E+00,-30.933839993E-03
+2.785000E-06,+4.746584404712E+00,+4.983044060171E+00,+4.936769815515E+00,-46.224977347E-03
+2.790000E-06,+4.704773788806E+00,+4.993074681923E+00,+4.940734953663E+00,-52.290040687E-03
+2.795000E-06,+4.657074353761E+00,+4.973602320323E+00,+4.937397956211E+00,-36.153566440E-03
+2.800000E-06,+4.731862356856E+00,+4.986125875464E+00,+4.945642302857E+00,-40.433351499E-03
+2.805000E-06,+4.641174542077E+00,+4.978568557706E+00,+4.949116706086E+00,-29.402467957E-03
+2.810000E-06,+4.672188989556E+00,+4.994291704523E+00,+4.957498458509E+00,-36.743166035E-03
+2.815000E-06,+4.712625547661E+00,+4.982690731029E+00,+4.957459199715E+00,-25.181886997E-03
+2.820000E-06,+4.726366125658E+00,+5.011094468161E+00,+4.960011021296E+00,-51.033937200E-03
+2.825000E-06,+4.789572784445E+00,+4.986184763654E+00,+4.956379582893E+00,-29.755251152E-03
+2.830000E-06,+4.713803311491E+00,+5.006736742078E+00,+4.960442868025E+00,-46.242677542E-03
+2.835000E-06,+4.692210974637E+00,+4.999787935620E+00,+4.960855085357E+00,-38.882448214E-03
+2.840000E-06,+4.738143763941E+00,+5.018318086175E+00,+4.966527981025E+00,-51.739503590E-03
+2.845000E-06,+4.709288550147E+00,+4.998021289909E+00,+4.969982754857E+00,-27.989504121E-03
+2.850000E-06,+4.759736100793E+00,+5.015059606311E+00,+4.974458257322E+00,-40.551759700E-03
+2.855000E-06,+4.741284467484E+00,+5.020261396455E+00,+4.974693810083E+00,-45.516969550E-03
+2.860000E-06,+4.677685220756E+00,+5.018004015827E+00,+4.982152980858E+00,-35.802003947E-03
+2.865000E-06,+4.714784781348E+00,+5.017002916591E+00,+4.981034105241E+00,-35.917970741E-03
+2.870000E-06,+4.689855446980E+00,+5.025816515743E+00,+4.988944752142E+00,-36.821291034E-03
+2.875000E-06,+4.721458776374E+00,+5.027327979294E+00,+4.985843307452E+00,-41.434328039E-03
+2.880000E-06,+4.735003060399E+00,+5.035042332227E+00,+4.993223960639E+00,-41.768800689E-03
+2.885000E-06,+4.711840371774E+00,+5.031410893824E+00,+5.004216422833E+00,-27.145387929E-03
+2.890000E-06,+4.769550799364E+00,+5.036416390001E+00,+5.003470505755E+00,-32.895509871E-03
+2.895000E-06,+4.743051113226E+00,+5.044601848456E+00,+5.006964538381E+00,-37.587282227E-03
+2.900000E-06,+4.721655070345E+00,+5.037554895014E+00,+5.009555618755E+00,-27.950441623E-03
+2.905000E-06,+4.687892507267E+00,+5.051020661202E+00,+5.006218621304E+00,-44.751588708E-03
+2.910000E-06,+4.711447783832E+00,+5.048036992892E+00,+5.007828231839E+00,-40.158693303E-03
+2.915000E-06,+4.668459404102E+00,+5.052296571992E+00,+5.011675593607E+00,-40.571901301E-03
+2.920000E-06,+4.714588487374E+00,+5.047605146163E+00,+5.021647327168E+00,-25.906984637E-03
+2.925000E-06,+4.692014680665E+00,+5.057930208866E+00,+5.017054048323E+00,-40.827028249E-03
+2.930000E-06,+4.735395648342E+00,+5.055260610905E+00,+5.020312528188E+00,-34.898683655E-03
+2.935000E-06,+4.705755258663E+00,+5.065134197482E+00,+5.020567710346E+00,-44.515993010E-03
+2.940000E-06,+4.753847281651E+00,+5.054122105892E+00,+5.018899211620E+00,-35.172121149E-03
+2.945000E-06,+4.689659153010E+00,+5.066488625860E+00,+5.023433602275E+00,-43.005372926E-03
+2.950000E-06,+4.720869894458E+00,+5.069511552963E+00,+5.024945065827E+00,-44.516603361E-03
+2.955000E-06,+4.707325610435E+00,+5.072240039115E+00,+5.031344249175E+00,-40.845949147E-03
+2.960000E-06,+4.733432708628E+00,+5.071867080576E+00,+5.032796824537E+00,-39.019777312E-03
+2.965000E-06,+4.739517821741E+00,+5.073339285334E+00,+5.030009450195E+00,-43.280031123E-03
+2.970000E-06,+4.735003060400E+00,+5.077991452370E+00,+5.030637590891E+00,-47.303468534E-03
+2.975000E-06,+4.744621464996E+00,+5.080111427222E+00,+5.036389004146E+00,-43.671266466E-03
+2.980000E-06,+4.664337230702E+00,+5.074065573015E+00,+5.046772955040E+00,-27.242433826E-03
+2.985000E-06,+4.679255572524E+00,+5.082820283977E+00,+5.044064098285E+00,-38.705446265E-03
+2.990000E-06,+4.791928312100E+00,+5.080739567918E+00,+5.047911460053E+00,-32.777101671E-03
+2.995000E-06,+4.765624919936E+00,+5.081367708615E+00,+5.041276723943E+00,-40.039674751E-03
+3.000000E-06,+4.740499291598E+00,+5.079090698589E+00,+5.046772955040E+00,-32.266847776E-03
+3.005000E-06,+4.719888424603E+00,+5.067784166047E+00,+5.047185172372E+00,-20.548708389E-03
+3.010000E-06,+4.673759341328E+00,+5.058047985247E+00,+5.045948520375E+00,-12.049563072E-03
+3.015000E-06,+4.679451866497E+00,+5.070100434866E+00,+5.038764161156E+00,-31.285402485E-03
+3.020000E-06,+4.762484216392E+00,+5.031194970460E+00,+5.032247201427E+00,+1.099850696E-03
+3.025000E-06,+4.738928939828E+00,+5.067018619573E+00,+5.030225373559E+00,-36.742555684E-03
+3.030000E-06,+4.684751803725E+00,+5.062916075647E+00,+5.016622201594E+00,-46.243898244E-03
+3.035000E-06,+4.747173286624E+00,+5.068294530363E+00,+5.003902352484E+00,-64.342042371E-03
+3.040000E-06,+4.726366125659E+00,+5.071317457467E+00,+5.012068181542E+00,-59.197999518E-03
+3.045000E-06,+4.692799856552E+00,+5.068490824331E+00,+5.026750970330E+00,-41.690065339E-03
+3.050000E-06,+4.676900044870E+00,+5.072652256447E+00,+5.034681246627E+00,-37.919923821E-03
+3.055000E-06,+4.721655070344E+00,+5.075871477518E+00,+5.039196007885E+00,-36.625368186E-03
+3.060000E-06,+4.767195271706E+00,+5.078698110654E+00,+5.042218934988E+00,-36.429445339E-03
+3.065000E-06,+4.689070271096E+00,+5.075714442344E+00,+5.036369374749E+00,-39.294435510E-03
+3.070000E-06,+4.684359215782E+00,+5.072455962480E+00,+5.041276723943E+00,-31.129152489E-03
+3.075000E-06,+4.680825924297E+00,+5.070551910992E+00,+5.036820850875E+00,-33.681032314E-03
+3.080000E-06,+4.760128688735E+00,+5.066527884654E+00,+5.046537402279E+00,-19.940187895E-03
+3.085000E-06,+4.742854819254E+00,+5.077952193576E+00,+5.050914757760E+00,-26.988527581E-03
+3.090000E-06,+4.719299542690E+00,+5.074026314222E+00,+5.048304047989E+00,-25.672609642E-03
+3.095000E-06,+4.675722281041E+00,+5.076283694850E+00,+5.044515574411E+00,-31.717531382E-03
+3.100000E-06,+4.715373663260E+00,+5.058126502834E+00,+5.034210141104E+00,-23.865969058E-03
+3.105000E-06,+4.757576867110E+00,+5.074713343109E+00,+5.026908005504E+00,-47.755128680E-03
+3.110000E-06,+4.714981075317E+00,+5.066606402241E+00,+5.017760706607E+00,-48.795167719E-03
+3.115000E-06,+4.676507456928E+00,+5.066272702496E+00,+5.019802163872E+00,-46.420289843E-03
+3.120000E-06,+4.779758085873E+00,+5.064407909802E+00,+5.020705116123E+00,-43.653566271E-03
+3.125000E-06,+4.687892507266E+00,+5.067646760270E+00,+5.028556874833E+00,-39.039918914E-03
+3.130000E-06,+4.715766251204E+00,+5.060207218892E+00,+5.022039915104E+00,-38.116457020E-03
+3.135000E-06,+4.723618010059E+00,+5.070964128325E+00,+5.023355084688E+00,-47.558595481E-03
+3.140000E-06,+4.742069643369E+00,+5.056791703854E+00,+5.027693181375E+00,-29.049074411E-03
+3.145000E-06,+4.754828751510E+00,+5.070807093151E+00,+5.024984324620E+00,-45.772096498E-03
+3.150000E-06,+4.721655070345E+00,+5.062327193744E+00,+5.026162088427E+00,-36.115724643E-03
+3.155000E-06,+4.747958462510E+00,+5.058735014134E+00,+5.026220976617E+00,-32.463380975E-03
+3.160000E-06,+4.735003060400E+00,+5.070139693660E+00,+5.032482754188E+00,-37.606203125E-03
+3.165000E-06,+4.723421716088E+00,+5.060482030447E+00,+5.034327917485E+00,-26.104738539E-03
+3.170000E-06,+4.729899417143E+00,+5.061070912350E+00,+5.038175279253E+00,-22.846681971E-03
+3.175000E-06,+4.782898789416E+00,+5.059245378450E+00,+5.040314883501E+00,-18.880007255E-03
+3.180000E-06,+4.767195271707E+00,+5.058126502834E+00,+5.025259136175E+00,-32.816164170E-03
+3.185000E-06,+4.786039492961E+00,+5.051432878534E+00,+5.026122829633E+00,-25.260011995E-03
+3.190000E-06,+4.710662607948E+00,+5.043600749221E+00,+5.027025781885E+00,-16.524660628E-03
+3.195000E-06,+4.685340685640E+00,+5.045485171311E+00,+5.020273269394E+00,-25.162355747E-03
+3.200000E-06,+4.752276929880E+00,+5.052551754150E+00,+5.019134764381E+00,-33.367921970E-03
+3.205000E-06,+4.693388738465E+00,+5.037397859840E+00,+5.019272170159E+00,-18.076174264E-03
+3.210000E-06,+4.736180824227E+00,+5.043522231634E+00,+5.015130367439E+00,-28.342287317E-03
+3.215000E-06,+4.741873349398E+00,+5.049234386095E+00,+5.005865292162E+00,-43.319703974E-03
+3.220000E-06,+4.709092256177E+00,+5.041323739195E+00,+5.007043055968E+00,-34.229738357E-03
+3.225000E-06,+4.772102620993E+00,+5.049038092128E+00,+5.000388690461E+00,-48.599244872E-03
+3.230000E-06,+4.738143763940E+00,+5.045759982866E+00,+5.008299337362E+00,-37.410890630E-03
+3.235000E-06,+4.751884341939E+00,+5.051197325773E+00,+5.014502226742E+00,-36.644899436E-03
+3.240000E-06,+4.771906327019E+00,+5.049332533079E+00,+5.006886020794E+00,-42.396242081E-03
+3.245000E-06,+4.728721653314E+00,+5.045269247947E+00,+5.013265574746E+00,-31.953127080E-03
+3.250000E-06,+4.775832206448E+00,+5.043404455253E+00,+5.012657063446E+00,-30.697023592E-03
+3.255000E-06,+4.706344140578E+00,+5.047251817021E+00,+5.008103043394E+00,-39.097902310E-03
+3.260000E-06,+4.655700295960E+00,+5.030252759414E+00,+5.003509764549E+00,-26.693117432E-03
+3.265000E-06,+4.724992067858E+00,+5.035748990511E+00,+5.009771542120E+00,-25.927126238E-03
+3.270000E-06,+4.784076553244E+00,+5.036063060859E+00,+5.005433445433E+00,-30.579836095E-03
+3.275000E-06,+4.758362042996E+00,+5.035081591021E+00,+5.005099745687E+00,-29.931642750E-03
+3.280000E-06,+4.705166376749E+00,+5.036926754317E+00,+5.002253483155E+00,-34.622804754E-03
+3.285000E-06,+4.702221967178E+00,+5.033786050833E+00,+4.999132409068E+00,-34.602663153E-03
+3.290000E-06,+4.733432708628E+00,+5.033040133756E+00,+4.996129111361E+00,-36.860353533E-03
+3.295000E-06,+4.768176741563E+00,+5.032058663917E+00,+4.989356969474E+00,-42.651979380E-03
+3.300000E-06,+4.760128688737E+00,+5.029467583543E+00,+4.990789915439E+00,-38.626710915E-03
+3.305000E-06,+4.722832834175E+00,+5.027033538343E+00,+4.993008037274E+00,-33.974611410E-03
+3.310000E-06,+4.707914492347E+00,+5.026955020756E+00,+4.997306875168E+00,-29.597170101E-03
+3.315000E-06,+4.763073098307E+00,+5.024579863746E+00,+4.994480242032E+00,-30.050050951E-03
+3.320000E-06,+4.784469141188E+00,+5.026876503169E+00,+4.993380995813E+00,-33.446046968E-03
+3.325000E-06,+4.759736100793E+00,+5.021321383881E+00,+4.995167270919E+00,-26.104128187E-03
+3.330000E-06,+4.763661980222E+00,+5.022911365020E+00,+4.994480242032E+00,-28.381349816E-03
+3.335000E-06,+4.772298914962E+00,+5.022499147688E+00,+4.996148740758E+00,-26.300661386E-03
+3.340000E-06,+4.736573412171E+00,+5.022558035878E+00,+4.995893558600E+00,-26.614992433E-03
+3.345000E-06,+4.763661980221E+00,+5.018553638936E+00,+4.987138847639E+00,-31.364748187E-03
+3.350000E-06,+4.796246779470E+00,+5.018553638936E+00,+4.986000342625E+00,-32.502443474E-03
+3.355000E-06,+4.751688047969E+00,+5.020555837407E+00,+4.991516203119E+00,-28.989259958E-03
+3.360000E-06,+4.762484216393E+00,+5.021301754485E+00,+4.989612151632E+00,-31.639406384E-03
+3.365000E-06,+4.750510284138E+00,+5.013626660346E+00,+4.987511806177E+00,-26.064455336E-03
+3.370000E-06,+4.753847281654E+00,+5.016080334943E+00,+4.982506310000E+00,-33.524171966E-03
+3.375000E-06,+4.745995522796E+00,+5.016296258307E+00,+4.984449620280E+00,-31.797487435E-03
+3.380000E-06,+4.709877432063E+00,+5.005127131543E+00,+4.984665543645E+00,-20.411379291E-03
+3.385000E-06,+4.721458776373E+00,+5.014824053549E+00,+4.989003640332E+00,-25.770876241E-03
+3.390000E-06,+4.725580949773E+00,+5.011565573685E+00,+4.984547767264E+00,-26.967775629E-03
+3.395000E-06,+4.776224794389E+00,+5.009838186768E+00,+4.991221762168E+00,-18.566286559E-03
+3.400000E-06,+4.844927684374E+00,+5.015334417865E+00,+4.988041799890E+00,-27.242433825E-03
+3.405000E-06,+4.727347595516E+00,+5.005696384049E+00,+4.975675279922E+00,-29.971925952E-03
+3.410000E-06,+4.722832834172E+00,+5.007482659155E+00,+4.980229299974E+00,-27.203371327E-03
+3.415000E-06,+4.777206264247E+00,+5.007855617694E+00,+4.979247830135E+00,-28.558351765E-03
+3.420000E-06,+4.776617382333E+00,+5.002457533581E+00,+4.978462654264E+00,-23.944094056E-03
+3.425000E-06,+4.782113613532E+00,+5.002928639104E+00,+4.975537874145E+00,-27.340090074E-03
+3.430000E-06,+4.761699040507E+00,+5.004970096368E+00,+4.975164915606E+00,-29.754640801E-03
+3.435000E-06,+4.747762168540E+00,+5.005892678017E+00,+4.976617490967E+00,-29.224855656E-03
+3.440000E-06,+4.738143763941E+00,+5.000023488381E+00,+4.970453860380E+00,-29.520265806E-03
+3.445000E-06,+4.703007143063E+00,+4.997707219561E+00,+4.968569438290E+00,-29.087526558E-03
+3.450000E-06,+4.733432708629E+00,+5.000651629078E+00,+4.971435330219E+00,-29.166261908E-03
+3.455000E-06,+4.785646905015E+00,+4.998590542416E+00,+4.975243433193E+00,-23.297731766E-03
+3.460000E-06,+4.747565874569E+00,+4.993742081413E+00,+4.972495317645E+00,-21.197512086E-03
+3.465000E-06,+4.777009970274E+00,+4.990424713358E+00,+4.968510550099E+00,-21.864015977E-03
+3.470000E-06,+4.806061478041E+00,+4.991033224658E+00,+4.965978357915E+00,-25.004885047E-03
+3.475000E-06,+4.742069643370E+00,+4.985281811403E+00,+4.968333885528E+00,-16.897585424E-03
+3.480000E-06,+4.813520648952E+00,+4.991465071387E+00,+4.965821322741E+00,-25.594484644E-03
+3.485000E-06,+4.753847281650E+00,+4.991072483452E+00,+4.956144030131E+00,-34.877931702E-03
+3.490000E-06,+4.802135598614E+00,+4.989776943265E+00,+4.955142930896E+00,-34.583742255E-03
+3.495000E-06,+4.711447783834E+00,+4.990719154310E+00,+4.954318496231E+00,-36.349489286E-03
+3.500000E-06,+4.729506829200E+00,+4.991151001039E+00,+4.961659890625E+00,-29.442140808E-03
+3.505000E-06,+4.760324982707E+00,+4.985497734768E+00,+4.958676222315E+00,-26.771242430E-03
+3.510000E-06,+4.801350422727E+00,+4.985458475974E+00,+4.960521385612E+00,-24.887697550E-03
+3.515000E-06,+4.733432708630E+00,+4.986950310129E+00,+4.962130996148E+00,-24.769289350E-03
+3.520000E-06,+4.738928939826E+00,+4.984555523723E+00,+4.956791800225E+00,-27.713625221E-03
+3.525000E-06,+4.785450611046E+00,+4.985635140545E+00,+4.961522484848E+00,-24.063722959E-03
+3.530000E-06,+4.738928939827E+00,+4.979098551419E+00,+4.954357755025E+00,-24.691164352E-03
+3.535000E-06,+4.758950924908E+00,+4.977979675803E+00,+4.957498458509E+00,-20.431520892E-03
+3.540000E-06,+4.842572156717E+00,+4.974191202226E+00,+4.958990292664E+00,-15.150148940E-03
+3.545000E-06,+4.787609844732E+00,+4.976213030093E+00,+4.948841894531E+00,-27.320558824E-03
+3.550000E-06,+4.754632457537E+00,+4.970069028903E+00,+4.950471134463E+00,-19.548342201E-03
+3.555000E-06,+4.731666062887E+00,+4.969401629412E+00,+4.945092679747E+00,-24.258425103E-03
+3.560000E-06,+4.717729190917E+00,+4.972620850483E+00,+4.946898584250E+00,-25.672609642E-03
+3.565000E-06,+4.736573412170E+00,+4.968145348019E+00,+4.938497202431E+00,-29.597780453E-03
+3.570000E-06,+4.762484216393E+00,+4.967085360593E+00,+4.939243119508E+00,-27.792970923E-03
+3.575000E-06,+4.797228249328E+00,+4.964435392028E+00,+4.938752384589E+00,-25.632936791E-03
+3.580000E-06,+4.737358588057E+00,+4.964612056599E+00,+4.941166800392E+00,-23.394777662E-03
+3.585000E-06,+4.780739555731E+00,+4.966869437229E+00,+4.936612780341E+00,-30.206300947E-03
+3.590000E-06,+4.777009970277E+00,+4.962060235019E+00,+4.941520129534E+00,-20.489504289E-03
+3.595000E-06,+4.699670145551E+00,+4.957133256428E+00,+4.939890889602E+00,-17.192385222E-03
+3.600000E-06,+4.725580949772E+00,+4.967752760083E+00,+4.933472076857E+00,-34.229738357E-03
+3.605000E-06,+4.717140309003E+00,+4.959547672232E+00,+4.934669470060E+00,-24.828493450E-03
+3.610000E-06,+4.746388110740E+00,+4.960803953625E+00,+4.931940983908E+00,-28.812258009E-03
+3.615000E-06,+4.816268764551E+00,+4.959822483786E+00,+4.931744689940E+00,-28.027956269E-03
+3.620000E-06,+4.724795773889E+00,+4.948830021593E+00,+4.932765418573E+00,-16.014406733E-03
+3.625000E-06,+4.715569957232E+00,+4.955013281577E+00,+4.930645443721E+00,-24.318239555E-03
+3.630000E-06,+4.740106703654E+00,+4.954718840625E+00,+4.930566926134E+00,-24.102785458E-03
+3.635000E-06,+4.748154756483E+00,+4.951479990157E+00,+4.927367334460E+00,-24.063112608E-03
+3.640000E-06,+4.741284467484E+00,+4.956838815477E+00,+4.927818810585E+00,-28.970949412E-03
+3.645000E-06,+4.722243952257E+00,+4.955091799164E+00,+4.923166643550E+00,-31.875002082E-03
+3.650000E-06,+4.757773161082E+00,+4.951264066793E+00,+4.920398898605E+00,-30.815431793E-03
+3.655000E-06,+4.724992067858E+00,+4.948731874609E+00,+4.921694438792E+00,-26.987306878E-03
+3.660000E-06,+4.742854819254E+00,+4.943333790496E+00,+4.921144815682E+00,-22.139894877E-03
+3.665000E-06,+4.772691502906E+00,+4.945905241473E+00,+4.924854771673E+00,-20.999758184E-03
+3.670000E-06,+4.749921402225E+00,+4.946474493980E+00,+4.920752227747E+00,-25.672609642E-03
+3.675000E-06,+4.697118323923E+00,+4.942332691260E+00,+4.917179677534E+00,-25.103151647E-03
+3.680000E-06,+4.775047030560E+00,+4.940350122186E+00,+4.918161147372E+00,-22.139894877E-03
+3.685000E-06,+4.748743638396E+00,+4.941351221421E+00,+4.918730399879E+00,-22.571413422E-03
+3.690000E-06,+4.739714115714E+00,+4.944354519128E+00,+4.916237466488E+00,-28.066408417E-03
+3.695000E-06,+4.794872721670E+00,+4.936404613434E+00,+4.915746731569E+00,-20.608522841E-03
+3.700000E-06,+4.738928939829E+00,+4.932812433824E+00,+4.913371574559E+00,-19.390871501E-03
+3.705000E-06,+4.747369580598E+00,+4.936640166196E+00,+4.914490450175E+00,-22.100222027E-03
+3.710000E-06,+4.722832834173E+00,+4.938073112160E+00,+4.914706373540E+00,-23.316652663E-03
+3.715000E-06,+4.783095083387E+00,+4.937562747844E+00,+4.920752227746E+00,-16.760256326E-03
+3.720000E-06,+4.760128688737E+00,+4.941684921166E+00,+4.913371574559E+00,-28.262941615E-03
+3.725000E-06,+4.751491753994E+00,+4.933695756679E+00,+4.915903766743E+00,-17.741701616E-03
+3.730000E-06,+4.813128061011E+00,+4.932302069508E+00,+4.911997516785E+00,-20.255129294E-03
+3.735000E-06,+4.804098538327E+00,+4.930083947673E+00,+4.914097862240E+00,-15.936892086E-03
+3.740000E-06,+4.781328437647E+00,+4.926923614792E+00,+4.909995318314E+00,-16.878664526E-03
+3.745000E-06,+4.763465686251E+00,+4.934382785567E+00,+4.908758666317E+00,-25.574343043E-03
+3.750000E-06,+4.719299542688E+00,+4.932812433824E+00,+4.907522014320E+00,-25.240480745E-03
+3.755000E-06,+4.727543889487E+00,+4.936600907402E+00,+4.907050908798E+00,-29.500734556E-03
+3.760000E-06,+4.716158839147E+00,+4.927002132379E+00,+4.901672454082E+00,-25.279543245E-03
+3.765000E-06,+4.766213801849E+00,+4.931438376050E+00,+4.905676851024E+00,-25.710451438E-03
+3.770000E-06,+4.747173286627E+00,+4.928925813263E+00,+4.902850217888E+00,-26.025392837E-03
+3.775000E-06,+4.767587859647E+00,+4.928474337137E+00,+4.901966895033E+00,-26.457521734E-03
+3.780000E-06,+4.727151301545E+00,+4.927944343424E+00,+4.903007253062E+00,-24.886476847E-03
+3.785000E-06,+4.738340057912E+00,+4.925922515557E+00,+4.899473961643E+00,-26.398317634E-03
+3.790000E-06,+4.764839744050E+00,+4.930260612244E+00,+4.901083572178E+00,-29.127199408E-03
+3.795000E-06,+4.748939932368E+00,+4.930535423799E+00,+4.901750971669E+00,-28.734133011E-03
+3.800000E-06,+4.748351050453E+00,+4.925824368573E+00,+4.905362780675E+00,-20.411379291E-03
+3.805000E-06,+4.692407268609E+00,+4.925765480382E+00,+4.903792428933E+00,-21.922609726E-03
+3.810000E-06,+4.696136854064E+00,+4.925549557018E+00,+4.900180619927E+00,-25.319826447E-03
+3.815000E-06,+4.716355133118E+00,+4.925804739176E+00,+4.905990921372E+00,-19.765017001E-03
+3.820000E-06,+4.718514366803E+00,+4.920799242998E+00,+4.904420569630E+00,-16.329348132E-03
+3.825000E-06,+4.667085346299E+00,+4.928631372312E+00,+4.897707315933E+00,-30.873415190E-03
+3.830000E-06,+4.733825296571E+00,+4.924646604766E+00,+4.896372516953E+00,-28.223879116E-03
+3.835000E-06,+4.728721653315E+00,+4.925726221589E+00,+4.896627699110E+00,-29.047853707E-03
+3.840000E-06,+4.747565874568E+00,+4.925039192702E+00,+4.902536147540E+00,-22.452394870E-03
+3.845000E-06,+4.779561791903E+00,+4.918757785734E+00,+4.898688785772E+00,-20.018312893E-03
+3.850000E-06,+4.744425171028E+00,+4.919385926431E+00,+4.900926537004E+00,-18.409426211E-03
+3.855000E-06,+4.716944015031E+00,+4.919248520653E+00,+4.898217680249E+00,-20.980837286E-03
+3.860000E-06,+4.759343512851E+00,+4.922997735437E+00,+4.893349589849E+00,-29.598390804E-03
+3.865000E-06,+4.765036038023E+00,+4.920112214111E+00,+4.895489194098E+00,-24.572756151E-03
+3.870000E-06,+4.700062733493E+00,+4.922644406295E+00,+4.893506625023E+00,-29.088136909E-03
+3.875000E-06,+4.720477306516E+00,+4.914694500602E+00,+4.892760707946E+00,-21.884767930E-03
+3.880000E-06,+4.777402558218E+00,+4.923625876134E+00,+4.895626599875E+00,-27.950441622E-03
+3.885000E-06,+4.735788236284E+00,+4.915224494314E+00,+4.889227416526E+00,-25.947267839E-03
+3.890000E-06,+4.722440246232E+00,+4.919542961605E+00,+4.891111838617E+00,-28.381349816E-03
+3.895000E-06,+4.750313990166E+00,+4.916500405105E+00,+4.889816298430E+00,-26.633302980E-03
+3.900000E-06,+4.690248034925E+00,+4.916794846056E+00,+4.887303735643E+00,-29.442140808E-03
+3.905000E-06,+4.746976992655E+00,+4.916343369931E+00,+4.891779238107E+00,-24.514162402E-03
+3.910000E-06,+4.749136226337E+00,+4.917815574688E+00,+4.890562215507E+00,-27.203371326E-03
+3.915000E-06,+4.791928312101E+00,+4.920583319634E+00,+4.889875186620E+00,-30.657961093E-03
+3.920000E-06,+4.782898789417E+00,+4.922134041979E+00,+4.889816298430E+00,-32.266847776E-03
+3.925000E-06,+4.803902244356E+00,+4.916598552089E+00,+4.890954803443E+00,-25.593874292E-03
+3.930000E-06,+4.720869894462E+00,+4.915891893805E+00,+4.892407378804E+00,-23.435060864E-03
+3.935000E-06,+4.750313990165E+00,+4.921250719124E+00,+4.887617805991E+00,-33.582765715E-03
+3.940000E-06,+4.691818386696E+00,+4.914596353618E+00,+4.884555620094E+00,-29.991457202E-03
+3.945000E-06,+4.734217884513E+00,+4.917422986753E+00,+4.889247045923E+00,-28.126222868E-03
+3.950000E-06,+4.769158211420E+00,+4.915852635011E+00,+4.884398584920E+00,-31.403810686E-03
+3.955000E-06,+4.730488299059E+00,+4.909394563472E+00,+4.887735582371E+00,-21.609499382E-03
+3.960000E-06,+4.766410095820E+00,+4.910120851153E+00,+4.888167429101E+00,-21.903078476E-03
+3.965000E-06,+4.733629002598E+00,+4.914576724221E+00,+4.882278610068E+00,-32.247926878E-03
+3.970000E-06,+4.759736100795E+00,+4.914949682760E+00,+4.883770444223E+00,-31.129152489E-03
+3.975000E-06,+4.689855446982E+00,+4.912613784543E+00,+4.882023427910E+00,-30.539552893E-03
+3.980000E-06,+4.650204064762E+00,+4.915460047076E+00,+4.883848961810E+00,-31.561281385E-03
+3.985000E-06,+4.760128688737E+00,+4.915675970440E+00,+4.883083415336E+00,-32.542726676E-03
+3.990000E-06,+4.807631829810E+00,+4.908707534585E+00,+4.882749715591E+00,-25.906984637E-03
+3.995000E-06,+4.753847281655E+00,+4.909571228043E+00,+4.881768245752E+00,-27.752687721E-03
+4.000000E-06,+4.755417633423E+00,+4.905645348688E+00,+4.884241549746E+00,-21.353762082E-03
+4.005000E-06,+4.723421716087E+00,+4.904977949198E+00,+4.883279709304E+00,-21.648561880E-03
+4.010000E-06,+4.698492381723E+00,+4.905723866275E+00,+4.878274213126E+00,-27.399904525E-03
+4.015000E-06,+4.655307708017E+00,+4.911239726769E+00,+4.880629740739E+00,-30.560304845E-03
+4.020000E-06,+4.684751803724E+00,+4.905331278340E+00,+4.884477102507E+00,-20.804445689E-03
+4.025000E-06,+4.682003688125E+00,+4.907784952937E+00,+4.884320067333E+00,-23.416139966E-03
+4.030000E-06,+4.690640622866E+00,+4.907765323540E+00,+4.880001600042E+00,-27.714845924E-03
+4.035000E-06,+4.659822469360E+00,+4.901562434159E+00,+4.876684231987E+00,-24.828493450E-03
+4.040000E-06,+4.680040748411E+00,+4.902190574856E+00,+4.877096449320E+00,-25.045168250E-03
+4.045000E-06,+4.730488299058E+00,+4.903917961772E+00,+4.880080117629E+00,-23.787844059E-03
+4.050000E-06,+4.687892507268E+00,+4.904899431611E+00,+4.882592680417E+00,-22.257082375E-03
+4.055000E-06,+4.704184906891E+00,+4.907765323540E+00,+4.877626443033E+00,-30.088503098E-03
+4.060000E-06,+4.687892507267E+00,+4.899363941721E+00,+4.879216424171E+00,-20.098879298E-03
+4.065000E-06,+4.697314617892E+00,+4.902857974346E+00,+4.879942711852E+00,-22.864992517E-03
+4.070000E-06,+4.744032583083E+00,+4.902504645204E+00,+4.880708258326E+00,-21.745607776E-03
+4.075000E-06,+4.771906327019E+00,+4.902622421585E+00,+4.878647171665E+00,-23.925783509E-03
+4.080000E-06,+4.688677683154E+00,+4.907215700430E+00,+4.876625343797E+00,-30.540773596E-03
+4.085000E-06,+4.693585032436E+00,+4.896517679188E+00,+4.874426851358E+00,-22.041628278E-03
+4.090000E-06,+4.737358588056E+00,+4.899089130166E+00,+4.875840167926E+00,-23.199465166E-03
+4.095000E-06,+4.757576867108E+00,+4.900659481907E+00,+4.874191298597E+00,-26.419069586E-03
+4.100000E-06,+4.647848537107E+00,+4.896537308585E+00,+4.874583886532E+00,-21.903078476E-03
+4.105000E-06,+4.748351050454E+00,+4.896380273411E+00,+4.869028767245E+00,-27.301027575E-03
+4.110000E-06,+4.735788236285E+00,+4.892101064914E+00,+4.872110582539E+00,-19.940187895E-03
+4.115000E-06,+4.720281012546E+00,+4.890000719459E+00,+4.874014634026E+00,-15.935671383E-03
+4.120000E-06,+4.723225422116E+00,+4.898971353785E+00,+4.866575092649E+00,-32.344972774E-03
+4.125000E-06,+4.734021590542E+00,+4.892042176723E+00,+4.864101788655E+00,-27.889406467E-03
+4.130000E-06,+4.740106703656E+00,+4.891315889043E+00,+4.865515105223E+00,-25.750734641E-03
+4.135000E-06,+4.746780698682E+00,+4.893062905356E+00,+4.865986210745E+00,-27.026979729E-03
+4.140000E-06,+4.705951552635E+00,+4.887429268482E+00,+4.863041801229E+00,-24.337160453E-03
+4.145000E-06,+4.697510911867E+00,+4.891158853869E+00,+4.865946951952E+00,-25.162355747E-03
+4.150000E-06,+4.632930195278E+00,+4.884170788617E+00,+4.859155180668E+00,-24.965822548E-03
+4.155000E-06,+4.698492381721E+00,+4.882541548684E+00,+4.864376600210E+00,-18.115236764E-03
+4.160000E-06,+4.725580949773E+00,+4.884210047410E+00,+4.860607756029E+00,-23.553469064E-03
+4.165000E-06,+4.702025673207E+00,+4.884327823791E+00,+4.861765890439E+00,-22.512209322E-03
+4.170000E-06,+4.728721653313E+00,+4.885662622772E+00,+4.863512906752E+00,-22.100832378E-03
+4.175000E-06,+4.728917947288E+00,+4.886702980801E+00,+4.862079960787E+00,-24.573366502E-03
+4.180000E-06,+4.737358588055E+00,+4.881461931862E+00,+4.860764791203E+00,-20.648195692E-03
+4.185000E-06,+4.713803311490E+00,+4.887684450639E+00,+4.856092994771E+00,-31.541750136E-03
+4.190000E-06,+4.701240497321E+00,+4.885780399152E+00,+4.854758195790E+00,-30.971681789E-03
+4.195000E-06,+4.739321527769E+00,+4.882168590146E+00,+4.860548867839E+00,-21.570436882E-03
+4.200000E-06,+4.749136226339E+00,+4.878085675617E+00,+4.854561901822E+00,-23.472902660E-03
+4.205000E-06,+4.774850736591E+00,+4.877084576381E+00,+4.857152982197E+00,-19.882814849E-03
+4.210000E-06,+4.733040120686E+00,+4.879970097707E+00,+4.856053735977E+00,-23.867189760E-03
+4.215000E-06,+4.717140309003E+00,+4.883444500936E+00,+4.853717837761E+00,-29.677126154E-03
+4.220000E-06,+4.663552054816E+00,+4.880441203230E+00,+4.856210771151E+00,-24.180910457E-03
+4.225000E-06,+4.743443701169E+00,+4.888587402891E+00,+4.854934860361E+00,-33.602296965E-03
+4.230000E-06,+4.712625547662E+00,+4.894927698049E+00,+4.857035205816E+00,-37.841798823E-03
+4.235000E-06,+4.720084718573E+00,+4.905213501959E+00,+4.859429992222E+00,-45.732423647E-03
+4.240000E-06,+4.705951552635E+00,+4.928022861011E+00,+4.863905494687E+00,-64.066163471E-03
+4.245000E-06,+4.733432708630E+00,+4.895202509604E+00,+4.865043999700E+00,-30.108644699E-03
+4.250000E-06,+4.710270020004E+00,+4.903486115043E+00,+4.875486838784E+00,-27.949220919E-03
+4.255000E-06,+4.749528814281E+00,+4.885093370265E+00,+4.887401882626E+00,+2.355343832E-03
+4.260000E-06,+4.648633712992E+00,+4.936973865940E+00,+4.899473961643E+00,-37.449953128E-03
+4.265000E-06,+4.746780698683E+00,+4.880048615293E+00,+4.884535990697E+00,+4.535519567E-03
+4.270000E-06,+4.760128688736E+00,+4.911534167722E+00,+4.880197894010E+00,-31.286623189E-03
+4.275000E-06,+4.704577494837E+00,+4.908629016997E+00,+4.881159734452E+00,-27.418825423E-03
+4.280000E-06,+4.738143763940E+00,+4.924725122353E+00,+4.873798710662E+00,-50.875245797E-03
+4.285000E-06,+4.713803311490E+00,+4.893043275958E+00,+4.876213126465E+00,-16.779787574E-03
+4.290000E-06,+4.717729190916E+00,+4.912947484290E+00,+4.884437843713E+00,-28.460695518E-03
+4.295000E-06,+4.774654442618E+00,+4.922722923881E+00,+4.881591581181E+00,-41.080934492E-03
+4.300000E-06,+4.720084718575E+00,+4.914360800857E+00,+4.885576348726E+00,-28.734133012E-03
+4.305000E-06,+4.661785409074E+00,+4.925883256763E+00,+4.885007096220E+00,-40.825197194E-03
+4.310000E-06,+4.622330320824E+00,+4.920602949031E+00,+4.891465167759E+00,-29.088136910E-03
+4.315000E-06,+4.655896589930E+00,+4.929573583356E+00,+4.887382253230E+00,-42.141725484E-03
+4.320000E-06,+4.727936477428E+00,+4.916480775708E+00,+4.891308132584E+00,-25.123293249E-03
+4.325000E-06,+4.713607017518E+00,+4.932066516747E+00,+4.895705117462E+00,-36.311037139E-03
+4.330000E-06,+4.699277557609E+00,+4.929946541896E+00,+4.903556876172E+00,-26.340334237E-03
+4.335000E-06,+4.675525987069E+00,+4.947966328134E+00,+4.906579803275E+00,-41.336061440E-03
+4.340000E-06,+4.673759341327E+00,+4.920092584715E+00,+4.911879740404E+00,-8.162844409E-03
+4.345000E-06,+4.709484844119E+00,+4.948830021593E+00,+4.907463126130E+00,-41.317140543E-03
+4.350000E-06,+4.712232959719E+00,+4.938190888541E+00,+4.910623459011E+00,-27.517092023E-03
+4.355000E-06,+4.681414806212E+00,+4.943216014115E+00,+4.915668213982E+00,-27.497560773E-03
+4.360000E-06,+4.725580949772E+00,+4.932184293128E+00,+4.921694438792E+00,-10.440676389E-03
+4.365000E-06,+4.691622092723E+00,+4.949360015305E+00,+4.911271229104E+00,-38.038942374E-03
+4.370000E-06,+4.717336602975E+00,+4.950792961270E+00,+4.917061901153E+00,-33.680421963E-03
+4.375000E-06,+4.733040120685E+00,+4.953344782851E+00,+4.918259294356E+00,-35.034792050E-03
+4.380000E-06,+4.743639995140E+00,+4.945375247760E+00,+4.916826348392E+00,-28.499758016E-03
+4.385000E-06,+4.722832834175E+00,+4.955307722529E+00,+4.924305148563E+00,-30.953371243E-03
+4.390000E-06,+4.691033210808E+00,+4.951578137141E+00,+4.922165544314E+00,-29.362795106E-03
+4.395000E-06,+4.734610472456E+00,+4.961216170957E+00,+4.922793685011E+00,-38.372194319E-03
+4.400000E-06,+4.661196527160E+00,+4.964140951077E+00,+4.922322579489E+00,-41.768800688E-03
+4.405000E-06,+4.688677683151E+00,+4.963807251332E+00,+4.931862466321E+00,-31.895143683E-03
+4.410000E-06,+4.713803311491E+00,+4.970029770109E+00,+4.935317240153E+00,-34.661867254E-03
+4.415000E-06,+4.644707833563E+00,+4.982788878013E+00,+4.933589853237E+00,-49.149171617E-03
+4.420000E-06,+4.683966627838E+00,+4.988873991013E+00,+4.936377227579E+00,-52.445069981E-03
+4.425000E-06,+4.704773788806E+00,+4.990091013613E+00,+4.938830902176E+00,-51.209718447E-03
+4.430000E-06,+4.729506829200E+00,+4.987853262380E+00,+4.941873458676E+00,-45.930177548E-03
+4.435000E-06,+4.688873977126E+00,+4.977194499933E+00,+4.946682660886E+00,-30.462648598E-03
+4.440000E-06,+4.614085974027E+00,+5.013292960600E+00,+4.967234639309E+00,-46.007081843E-03
+4.445000E-06,+4.741284467484E+00,+4.980845567732E+00,+4.955182189689E+00,-25.613405542E-03
+4.450000E-06,+4.760913864621E+00,+4.997471666800E+00,+4.959186586631E+00,-38.234865220E-03
+4.455000E-06,+4.756987985195E+00,+4.989011396791E+00,+4.955241077880E+00,-33.719484462E-03
+4.460000E-06,+4.757773161080E+00,+5.015098865103E+00,+4.960717679580E+00,-54.329835563E-03
+4.465000E-06,+4.678077808696E+00,+4.995253544964E+00,+4.960639161993E+00,-34.564211005E-03
+4.470000E-06,+4.754239869594E+00,+5.005794531033E+00,+4.964682817728E+00,-41.062013595E-03
+4.475000E-06,+4.737358588057E+00,+5.002143463233E+00,+4.968078703370E+00,-34.015504963E-03
+4.480000E-06,+4.693388738466E+00,+5.022715071052E+00,+4.971553106599E+00,-51.112062198E-03
+4.485000E-06,+4.681611100180E+00,+5.003713814974E+00,+4.972730870406E+00,-30.933229641E-03
+4.490000E-06,+4.744817758969E+00,+5.019142520840E+00,+4.977441925632E+00,-41.650392488E-03
+4.495000E-06,+4.694959090238E+00,+5.017846980652E+00,+4.982035204477E+00,-35.761720745E-03
+4.500000E-06,+4.676900044870E+00,+5.026955020756E+00,+4.987021071258E+00,-39.884035106E-03
+4.505000E-06,+4.689266565067E+00,+5.019751032139E+00,+4.984940355200E+00,-34.761354556E-03
+4.510000E-06,+4.712232959718E+00,+5.031587558395E+00,+4.995226159110E+00,-36.311037139E-03
+4.515000E-06,+4.687499919325E+00,+5.033059763153E+00,+5.002626441694E+00,-30.382692545E-03
+4.520000E-06,+4.641567130021E+00,+5.038104518124E+00,+5.000761649000E+00,-37.293703132E-03
+4.525000E-06,+4.691229504780E+00,+5.035415290765E+00,+5.005237151465E+00,-30.127565597E-03
+4.530000E-06,+4.693388738467E+00,+5.043286678873E+00,+5.007200091142E+00,-36.036378942E-03
+4.535000E-06,+4.674937105156E+00,+5.051511396121E+00,+5.010753011958E+00,-40.707399345E-03
+4.540000E-06,+4.517509340108E+00,+5.040303010563E+00,+5.013874086046E+00,-26.378176033E-03
+4.545000E-06,+4.638622720447E+00,+5.048017363495E+00,+5.011518558433E+00,-36.448366237E-03
+4.550000E-06,+4.680040748413E+00,+5.045838500453E+00,+5.008848960471E+00,-36.939699234E-03
+4.555000E-06,+4.657270647731E+00,+5.049725121014E+00,+5.010360424023E+00,-39.315187462E-03
+4.560000E-06,+4.749921402223E+00,+5.059932407337E+00,+5.009555618755E+00,-50.325929403E-03
+4.565000E-06,+4.697707205836E+00,+5.056654298076E+00,+5.015110738042E+00,-41.492921788E-03
+4.570000E-06,+4.708307080291E+00,+5.062209417363E+00,+5.015994060897E+00,-46.164552543E-03
+4.575000E-06,+4.676507456927E+00,+5.068942300457E+00,+5.019232911365E+00,-49.658815160E-03
+4.580000E-06,+4.637641250593E+00,+5.061110171144E+00,+5.024630995478E+00,-36.429445339E-03
+4.585000E-06,+4.645493009449E+00,+5.067371948715E+00,+5.024159889956E+00,-43.161012571E-03
+4.590000E-06,+4.672581577496E+00,+5.073633726286E+00,+5.029106497943E+00,-44.476320159E-03
+4.595000E-06,+4.694959090238E+00,+5.074301125776E+00,+5.031520913746E+00,-42.730104378E-03
+4.600000E-06,+4.727936477429E+00,+5.076028512693E+00,+5.030833884859E+00,-45.145265457E-03
+4.605000E-06,+4.801350422729E+00,+5.078776628241E+00,+5.034072735327E+00,-44.653932460E-03
+4.610000E-06,+4.733432708629E+00,+5.078305522719E+00,+5.037625656143E+00,-40.629884698E-03
+4.615000E-06,+4.743247407197E+00,+5.086785422125E+00,+5.039706372201E+00,-47.028199985E-03
+4.620000E-06,+4.661196527160E+00,+5.076578135803E+00,+5.041512276704E+00,-35.015871152E-03
+4.625000E-06,+4.709288550149E+00,+5.081662149567E+00,+5.049187370843E+00,-32.424318476E-03
+4.630000E-06,+4.696136854064E+00,+5.078266263925E+00,+5.048421824369E+00,-29.794924003E-03
+4.635000E-06,+4.658252117589E+00,+5.069805993915E+00,+5.050718463792E+00,-19.037477955E-03
+4.640000E-06,+4.732647532741E+00,+5.061659794254E+00,+5.040491548072E+00,-21.119387087E-03
+4.645000E-06,+4.693781326406E+00,+5.069727476328E+00,+5.043455586985E+00,-26.221926036E-03
+4.650000E-06,+4.771513739078E+00,+5.057380585757E+00,+5.034720505421E+00,-22.611086273E-03
+4.655000E-06,+4.760913864622E+00,+5.069001188647E+00,+5.029872044417E+00,-39.079591764E-03
+4.660000E-06,+4.764054568164E+00,+5.052159166215E+00,+5.020312528188E+00,-31.795656380E-03
+4.665000E-06,+4.733432708628E+00,+5.068255271570E+00,+5.009064883836E+00,-59.139405769E-03
+4.670000E-06,+4.747173286624E+00,+5.067313060524E+00,+5.011754111194E+00,-55.509034756E-03
+4.675000E-06,+4.647848537108E+00,+5.069491923567E+00,+5.020508822155E+00,-48.932496818E-03
+4.680000E-06,+4.648633712989E+00,+5.077206276499E+00,+5.033267930059E+00,-43.887941266E-03
+4.685000E-06,+4.629593197762E+00,+5.076342583041E+00,+5.036192710178E+00,-40.100099554E-03
+4.690000E-06,+4.700062733496E+00,+5.084469153305E+00,+5.037704173730E+00,-46.713868937E-03
+4.695000E-06,+4.722832834171E+00,+5.084881370638E+00,+5.037154550620E+00,-47.677003682E-03
+4.700000E-06,+4.669048286016E+00,+5.077284794086E+00,+5.039627854614E+00,-37.606203125E-03
+4.705000E-06,+4.630770961593E+00,+5.079542174716E+00,+5.038234167443E+00,-41.257326091E-03
+4.710000E-06,+4.687499919324E+00,+5.070414505215E+00,+5.039470819440E+00,-30.893556791E-03
+4.715000E-06,+4.748939932366E+00,+5.078187746338E+00,+5.047538501514E+00,-30.598756993E-03
+4.720000E-06,+4.767980447592E+00,+5.062523487712E+00,+5.046380367105E+00,-16.092531731E-03
+4.725000E-06,+4.734021590542E+00,+5.074183349396E+00,+5.041806717656E+00,-32.326051876E-03
+4.730000E-06,+4.705166376751E+00,+5.065193085673E+00,+5.032011648666E+00,-33.132326272E-03
+4.735000E-06,+4.778187734101E+00,+5.069511552963E+00,+5.031344249175E+00,-38.117067372E-03
+4.740000E-06,+4.742854819256E+00,+5.055221352112E+00,+5.021882879930E+00,-33.287355566E-03
+4.745000E-06,+4.736180824228E+00,+5.073162620764E+00,+5.023826190211E+00,-49.285280013E-03
+4.750000E-06,+4.724795773887E+00,+5.063936804279E+00,+5.019919940252E+00,-43.967286967E-03
+4.755000E-06,+4.717532896946E+00,+5.064839756531E+00,+5.023139161323E+00,-41.650392488E-03
+4.760000E-06,+4.731862356857E+00,+5.062994593234E+00,+5.028713910007E+00,-34.229738357E-03
+4.765000E-06,+4.837075925519E+00,+5.065997890941E+00,+5.026142459030E+00,-39.804689404E-03
+4.770000E-06,+4.791143136218E+00,+5.066096037924E+00,+5.026750970330E+00,-39.295656212E-03
+4.775000E-06,+4.756399103280E+00,+5.064250874628E+00,+5.034426064469E+00,-29.774172051E-03
+4.780000E-06,+4.709092256178E+00,+5.060403512860E+00,+5.033503482820E+00,-26.849367428E-03
+4.785000E-06,+4.667870522186E+00,+5.062994593234E+00,+5.028125028104E+00,-34.819948305E-03
+4.790000E-06,+4.675722281040E+00,+5.065585673608E+00,+5.040138218930E+00,-25.397951445E-03
+4.795000E-06,+4.720673600488E+00,+5.057871320676E+00,+5.035721604656E+00,-22.099001324E-03
+4.800000E-06,+4.729506829201E+00,+5.067077507763E+00,+5.036801221478E+00,-30.225832196E-03
+4.805000E-06,+4.663748348786E+00,+5.060992394763E+00,+5.033366077043E+00,-27.576906474E-03
+4.810000E-06,+4.663552054816E+00,+5.057655397312E+00,+5.033582000407E+00,-24.023439757E-03
+4.815000E-06,+4.655700295959E+00,+5.049254015492E+00,+5.034386805675E+00,-14.817507346E-03
+4.820000E-06,+4.692603562580E+00,+5.041951879892E+00,+5.023060643736E+00,-18.841555107E-03
+4.825000E-06,+4.748743638397E+00,+5.049705491618E+00,+5.020175122410E+00,-29.481203307E-03
+4.830000E-06,+4.714981075318E+00,+5.039321540724E+00,+5.020862151298E+00,-18.409426211E-03
+4.835000E-06,+4.726562419630E+00,+5.048370692637E+00,+5.019546981714E+00,-28.773805862E-03
+4.840000E-06,+4.716944015032E+00,+5.042737055763E+00,+5.010733382562E+00,-31.954347783E-03
+4.845000E-06,+4.726169831687E+00,+5.045759982866E+00,+5.003136806010E+00,-42.572633678E-03
+4.850000E-06,+4.713803311491E+00,+5.043679266808E+00,+5.007160832349E+00,-36.468507839E-03
+4.855000E-06,+4.707914492348E+00,+5.045661835882E+00,+5.009123772026E+00,-36.487428736E-03
+4.860000E-06,+4.662766878931E+00,+5.043993337156E+00,+5.010576347388E+00,-33.367921970E-03
+4.865000E-06,+4.741873349396E+00,+5.046250717786E+00,+5.014678891313E+00,-31.521608535E-03
+4.870000E-06,+4.745995522799E+00,+5.040734857292E+00,+5.010458571007E+00,-30.225832196E-03
+4.875000E-06,+4.689462859038E+00,+5.038398959076E+00,+5.010478200404E+00,-27.869875218E-03
+4.880000E-06,+4.767195271705E+00,+5.049725121014E+00,+5.009241548407E+00,-40.433351499E-03
+4.885000E-06,+4.731862356858E+00,+5.038241923901E+00,+5.011793369988E+00,-26.398927985E-03
+4.890000E-06,+4.707129316462E+00,+5.037397859840E+00,+5.011086711704E+00,-26.260988535E-03
+4.895000E-06,+4.731273474943E+00,+5.041677068337E+00,+5.008495631330E+00,-33.130495217E-03
+4.900000E-06,+4.702810849093E+00,+5.035356402576E+00,+5.014188156394E+00,-21.119387088E-03
+4.905000E-06,+4.751295460025E+00,+5.034630114895E+00,+5.004491234387E+00,-30.089723801E-03
+4.910000E-06,+4.700455321437E+00,+5.029585359923E+00,+5.002920882646E+00,-26.614992433E-03
+4.915000E-06,+4.694370208322E+00,+5.028662778275E+00,+4.998641674149E+00,-29.971925952E-03
+4.920000E-06,+4.698884969665E+00,+5.032294216678E+00,+4.991810644071E+00,-40.433351499E-03
+4.925000E-06,+4.754239869594E+00,+5.030311647604E+00,+4.994931718158E+00,-35.329591848E-03
+4.930000E-06,+4.728721653318E+00,+5.029663877511E+00,+4.992203232006E+00,-37.410890630E-03
+4.935000E-06,+4.744425171023E+00,+5.028368337324E+00,+4.993891360129E+00,-34.427492259E-03
+4.940000E-06,+4.789180196501E+00,+5.023814317272E+00,+4.991182503374E+00,-32.581789175E-03
+4.945000E-06,+4.785254317072E+00,+5.026719467995E+00,+4.992693966926E+00,-33.975221761E-03
+4.950000E-06,+4.818231704267E+00,+5.025463186601E+00,+4.991103985787E+00,-34.309084058E-03
+4.955000E-06,+4.788787608559E+00,+5.021498048453E+00,+4.989278451887E+00,-32.169191528E-03
+4.960000E-06,+4.826083463121E+00,+5.026955020756E+00,+4.989612151632E+00,-37.293703132E-03
+4.965000E-06,+4.715766251203E+00,+5.024501346159E+00,+4.989199934300E+00,-35.252077201E-03
+4.970000E-06,+4.738536351884E+00,+5.024599493143E+00,+4.991457314929E+00,-33.092043070E-03
+4.975000E-06,+4.793106075928E+00,+5.025050969269E+00,+4.991418056135E+00,-33.583376067E-03
+4.980000E-06,+4.709092256179E+00,+5.012193714382E+00,+4.985293684342E+00,-26.849367428E-03
+4.985000E-06,+4.746780698683E+00,+5.019260297220E+00,+4.986373301164E+00,-32.836305771E-03
+4.990000E-06,+4.743247407196E+00,+5.019260297220E+00,+4.987060330051E+00,-32.149660278E-03
+4.995000E-06,+4.760913864623E+00,+5.012134826191E+00,+4.983271856474E+00,-28.813478713E-03
