x-axis,1,2,4,F1
second,Volt,Volt,Volt,Volt
-4.322000E-06,+5.009094844364E+00,+2.447236208245E+00,+2.447236208245E+00,+122.070313E-06
-4.317000E-06,+4.748743638396E+00,+2.447236208245E+00,+2.447236208245E+00,+122.070313E-06
-4.312000E-06,+4.903912185170E+00,+2.447236208245E+00,+2.447236208245E+00,+122.070313E-06
-4.307000E-06,+5.150753691792E+00,+2.447236208245E+00,+2.447236208245E+00,+122.070313E-06
-4.302000E-06,+4.963258364440E+00,+2.447236208245E+00,+2.447236208245E+00,+122.070313E-06
-4.297000E-06,+5.132226104118E+00,+2.447236208245E+00,+2.447236208245E+00,+122.070313E-06
-4.292000E-06,+5.100188817097E+00,+2.447236208245E+00,+2.447236208245E+00,+122.070313E-06
-4.287000E-06,+5.150753691792E+00,+2.447236208245E+00,+2.447236208245E+00,+122.070313E-06
-4.282000E-06,+4.949748665094E+00,+2.447236208245E+00,+2.447236208245E+00,+122.070313E-06
-4.277000E-06,+4.803071929338E+00,+2.447236208245E+00,+2.447236208245E+00,+122.070313E-06
-4.272000E-06,+5.173044695713E+00,+2.447236208245E+00,+2.447236208245E+00,+122.070313E-06
-4.267000E-06,+5.150753691792E+00,+2.447236208245E+00,+2.447236208245E+00,+122.070313E-06
-4.262000E-06,+5.150753691792E+00,+2.447236208245E+00,+2.447236208245E+00,+122.070313E-06
-4.257000E-06,+4.822564495537E+00,+2.447236208245E+00,+2.447236208245E+00,+122.070313E-06
-4.252000E-06,+4.854601782558E+00,+2.447236208245E+00,+2.447236208245E+00,+122.070313E-06
-4.247000E-06,+5.150753691792E+00,+2.447236208245E+00,+2.447236208245E+00,+122.070313E-06
-4.242000E-06,+5.150753691792E+00,+2.447236208245E+00,+2.447236208245E+00,+122.070313E-06
-4.237000E-06,+5.150753691792E+00,+2.447236208245E+00,+2.447236208245E+00,+122.070313E-06
-4.232000E-06,+5.318756452945E+00,+2.447236208245E+00,+2.447236208245E+00,+122.070313E-06
-4.227000E-06,+5.150753691792E+00,+2.447236208245E+00,+2.447236208245E+00,+122.070313E-06
-4.222000E-06,+4.748743638396E+00,+2.447236208245E+00,+2.447236208245E+00,+122.070313E-06
-4.217000E-06,+4.547738611698E+00,+2.447236208245E+00,+2.447236208245E+00,+122.070313E-06
-4.212000E-06,+4.748743638396E+00,+2.447236208245E+00,+2.447236208245E+00,+122.070313E-06
-4.207000E-06,+4.756559964446E+00,+2.447236208245E+00,+2.447236208245E+00,+122.070313E-06
-4.202000E-06,+5.102311769851E+00,+2.447236208245E+00,+2.447236208245E+00,+122.070313E-06
-4.197000E-06,+5.006006913085E+00,+2.447236208245E+00,+2.447236208245E+00,+122.070313E-06
-4.192000E-06,+5.150753691792E+00,+2.447236208245E+00,+2.447236208245E+00,+122.070313E-06
-4.187000E-06,+4.869076460428E+00,+2.447236208245E+00,+2.447236208245E+00,+122.070313E-06
-4.182000E-06,+4.748743638396E+00,+2.447236208245E+00,+2.447236208245E+00,+122.070313E-06
-4.177000E-06,+4.748743638396E+00,+2.447236208245E+00,+2.447236208245E+00,+122.070313E-06
-4.172000E-06,+5.150753691792E+00,+2.447236208245E+00,+2.447236208245E+00,+122.070313E-06
-4.167000E-06,+5.150753691792E+00,+2.447236208245E+00,+2.447236208245E+00,+122.070313E-06
-4.162000E-06,+5.150753691792E+00,+2.447236208245E+00,+2.447236208245E+00,+122.070313E-06
-4.157000E-06,+5.061300182552E+00,+2.447236208245E+00,+2.447236208245E+00,+122.070313E-06
-4.152000E-06,+4.949748665094E+00,+2.447236208245E+00,+2.447236208245E+00,+122.070313E-06
-4.147000E-06,+4.924369729895E+00,+2.447236208245E+00,+2.447236208245E+00,+122.070313E-06
-4.142000E-06,+4.755401990217E+00,+2.447236208245E+00,+2.447236208245E+00,+122.070313E-06
-4.137000E-06,+5.112058052951E+00,+2.447236208245E+00,+2.447236208245E+00,+122.070313E-06
-4.132000E-06,+5.150753691792E+00,+2.447236208245E+00,+2.447236208245E+00,+122.070313E-06
-4.127000E-06,+5.150753691792E+00,+2.447236208245E+00,+2.447236208245E+00,+122.070313E-06
-4.122000E-06,+5.015946191890E+00,+2.447236208245E+00,+2.447236208245E+00,+122.070313E-06
-4.117000E-06,+4.915588425320E+00,+2.447236208245E+00,+2.447236208245E+00,+122.070313E-06
-4.112000E-06,+5.152876644547E+00,+2.447236208245E+00,+2.447236208245E+00,+122.070313E-06
-4.107000E-06,+4.979662999361E+00,+2.447236208245E+00,+2.447236208245E+00,+122.070313E-06
-4.102000E-06,+5.212705313080E+00,+2.447236208245E+00,+2.447236208245E+00,+122.070313E-06
-4.097000E-06,+4.949748665094E+00,+2.447236208245E+00,+2.447236208245E+00,+122.070313E-06
-4.092000E-06,+5.075774860423E+00,+2.447236208245E+00,+2.447236208245E+00,+122.070313E-06
-4.087000E-06,+5.107812147443E+00,+2.447236208245E+00,+2.447236208245E+00,+122.070313E-06
-4.082000E-06,+4.960652922423E+00,+2.447236208245E+00,+2.447236208245E+00,+122.070313E-06
-4.077000E-06,+4.970881694786E+00,+2.447236208245E+00,+2.447236208245E+00,+122.070313E-06
-4.072000E-06,+5.298588401778E+00,+2.447236208245E+00,+2.447236208245E+00,+122.070313E-06
-4.067000E-06,+4.949748665094E+00,+2.447236208245E+00,+2.447236208245E+00,+122.070313E-06
-4.062000E-06,+5.184238446601E+00,+2.447236208245E+00,+2.447236208245E+00,+122.070313E-06
-4.057000E-06,+5.001471514019E+00,+2.447236208245E+00,+2.447236208245E+00,+122.070313E-06
-4.052000E-06,+5.150753691792E+00,+2.447236208245E+00,+2.447236208245E+00,+122.070313E-06
-4.047000E-06,+5.339406993374E+00,+2.447236208245E+00,+2.447236208245E+00,+122.070313E-06
-4.042000E-06,+4.949748665094E+00,+2.447236208245E+00,+2.447236208245E+00,+122.070313E-06
-4.037000E-06,+4.949748665094E+00,+2.447236208245E+00,+2.447236208245E+00,+122.070313E-06
-4.032000E-06,+4.841285078916E+00,+2.447236208245E+00,+2.447236208245E+00,+122.070313E-06
-4.027000E-06,+4.949748665094E+00,+2.447236208245E+00,+2.447236208245E+00,+122.070313E-06
-4.022000E-06,+4.949748665094E+00,+2.447236208245E+00,+2.447236208245E+00,+122.070313E-06
-4.017000E-06,+5.147183271251E+00,+2.447236208245E+00,+2.447236208245E+00,+122.070313E-06
-4.012000E-06,+4.914140957532E+00,+2.447236208245E+00,+2.447236208245E+00,+122.070313E-06
-4.007000E-06,+5.150753691792E+00,+2.447236208245E+00,+2.447236208245E+00,+122.070313E-06
-4.002000E-06,+5.051071410189E+00,+2.447236208245E+00,+2.447236208245E+00,+122.070313E-06
-3.997000E-06,+4.887314554544E+00,+2.447236208245E+00,+2.447236208245E+00,+122.070313E-06
-3.992000E-06,+4.986996836148E+00,+2.447236208245E+00,+2.447236208245E+00,+122.070313E-06
-3.987000E-06,+5.145542807760E+00,+2.447236208245E+00,+2.447236208245E+00,+122.070313E-06
-3.982000E-06,+4.949748665094E+00,+2.447236208245E+00,+2.447236208245E+00,+122.070313E-06
-3.977000E-06,+5.091890001784E+00,+2.447236208245E+00,+2.447236208245E+00,+122.070313E-06
-3.972000E-06,+4.657842661368E+00,+2.447236208245E+00,+2.447236208245E+00,+122.070313E-06
-3.967000E-06,+4.871681902445E+00,+2.447236208245E+00,+2.447236208245E+00,+122.070313E-06
-3.962000E-06,+4.903719189466E+00,+2.447236208245E+00,+2.447236208245E+00,+122.070313E-06
-3.957000E-06,+4.748743638396E+00,+2.447236208245E+00,+2.447236208245E+00,+122.070313E-06
-3.952000E-06,+4.967793763507E+00,+2.447236208245E+00,+2.447236208245E+00,+122.070313E-06
-3.947000E-06,+5.150753691792E+00,+2.447236208245E+00,+2.447236208245E+00,+122.070313E-06
-3.942000E-06,+5.232873364246E+00,+2.447236208245E+00,+2.447236208245E+00,+122.070313E-06
-3.937000E-06,+4.835591705620E+00,+2.447236208245E+00,+2.447236208245E+00,+122.070313E-06
-3.932000E-06,+4.803554418599E+00,+2.447236208245E+00,+2.447236208245E+00,+122.070313E-06
-3.927000E-06,+5.150753691792E+00,+2.447236208245E+00,+2.447236208245E+00,+122.070313E-06
-3.922000E-06,+4.949748665094E+00,+2.447236208245E+00,+2.447236208245E+00,+122.070313E-06
-3.917000E-06,+4.991049745953E+00,+2.447236208245E+00,+2.447236208245E+00,+122.070313E-06
-3.912000E-06,+5.278420350612E+00,+2.447236208245E+00,+2.447236208245E+00,+122.070313E-06
-3.907000E-06,+5.150753691792E+00,+2.447236208245E+00,+2.447236208245E+00,+122.070313E-06
-3.902000E-06,+5.150753691792E+00,+2.447236208245E+00,+2.447236208245E+00,+122.070313E-06
-3.897000E-06,+4.981303462852E+00,+2.447236208245E+00,+2.447236208245E+00,+122.070313E-06
-3.892000E-06,+5.150753691792E+00,+2.447236208245E+00,+2.447236208245E+00,+122.070313E-06
-3.887000E-06,+5.118233915509E+00,+2.447236208245E+00,+2.447236208245E+00,+122.070313E-06
-3.882000E-06,+5.086196628488E+00,+2.447236208245E+00,+2.447236208245E+00,+122.070313E-06
-3.877000E-06,+5.046343015419E+00,+2.447236208245E+00,+2.447236208245E+00,+122.070313E-06
-3.872000E-06,+4.821117027749E+00,+2.447236208245E+00,+2.447236208245E+00,+122.070313E-06
-3.867000E-06,+4.748743638396E+00,+2.447236208245E+00,+2.447236208245E+00,+122.070313E-06
-3.862000E-06,+4.757042453708E+00,+2.447236208245E+00,+2.447236208245E+00,+122.070313E-06
-3.857000E-06,+5.127015220084E+00,+2.447236208245E+00,+2.447236208245E+00,+122.070313E-06
-3.852000E-06,+5.150753691792E+00,+2.447236208245E+00,+2.447236208245E+00,+122.070313E-06
-3.847000E-06,+5.263945672741E+00,+2.447236208245E+00,+2.447236208245E+00,+122.070313E-06
-3.842000E-06,+5.150753691792E+00,+2.447236208245E+00,+2.447236208245E+00,+122.070313E-06
-3.837000E-06,+4.949748665094E+00,+2.447236208245E+00,+2.447236208245E+00,+122.070313E-06
-3.832000E-06,+4.949748665094E+00,+2.447236208245E+00,+2.447236208245E+00,+122.070313E-06
-3.827000E-06,+4.748743638396E+00,+2.447236208245E+00,+2.447236208245E+00,+122.070313E-06
-3.822000E-06,+5.043737573403E+00,+2.447236208245E+00,+2.447236208245E+00,+122.070313E-06
-3.817000E-06,+4.827775379571E+00,+2.447236208245E+00,+2.447236208245E+00,+122.070313E-06
-3.812000E-06,+4.949748665094E+00,+2.447236208245E+00,+2.447236208245E+00,+122.070313E-06
-3.807000E-06,+5.150753691792E+00,+2.447236208245E+00,+2.447236208245E+00,+122.070313E-06
-3.802000E-06,+4.975610089556E+00,+2.447236208245E+00,+2.447236208245E+00,+122.070313E-06
-3.797000E-06,+4.955924527653E+00,+2.447236208245E+00,+2.447236208245E+00,+122.070313E-06
-3.792000E-06,+5.112540542213E+00,+2.447236208245E+00,+2.447236208245E+00,+122.070313E-06
-3.787000E-06,+5.019999101694E+00,+2.447236208245E+00,+2.447236208245E+00,+122.070313E-06
-3.782000E-06,+5.154324112335E+00,+2.447236208245E+00,+2.447236208245E+00,+122.070313E-06
-3.777000E-06,+4.748743638396E+00,+2.447236208245E+00,+2.447236208245E+00,+122.070313E-06
-3.772000E-06,+5.116110962756E+00,+2.447236208245E+00,+2.447236208245E+00,+122.070313E-06
-3.767000E-06,+5.346547834459E+00,+2.447236208245E+00,+2.447236208245E+00,+122.070313E-06
-3.762000E-06,+4.979180510099E+00,+2.447236208245E+00,+2.447236208245E+00,+122.070313E-06
-3.757000E-06,+5.011217797120E+00,+2.447236208245E+00,+2.447236208245E+00,+122.070313E-06
-3.752000E-06,+4.949748665094E+00,+2.447236208245E+00,+2.447236208245E+00,+122.070313E-06
-3.747000E-06,+5.150753691792E+00,+2.447236208245E+00,+2.447236208245E+00,+122.070313E-06
-3.742000E-06,+4.906324631483E+00,+2.447236208245E+00,+2.447236208245E+00,+122.070313E-06
-3.737000E-06,+4.949748665094E+00,+2.447236208245E+00,+2.447236208245E+00,+122.070313E-06
-3.732000E-06,+4.949748665094E+00,+2.447236208245E+00,+2.447236208245E+00,+122.070313E-06
-3.727000E-06,+5.150753691792E+00,+2.447236208245E+00,+2.447236208245E+00,+122.070313E-06
-3.722000E-06,+4.748743638396E+00,+2.447236208245E+00,+2.447236208245E+00,+122.070313E-06
-3.717000E-06,+5.066511066586E+00,+2.447236208245E+00,+2.447236208245E+00,+122.070313E-06
-3.712000E-06,+5.001954003281E+00,+2.447236208245E+00,+2.447236208245E+00,+122.070313E-06
-3.707000E-06,+4.949748665094E+00,+2.447236208245E+00,+2.447236208245E+00,+122.070313E-06
-3.702000E-06,+4.949748665094E+00,+2.447236208245E+00,+2.447236208245E+00,+122.070313E-06
-3.697000E-06,+4.993655187970E+00,+2.447236208245E+00,+2.447236208245E+00,+122.070313E-06
-3.692000E-06,+4.949748665094E+00,+2.447236208245E+00,+2.447236208245E+00,+122.070313E-06
-3.687000E-06,+4.949748665094E+00,+2.447236208245E+00,+2.447236208245E+00,+122.070313E-06
-3.682000E-06,+4.870716923918E+00,+2.447236208245E+00,+2.447236208245E+00,+122.070313E-06
-3.677000E-06,+4.978698020835E+00,+2.447236208245E+00,+2.447236208245E+00,+122.070313E-06
-3.672000E-06,+5.147665760512E+00,+2.447236208245E+00,+2.447236208245E+00,+122.070313E-06
-3.667000E-06,+5.150753691792E+00,+2.447236208245E+00,+2.447236208245E+00,+122.070313E-06
-3.662000E-06,+5.150753691792E+00,+2.447236208245E+00,+2.447236208245E+00,+122.070313E-06
-3.657000E-06,+5.051553899451E+00,+2.447236208245E+00,+2.447236208245E+00,+122.070313E-06
-3.652000E-06,+4.879980717758E+00,+2.447236208245E+00,+2.447236208245E+00,+122.070313E-06
-3.647000E-06,+4.987479325410E+00,+2.447236208245E+00,+2.447236208245E+00,+122.070313E-06
-3.642000E-06,+4.748743638396E+00,+2.447236208245E+00,+2.447236208245E+00,+122.070313E-06
-3.637000E-06,+4.949748665094E+00,+2.447236208245E+00,+2.447236208245E+00,+122.070313E-06
-3.632000E-06,+5.150753691792E+00,+2.447236208245E+00,+2.447236208245E+00,+122.070313E-06
-3.627000E-06,+4.949748665094E+00,+2.447236208245E+00,+2.447236208245E+00,+122.070313E-06
-3.622000E-06,+5.072204439882E+00,+2.447236208245E+00,+2.447236208245E+00,+122.070313E-06
-3.617000E-06,+4.841767568177E+00,+2.447236208245E+00,+2.447236208245E+00,+122.070313E-06
-3.612000E-06,+4.935273987225E+00,+2.447236208245E+00,+2.447236208245E+00,+122.070313E-06
-3.607000E-06,+5.150753691792E+00,+2.447236208245E+00,+2.447236208245E+00,+122.070313E-06
-3.602000E-06,+4.949748665094E+00,+2.447236208245E+00,+2.447236208245E+00,+122.070313E-06
-3.597000E-06,+5.232390874984E+00,+2.447236208245E+00,+2.447236208245E+00,+122.070313E-06
-3.592000E-06,+4.949748665094E+00,+2.447236208245E+00,+2.447236208245E+00,+122.070313E-06
-3.587000E-06,+4.949748665094E+00,+2.447236208245E+00,+2.447236208245E+00,+122.070313E-06
-3.582000E-06,+5.127497709348E+00,+2.447236208245E+00,+2.447236208245E+00,+122.070313E-06
-3.577000E-06,+4.748743638396E+00,+2.447236208245E+00,+2.447236208245E+00,+122.070313E-06
-3.572000E-06,+4.949748665094E+00,+2.447236208245E+00,+2.447236208245E+00,+122.070313E-06
-3.567000E-06,+4.949748665094E+00,+2.447236208245E+00,+2.447236208245E+00,+122.070313E-06
-3.562000E-06,+4.949748665094E+00,+2.447236208245E+00,+2.447236208245E+00,+122.070313E-06
-3.557000E-06,+5.013823239134E+00,+2.447236208245E+00,+2.447236208245E+00,+122.070313E-06
-3.552000E-06,+5.150753691792E+00,+2.447236208245E+00,+2.447236208245E+00,+122.070313E-06
-3.547000E-06,+4.949748665094E+00,+2.447236208245E+00,+2.447236208245E+00,+122.070313E-06
-3.542000E-06,+4.949748665094E+00,+2.447236208245E+00,+2.447236208245E+00,+122.070313E-06
-3.537000E-06,+5.086679117750E+00,+2.447236208245E+00,+2.447236208245E+00,+122.070313E-06
-3.532000E-06,+4.844855499459E+00,+2.447236208245E+00,+2.447236208245E+00,+122.070313E-06
-3.527000E-06,+5.077897813178E+00,+2.447236208245E+00,+2.447236208245E+00,+122.070313E-06
-3.522000E-06,+4.990567256689E+00,+2.447236208245E+00,+2.447236208245E+00,+122.070313E-06
-3.517000E-06,+4.949748665094E+00,+2.447236208245E+00,+2.447236208245E+00,+122.070313E-06
-3.512000E-06,+5.127497709346E+00,+2.447236208245E+00,+2.447236208245E+00,+122.070313E-06
-3.507000E-06,+4.949748665094E+00,+2.447236208245E+00,+2.447236208245E+00,+122.070313E-06
-3.502000E-06,+5.150753691792E+00,+2.447236208245E+00,+2.447236208245E+00,+122.070313E-06
-3.497000E-06,+4.949748665094E+00,+2.447236208245E+00,+2.447236208245E+00,+122.070313E-06
-3.492000E-06,+4.949748665094E+00,+2.447236208245E+00,+2.447236208245E+00,+122.070313E-06
-3.487000E-06,+5.150753691792E+00,+2.447236208245E+00,+2.447236208245E+00,+122.070313E-06
-3.482000E-06,+4.949748665094E+00,+2.447236208245E+00,+2.447236208245E+00,+122.070313E-06
-3.477000E-06,+4.903236700202E+00,+2.447236208245E+00,+2.447236208245E+00,+122.070313E-06
-3.472000E-06,+5.150753691792E+00,+2.447236208245E+00,+2.447236208245E+00,+122.070313E-06
-3.467000E-06,+5.060335204028E+00,+2.447236208245E+00,+2.447236208245E+00,+122.070313E-06
-3.462000E-06,+5.150753691792E+00,+2.447236208245E+00,+2.447236208245E+00,+122.070313E-06
-3.457000E-06,+4.949748665094E+00,+2.447236208245E+00,+2.447236208245E+00,+122.070313E-06
-3.452000E-06,+4.949748665094E+00,+2.447236208245E+00,+2.447236208245E+00,+122.070313E-06
-3.447000E-06,+5.314028058173E+00,+2.447236208245E+00,+2.447236208245E+00,+122.070313E-06
-3.442000E-06,+4.949748665094E+00,+2.447236208245E+00,+2.447236208245E+00,+122.070313E-06
-3.437000E-06,+4.949748665094E+00,+2.447236208245E+00,+2.447236208245E+00,+122.070313E-06
-3.432000E-06,+4.949748665094E+00,+2.447236208245E+00,+2.447236208245E+00,+122.070313E-06
-3.427000E-06,+4.949748665094E+00,+2.447236208245E+00,+2.447236208245E+00,+122.070313E-06
-3.422000E-06,+4.751831569674E+00,+2.447236208245E+00,+2.447236208245E+00,+122.070313E-06
-3.417000E-06,+4.949748665094E+00,+2.447236208245E+00,+2.447236208245E+00,+122.070313E-06
-3.412000E-06,+4.748743638396E+00,+2.447236208245E+00,+2.447236208245E+00,+122.070313E-06
-3.407000E-06,+4.934791497964E+00,+2.447236208245E+00,+2.447236208245E+00,+122.070313E-06
-3.402000E-06,+4.949748665094E+00,+2.447236208245E+00,+2.447236208245E+00,+122.070313E-06
-3.397000E-06,+4.792650161269E+00,+2.447236208245E+00,+2.447236208245E+00,+122.070313E-06
-3.392000E-06,+4.949748665094E+00,+2.447236208245E+00,+2.447236208245E+00,+122.070313E-06
-3.387000E-06,+4.929580613927E+00,+2.447236208245E+00,+2.447236208245E+00,+122.070313E-06
-3.382000E-06,+5.001954003283E+00,+2.447236208245E+00,+2.447236208245E+00,+122.070313E-06
-3.377000E-06,+4.949748665094E+00,+2.447236208245E+00,+2.447236208245E+00,+122.070313E-06
-3.372000E-06,+4.748743638396E+00,+2.447236208245E+00,+2.447236208245E+00,+122.070313E-06
-3.367000E-06,+4.897060837646E+00,+2.447236208245E+00,+2.447236208245E+00,+122.070313E-06
-3.362000E-06,+4.970399205522E+00,+2.447236208245E+00,+2.447236208245E+00,+122.070313E-06
-3.357000E-06,+4.949748665094E+00,+2.447236208245E+00,+2.447236208245E+00,+122.070313E-06
-3.352000E-06,+4.792167672010E+00,+2.447236208245E+00,+2.447236208245E+00,+122.070313E-06
-3.347000E-06,+4.824204959030E+00,+2.447236208245E+00,+2.447236208245E+00,+122.070313E-06
-3.342000E-06,+4.856242246051E+00,+2.447236208245E+00,+2.447236208245E+00,+122.070313E-06
-3.337000E-06,+4.810212770419E+00,+2.447236208245E+00,+2.447236208245E+00,+122.070313E-06
-3.332000E-06,+4.719311793394E+00,+2.447236208245E+00,+2.447236208245E+00,+122.070313E-06
-3.327000E-06,+5.148148249774E+00,+2.447236208245E+00,+2.447236208245E+00,+122.070313E-06
-3.322000E-06,+5.081468233715E+00,+2.447236208245E+00,+2.447236208245E+00,+122.070313E-06
-3.317000E-06,+4.883068649035E+00,+2.447236208245E+00,+2.447236208245E+00,+122.070313E-06
-3.312000E-06,+5.052036388713E+00,+2.447236208245E+00,+2.447236208245E+00,+122.070313E-06
-3.307000E-06,+4.949748665094E+00,+2.447236208245E+00,+2.447236208245E+00,+122.070313E-06
-3.302000E-06,+4.987961814672E+00,+2.447236208245E+00,+2.447236208245E+00,+122.070313E-06
-3.297000E-06,+4.754919500953E+00,+2.447236208245E+00,+2.447236208245E+00,+122.070313E-06
-3.292000E-06,+4.800466487324E+00,+2.447236208245E+00,+2.447236208245E+00,+122.070313E-06
-3.287000E-06,+5.092854980308E+00,+2.447236208245E+00,+2.447236208245E+00,+122.070313E-06
-3.282000E-06,+4.838679636901E+00,+2.447236208245E+00,+2.447236208245E+00,+122.070313E-06
-3.277000E-06,+4.748743638396E+00,+2.447236208245E+00,+2.447236208245E+00,+122.070313E-06
-3.272000E-06,+4.996743119246E+00,+2.447236208245E+00,+2.447236208245E+00,+122.070313E-06
-3.267000E-06,+4.949748665094E+00,+4.144363207767E+00,+2.448731924931E+00,-1.688678684672E+00
-3.262000E-06,+5.150753691792E+00,+7.552763791755E+00,+4.263634551218E+00,-3.275757539180E+00
-3.257000E-06,+4.748743638396E+00,+7.552763791755E+00,+7.380852870757E+00,-171.096340264E-03
-3.252000E-06,+5.954773798585E+00,+7.552763791755E+00,+7.552763791755E+00,+122.070313E-06
-3.247000E-06,+4.032536577351E+00,+7.552763791755E+00,+7.552763791755E+00,+122.070313E-06
-3.242000E-06,+4.692967879669E+00,+7.552763791755E+00,+7.552763791755E+00,+122.070313E-06
-3.237000E-06,+3.992200475017E+00,+7.552763791755E+00,+7.552763791755E+00,+122.070313E-06
-3.232000E-06,+3.542713478208E+00,+7.552763791755E+00,+7.552763791755E+00,+122.070313E-06
-3.227000E-06,+4.507402509364E+00,+7.552763791755E+00,+7.552763791755E+00,+122.070313E-06
-3.222000E-06,+6.356783851981E+00,+7.552763791755E+00,+7.552763791755E+00,+122.070313E-06
-3.217000E-06,+6.364600178035E+00,+7.552763791755E+00,+7.552763791755E+00,+122.070313E-06
-3.212000E-06,+4.885191601793E+00,+7.552763791755E+00,+7.552763791755E+00,+122.070313E-06
-3.207000E-06,+4.917228888813E+00,+7.552763791755E+00,+7.552763791755E+00,+122.070313E-06
-3.202000E-06,+4.346733585000E+00,+7.552763791755E+00,+7.552763791755E+00,+122.070313E-06
-3.197000E-06,+4.177283356062E+00,+7.552763791755E+00,+7.552763791755E+00,+122.070313E-06
-3.192000E-06,+4.008315616384E+00,+7.552763791755E+00,+7.552763791755E+00,+122.070313E-06
-3.187000E-06,+3.944723531604E+00,+7.552763791755E+00,+7.552763791755E+00,+122.070313E-06
-3.182000E-06,+4.091400267357E+00,+7.552763791755E+00,+7.552763791755E+00,+122.070313E-06
-3.177000E-06,+4.589039692554E+00,+7.552763791755E+00,+7.552763791755E+00,+122.070313E-06
-3.172000E-06,+4.557002405534E+00,+7.552763791755E+00,+7.552763791755E+00,+122.070313E-06
-3.167000E-06,+5.507216758819E+00,+7.552763791755E+00,+7.552763791755E+00,+122.070313E-06
-3.162000E-06,+6.502978098474E+00,+7.552763791755E+00,+7.552763791755E+00,+122.070313E-06
-3.157000E-06,+6.041621865811E+00,+7.552763791755E+00,+7.552763791755E+00,+122.070313E-06
-3.152000E-06,+5.306404727834E+00,+7.552763791755E+00,+7.552763791755E+00,+122.070313E-06
-3.147000E-06,+4.748743638396E+00,+7.552763791755E+00,+7.552763791755E+00,+122.070313E-06
-3.142000E-06,+4.949748665094E+00,+7.552763791755E+00,+7.552763791755E+00,+122.070313E-06
-3.137000E-06,+4.734751449786E+00,+7.552763791755E+00,+7.552763791755E+00,+122.070313E-06
-3.132000E-06,+4.547738611698E+00,+7.552763791755E+00,+7.552763791755E+00,+122.070313E-06
-3.127000E-06,+4.748743638396E+00,+7.552763791755E+00,+7.552763791755E+00,+122.070313E-06
-3.122000E-06,+4.839644615423E+00,+7.552763791755E+00,+7.552763791755E+00,+122.070313E-06
-3.117000E-06,+4.748743638396E+00,+7.552763791755E+00,+7.552763791755E+00,+122.070313E-06
-3.112000E-06,+4.547738611698E+00,+7.552763791755E+00,+7.552763791755E+00,+122.070313E-06
-3.107000E-06,+4.346733585000E+00,+7.552763791755E+00,+7.552763791755E+00,+122.070313E-06
-3.102000E-06,+4.912500494039E+00,+7.552763791755E+00,+7.552763791755E+00,+122.070313E-06
-3.097000E-06,+5.220039149869E+00,+7.552763791755E+00,+7.552763791755E+00,+122.070313E-06
-3.092000E-06,+5.150753691792E+00,+7.552763791755E+00,+7.552763791755E+00,+122.070313E-06
-3.087000E-06,+5.552763745189E+00,+7.552763791755E+00,+7.552763791755E+00,+122.070313E-06
-3.082000E-06,+5.552763745189E+00,+7.552763791755E+00,+7.552763791755E+00,+122.070313E-06
-3.077000E-06,+5.154324112332E+00,+7.552763791755E+00,+7.552763791755E+00,+122.070313E-06
-3.072000E-06,+4.921281798613E+00,+7.552763791755E+00,+7.552763791755E+00,+122.070313E-06
-3.067000E-06,+4.748743638396E+00,+7.552763791755E+00,+7.552763791755E+00,+122.070313E-06
-3.062000E-06,+4.949748665094E+00,+7.552763791755E+00,+7.552763791755E+00,+122.070313E-06
-3.057000E-06,+4.748743638396E+00,+7.552763791755E+00,+7.552763791755E+00,+122.070313E-06
-3.052000E-06,+4.503349599563E+00,+7.552763791755E+00,+7.552763791755E+00,+122.070313E-06
-3.047000E-06,+5.150753691792E+00,+7.552763791755E+00,+7.552763791755E+00,+122.070313E-06
-3.042000E-06,+5.131068129886E+00,+7.552763791755E+00,+7.552763791755E+00,+122.070313E-06
-3.037000E-06,+5.001471514021E+00,+7.552763791755E+00,+7.552763791755E+00,+122.070313E-06
-3.032000E-06,+4.832503774343E+00,+7.552763791755E+00,+7.552763791755E+00,+122.070313E-06
-3.027000E-06,+4.748743638396E+00,+7.552763791755E+00,+7.552763791755E+00,+122.070313E-06
-3.022000E-06,+4.949748665094E+00,+7.552763791755E+00,+7.552763791755E+00,+122.070313E-06
-3.017000E-06,+5.171886721482E+00,+7.552763791755E+00,+7.552763791755E+00,+122.070313E-06
-3.012000E-06,+5.150753691792E+00,+7.552763791755E+00,+7.552763791755E+00,+122.070313E-06
-3.007000E-06,+5.035631753798E+00,+7.552763791755E+00,+7.552763791755E+00,+122.070313E-06
-3.002000E-06,+5.351758718491E+00,+7.552763791755E+00,+7.552763791755E+00,+122.070313E-06
-2.997000E-06,+4.962775875182E+00,+7.552763791755E+00,+7.552763791755E+00,+122.070313E-06
-2.992000E-06,+4.748743638396E+00,+7.552763791755E+00,+7.552763791755E+00,+122.070313E-06
-2.987000E-06,+4.748743638396E+00,+7.552763791755E+00,+7.552763791755E+00,+122.070313E-06
-2.982000E-06,+5.150753691792E+00,+7.552763791755E+00,+7.552763791755E+00,+122.070313E-06
-2.977000E-06,+5.150753691792E+00,+7.552763791755E+00,+7.552763791755E+00,+122.070313E-06
-2.972000E-06,+5.150753691792E+00,+7.552763791755E+00,+7.552763791755E+00,+122.070313E-06
-2.967000E-06,+4.846978452214E+00,+7.552763791755E+00,+7.552763791755E+00,+122.070313E-06
-2.962000E-06,+4.748743638396E+00,+7.552763791755E+00,+7.552763791755E+00,+122.070313E-06
-2.957000E-06,+4.748743638396E+00,+7.552763791755E+00,+7.552763791755E+00,+122.070313E-06
-2.952000E-06,+4.755401990215E+00,+7.552763791755E+00,+7.552763791755E+00,+122.070313E-06
-2.947000E-06,+5.150753691792E+00,+7.552763791755E+00,+7.552763791755E+00,+122.070313E-06
-2.942000E-06,+5.495347522966E+00,+7.552763791755E+00,+7.552763791755E+00,+122.070313E-06
-2.937000E-06,+5.552763745189E+00,+7.552763791755E+00,+7.552763791755E+00,+122.070313E-06
-2.932000E-06,+5.272244488056E+00,+7.552763791755E+00,+7.552763791755E+00,+122.070313E-06
-2.927000E-06,+4.997225608508E+00,+7.552763791755E+00,+7.552763791755E+00,+122.070313E-06
-2.922000E-06,+4.748743638396E+00,+7.552763791755E+00,+7.552763791755E+00,+122.070313E-06
-2.917000E-06,+4.933151034467E+00,+7.552763791755E+00,+7.552763791755E+00,+122.070313E-06
-2.912000E-06,+5.102118774145E+00,+7.552763791755E+00,+7.552763791755E+00,+122.070313E-06
-2.907000E-06,+4.949748665094E+00,+7.552763791755E+00,+7.552763791755E+00,+122.070313E-06
-2.902000E-06,+4.748743638396E+00,+7.508616025068E+00,+7.552763791755E+00,+44.091996125E-03
-2.897000E-06,+4.603996859687E+00,+6.011529070007E+00,+7.552763791755E+00,+1.535148221365E+00
-2.892000E-06,+5.199195613729E+00,+4.137125868980E+00,+7.324141083922E+00,+3.174299001124E+00
-2.887000E-06,+5.359575044543E+00,+2.686319283102E+00,+4.551198146267E+00,+1.857488623965E+00
-2.882000E-06,+5.110900078720E+00,+2.447236208245E+00,+2.447236208245E+00,+122.070313E-06
-2.877000E-06,+5.480872845095E+00,+2.447236208245E+00,+2.447236208245E+00,+122.070313E-06
-2.872000E-06,+4.152579905832E+00,+2.447236208245E+00,+2.447236208245E+00,+122.070313E-06
-2.867000E-06,+3.276668898946E+00,+2.447236208245E+00,+2.447236208245E+00,+122.070313E-06
-2.862000E-06,+3.575715743751E+00,+2.447236208245E+00,+2.447236208245E+00,+122.070313E-06
-2.857000E-06,+5.151718670315E+00,+2.447236208245E+00,+2.447236208245E+00,+122.070313E-06
-2.852000E-06,+5.181826000291E+00,+2.447236208245E+00,+2.447236208245E+00,+122.070313E-06
-2.847000E-06,+5.351758718491E+00,+2.447236208245E+00,+2.447236208245E+00,+122.070313E-06
-2.842000E-06,+5.446905601030E+00,+2.447236208245E+00,+2.447236208245E+00,+122.070313E-06
-2.837000E-06,+5.753768771887E+00,+2.447236208245E+00,+2.447236208245E+00,+122.070313E-06
-2.832000E-06,+5.753768771887E+00,+2.447236208245E+00,+2.447236208245E+00,+122.070313E-06
-2.827000E-06,+5.351758718491E+00,+2.447236208245E+00,+2.447236208245E+00,+122.070313E-06
-2.822000E-06,+5.374049722414E+00,+2.447236208245E+00,+2.447236208245E+00,+122.070313E-06
-2.817000E-06,+4.748743638396E+00,+2.447236208245E+00,+2.447236208245E+00,+122.070313E-06
-2.812000E-06,+4.203820265496E+00,+2.447236208245E+00,+2.447236208245E+00,+122.070313E-06
-2.807000E-06,+3.424310613223E+00,+2.447236208245E+00,+2.447236208245E+00,+122.070313E-06
-2.802000E-06,+3.895413128984E+00,+2.447236208245E+00,+2.447236208245E+00,+122.070313E-06
-2.797000E-06,+5.150753691792E+00,+2.447236208245E+00,+2.447236208245E+00,+122.070313E-06
-2.792000E-06,+5.539254045840E+00,+2.447236208245E+00,+2.447236208245E+00,+122.070313E-06
-2.787000E-06,+5.351758718491E+00,+2.447236208245E+00,+2.447236208245E+00,+122.070313E-06
-2.782000E-06,+5.351758718491E+00,+2.447236208245E+00,+2.447236208245E+00,+122.070313E-06
-2.777000E-06,+5.351758718491E+00,+2.447236208245E+00,+2.447236208245E+00,+122.070313E-06
-2.772000E-06,+4.890402485827E+00,+2.447236208245E+00,+2.447236208245E+00,+122.070313E-06
-2.767000E-06,+4.922439772847E+00,+2.447236208245E+00,+2.447236208245E+00,+122.070313E-06
-2.762000E-06,+5.342301928944E+00,+2.447236208245E+00,+2.447236208245E+00,+122.070313E-06
-2.757000E-06,+5.717003090093E+00,+2.447236208245E+00,+2.447236208245E+00,+122.070313E-06
-2.752000E-06,+5.552763745189E+00,+2.447236208245E+00,+2.447236208245E+00,+122.070313E-06
-2.747000E-06,+5.150753691792E+00,+2.447236208245E+00,+2.447236208245E+00,+122.070313E-06
-2.742000E-06,+4.547738611698E+00,+2.447236208245E+00,+2.447236208245E+00,+122.070313E-06
-2.737000E-06,+4.511648414876E+00,+2.447236208245E+00,+2.447236208245E+00,+122.070313E-06
-2.732000E-06,+4.346733585000E+00,+2.447236208245E+00,+2.447236208245E+00,+122.070313E-06
-2.727000E-06,+4.519754234479E+00,+2.447236208245E+00,+2.447236208245E+00,+122.070313E-06
-2.722000E-06,+4.889727000855E+00,+2.447236208245E+00,+2.447236208245E+00,+122.070313E-06
-2.717000E-06,+5.150753691792E+00,+2.447236208245E+00,+2.447236208245E+00,+122.070313E-06
-2.712000E-06,+5.026657453512E+00,+2.447236208245E+00,+2.447236208245E+00,+122.070313E-06
-2.707000E-06,+4.949748665094E+00,+2.447236208245E+00,+2.447236208245E+00,+122.070313E-06
-2.702000E-06,+5.351758718491E+00,+2.447236208245E+00,+2.447236208245E+00,+122.070313E-06
-2.697000E-06,+5.150753691792E+00,+2.447236208245E+00,+2.447236208245E+00,+122.070313E-06
-2.692000E-06,+5.201994051457E+00,+2.447236208245E+00,+2.447236208245E+00,+122.070313E-06
-2.687000E-06,+4.832021285082E+00,+2.447236208245E+00,+2.447236208245E+00,+122.070313E-06
-2.682000E-06,+5.035438758087E+00,+2.447236208245E+00,+2.447236208245E+00,+122.070313E-06
-2.677000E-06,+5.150753691792E+00,+2.447236208245E+00,+2.447236208245E+00,+122.070313E-06
-2.672000E-06,+5.150753691792E+00,+2.447236208245E+00,+2.447236208245E+00,+122.070313E-06
-2.667000E-06,+4.748743638396E+00,+2.447236208245E+00,+2.447236208245E+00,+122.070313E-06
-2.662000E-06,+4.949748665094E+00,+2.447236208245E+00,+2.447236208245E+00,+122.070313E-06
-2.657000E-06,+4.949748665094E+00,+2.447236208245E+00,+2.447236208245E+00,+122.070313E-06
-2.652000E-06,+4.855277267527E+00,+2.447236208245E+00,+2.447236208245E+00,+122.070313E-06
-2.647000E-06,+4.949748665094E+00,+2.447236208245E+00,+2.447236208245E+00,+122.070313E-06
-2.642000E-06,+5.150753691792E+00,+2.447236208245E+00,+2.447236208245E+00,+122.070313E-06
-2.637000E-06,+5.150753691792E+00,+2.447236208245E+00,+2.447236208245E+00,+122.070313E-06
-2.632000E-06,+5.184431442307E+00,+2.447236208245E+00,+2.447236208245E+00,+122.070313E-06
-2.627000E-06,+4.880173713467E+00,+2.447236208245E+00,+2.447236208245E+00,+122.070313E-06
-2.622000E-06,+5.047500989650E+00,+2.447236208245E+00,+2.447236208245E+00,+122.070313E-06
-2.617000E-06,+5.221969106914E+00,+2.447236208245E+00,+2.447236208245E+00,+122.070313E-06
-2.612000E-06,+5.150753691792E+00,+2.447236208245E+00,+2.447236208245E+00,+122.070313E-06
-2.607000E-06,+5.344617877410E+00,+2.447236208245E+00,+2.447236208245E+00,+122.070313E-06
-2.602000E-06,+5.326862272550E+00,+2.447236208245E+00,+2.447236208245E+00,+122.070313E-06
-2.597000E-06,+5.150753691792E+00,+2.447236208245E+00,+2.447236208245E+00,+122.070313E-06
-2.592000E-06,+4.748743638396E+00,+2.447236208245E+00,+2.447236208245E+00,+122.070313E-06
-2.587000E-06,+4.748743638396E+00,+2.447236208245E+00,+2.447236208245E+00,+122.070313E-06
-2.582000E-06,+4.547738611698E+00,+2.447236208245E+00,+2.447236208245E+00,+122.070313E-06
-2.577000E-06,+5.150753691792E+00,+2.447236208245E+00,+2.447236208245E+00,+122.070313E-06
-2.572000E-06,+5.150753691792E+00,+2.447236208245E+00,+2.447236208245E+00,+122.070313E-06
-2.567000E-06,+5.303606290105E+00,+2.447236208245E+00,+2.447236208245E+00,+122.070313E-06
-2.562000E-06,+5.230943407199E+00,+2.447236208245E+00,+2.447236208245E+00,+122.070313E-06
-2.557000E-06,+5.038526689366E+00,+2.447236208245E+00,+2.447236208245E+00,+122.070313E-06
-2.552000E-06,+4.862225112898E+00,+2.447236208245E+00,+2.447236208245E+00,+122.070313E-06
-2.547000E-06,+4.949748665094E+00,+2.447236208245E+00,+2.447236208245E+00,+122.070313E-06
-2.542000E-06,+4.957082501885E+00,+2.447236208245E+00,+2.447236208245E+00,+122.070313E-06
-2.537000E-06,+5.150753691792E+00,+2.447236208245E+00,+2.447236208245E+00,+122.070313E-06
-2.532000E-06,+5.150753691792E+00,+2.447236208245E+00,+2.447236208245E+00,+122.070313E-06
-2.527000E-06,+5.053194362946E+00,+2.447236208245E+00,+2.447236208245E+00,+122.070313E-06
-2.522000E-06,+4.814265680222E+00,+2.447236208245E+00,+2.447236208245E+00,+122.070313E-06
-2.517000E-06,+4.748743638396E+00,+2.447236208245E+00,+2.447236208245E+00,+122.070313E-06
-2.512000E-06,+4.949748665094E+00,+2.447236208245E+00,+2.447236208245E+00,+122.070313E-06
-2.507000E-06,+5.150753691792E+00,+2.447236208245E+00,+2.447236208245E+00,+122.070313E-06
-2.502000E-06,+5.351758718491E+00,+2.447236208245E+00,+2.447236208245E+00,+122.070313E-06
-2.497000E-06,+4.949748665094E+00,+2.447236208245E+00,+2.447236208245E+00,+122.070313E-06
-2.492000E-06,+4.875445318694E+00,+2.447236208245E+00,+2.447236208245E+00,+122.070313E-06
-2.487000E-06,+4.992014724474E+00,+2.447236208245E+00,+2.447236208245E+00,+122.070313E-06
-2.482000E-06,+4.949748665094E+00,+2.447236208245E+00,+2.447236208245E+00,+122.070313E-06
-2.477000E-06,+5.128945177131E+00,+2.447236208245E+00,+2.447236208245E+00,+122.070313E-06
-2.472000E-06,+5.057440268458E+00,+2.447236208245E+00,+2.447236208245E+00,+122.070313E-06
-2.467000E-06,+5.035631753797E+00,+2.447236208245E+00,+2.447236208245E+00,+122.070313E-06
-2.462000E-06,+4.949748665094E+00,+2.447236208245E+00,+2.447236208245E+00,+122.070313E-06
-2.457000E-06,+5.150753691792E+00,+2.447236208245E+00,+2.447236208245E+00,+122.070313E-06
-2.452000E-06,+4.949748665094E+00,+2.447236208245E+00,+2.447236208245E+00,+122.070313E-06
-2.447000E-06,+5.137726481706E+00,+2.447236208245E+00,+2.447236208245E+00,+122.070313E-06
-2.442000E-06,+4.793808135503E+00,+2.447236208245E+00,+2.447236208245E+00,+122.070313E-06
-2.437000E-06,+4.825845422524E+00,+2.447236208245E+00,+2.447236208245E+00,+122.070313E-06
-2.432000E-06,+4.932475549496E+00,+2.447236208245E+00,+2.447236208245E+00,+122.070313E-06
-2.427000E-06,+4.949748665094E+00,+2.447236208245E+00,+2.447236208245E+00,+122.070313E-06
-2.422000E-06,+5.150753691792E+00,+2.447236208245E+00,+2.447236208245E+00,+122.070313E-06
-2.417000E-06,+5.347512812979E+00,+2.447236208245E+00,+2.447236208245E+00,+122.070313E-06
-2.412000E-06,+5.187036884325E+00,+2.447236208245E+00,+2.447236208245E+00,+122.070313E-06
-2.407000E-06,+5.082433212240E+00,+2.447236208245E+00,+2.447236208245E+00,+122.070313E-06
-2.402000E-06,+4.949748665094E+00,+2.447236208245E+00,+2.447236208245E+00,+122.070313E-06
-2.397000E-06,+4.949748665094E+00,+2.447236208245E+00,+2.447236208245E+00,+122.070313E-06
-2.392000E-06,+5.150753691792E+00,+2.447236208245E+00,+2.447236208245E+00,+122.070313E-06
-2.387000E-06,+4.748743638396E+00,+2.447236208245E+00,+2.447236208245E+00,+122.070313E-06
-2.382000E-06,+4.803747414311E+00,+2.447236208245E+00,+2.447236208245E+00,+122.070313E-06
-2.377000E-06,+4.949748665094E+00,+2.447236208245E+00,+2.447236208245E+00,+122.070313E-06
-2.372000E-06,+5.059177229794E+00,+2.447236208245E+00,+2.447236208245E+00,+122.070313E-06
-2.367000E-06,+5.027139942774E+00,+2.447236208245E+00,+2.447236208245E+00,+122.070313E-06
-2.362000E-06,+4.995102655753E+00,+2.447236208245E+00,+2.447236208245E+00,+122.070313E-06
-2.357000E-06,+4.963065368733E+00,+2.447236208245E+00,+2.447236208245E+00,+122.070313E-06
-2.352000E-06,+5.132033108410E+00,+2.447236208245E+00,+2.447236208245E+00,+122.070313E-06
-2.347000E-06,+5.150753691792E+00,+2.447236208245E+00,+2.447236208245E+00,+122.070313E-06
-2.342000E-06,+5.115338979941E+00,+2.447236208245E+00,+2.447236208245E+00,+122.070313E-06
-2.337000E-06,+4.949748665094E+00,+2.447236208245E+00,+2.447236208245E+00,+122.070313E-06
-2.332000E-06,+4.895613369861E+00,+2.447236208245E+00,+2.447236208245E+00,+122.070313E-06
-2.327000E-06,+5.150753691792E+00,+2.447236208245E+00,+2.447236208245E+00,+122.070313E-06
-2.322000E-06,+4.949748665094E+00,+2.447236208245E+00,+2.447236208245E+00,+122.070313E-06
-2.317000E-06,+5.192730257621E+00,+2.447236208245E+00,+2.447236208245E+00,+122.070313E-06
-2.312000E-06,+5.076739838944E+00,+2.447236208245E+00,+2.447236208245E+00,+122.070313E-06
-2.307000E-06,+4.949748665094E+00,+2.447236208245E+00,+2.447236208245E+00,+122.070313E-06
-2.302000E-06,+4.811660238205E+00,+2.447236208245E+00,+2.447236208245E+00,+122.070313E-06
-2.297000E-06,+4.949748665094E+00,+2.447236208245E+00,+2.447236208245E+00,+122.070313E-06
-2.292000E-06,+5.150753691792E+00,+2.447236208245E+00,+2.447236208245E+00,+122.070313E-06
-2.287000E-06,+5.351758718491E+00,+2.447236208245E+00,+2.447236208245E+00,+122.070313E-06
-2.282000E-06,+5.150753691792E+00,+2.447236208245E+00,+2.447236208245E+00,+122.070313E-06
-2.277000E-06,+5.047018500389E+00,+2.447236208245E+00,+2.447236208245E+00,+122.070313E-06
-2.272000E-06,+4.949748665094E+00,+2.447236208245E+00,+2.447236208245E+00,+122.070313E-06
-2.267000E-06,+4.989409282457E+00,+2.447236208245E+00,+2.447236208245E+00,+122.070313E-06
-2.262000E-06,+4.756366968738E+00,+2.447236208245E+00,+2.447236208245E+00,+122.070313E-06
-2.257000E-06,+4.974162621773E+00,+2.447236208245E+00,+2.447236208245E+00,+122.070313E-06
-2.252000E-06,+5.006199908793E+00,+2.447236208245E+00,+2.447236208245E+00,+122.070313E-06
-2.247000E-06,+4.837232169116E+00,+2.447236208245E+00,+2.447236208245E+00,+122.070313E-06
-2.242000E-06,+5.030227874053E+00,+2.447236208245E+00,+2.447236208245E+00,+122.070313E-06
-2.237000E-06,+4.949748665094E+00,+2.447236208245E+00,+2.447236208245E+00,+122.070313E-06
-2.232000E-06,+4.949748665094E+00,+2.447236208245E+00,+2.447236208245E+00,+122.070313E-06
-2.227000E-06,+4.780008942603E+00,+2.447236208245E+00,+2.447236208245E+00,+122.070313E-06
-2.222000E-06,+5.198423630916E+00,+2.447236208245E+00,+2.447236208245E+00,+122.070313E-06
-2.217000E-06,+5.029455891239E+00,+2.447236208245E+00,+2.447236208245E+00,+122.070313E-06
-2.212000E-06,+4.949748665094E+00,+2.447236208245E+00,+2.447236208245E+00,+122.070313E-06
-2.207000E-06,+4.949748665094E+00,+2.447236208245E+00,+2.447236208245E+00,+122.070313E-06
-2.202000E-06,+4.949748665094E+00,+2.447236208245E+00,+2.447236208245E+00,+122.070313E-06
-2.197000E-06,+4.942897317566E+00,+2.447236208245E+00,+2.447236208245E+00,+122.070313E-06
-2.192000E-06,+4.949748665094E+00,+2.447236208245E+00,+2.447236208245E+00,+122.070313E-06
-2.187000E-06,+4.748743638396E+00,+2.447236208245E+00,+2.447236208245E+00,+122.070313E-06
-2.182000E-06,+4.949748665094E+00,+2.447236208245E+00,+2.447236208245E+00,+122.070313E-06
-2.177000E-06,+5.018744629618E+00,+2.447236208245E+00,+2.447236208245E+00,+122.070313E-06
-2.172000E-06,+5.150753691792E+00,+2.447236208245E+00,+2.447236208245E+00,+122.070313E-06
-2.167000E-06,+4.947818708048E+00,+2.447236208245E+00,+2.447236208245E+00,+122.070313E-06
-2.162000E-06,+4.919641335120E+00,+2.447236208245E+00,+2.447236208245E+00,+122.070313E-06
-2.157000E-06,+4.949748665094E+00,+2.447236208245E+00,+2.447236208245E+00,+122.070313E-06
-2.152000E-06,+4.949748665094E+00,+2.447236208245E+00,+2.447236208245E+00,+122.070313E-06
-2.147000E-06,+4.949748665094E+00,+2.447236208245E+00,+2.447236208245E+00,+122.070313E-06
-2.142000E-06,+5.108005143151E+00,+2.447236208245E+00,+2.447236208245E+00,+122.070313E-06
-2.137000E-06,+5.150753691792E+00,+2.447236208245E+00,+2.447236208245E+00,+122.070313E-06
-2.132000E-06,+4.949748665094E+00,+2.447236208245E+00,+2.447236208245E+00,+122.070313E-06
-2.127000E-06,+5.298395406071E+00,+2.447236208245E+00,+2.447236208245E+00,+122.070313E-06
-2.122000E-06,+4.949748665094E+00,+2.447236208245E+00,+2.447236208245E+00,+122.070313E-06
-2.117000E-06,+4.949748665094E+00,+2.447236208245E+00,+2.447236208245E+00,+122.070313E-06
-2.112000E-06,+5.001278518311E+00,+2.447236208245E+00,+2.447236208245E+00,+122.070313E-06
-2.107000E-06,+4.768236204592E+00,+2.447236208245E+00,+2.447236208245E+00,+122.070313E-06
-2.102000E-06,+4.962293385919E+00,+2.447236208245E+00,+2.447236208245E+00,+122.070313E-06
-2.097000E-06,+4.949748665094E+00,+2.447236208245E+00,+2.447236208245E+00,+122.070313E-06
-2.092000E-06,+4.949748665094E+00,+2.447236208245E+00,+2.447236208245E+00,+122.070313E-06
-2.087000E-06,+4.949748665094E+00,+2.447236208245E+00,+2.447236208245E+00,+122.070313E-06
-2.082000E-06,+4.949748665094E+00,+2.447236208245E+00,+2.447236208245E+00,+122.070313E-06
-2.077000E-06,+4.978022535865E+00,+2.447236208245E+00,+2.447236208245E+00,+122.070313E-06
-2.072000E-06,+4.945985248845E+00,+2.447236208245E+00,+2.447236208245E+00,+122.070313E-06
-2.067000E-06,+5.150753691792E+00,+2.447236208245E+00,+2.447236208245E+00,+122.070313E-06
-2.062000E-06,+5.017586655385E+00,+2.447236208245E+00,+2.447236208245E+00,+122.070313E-06
-2.057000E-06,+4.949748665094E+00,+2.447236208245E+00,+2.447236208245E+00,+122.070313E-06
-2.052000E-06,+4.949748665094E+00,+2.447236208245E+00,+2.447236208245E+00,+122.070313E-06
-2.047000E-06,+4.949748665094E+00,+2.447236208245E+00,+2.447236208245E+00,+122.070313E-06
-2.042000E-06,+4.949748665094E+00,+2.447236208245E+00,+2.447236208245E+00,+122.070313E-06
-2.037000E-06,+5.150753691792E+00,+2.447236208245E+00,+2.447236208245E+00,+122.070313E-06
-2.032000E-06,+5.008805350810E+00,+2.447236208245E+00,+2.447236208245E+00,+122.070313E-06
-2.027000E-06,+4.949748665094E+00,+2.447236208245E+00,+2.447236208245E+00,+122.070313E-06
-2.022000E-06,+5.027622432035E+00,+2.447236208245E+00,+2.447236208245E+00,+122.070313E-06
-2.017000E-06,+4.995585145015E+00,+2.447236208245E+00,+2.447236208245E+00,+122.070313E-06
-2.012000E-06,+4.963547857994E+00,+2.447236208245E+00,+2.447236208245E+00,+122.070313E-06
-2.007000E-06,+5.333520624370E+00,+2.447236208245E+00,+2.447236208245E+00,+122.070313E-06
-2.002000E-06,+4.949748665094E+00,+2.447236208245E+00,+2.447236208245E+00,+122.070313E-06
-1.997000E-06,+5.032061333256E+00,+2.447236208245E+00,+2.447236208245E+00,+122.070313E-06
-1.992000E-06,+4.922053781428E+00,+2.447236208245E+00,+2.447236208245E+00,+122.070313E-06
-1.987000E-06,+4.748743638396E+00,+2.447236208245E+00,+2.447236208245E+00,+122.070313E-06
-1.982000E-06,+4.793904633346E+00,+2.447236208245E+00,+2.447236208245E+00,+122.070313E-06
-1.977000E-06,+4.758200427942E+00,+2.447236208245E+00,+2.447236208245E+00,+122.070313E-06
-1.972000E-06,+5.109259615226E+00,+2.447236208245E+00,+2.447236208245E+00,+122.070313E-06
-1.967000E-06,+4.949748665094E+00,+2.447236208245E+00,+2.447236208245E+00,+122.070313E-06
-1.962000E-06,+4.844180014487E+00,+2.447236208245E+00,+2.447236208245E+00,+122.070313E-06
-1.957000E-06,+4.949748665094E+00,+2.447236208245E+00,+2.447236208245E+00,+122.070313E-06
-1.952000E-06,+4.949748665094E+00,+2.447236208245E+00,+2.447236208245E+00,+122.070313E-06
-1.947000E-06,+4.950424150065E+00,+2.447236208245E+00,+2.447236208245E+00,+122.070313E-06
-1.942000E-06,+4.982461437086E+00,+2.447236208245E+00,+2.447236208245E+00,+122.070313E-06
-1.937000E-06,+4.949748665094E+00,+2.447236208245E+00,+2.447236208245E+00,+122.070313E-06
-1.932000E-06,+4.949748665094E+00,+2.447236208245E+00,+2.447236208245E+00,+122.070313E-06
-1.927000E-06,+4.949748665094E+00,+2.447236208245E+00,+2.447236208245E+00,+122.070313E-06
-1.922000E-06,+4.989891771719E+00,+2.447236208245E+00,+2.447236208245E+00,+122.070313E-06
-1.917000E-06,+4.941642845490E+00,+2.447236208245E+00,+2.447236208245E+00,+122.070313E-06
-1.912000E-06,+4.949748665094E+00,+2.447236208245E+00,+2.447236208245E+00,+122.070313E-06
-1.907000E-06,+4.949748665094E+00,+2.447236208245E+00,+2.447236208245E+00,+122.070313E-06
-1.902000E-06,+5.037754706552E+00,+2.447236208245E+00,+2.447236208245E+00,+122.070313E-06
-1.897000E-06,+5.030710363314E+00,+2.447236208245E+00,+2.447236208245E+00,+122.070313E-06
-1.892000E-06,+4.797668049596E+00,+2.447236208245E+00,+2.447236208245E+00,+122.070313E-06
-1.887000E-06,+4.949748665094E+00,+2.447236208245E+00,+2.447236208245E+00,+122.070313E-06
-1.882000E-06,+4.934598502253E+00,+2.447236208245E+00,+2.447236208245E+00,+122.070313E-06
-1.877000E-06,+4.902561215232E+00,+2.447236208245E+00,+2.447236208245E+00,+122.070313E-06
-1.872000E-06,+4.748743638396E+00,+2.447236208245E+00,+2.447236208245E+00,+122.070313E-06
-1.867000E-06,+4.748743638396E+00,+2.447236208245E+00,+2.447236208245E+00,+122.070313E-06
-1.862000E-06,+4.748743638396E+00,+2.447236208245E+00,+2.447236208245E+00,+122.070313E-06
-1.857000E-06,+4.975417093848E+00,+2.447236208245E+00,+2.447236208245E+00,+122.070313E-06
-1.852000E-06,+4.943379806828E+00,+2.447236208245E+00,+2.447236208245E+00,+122.070313E-06
-1.847000E-06,+4.949748665094E+00,+2.447236208245E+00,+2.447236208245E+00,+122.070313E-06
-1.842000E-06,+4.879305232787E+00,+2.447236208245E+00,+2.447236208245E+00,+122.070313E-06
-1.837000E-06,+4.949748665094E+00,+2.447236208245E+00,+2.447236208245E+00,+122.070313E-06
-1.832000E-06,+5.016235685444E+00,+2.447236208245E+00,+2.447236208245E+00,+122.070313E-06
-1.827000E-06,+4.783193371725E+00,+2.447236208245E+00,+2.447236208245E+00,+122.070313E-06
-1.822000E-06,+4.751156084704E+00,+2.447236208245E+00,+2.447236208245E+00,+122.070313E-06
-1.817000E-06,+4.949748665094E+00,+2.447236208245E+00,+2.447236208245E+00,+122.070313E-06
-1.812000E-06,+4.949748665094E+00,+2.447236208245E+00,+2.447236208245E+00,+122.070313E-06
-1.807000E-06,+4.949748665094E+00,+2.447236208245E+00,+2.447236208245E+00,+122.070313E-06
-1.802000E-06,+4.874480340170E+00,+2.447236208245E+00,+2.447236208245E+00,+122.070313E-06
-1.797000E-06,+4.949748665094E+00,+2.447236208245E+00,+2.447236208245E+00,+122.070313E-06
-1.792000E-06,+4.949748665094E+00,+2.447236208245E+00,+2.447236208245E+00,+122.070313E-06
-1.787000E-06,+4.970592201232E+00,+2.447236208245E+00,+2.447236208245E+00,+122.070313E-06
-1.782000E-06,+4.854505284712E+00,+2.447236208245E+00,+2.447236208245E+00,+122.070313E-06
-1.777000E-06,+4.949748665094E+00,+2.447236208245E+00,+2.447236208245E+00,+122.070313E-06
-1.772000E-06,+4.949748665094E+00,+2.447236208245E+00,+2.447236208245E+00,+122.070313E-06
-1.767000E-06,+5.046729006836E+00,+2.447236208245E+00,+2.447236208245E+00,+122.070313E-06
-1.762000E-06,+4.969723720552E+00,+2.447236208245E+00,+2.447236208245E+00,+122.070313E-06
-1.757000E-06,+4.937686433532E+00,+2.447236208245E+00,+2.447236208245E+00,+122.070313E-06
-1.752000E-06,+4.949748665094E+00,+2.447236208245E+00,+2.447236208245E+00,+122.070313E-06
-1.747000E-06,+4.901017249604E+00,+2.447236208245E+00,+2.447236208245E+00,+122.070313E-06
-1.742000E-06,+4.949748665094E+00,+2.447236208245E+00,+2.447236208245E+00,+122.070313E-06
-1.737000E-06,+4.809537285450E+00,+2.447236208245E+00,+2.447236208245E+00,+122.070313E-06
-1.732000E-06,+4.748743638396E+00,+2.447236208245E+00,+2.447236208245E+00,+122.070313E-06
-1.727000E-06,+5.147472764805E+00,+2.447236208245E+00,+2.447236208245E+00,+122.070313E-06
-1.722000E-06,+4.949748665094E+00,+2.447236208245E+00,+2.447236208245E+00,+122.070313E-06
-1.717000E-06,+4.748743638396E+00,+2.447236208245E+00,+2.447236208245E+00,+122.070313E-06
-1.712000E-06,+4.850355877045E+00,+2.447236208245E+00,+2.447236208245E+00,+122.070313E-06
-1.707000E-06,+4.949748665094E+00,+2.447236208245E+00,+2.447236208245E+00,+122.070313E-06
-1.702000E-06,+4.786281303004E+00,+2.447236208245E+00,+2.447236208245E+00,+122.070313E-06
-1.697000E-06,+5.145253314205E+00,+2.447236208245E+00,+2.447236208245E+00,+122.070313E-06
-1.692000E-06,+4.976285574528E+00,+2.447236208245E+00,+2.447236208245E+00,+122.070313E-06
-1.687000E-06,+5.150753691792E+00,+2.447236208245E+00,+2.447236208245E+00,+122.070313E-06
-1.682000E-06,+4.949748665094E+00,+2.447236208245E+00,+2.447236208245E+00,+122.070313E-06
-1.677000E-06,+4.871392408891E+00,+2.447236208245E+00,+2.447236208245E+00,+122.070313E-06
-1.672000E-06,+4.996067634277E+00,+2.447236208245E+00,+2.447236208245E+00,+122.070313E-06
-1.667000E-06,+4.949748665094E+00,+2.447236208245E+00,+2.447236208245E+00,+122.070313E-06
-1.662000E-06,+4.967504269953E+00,+2.447236208245E+00,+2.447236208245E+00,+122.070313E-06
-1.657000E-06,+4.999541556974E+00,+2.447236208245E+00,+2.447236208245E+00,+122.070313E-06
-1.652000E-06,+4.830573817296E+00,+2.447236208245E+00,+2.447236208245E+00,+122.070313E-06
-1.647000E-06,+4.862611104317E+00,+2.447236208245E+00,+2.447236208245E+00,+122.070313E-06
-1.642000E-06,+4.949748665094E+00,+2.447236208245E+00,+2.447236208245E+00,+122.070313E-06
-1.637000E-06,+4.972811651831E+00,+2.530262958958E+00,+2.447236208245E+00,-82.570222940E-03
-1.632000E-06,+4.949748665094E+00,+7.546481781673E+00,+3.613422383526E+00,-3.917093746724E+00
-1.627000E-06,+4.789755225701E+00,+7.552763791755E+00,+6.118689933169E+00,-1.428174894716E+00
-1.622000E-06,+5.753768771887E+00,+7.552763791755E+00,+7.552763791755E+00,+122.070313E-06
-1.617000E-06,+4.154895854295E+00,+7.552763791755E+00,+7.552763791755E+00,+122.070313E-06
-1.612000E-06,+5.150753691792E+00,+7.552763791755E+00,+7.552763791755E+00,+122.070313E-06
-1.607000E-06,+3.944723531604E+00,+7.552763791755E+00,+7.552763791755E+00,+122.070313E-06
-1.602000E-06,+3.944916527313E+00,+7.552763791755E+00,+7.552763791755E+00,+122.070313E-06
-1.597000E-06,+3.880262966145E+00,+7.552763791755E+00,+7.552763791755E+00,+122.070313E-06
-1.592000E-06,+5.826238659085E+00,+7.552763791755E+00,+7.552763791755E+00,+122.070313E-06
-1.587000E-06,+6.356783851981E+00,+7.552763791755E+00,+7.552763791755E+00,+122.070313E-06
-1.582000E-06,+5.206432952677E+00,+7.552763791755E+00,+7.552763791755E+00,+122.070313E-06
-1.577000E-06,+4.588364207585E+00,+7.552763791755E+00,+7.552763791755E+00,+122.070313E-06
-1.572000E-06,+4.731567020664E+00,+7.552763791755E+00,+7.552763791755E+00,+122.070313E-06
-1.567000E-06,+4.346733585000E+00,+7.552763791755E+00,+7.552763791755E+00,+122.070313E-06
-1.562000E-06,+3.799204770081E+00,+7.552763791755E+00,+7.552763791755E+00,+122.070313E-06
-1.557000E-06,+4.171686480609E+00,+7.552763791755E+00,+7.552763791755E+00,+122.070313E-06
-1.552000E-06,+3.944723531604E+00,+7.552763791755E+00,+7.552763791755E+00,+122.070313E-06
-1.547000E-06,+4.346733585000E+00,+7.552763791755E+00,+7.552763791755E+00,+122.070313E-06
-1.542000E-06,+4.530368998257E+00,+7.552763791755E+00,+7.552763791755E+00,+122.070313E-06
-1.537000E-06,+4.935080991515E+00,+7.552763791755E+00,+7.552763791755E+00,+122.070313E-06
-1.532000E-06,+6.155778825283E+00,+7.552763791755E+00,+7.552763791755E+00,+122.070313E-06
-1.527000E-06,+6.356783851981E+00,+7.552763791755E+00,+7.552763791755E+00,+122.070313E-06
-1.522000E-06,+5.351758718491E+00,+7.552763791755E+00,+7.552763791755E+00,+122.070313E-06
-1.517000E-06,+4.891560460058E+00,+7.552763791755E+00,+7.552763791755E+00,+122.070313E-06
-1.512000E-06,+4.949748665094E+00,+7.552763791755E+00,+7.552763791755E+00,+122.070313E-06
-1.507000E-06,+4.553624980703E+00,+7.552763791755E+00,+7.552763791755E+00,+122.070313E-06
-1.502000E-06,+4.547738611698E+00,+7.552763791755E+00,+7.552763791755E+00,+122.070313E-06
-1.497000E-06,+4.547738611698E+00,+7.552763791755E+00,+7.552763791755E+00,+122.070313E-06
-1.492000E-06,+4.949748665094E+00,+7.552763791755E+00,+7.552763791755E+00,+122.070313E-06
-1.487000E-06,+4.748743638396E+00,+7.552763791755E+00,+7.552763791755E+00,+122.070313E-06
-1.482000E-06,+4.547738611698E+00,+7.552763791755E+00,+7.552763791755E+00,+122.070313E-06
-1.477000E-06,+4.346733585000E+00,+7.552763791755E+00,+7.552763791755E+00,+122.070313E-06
-1.472000E-06,+4.719601286946E+00,+7.552763791755E+00,+7.552763791755E+00,+122.070313E-06
-1.467000E-06,+4.949748665094E+00,+7.552763791755E+00,+7.552763791755E+00,+122.070313E-06
-1.462000E-06,+5.243970617284E+00,+7.552763791755E+00,+7.552763791755E+00,+122.070313E-06
-1.457000E-06,+5.427509532677E+00,+7.552763791755E+00,+7.552763791755E+00,+122.070313E-06
-1.452000E-06,+5.753768771887E+00,+7.552763791755E+00,+7.552763791755E+00,+122.070313E-06
-1.447000E-06,+5.541087505044E+00,+7.552763791755E+00,+7.552763791755E+00,+122.070313E-06
-1.442000E-06,+4.970109711970E+00,+7.552763791755E+00,+7.552763791755E+00,+122.070313E-06
-1.437000E-06,+4.600136945594E+00,+7.552763791755E+00,+7.552763791755E+00,+122.070313E-06
-1.432000E-06,+5.066318070876E+00,+7.552763791755E+00,+7.552763791755E+00,+122.070313E-06
-1.427000E-06,+4.949748665094E+00,+7.552763791755E+00,+7.552763791755E+00,+122.070313E-06
-1.422000E-06,+4.399228416740E+00,+7.552763791755E+00,+7.552763791755E+00,+122.070313E-06
-1.417000E-06,+4.769201183116E+00,+7.552763791755E+00,+7.552763791755E+00,+122.070313E-06
-1.412000E-06,+5.139173949492E+00,+7.552763791755E+00,+7.552763791755E+00,+122.070313E-06
-1.407000E-06,+4.993365694416E+00,+7.552763791755E+00,+7.552763791755E+00,+122.070313E-06
-1.402000E-06,+4.824397954738E+00,+7.552763791755E+00,+7.552763791755E+00,+122.070313E-06
-1.397000E-06,+4.748743638396E+00,+7.552763791755E+00,+7.552763791755E+00,+122.070313E-06
-1.392000E-06,+4.888472528779E+00,+7.552763791755E+00,+7.552763791755E+00,+122.070313E-06
-1.387000E-06,+4.978987514389E+00,+7.552763791755E+00,+7.552763791755E+00,+122.070313E-06
-1.382000E-06,+5.150753691792E+00,+7.552763791755E+00,+7.552763791755E+00,+122.070313E-06
-1.377000E-06,+5.185589416539E+00,+7.552763791755E+00,+7.552763791755E+00,+122.070313E-06
-1.372000E-06,+5.150753691792E+00,+7.552763791755E+00,+7.552763791755E+00,+122.070313E-06
-1.367000E-06,+5.048658963882E+00,+7.552763791755E+00,+7.552763791755E+00,+122.070313E-06
-1.362000E-06,+4.748743638396E+00,+7.552763791755E+00,+7.552763791755E+00,+122.070313E-06
-1.357000E-06,+4.786763792266E+00,+7.552763791755E+00,+7.552763791755E+00,+122.070313E-06
-1.352000E-06,+5.150753691792E+00,+7.552763791755E+00,+7.552763791755E+00,+122.070313E-06
-1.347000E-06,+4.949748665094E+00,+7.552763791755E+00,+7.552763791755E+00,+122.070313E-06
-1.342000E-06,+5.007840372287E+00,+7.552763791755E+00,+7.552763791755E+00,+122.070313E-06
-1.337000E-06,+4.949748665094E+00,+7.552763791755E+00,+7.552763791755E+00,+122.070313E-06
-1.332000E-06,+4.669904892931E+00,+7.552763791755E+00,+7.552763791755E+00,+122.070313E-06
-1.327000E-06,+4.748743638396E+00,+7.552763791755E+00,+7.552763791755E+00,+122.070313E-06
-1.322000E-06,+4.748743638396E+00,+7.552763791755E+00,+7.552763791755E+00,+122.070313E-06
-1.317000E-06,+4.949748665094E+00,+7.552763791755E+00,+7.552763791755E+00,+122.070313E-06
-1.312000E-06,+5.302448315873E+00,+7.552763791755E+00,+7.552763791755E+00,+122.070313E-06
-1.307000E-06,+5.552763745189E+00,+7.552763791755E+00,+7.552763791755E+00,+122.070313E-06
-1.302000E-06,+5.238373741832E+00,+7.552763791755E+00,+7.552763791755E+00,+122.070313E-06
-1.297000E-06,+4.949748665094E+00,+7.552763791755E+00,+7.552763791755E+00,+122.070313E-06
-1.292000E-06,+4.748743638396E+00,+7.552763791755E+00,+7.552763791755E+00,+122.070313E-06
-1.287000E-06,+4.949748665094E+00,+7.552763791755E+00,+7.552763791755E+00,+122.070313E-06
-1.282000E-06,+5.110224593750E+00,+7.552763791755E+00,+7.552763791755E+00,+122.070313E-06
-1.277000E-06,+4.893876408522E+00,+7.552763791755E+00,+7.552763791755E+00,+122.070313E-06
-1.272000E-06,+4.957950982563E+00,+7.543123656472E+00,+7.552763791755E+00,+9.723372145E-03
-1.267000E-06,+4.748743638396E+00,+6.097402507332E+00,+7.552763791755E+00,+1.449620708836E+00
-1.262000E-06,+5.183080472366E+00,+4.308293756525E+00,+7.494575587801E+00,+3.173568571754E+00
-1.257000E-06,+5.552474251636E+00,+2.868796718748E+00,+4.878123214607E+00,+2.001354376868E+00
-1.252000E-06,+5.150753691792E+00,+2.447236208245E+00,+2.482158780412E+00,+34.903963545E-03
-1.247000E-06,+5.214538772281E+00,+2.447236208245E+00,+2.447236208245E+00,+122.070313E-06
-1.242000E-06,+4.136368266621E+00,+2.447236208245E+00,+2.447236208245E+00,+122.070313E-06
-1.237000E-06,+3.140703424811E+00,+2.447236208245E+00,+2.447236208245E+00,+122.070313E-06
-1.232000E-06,+3.423924621806E+00,+2.447236208245E+00,+2.447236208245E+00,+122.070313E-06
-1.227000E-06,+4.967890261350E+00,+2.447236208245E+00,+2.447236208245E+00,+122.070313E-06
-1.222000E-06,+5.173720180685E+00,+2.447236208245E+00,+2.447236208245E+00,+122.070313E-06
-1.217000E-06,+5.150753691792E+00,+2.447236208245E+00,+2.447236208245E+00,+122.070313E-06
-1.212000E-06,+5.465722682255E+00,+2.447236208245E+00,+2.447236208245E+00,+122.070313E-06
-1.207000E-06,+5.917622125374E+00,+2.447236208245E+00,+2.447236208245E+00,+122.070313E-06
-1.202000E-06,+5.753768771887E+00,+2.447236208245E+00,+2.447236208245E+00,+122.070313E-06
-1.197000E-06,+5.369610821193E+00,+2.447236208245E+00,+2.447236208245E+00,+122.070313E-06
-1.192000E-06,+5.365943902809E+00,+2.447236208245E+00,+2.447236208245E+00,+122.070313E-06
-1.187000E-06,+4.640183554375E+00,+2.447236208245E+00,+2.447236208245E+00,+122.070313E-06
-1.182000E-06,+4.223988316661E+00,+2.447236208245E+00,+2.447236208245E+00,+122.070313E-06
-1.177000E-06,+3.542713478208E+00,+2.447236208245E+00,+2.447236208245E+00,+122.070313E-06
-1.172000E-06,+3.944723531604E+00,+2.447236208245E+00,+2.447236208245E+00,+122.070313E-06
-1.167000E-06,+4.976382072372E+00,+2.447236208245E+00,+2.447236208245E+00,+122.070313E-06
-1.162000E-06,+5.552763745189E+00,+2.447236208245E+00,+2.447236208245E+00,+122.070313E-06
-1.157000E-06,+5.024630998621E+00,+2.447236208245E+00,+2.447236208245E+00,+122.070313E-06
-1.152000E-06,+5.483285291405E+00,+2.447236208245E+00,+2.447236208245E+00,+122.070313E-06
-1.147000E-06,+5.451248004384E+00,+2.447236208245E+00,+2.447236208245E+00,+122.070313E-06
-1.142000E-06,+5.083301692920E+00,+2.447236208245E+00,+2.447236208245E+00,+122.070313E-06
-1.137000E-06,+4.949748665094E+00,+2.447236208245E+00,+2.447236208245E+00,+122.070313E-06
-1.132000E-06,+5.150753691792E+00,+2.447236208245E+00,+2.447236208245E+00,+122.070313E-06
-1.127000E-06,+5.552763745189E+00,+2.447236208245E+00,+2.447236208245E+00,+122.070313E-06
-1.122000E-06,+5.412455867700E+00,+2.447236208245E+00,+2.447236208245E+00,+122.070313E-06
-1.117000E-06,+4.949748665094E+00,+2.447236208245E+00,+2.447236208245E+00,+122.070313E-06
-1.112000E-06,+4.873515361647E+00,+2.447236208245E+00,+2.447236208245E+00,+122.070313E-06
-1.107000E-06,+4.503542595271E+00,+2.447236208245E+00,+2.447236208245E+00,+122.070313E-06
-1.102000E-06,+4.346733585000E+00,+2.447236208245E+00,+2.447236208245E+00,+122.070313E-06
-1.097000E-06,+4.346733585000E+00,+2.447236208245E+00,+2.447236208245E+00,+122.070313E-06
-1.092000E-06,+4.748743638396E+00,+2.447236208245E+00,+2.447236208245E+00,+122.070313E-06
-1.087000E-06,+5.267805586836E+00,+2.447236208245E+00,+2.447236208245E+00,+122.070313E-06
-1.082000E-06,+4.980724475747E+00,+2.447236208245E+00,+2.447236208245E+00,+122.070313E-06
-1.077000E-06,+5.097776370790E+00,+2.447236208245E+00,+2.447236208245E+00,+122.070313E-06
-1.072000E-06,+4.970688699076E+00,+2.447236208245E+00,+2.447236208245E+00,+122.070313E-06
-1.067000E-06,+5.340661465452E+00,+2.447236208245E+00,+2.447236208245E+00,+122.070313E-06
-1.062000E-06,+4.992883205154E+00,+2.447236208245E+00,+2.447236208245E+00,+122.070313E-06
-1.057000E-06,+4.874576838014E+00,+2.447236208245E+00,+2.447236208245E+00,+122.070313E-06
-1.052000E-06,+4.949748665094E+00,+2.447236208245E+00,+2.447236208245E+00,+122.070313E-06
-1.047000E-06,+5.290000092914E+00,+2.447236208245E+00,+2.447236208245E+00,+122.070313E-06
-1.042000E-06,+5.091311014680E+00,+2.447236208245E+00,+2.447236208245E+00,+122.070313E-06
-1.037000E-06,+4.949748665094E+00,+2.447236208245E+00,+2.447236208245E+00,+122.070313E-06
-1.032000E-06,+4.783096873881E+00,+2.447236208245E+00,+2.447236208245E+00,+122.070313E-06
-1.027000E-06,+4.949748665094E+00,+2.447236208245E+00,+2.447236208245E+00,+122.070313E-06
-1.022000E-06,+5.048176474620E+00,+2.447236208245E+00,+2.447236208245E+00,+122.070313E-06
-1.017000E-06,+4.949748665094E+00,+2.447236208245E+00,+2.447236208245E+00,+122.070313E-06
-1.012000E-06,+4.949748665094E+00,+2.447236208245E+00,+2.447236208245E+00,+122.070313E-06
-1.007000E-06,+5.150753691792E+00,+2.447236208245E+00,+2.447236208245E+00,+122.070313E-06
-1.002000E-06,+5.125181760883E+00,+2.447236208245E+00,+2.447236208245E+00,+122.070313E-06
-997.000E-09,+5.150753691792E+00,+2.447236208245E+00,+2.447236208245E+00,+122.070313E-06
-992.000E-09,+4.860102160144E+00,+2.447236208245E+00,+2.447236208245E+00,+122.070313E-06
-987.000E-09,+5.272437483764E+00,+2.447236208245E+00,+2.447236208245E+00,+122.070313E-06
-982.000E-09,+5.150753691792E+00,+2.447236208245E+00,+2.447236208245E+00,+122.070313E-06
-977.000E-09,+5.166000352478E+00,+2.447236208245E+00,+2.447236208245E+00,+122.070313E-06
-972.000E-09,+5.167544318127E+00,+2.447236208245E+00,+2.447236208245E+00,+122.070313E-06
-967.000E-09,+5.150753691792E+00,+2.447236208245E+00,+2.447236208245E+00,+122.070313E-06
-962.000E-09,+4.748743638396E+00,+2.447236208245E+00,+2.447236208245E+00,+122.070313E-06
-957.000E-09,+4.748743638396E+00,+2.447236208245E+00,+2.447236208245E+00,+122.070313E-06
-952.000E-09,+4.860874142958E+00,+2.447236208245E+00,+2.447236208245E+00,+122.070313E-06
-947.000E-09,+4.949748665094E+00,+2.447236208245E+00,+2.447236208245E+00,+122.070313E-06
-942.000E-09,+5.150753691792E+00,+2.447236208245E+00,+2.447236208245E+00,+122.070313E-06
-937.000E-09,+5.351758718491E+00,+2.447236208245E+00,+2.447236208245E+00,+122.070313E-06
-932.000E-09,+5.078669795991E+00,+2.447236208245E+00,+2.447236208245E+00,+122.070313E-06
-927.000E-09,+4.956986004040E+00,+2.447236208245E+00,+2.447236208245E+00,+122.070313E-06
-922.000E-09,+4.949748665094E+00,+2.447236208245E+00,+2.447236208245E+00,+122.070313E-06
-917.000E-09,+4.949748665094E+00,+2.447236208245E+00,+2.447236208245E+00,+122.070313E-06
-912.000E-09,+5.150753691792E+00,+2.447236208245E+00,+2.447236208245E+00,+122.070313E-06
-907.000E-09,+5.150753691792E+00,+2.447236208245E+00,+2.447236208245E+00,+122.070313E-06
-902.000E-09,+5.076353847547E+00,+2.447236208245E+00,+2.447236208245E+00,+122.070313E-06
-897.000E-09,+4.854408786848E+00,+2.447236208245E+00,+2.447236208245E+00,+122.070313E-06
-892.000E-09,+4.675115776966E+00,+2.447236208245E+00,+2.447236208245E+00,+122.070313E-06
-887.000E-09,+4.908158090684E+00,+2.447236208245E+00,+2.447236208245E+00,+122.070313E-06
-882.000E-09,+4.949748665094E+00,+2.447236208245E+00,+2.447236208245E+00,+122.070313E-06
-877.000E-09,+4.949748665094E+00,+2.447236208245E+00,+2.447236208245E+00,+122.070313E-06
-872.000E-09,+5.150753691792E+00,+2.447236208245E+00,+2.447236208245E+00,+122.070313E-06
-867.000E-09,+5.150753691792E+00,+2.447236208245E+00,+2.447236208245E+00,+122.070313E-06
-862.000E-09,+4.949748665094E+00,+2.447236208245E+00,+2.447236208245E+00,+122.070313E-06
-857.000E-09,+5.201125570778E+00,+2.447236208245E+00,+2.447236208245E+00,+122.070313E-06
-852.000E-09,+4.748743638396E+00,+2.447236208245E+00,+2.447236208245E+00,+122.070313E-06
-847.000E-09,+5.150753691792E+00,+2.447236208245E+00,+2.447236208245E+00,+122.070313E-06
-842.000E-09,+4.949748665094E+00,+2.447236208245E+00,+2.447236208245E+00,+122.070313E-06
-837.000E-09,+4.949748665094E+00,+2.447236208245E+00,+2.447236208245E+00,+122.070313E-06
-832.000E-09,+5.132129606255E+00,+2.447236208245E+00,+2.447236208245E+00,+122.070313E-06
-827.000E-09,+5.008901848654E+00,+2.447236208245E+00,+2.447236208245E+00,+122.070313E-06
-822.000E-09,+5.123637795253E+00,+2.447236208245E+00,+2.447236208245E+00,+122.070313E-06
-817.000E-09,+5.145832301311E+00,+2.447236208245E+00,+2.447236208245E+00,+122.070313E-06
-812.000E-09,+4.986707342596E+00,+2.447236208245E+00,+2.447236208245E+00,+122.070313E-06
-807.000E-09,+4.949748665094E+00,+2.447236208245E+00,+2.447236208245E+00,+122.070313E-06
-802.000E-09,+5.049720440250E+00,+2.447236208245E+00,+2.447236208245E+00,+122.070313E-06
-797.000E-09,+5.283824230356E+00,+2.447236208245E+00,+2.447236208245E+00,+122.070313E-06
-792.000E-09,+5.150753691792E+00,+2.447236208245E+00,+2.447236208245E+00,+122.070313E-06
-787.000E-09,+5.351758718491E+00,+2.447236208245E+00,+2.447236208245E+00,+122.070313E-06
-782.000E-09,+5.178931064719E+00,+2.447236208245E+00,+2.447236208245E+00,+122.070313E-06
-777.000E-09,+4.949748665094E+00,+2.447236208245E+00,+2.447236208245E+00,+122.070313E-06
-772.000E-09,+4.840995585364E+00,+2.447236208245E+00,+2.447236208245E+00,+122.070313E-06
-767.000E-09,+4.873032872385E+00,+2.447236208245E+00,+2.447236208245E+00,+122.070313E-06
-762.000E-09,+4.949748665094E+00,+2.447236208245E+00,+2.447236208245E+00,+122.070313E-06
-757.000E-09,+4.937107446426E+00,+2.447236208245E+00,+2.447236208245E+00,+122.070313E-06
-752.000E-09,+4.949748665094E+00,+2.447236208245E+00,+2.447236208245E+00,+122.070313E-06
-747.000E-09,+4.851610349141E+00,+2.447236208245E+00,+2.447236208245E+00,+122.070313E-06
-742.000E-09,+4.949748665094E+00,+2.447236208245E+00,+2.447236208245E+00,+122.070313E-06
-737.000E-09,+5.035245762379E+00,+2.447236208245E+00,+2.447236208245E+00,+122.070313E-06
-732.000E-09,+4.802203448660E+00,+2.447236208245E+00,+2.447236208245E+00,+122.070313E-06
-727.000E-09,+5.129331168549E+00,+2.447236208245E+00,+2.447236208245E+00,+122.070313E-06
-722.000E-09,+5.341143954713E+00,+2.447236208245E+00,+2.447236208245E+00,+122.070313E-06
-717.000E-09,+5.150753691792E+00,+2.447236208245E+00,+2.447236208245E+00,+122.070313E-06
-712.000E-09,+4.949748665094E+00,+2.447236208245E+00,+2.447236208245E+00,+122.070313E-06
-707.000E-09,+4.855470263235E+00,+2.447236208245E+00,+2.447236208245E+00,+122.070313E-06
-702.000E-09,+5.088512576954E+00,+2.447236208245E+00,+2.447236208245E+00,+122.070313E-06
-697.000E-09,+5.150753691792E+00,+2.447236208245E+00,+2.447236208245E+00,+122.070313E-06
-692.000E-09,+5.150753691792E+00,+2.447236208245E+00,+2.447236208245E+00,+122.070313E-06
-687.000E-09,+5.184624438015E+00,+2.447236208245E+00,+2.447236208245E+00,+122.070313E-06
-682.000E-09,+5.084845658549E+00,+2.447236208245E+00,+2.447236208245E+00,+122.070313E-06
-677.000E-09,+5.052808371529E+00,+2.447236208245E+00,+2.447236208245E+00,+122.070313E-06
-672.000E-09,+5.020771084508E+00,+2.447236208245E+00,+2.447236208245E+00,+122.070313E-06
-667.000E-09,+4.787728770789E+00,+2.447236208245E+00,+2.447236208245E+00,+122.070313E-06
-662.000E-09,+4.956696510467E+00,+2.447236208245E+00,+2.447236208245E+00,+122.070313E-06
-657.000E-09,+5.175843133440E+00,+2.447236208245E+00,+2.447236208245E+00,+122.070313E-06
-652.000E-09,+5.150753691792E+00,+2.447236208245E+00,+2.447236208245E+00,+122.070313E-06
-647.000E-09,+5.150753691792E+00,+2.447236208245E+00,+2.447236208245E+00,+122.070313E-06
-642.000E-09,+5.192151270514E+00,+2.447236208245E+00,+2.447236208245E+00,+122.070313E-06
-637.000E-09,+4.997515102062E+00,+2.447236208245E+00,+2.447236208245E+00,+122.070313E-06
-632.000E-09,+5.135024541845E+00,+2.447236208245E+00,+2.447236208245E+00,+122.070313E-06
-627.000E-09,+4.949748665094E+00,+2.447236208245E+00,+2.447236208245E+00,+122.070313E-06
-622.000E-09,+5.150753691792E+00,+2.447236208245E+00,+2.447236208245E+00,+122.070313E-06
-617.000E-09,+4.869365953980E+00,+2.447236208245E+00,+2.447236208245E+00,+122.070313E-06
-612.000E-09,+4.949748665094E+00,+2.447236208245E+00,+2.447236208245E+00,+122.070313E-06
-607.000E-09,+4.949748665094E+00,+2.447236208245E+00,+2.447236208245E+00,+122.070313E-06
-602.000E-09,+4.748743638396E+00,+2.447236208245E+00,+2.447236208245E+00,+122.070313E-06
-597.000E-09,+4.957275497593E+00,+2.447236208245E+00,+2.447236208245E+00,+122.070313E-06
-592.000E-09,+5.150753691792E+00,+2.447236208245E+00,+2.447236208245E+00,+122.070313E-06
-587.000E-09,+5.021350071634E+00,+2.447236208245E+00,+2.447236208245E+00,+122.070313E-06
-582.000E-09,+4.949748665094E+00,+2.447236208245E+00,+2.447236208245E+00,+122.070313E-06
-577.000E-09,+5.150753691792E+00,+2.447236208245E+00,+2.447236208245E+00,+122.070313E-06
-572.000E-09,+4.949748665094E+00,+2.447236208245E+00,+2.447236208245E+00,+122.070313E-06
-567.000E-09,+5.349249774337E+00,+2.447236208245E+00,+2.447236208245E+00,+122.070313E-06
-562.000E-09,+4.779526453340E+00,+2.447236208245E+00,+2.447236208245E+00,+122.070313E-06
-557.000E-09,+4.949748665094E+00,+2.447236208245E+00,+2.447236208245E+00,+122.070313E-06
-552.000E-09,+5.256901329506E+00,+2.447236208245E+00,+2.447236208245E+00,+122.070313E-06
-547.000E-09,+4.949748665094E+00,+2.447236208245E+00,+2.447236208245E+00,+122.070313E-06
-542.000E-09,+5.108680628120E+00,+2.447236208245E+00,+2.447236208245E+00,+122.070313E-06
-537.000E-09,+5.150753691792E+00,+2.447236208245E+00,+2.447236208245E+00,+122.070313E-06
-532.000E-09,+4.770745148765E+00,+2.447236208245E+00,+2.447236208245E+00,+122.070313E-06
-527.000E-09,+4.949748665094E+00,+2.447236208245E+00,+2.447236208245E+00,+122.070313E-06
-522.000E-09,+4.949748665094E+00,+2.447236208245E+00,+2.447236208245E+00,+122.070313E-06
-517.000E-09,+5.150753691792E+00,+2.447236208245E+00,+2.447236208245E+00,+122.070313E-06
-512.000E-09,+5.000603033341E+00,+2.447236208245E+00,+2.447236208245E+00,+122.070313E-06
-507.000E-09,+4.930931583868E+00,+2.447236208245E+00,+2.447236208245E+00,+122.070313E-06
-502.000E-09,+5.150753691792E+00,+2.447236208245E+00,+2.447236208245E+00,+122.070313E-06
-497.000E-09,+4.949748665094E+00,+2.447236208245E+00,+2.447236208245E+00,+122.070313E-06
-492.000E-09,+4.872453885259E+00,+2.447236208245E+00,+2.447236208245E+00,+122.070313E-06
-487.000E-09,+5.059080731950E+00,+2.447236208245E+00,+2.447236208245E+00,+122.070313E-06
-482.000E-09,+4.949748665094E+00,+2.447236208245E+00,+2.447236208245E+00,+122.070313E-06
-477.000E-09,+5.123155305991E+00,+2.447236208245E+00,+2.447236208245E+00,+122.070313E-06
-472.000E-09,+4.954187566314E+00,+2.447236208245E+00,+2.447236208245E+00,+122.070313E-06
-467.000E-09,+5.150753691792E+00,+2.447236208245E+00,+2.447236208245E+00,+122.070313E-06
-462.000E-09,+5.018262140355E+00,+2.447236208245E+00,+2.447236208245E+00,+122.070313E-06
-457.000E-09,+4.949748665094E+00,+2.447236208245E+00,+2.447236208245E+00,+122.070313E-06
-452.000E-09,+4.949748665094E+00,+2.447236208245E+00,+2.447236208245E+00,+122.070313E-06
-447.000E-09,+5.315379028114E+00,+2.447236208245E+00,+2.447236208245E+00,+122.070313E-06
-442.000E-09,+4.954091068450E+00,+2.447236208245E+00,+2.447236208245E+00,+122.070313E-06
-437.000E-09,+5.150753691792E+00,+2.447236208245E+00,+2.447236208245E+00,+122.070313E-06
-432.000E-09,+5.150753691792E+00,+2.447236208245E+00,+2.447236208245E+00,+122.070313E-06
-427.000E-09,+4.857979207388E+00,+2.447236208245E+00,+2.447236208245E+00,+122.070313E-06
-422.000E-09,+4.825941920368E+00,+2.447236208245E+00,+2.447236208245E+00,+122.070313E-06
-417.000E-09,+4.793904633347E+00,+2.447236208245E+00,+2.447236208245E+00,+122.070313E-06
-412.000E-09,+5.137629983862E+00,+2.447236208245E+00,+2.447236208245E+00,+122.070313E-06
-407.000E-09,+4.949748665094E+00,+2.447236208245E+00,+2.447236208245E+00,+122.070313E-06
-402.000E-09,+5.099802825682E+00,+2.447236208245E+00,+2.447236208245E+00,+122.070313E-06
-397.000E-09,+5.032736818225E+00,+2.447236208245E+00,+2.447236208245E+00,+122.070313E-06
-392.000E-09,+5.035728251641E+00,+2.447236208245E+00,+2.447236208245E+00,+122.070313E-06
-387.000E-09,+4.802685937922E+00,+2.447236208245E+00,+2.447236208245E+00,+122.070313E-06
-382.000E-09,+4.949748665094E+00,+2.447236208245E+00,+2.447236208245E+00,+122.070313E-06
-377.000E-09,+5.341626443976E+00,+2.447236208245E+00,+2.447236208245E+00,+122.070313E-06
-372.000E-09,+4.833082761468E+00,+2.447236208245E+00,+2.447236208245E+00,+122.070313E-06
-367.000E-09,+5.002339994680E+00,+2.447236208245E+00,+2.447236208245E+00,+122.070313E-06
-362.000E-09,+5.055992800671E+00,+2.447236208245E+00,+2.447236208245E+00,+122.070313E-06
-357.000E-09,+5.088030087692E+00,+2.447236208245E+00,+2.447236208245E+00,+122.070313E-06
-352.000E-09,+5.120067374712E+00,+2.447236208245E+00,+2.447236208245E+00,+122.070313E-06
-347.000E-09,+4.951099635035E+00,+2.447236208245E+00,+2.447236208245E+00,+122.070313E-06
-342.000E-09,+5.184141948753E+00,+2.447236208245E+00,+2.447236208245E+00,+122.070313E-06
-337.000E-09,+5.085328147811E+00,+2.447236208245E+00,+2.447236208245E+00,+122.070313E-06
-332.000E-09,+4.949748665094E+00,+2.447236208245E+00,+2.447236208245E+00,+122.070313E-06
-327.000E-09,+5.280253809815E+00,+2.447236208245E+00,+2.447236208245E+00,+122.070313E-06
-322.000E-09,+4.989216286750E+00,+2.447236208245E+00,+2.447236208245E+00,+122.070313E-06
-317.000E-09,+5.135893022523E+00,+2.447236208245E+00,+2.447236208245E+00,+122.070313E-06
-312.000E-09,+4.773350590782E+00,+2.447236208245E+00,+2.447236208245E+00,+122.070313E-06
-307.000E-09,+5.094109452386E+00,+2.447236208245E+00,+2.447236208245E+00,+122.070313E-06
-302.000E-09,+5.150753691792E+00,+2.447236208245E+00,+2.447236208245E+00,+122.070313E-06
-297.000E-09,+5.070467478542E+00,+2.447236208245E+00,+2.447236208245E+00,+122.070313E-06
-292.000E-09,+4.949748665094E+00,+2.447236208245E+00,+2.447236208245E+00,+122.070313E-06
-287.000E-09,+5.150753691792E+00,+2.447236208245E+00,+2.447236208245E+00,+122.070313E-06
-282.000E-09,+4.965574312905E+00,+2.447236208245E+00,+2.447236208245E+00,+122.070313E-06
-277.000E-09,+4.949748665094E+00,+2.447236208245E+00,+2.447236208245E+00,+122.070313E-06
-272.000E-09,+4.949748665094E+00,+2.447236208245E+00,+2.447236208245E+00,+122.070313E-06
-267.000E-09,+4.837811156222E+00,+2.447236208245E+00,+2.447236208245E+00,+122.070313E-06
-262.000E-09,+4.949748665094E+00,+2.447236208245E+00,+2.447236208245E+00,+122.070313E-06
-257.000E-09,+5.150753691792E+00,+2.447236208245E+00,+2.447236208245E+00,+122.070313E-06
-252.000E-09,+4.949748665094E+00,+2.447236208245E+00,+2.447236208245E+00,+122.070313E-06
-247.000E-09,+4.988830295351E+00,+2.447236208245E+00,+2.447236208245E+00,+122.070313E-06
-242.000E-09,+4.949748665094E+00,+2.447236208245E+00,+2.447236208245E+00,+122.070313E-06
-237.000E-09,+4.748743638396E+00,+2.447236208245E+00,+2.447236208245E+00,+122.070313E-06
-232.000E-09,+5.015560200474E+00,+2.447236208245E+00,+2.447236208245E+00,+122.070313E-06
-227.000E-09,+4.782517886756E+00,+2.447236208245E+00,+2.447236208245E+00,+122.070313E-06
-222.000E-09,+5.150753691792E+00,+2.447236208245E+00,+2.447236208245E+00,+122.070313E-06
-217.000E-09,+4.949748665094E+00,+2.447236208245E+00,+2.447236208245E+00,+122.070313E-06
-212.000E-09,+5.088416079090E+00,+2.447236208245E+00,+2.447236208245E+00,+122.070313E-06
-207.000E-09,+5.150753691792E+00,+2.447236208245E+00,+2.447236208245E+00,+122.070313E-06
-202.000E-09,+4.875155825140E+00,+2.447236208245E+00,+2.447236208245E+00,+122.070313E-06
-197.000E-09,+4.949748665094E+00,+2.447236208245E+00,+2.447236208245E+00,+122.070313E-06
-192.000E-09,+4.949748665094E+00,+2.447236208245E+00,+2.447236208245E+00,+122.070313E-06
-187.000E-09,+4.949748665094E+00,+2.447236208245E+00,+2.447236208245E+00,+122.070313E-06
-182.000E-09,+4.949748665094E+00,+2.447236208245E+00,+2.447236208245E+00,+122.070313E-06
-177.000E-09,+4.949748665094E+00,+2.447236208245E+00,+2.447236208245E+00,+122.070313E-06
-172.000E-09,+4.949748665094E+00,+2.447236208245E+00,+2.447236208245E+00,+122.070313E-06
-167.000E-09,+5.099416834283E+00,+2.447236208245E+00,+2.447236208245E+00,+122.070313E-06
-162.000E-09,+4.969048235583E+00,+2.447236208245E+00,+2.447236208245E+00,+122.070313E-06
-157.000E-09,+4.949748665094E+00,+2.447236208245E+00,+2.447236208245E+00,+122.070313E-06
-152.000E-09,+5.150753691792E+00,+2.447236208245E+00,+2.447236208245E+00,+122.070313E-06
-147.000E-09,+4.872936374521E+00,+2.447236208245E+00,+2.447236208245E+00,+122.070313E-06
-142.000E-09,+4.949748665094E+00,+2.447236208245E+00,+2.447236208245E+00,+122.070313E-06
-137.000E-09,+5.009866827179E+00,+2.447236208245E+00,+2.447236208245E+00,+122.070313E-06
-132.000E-09,+4.776824513460E+00,+2.447236208245E+00,+2.447236208245E+00,+122.070313E-06
-127.000E-09,+5.146797279836E+00,+2.447236208245E+00,+2.447236208245E+00,+122.070313E-06
-122.000E-09,+4.748743638396E+00,+2.447236208245E+00,+2.447236208245E+00,+122.070313E-06
-117.000E-09,+4.949748665094E+00,+2.447236208245E+00,+2.447236208245E+00,+122.070313E-06
-112.000E-09,+5.150753691792E+00,+2.447236208245E+00,+2.447236208245E+00,+122.070313E-06
-107.000E-09,+4.817643105055E+00,+2.447236208245E+00,+2.447236208245E+00,+122.070313E-06
-102.000E-09,+4.785605818035E+00,+2.447236208245E+00,+2.447236208245E+00,+122.070313E-06
-97.000E-09,+5.150753691792E+00,+2.447236208245E+00,+2.447236208245E+00,+122.070313E-06
-92.000E-09,+4.949748665094E+00,+2.447236208245E+00,+2.447236208245E+00,+122.070313E-06
-87.000E-09,+4.949748665094E+00,+2.447236208245E+00,+2.447236208245E+00,+122.070313E-06
-82.000E-09,+4.840030606840E+00,+2.447236208245E+00,+2.447236208245E+00,+122.070313E-06
-77.000E-09,+4.949748665094E+00,+2.447236208245E+00,+2.447236208245E+00,+122.070313E-06
-72.000E-09,+4.949748665094E+00,+2.447236208245E+00,+2.447236208245E+00,+122.070313E-06
-67.000E-09,+5.137147494600E+00,+2.447236208245E+00,+2.447236208245E+00,+122.070313E-06
-62.000E-09,+4.949748665094E+00,+2.447236208245E+00,+2.447236208245E+00,+122.070313E-06
-57.000E-09,+5.100285314944E+00,+2.447236208245E+00,+2.447236208245E+00,+122.070313E-06
-52.000E-09,+4.831249302265E+00,+2.447236208245E+00,+2.447236208245E+00,+122.070313E-06
-47.000E-09,+4.977829540175E+00,+2.447236208245E+00,+2.447236208245E+00,+122.070313E-06
-42.000E-09,+4.748743638396E+00,+2.447236208245E+00,+2.447236208245E+00,+122.070313E-06
-37.000E-09,+4.927361163327E+00,+2.447236208245E+00,+2.447236208245E+00,+122.070313E-06
-32.000E-09,+4.940098879842E+00,+2.447236208245E+00,+2.447236208245E+00,+122.070313E-06
-27.000E-09,+4.748743638396E+00,+2.447236208245E+00,+2.447236208245E+00,+122.070313E-06
-22.000E-09,+4.949748665094E+00,+2.447236208245E+00,+2.447236208245E+00,+122.070313E-06
-17.000E-09,+5.044992045478E+00,+2.447236208245E+00,+2.447236208245E+00,+122.070313E-06
-12.000E-09,+4.748743638396E+00,+2.447236208245E+00,+2.447236208245E+00,+122.070313E-06
-7.000E-09,+5.119584885450E+00,+2.472171252857E+00,+2.447236208245E+00,-24.712528219E-03
-2.000E-09,+4.948880184417E+00,+6.963422468237E+00,+3.007618526716E+00,-3.939746668035E+00
+3.000E-09,+4.847460941491E+00,+7.552763791755E+00,+5.501721275032E+00,-2.042658212057E+00
+8.000E-09,+5.896006606408E+00,+7.552763791755E+00,+7.552763791755E+00,+122.070313E-06
+13.000E-09,+4.443713926739E+00,+7.552763791755E+00,+7.552763791755E+00,+122.070313E-06
+18.000E-09,+4.820731036334E+00,+7.552763791755E+00,+7.552763791755E+00,+122.070313E-06
+23.000E-09,+4.105778447384E+00,+7.552763791755E+00,+7.552763791755E+00,+122.070313E-06
+28.000E-09,+4.322995113309E+00,+7.552763791755E+00,+7.552763791755E+00,+122.070313E-06
+33.000E-09,+3.695469578659E+00,+7.552763791755E+00,+7.552763791755E+00,+122.070313E-06
+38.000E-09,+5.641445271599E+00,+7.552763791755E+00,+7.552763791755E+00,+122.070313E-06
+43.000E-09,+6.444982889146E+00,+7.552763791755E+00,+7.552763791755E+00,+122.070313E-06
+48.000E-09,+5.673000069374E+00,+7.552763791755E+00,+7.552763791755E+00,+122.070313E-06
+53.000E-09,+4.748743638396E+00,+7.552763791755E+00,+7.552763791755E+00,+122.070313E-06
+58.000E-09,+4.933054536622E+00,+7.552763791755E+00,+7.552763791755E+00,+122.070313E-06
+63.000E-09,+4.362076743549E+00,+7.552763791755E+00,+7.552763791755E+00,+122.070313E-06
+68.000E-09,+4.145728558302E+00,+7.552763791755E+00,+7.552763791755E+00,+122.070313E-06
+73.000E-09,+4.145728558302E+00,+7.552763791755E+00,+7.552763791755E+00,+122.070313E-06
+78.000E-09,+4.056178551214E+00,+7.552763791755E+00,+7.552763791755E+00,+122.070313E-06
+83.000E-09,+4.203241278369E+00,+7.552763791755E+00,+7.552763791755E+00,+122.070313E-06
+88.000E-09,+4.522263178651E+00,+7.552763791755E+00,+7.552763791755E+00,+122.070313E-06
+93.000E-09,+4.742181784423E+00,+7.552763791755E+00,+7.552763791755E+00,+122.070313E-06
+98.000E-09,+5.916174657591E+00,+7.552763791755E+00,+7.552763791755E+00,+122.070313E-06
+103.000E-09,+6.557788878679E+00,+7.552763791755E+00,+7.552763791755E+00,+122.070313E-06
+108.000E-09,+5.758111175259E+00,+7.552763791755E+00,+7.552763791755E+00,+122.070313E-06
+113.000E-09,+4.949748665094E+00,+7.552763791755E+00,+7.552763791755E+00,+122.070313E-06
+118.000E-09,+4.949748665094E+00,+7.552763791755E+00,+7.552763791755E+00,+122.070313E-06
+123.000E-09,+4.746524187795E+00,+7.552763791755E+00,+7.552763791755E+00,+122.070313E-06
+128.000E-09,+4.547738611698E+00,+7.552763791755E+00,+7.552763791755E+00,+122.070313E-06
+133.000E-09,+4.686888514957E+00,+7.552763791755E+00,+7.552763791755E+00,+122.070313E-06
+138.000E-09,+4.855856254634E+00,+7.552763791755E+00,+7.552763791755E+00,+122.070313E-06
+143.000E-09,+5.075678362575E+00,+7.552763791755E+00,+7.552763791755E+00,+122.070313E-06
+148.000E-09,+4.705705596199E+00,+7.552763791755E+00,+7.552763791755E+00,+122.070313E-06
+153.000E-09,+4.346733585000E+00,+7.552763791755E+00,+7.552763791755E+00,+122.070313E-06
+158.000E-09,+4.706670574708E+00,+7.552763791755E+00,+7.552763791755E+00,+122.070313E-06
+163.000E-09,+4.896674846230E+00,+7.552763791755E+00,+7.552763791755E+00,+122.070313E-06
+168.000E-09,+5.351758718491E+00,+7.552763791755E+00,+7.552763791755E+00,+122.070313E-06
+173.000E-09,+5.234610325585E+00,+7.552763791755E+00,+7.552763791755E+00,+122.070313E-06
+178.000E-09,+5.552763745189E+00,+7.552763791755E+00,+7.552763791755E+00,+122.070313E-06
+183.000E-09,+5.532981685438E+00,+7.552763791755E+00,+7.552763791755E+00,+122.070313E-06
+188.000E-09,+4.974259119633E+00,+7.552763791755E+00,+7.552763791755E+00,+122.070313E-06
+193.000E-09,+4.748743638396E+00,+7.552763791755E+00,+7.552763791755E+00,+122.070313E-06
+198.000E-09,+4.949748665094E+00,+7.552763791755E+00,+7.552763791755E+00,+122.070313E-06
+203.000E-09,+4.949748665094E+00,+7.552763791755E+00,+7.552763791755E+00,+122.070313E-06
+208.000E-09,+4.748743638396E+00,+7.552763791755E+00,+7.552763791755E+00,+122.070313E-06
+213.000E-09,+4.748743638396E+00,+7.552763791755E+00,+7.552763791755E+00,+122.070313E-06
+218.000E-09,+4.953222587789E+00,+7.552763791755E+00,+7.552763791755E+00,+122.070313E-06
+223.000E-09,+5.186264901507E+00,+7.552763791755E+00,+7.552763791755E+00,+122.070313E-06
+228.000E-09,+4.748743638396E+00,+7.552763791755E+00,+7.552763791755E+00,+122.070313E-06
+233.000E-09,+4.748743638396E+00,+7.552763791755E+00,+7.552763791755E+00,+122.070313E-06
+238.000E-09,+4.748743638396E+00,+7.552763791755E+00,+7.552763791755E+00,+122.070313E-06
+243.000E-09,+5.113409022892E+00,+7.552763791755E+00,+7.552763791755E+00,+122.070313E-06
+248.000E-09,+5.346451336610E+00,+7.552763791755E+00,+7.552763791755E+00,+122.070313E-06
+253.000E-09,+5.150753691792E+00,+7.552763791755E+00,+7.552763791755E+00,+122.070313E-06
+258.000E-09,+5.292991526330E+00,+7.552763791755E+00,+7.552763791755E+00,+122.070313E-06
+263.000E-09,+5.150753691792E+00,+7.552763791755E+00,+7.552763791755E+00,+122.070313E-06
+268.000E-09,+4.748743638396E+00,+7.552763791755E+00,+7.552763791755E+00,+122.070313E-06
+273.000E-09,+4.702617664920E+00,+7.552763791755E+00,+7.552763791755E+00,+122.070313E-06
+278.000E-09,+4.561827298154E+00,+7.552763791755E+00,+7.552763791755E+00,+122.070313E-06
+283.000E-09,+5.150753691792E+00,+7.552763791755E+00,+7.552763791755E+00,+122.070313E-06
+288.000E-09,+5.150753691792E+00,+7.552763791755E+00,+7.552763791755E+00,+122.070313E-06
+293.000E-09,+5.068730517186E+00,+7.552763791755E+00,+7.552763791755E+00,+122.070313E-06
+298.000E-09,+4.748743638396E+00,+7.552763791755E+00,+7.552763791755E+00,+122.070313E-06
+303.000E-09,+4.547738611698E+00,+7.552763791755E+00,+7.552763791755E+00,+122.070313E-06
+308.000E-09,+4.725873647366E+00,+7.552763791755E+00,+7.552763791755E+00,+122.070313E-06
+313.000E-09,+5.150753691792E+00,+7.552763791755E+00,+7.552763791755E+00,+122.070313E-06
+318.000E-09,+5.310554135480E+00,+7.552763791755E+00,+7.552763791755E+00,+122.070313E-06
+323.000E-09,+5.552763745189E+00,+7.552763791755E+00,+7.552763791755E+00,+122.070313E-06
+328.000E-09,+5.351758718491E+00,+7.552763791755E+00,+7.552763791755E+00,+122.070313E-06
+333.000E-09,+4.949748665094E+00,+7.552763791755E+00,+7.552763791755E+00,+122.070313E-06
+338.000E-09,+4.918097369489E+00,+7.552763791755E+00,+7.552763791755E+00,+122.070313E-06
+343.000E-09,+4.748743638396E+00,+7.552763791755E+00,+7.552763791755E+00,+122.070313E-06
+348.000E-09,+4.748743638396E+00,+7.552763791755E+00,+7.552763791755E+00,+122.070313E-06
+353.000E-09,+5.150753691792E+00,+7.552763791755E+00,+7.552763791755E+00,+122.070313E-06
+358.000E-09,+4.949748665094E+00,+7.552763791755E+00,+7.552763791755E+00,+122.070313E-06
+363.000E-09,+4.821213525597E+00,+7.330702937771E+00,+7.552763791755E+00,+221.288394417E-03
+368.000E-09,+4.708311038216E+00,+5.521918275221E+00,+7.552763791755E+00,+2.022786712264E+00
+373.000E-09,+5.360154031650E+00,+3.916203689635E+00,+6.914488408220E+00,+2.986328769645E+00
+378.000E-09,+5.399042666213E+00,+2.477970773695E+00,+3.875529845584E+00,+1.392051341512E+00
+383.000E-09,+5.586730989242E+00,+2.447236208245E+00,+2.447236208245E+00,+122.070313E-06
+388.000E-09,+5.150753691792E+00,+2.447236208245E+00,+2.447236208245E+00,+122.070313E-06
+393.000E-09,+3.782221148053E+00,+2.447236208245E+00,+2.447236208245E+00,+122.070313E-06
+398.000E-09,+3.140703424811E+00,+2.447236208245E+00,+2.447236208245E+00,+122.070313E-06
+403.000E-09,+3.760895122640E+00,+2.447236208245E+00,+2.447236208245E+00,+122.070313E-06
+408.000E-09,+5.336898049205E+00,+2.447236208245E+00,+2.447236208245E+00,+122.070313E-06
+413.000E-09,+5.103855735486E+00,+2.447236208245E+00,+2.447236208245E+00,+122.070313E-06
+418.000E-09,+5.595898285232E+00,+2.447236208245E+00,+2.447236208245E+00,+122.070313E-06
+423.000E-09,+5.753768771887E+00,+2.447236208245E+00,+2.447236208245E+00,+122.070313E-06
+428.000E-09,+6.039788406623E+00,+2.447236208245E+00,+2.447236208245E+00,+122.070313E-06
+433.000E-09,+5.902857953966E+00,+2.447236208245E+00,+2.447236208245E+00,+122.070313E-06
+438.000E-09,+5.357838083202E+00,+2.447236208245E+00,+2.447236208245E+00,+122.070313E-06
+443.000E-09,+5.150753691792E+00,+2.447236208245E+00,+2.447236208245E+00,+122.070313E-06
+448.000E-09,+4.617892550450E+00,+2.447236208245E+00,+2.447236208245E+00,+122.070313E-06
+453.000E-09,+3.743718504906E+00,+2.447236208245E+00,+2.447236208245E+00,+122.070313E-06
+458.000E-09,+3.542713478208E+00,+2.447236208245E+00,+2.447236208245E+00,+122.070313E-06
+463.000E-09,+4.215207012070E+00,+2.447236208245E+00,+2.447236208245E+00,+122.070313E-06
+468.000E-09,+5.153455631656E+00,+2.447236208245E+00,+2.447236208245E+00,+122.070313E-06
+473.000E-09,+5.351758718491E+00,+2.447236208245E+00,+2.447236208245E+00,+122.070313E-06
+478.000E-09,+5.212126325970E+00,+2.447236208245E+00,+2.447236208245E+00,+122.070313E-06
+483.000E-09,+5.351758718491E+00,+2.447236208245E+00,+2.447236208245E+00,+122.070313E-06
+488.000E-09,+5.351758718491E+00,+2.447236208245E+00,+2.447236208245E+00,+122.070313E-06
+493.000E-09,+4.906228133635E+00,+2.447236208245E+00,+2.447236208245E+00,+122.070313E-06
+498.000E-09,+5.139270447354E+00,+2.447236208245E+00,+2.447236208245E+00,+122.070313E-06
+503.000E-09,+5.331204675909E+00,+2.447236208245E+00,+2.447236208245E+00,+122.070313E-06
+508.000E-09,+5.552763745189E+00,+2.447236208245E+00,+2.447236208245E+00,+122.070313E-06
+513.000E-09,+5.351758718491E+00,+2.447236208245E+00,+2.447236208245E+00,+122.070313E-06
+518.000E-09,+4.865409542040E+00,+2.447236208245E+00,+2.447236208245E+00,+122.070313E-06
+523.000E-09,+4.547738611698E+00,+2.447236208245E+00,+2.447236208245E+00,+122.070313E-06
+528.000E-09,+4.527474062685E+00,+2.447236208245E+00,+2.447236208245E+00,+122.070313E-06
+533.000E-09,+4.358506323007E+00,+2.447236208245E+00,+2.447236208245E+00,+122.070313E-06
+538.000E-09,+4.748743638396E+00,+2.447236208245E+00,+2.447236208245E+00,+122.070313E-06
+543.000E-09,+5.074906379744E+00,+2.447236208245E+00,+2.447236208245E+00,+122.070313E-06
+548.000E-09,+5.150753691792E+00,+2.447236208245E+00,+2.447236208245E+00,+122.070313E-06
+553.000E-09,+5.229592437273E+00,+2.447236208245E+00,+2.447236208245E+00,+122.070313E-06
+558.000E-09,+4.949748665094E+00,+2.447236208245E+00,+2.447236208245E+00,+122.070313E-06
+563.000E-09,+5.153745125225E+00,+2.447236208245E+00,+2.447236208245E+00,+122.070313E-06
+568.000E-09,+5.351758718491E+00,+2.447236208245E+00,+2.447236208245E+00,+122.070313E-06
+573.000E-09,+4.815809645870E+00,+2.447236208245E+00,+2.447236208245E+00,+122.070313E-06
+578.000E-09,+4.748743638396E+00,+2.447236208245E+00,+2.447236208245E+00,+122.070313E-06
+583.000E-09,+5.080889246609E+00,+2.447236208245E+00,+2.447236208245E+00,+122.070313E-06
+588.000E-09,+5.150753691792E+00,+2.447236208245E+00,+2.447236208245E+00,+122.070313E-06
+593.000E-09,+4.943958793952E+00,+2.447236208245E+00,+2.447236208245E+00,+122.070313E-06
+598.000E-09,+4.748743638396E+00,+2.447236208245E+00,+2.447236208245E+00,+122.070313E-06
+603.000E-09,+4.891463962196E+00,+2.447236208245E+00,+2.447236208245E+00,+122.070313E-06
+608.000E-09,+5.060431701873E+00,+2.447236208245E+00,+2.447236208245E+00,+122.070313E-06
+613.000E-09,+4.748743638396E+00,+2.447236208245E+00,+2.447236208245E+00,+122.070313E-06
+618.000E-09,+4.795352101134E+00,+2.447236208245E+00,+2.447236208245E+00,+122.070313E-06
+623.000E-09,+5.165324867510E+00,+2.447236208245E+00,+2.447236208245E+00,+122.070313E-06
+628.000E-09,+5.351758718491E+00,+2.447236208245E+00,+2.447236208245E+00,+122.070313E-06
+633.000E-09,+4.847750435043E+00,+2.447236208245E+00,+2.447236208245E+00,+122.070313E-06
+638.000E-09,+5.069213006448E+00,+2.447236208245E+00,+2.447236208245E+00,+122.070313E-06
+643.000E-09,+4.748743638396E+00,+2.447236208245E+00,+2.447236208245E+00,+122.070313E-06
+648.000E-09,+5.095363924480E+00,+2.447236208245E+00,+2.447236208245E+00,+122.070313E-06
+653.000E-09,+5.150753691792E+00,+2.447236208245E+00,+2.447236208245E+00,+122.070313E-06
+658.000E-09,+5.360443525219E+00,+2.447236208245E+00,+2.447236208245E+00,+122.070313E-06
+663.000E-09,+5.150753691792E+00,+2.447236208245E+00,+2.447236208245E+00,+122.070313E-06
+668.000E-09,+5.022508045864E+00,+2.447236208245E+00,+2.447236208245E+00,+122.070313E-06
+673.000E-09,+4.853540306186E+00,+2.447236208245E+00,+2.447236208245E+00,+122.070313E-06
+678.000E-09,+4.684572566508E+00,+2.447236208245E+00,+2.447236208245E+00,+122.070313E-06
+683.000E-09,+4.748743638396E+00,+2.447236208245E+00,+2.447236208245E+00,+122.070313E-06
+688.000E-09,+5.150753691792E+00,+2.447236208245E+00,+2.447236208245E+00,+122.070313E-06
+693.000E-09,+5.319817929317E+00,+2.447236208245E+00,+2.447236208245E+00,+122.070313E-06
+698.000E-09,+5.150753691792E+00,+2.447236208245E+00,+2.447236208245E+00,+122.070313E-06
+703.000E-09,+5.150753691792E+00,+2.447236208245E+00,+2.447236208245E+00,+122.070313E-06
+708.000E-09,+4.949748665094E+00,+2.447236208245E+00,+2.447236208245E+00,+122.070313E-06
+713.000E-09,+4.949748665094E+00,+2.447236208245E+00,+2.447236208245E+00,+122.070313E-06
+718.000E-09,+4.949748665094E+00,+2.447236208245E+00,+2.447236208245E+00,+122.070313E-06
+723.000E-09,+4.972908149693E+00,+2.447236208245E+00,+2.447236208245E+00,+122.070313E-06
+728.000E-09,+5.296561946871E+00,+2.447236208245E+00,+2.447236208245E+00,+122.070313E-06
+733.000E-09,+4.949748665094E+00,+2.447236208245E+00,+2.447236208245E+00,+122.070313E-06
+738.000E-09,+4.949748665094E+00,+2.447236208245E+00,+2.447236208245E+00,+122.070313E-06
+743.000E-09,+4.949748665094E+00,+2.447236208245E+00,+2.447236208245E+00,+122.070313E-06
+748.000E-09,+4.748743638396E+00,+2.447236208245E+00,+2.447236208245E+00,+122.070313E-06
+753.000E-09,+4.949748665094E+00,+2.447236208245E+00,+2.447236208245E+00,+122.070313E-06
+758.000E-09,+5.258927784401E+00,+2.447236208245E+00,+2.447236208245E+00,+122.070313E-06
+763.000E-09,+4.949748665094E+00,+2.447236208245E+00,+2.447236208245E+00,+122.070313E-06
+768.000E-09,+5.040263650707E+00,+2.447236208245E+00,+2.447236208245E+00,+122.070313E-06
+773.000E-09,+4.949748665094E+00,+2.447236208245E+00,+2.447236208245E+00,+122.070313E-06
+778.000E-09,+5.124313280221E+00,+2.447236208245E+00,+2.447236208245E+00,+122.070313E-06
+783.000E-09,+5.145156816343E+00,+2.447236208245E+00,+2.447236208245E+00,+122.070313E-06
+788.000E-09,+5.150753691792E+00,+2.447236208245E+00,+2.447236208245E+00,+122.070313E-06
+793.000E-09,+4.818415087887E+00,+2.447236208245E+00,+2.447236208245E+00,+122.070313E-06
+798.000E-09,+4.949748665094E+00,+2.447236208245E+00,+2.447236208245E+00,+122.070313E-06
+803.000E-09,+5.017007668261E+00,+2.447236208245E+00,+2.447236208245E+00,+122.070313E-06
+808.000E-09,+5.115531975646E+00,+2.447236208245E+00,+2.447236208245E+00,+122.070313E-06
+813.000E-09,+5.144384833541E+00,+2.447236208245E+00,+2.447236208245E+00,+122.070313E-06
+818.000E-09,+5.121900833898E+00,+2.447236208245E+00,+2.447236208245E+00,+122.070313E-06
+823.000E-09,+4.949748665094E+00,+2.447236208245E+00,+2.447236208245E+00,+122.070313E-06
+828.000E-09,+4.748743638396E+00,+2.447236208245E+00,+2.447236208245E+00,+122.070313E-06
+833.000E-09,+4.873708357353E+00,+2.447236208245E+00,+2.447236208245E+00,+122.070313E-06
+838.000E-09,+5.150753691792E+00,+2.447236208245E+00,+2.447236208245E+00,+122.070313E-06
+843.000E-09,+5.150753691792E+00,+2.447236208245E+00,+2.447236208245E+00,+122.070313E-06
+848.000E-09,+5.170825245113E+00,+2.447236208245E+00,+2.447236208245E+00,+122.070313E-06
+853.000E-09,+5.150753691792E+00,+2.447236208245E+00,+2.447236208245E+00,+122.070313E-06
+858.000E-09,+4.949748665094E+00,+2.447236208245E+00,+2.447236208245E+00,+122.070313E-06
+863.000E-09,+5.065932079476E+00,+2.447236208245E+00,+2.447236208245E+00,+122.070313E-06
+868.000E-09,+4.949748665094E+00,+2.447236208245E+00,+2.447236208245E+00,+122.070313E-06
+873.000E-09,+5.310264641940E+00,+2.447236208245E+00,+2.447236208245E+00,+122.070313E-06
+878.000E-09,+5.139463443047E+00,+2.447236208245E+00,+2.447236208245E+00,+122.070313E-06
+883.000E-09,+4.993076200860E+00,+2.447236208245E+00,+2.447236208245E+00,+122.070313E-06
+888.000E-09,+5.276393895704E+00,+2.447236208245E+00,+2.447236208245E+00,+122.070313E-06
+893.000E-09,+4.949748665094E+00,+2.447236208245E+00,+2.447236208245E+00,+122.070313E-06
+898.000E-09,+4.949748665094E+00,+2.447236208245E+00,+2.447236208245E+00,+122.070313E-06
+903.000E-09,+4.979277007945E+00,+2.447236208245E+00,+2.447236208245E+00,+122.070313E-06
+908.000E-09,+5.150753691792E+00,+2.447236208245E+00,+2.447236208245E+00,+122.070313E-06
+913.000E-09,+5.150753691792E+00,+2.447236208245E+00,+2.447236208245E+00,+122.070313E-06
+918.000E-09,+4.949748665094E+00,+2.447236208245E+00,+2.447236208245E+00,+122.070313E-06
+923.000E-09,+4.847364443628E+00,+2.447236208245E+00,+2.447236208245E+00,+122.070313E-06
+928.000E-09,+5.020095599540E+00,+2.447236208245E+00,+2.447236208245E+00,+122.070313E-06
+933.000E-09,+4.949748665094E+00,+2.447236208245E+00,+2.447236208245E+00,+122.070313E-06
+938.000E-09,+4.956021025499E+00,+2.447236208245E+00,+2.447236208245E+00,+122.070313E-06
+943.000E-09,+5.150753691792E+00,+2.447236208245E+00,+2.447236208245E+00,+122.070313E-06
+948.000E-09,+5.092951478156E+00,+2.447236208245E+00,+2.447236208245E+00,+122.070313E-06
+953.000E-09,+5.240593192450E+00,+2.447236208245E+00,+2.447236208245E+00,+122.070313E-06
+958.000E-09,+5.028876904115E+00,+2.447236208245E+00,+2.447236208245E+00,+122.070313E-06
+963.000E-09,+4.949748665094E+00,+2.447236208245E+00,+2.447236208245E+00,+122.070313E-06
+968.000E-09,+5.150753691792E+00,+2.447236208245E+00,+2.447236208245E+00,+122.070313E-06
+973.000E-09,+5.133770069751E+00,+2.447236208245E+00,+2.447236208245E+00,+122.070313E-06
+978.000E-09,+5.150753691792E+00,+2.447236208245E+00,+2.447236208245E+00,+122.070313E-06
+983.000E-09,+5.030806861177E+00,+2.447236208245E+00,+2.447236208245E+00,+122.070313E-06
+988.000E-09,+4.949748665094E+00,+2.447236208245E+00,+2.447236208245E+00,+122.070313E-06
+993.000E-09,+5.240014205341E+00,+2.447236208245E+00,+2.447236208245E+00,+122.070313E-06
+998.000E-09,+4.973583634649E+00,+2.447236208245E+00,+2.447236208245E+00,+122.070313E-06
+1.003000E-06,+5.150753691792E+00,+2.447236208245E+00,+2.447236208245E+00,+122.070313E-06
+1.008000E-06,+5.110514087306E+00,+2.447236208245E+00,+2.447236208245E+00,+122.070313E-06
+1.013000E-06,+5.078476800285E+00,+2.447236208245E+00,+2.447236208245E+00,+122.070313E-06
+1.018000E-06,+4.949748665094E+00,+2.447236208245E+00,+2.447236208245E+00,+122.070313E-06
+1.023000E-06,+4.949748665094E+00,+2.447236208245E+00,+2.447236208245E+00,+122.070313E-06
+1.028000E-06,+5.150753691792E+00,+2.447236208245E+00,+2.447236208245E+00,+122.070313E-06
+1.033000E-06,+4.949169677986E+00,+2.447236208245E+00,+2.447236208245E+00,+122.070313E-06
+1.038000E-06,+4.949748665094E+00,+2.447236208245E+00,+2.447236208245E+00,+122.070313E-06
+1.043000E-06,+5.087258104860E+00,+2.447236208245E+00,+2.447236208245E+00,+122.070313E-06
+1.048000E-06,+5.256225844537E+00,+2.447236208245E+00,+2.447236208245E+00,+122.070313E-06
+1.053000E-06,+4.748743638396E+00,+2.447236208245E+00,+2.447236208245E+00,+122.070313E-06
+1.058000E-06,+4.748743638396E+00,+2.447236208245E+00,+2.447236208245E+00,+122.070313E-06
+1.063000E-06,+4.758103930080E+00,+2.447236208245E+00,+2.447236208245E+00,+122.070313E-06
+1.068000E-06,+4.949748665094E+00,+2.447236208245E+00,+2.447236208245E+00,+122.070313E-06
+1.073000E-06,+4.895034382737E+00,+2.447236208245E+00,+2.447236208245E+00,+122.070313E-06
+1.078000E-06,+5.150753691792E+00,+2.447236208245E+00,+2.447236208245E+00,+122.070313E-06
+1.083000E-06,+4.949748665094E+00,+2.447236208245E+00,+2.447236208245E+00,+122.070313E-06
+1.088000E-06,+4.999927548373E+00,+2.447236208245E+00,+2.447236208245E+00,+122.070313E-06
+1.093000E-06,+4.785026830913E+00,+2.447236208245E+00,+2.447236208245E+00,+122.070313E-06
+1.098000E-06,+4.949748665094E+00,+2.447236208245E+00,+2.447236208245E+00,+122.070313E-06
+1.103000E-06,+5.104820714010E+00,+2.447236208245E+00,+2.447236208245E+00,+122.070313E-06
+1.108000E-06,+4.904684168003E+00,+2.447236208245E+00,+2.447236208245E+00,+122.070313E-06
+1.113000E-06,+4.968758742044E+00,+2.447236208245E+00,+2.447236208245E+00,+122.070313E-06
+1.118000E-06,+4.949748665094E+00,+2.447236208245E+00,+2.447236208245E+00,+122.070313E-06
+1.123000E-06,+4.949748665094E+00,+2.447236208245E+00,+2.447236208245E+00,+122.070313E-06
+1.128000E-06,+4.949748665094E+00,+2.447236208245E+00,+2.447236208245E+00,+122.070313E-06
+1.133000E-06,+4.949748665094E+00,+2.447236208245E+00,+2.447236208245E+00,+122.070313E-06
+1.138000E-06,+4.949748665094E+00,+2.447236208245E+00,+2.447236208245E+00,+122.070313E-06
+1.143000E-06,+4.949748665094E+00,+2.447236208245E+00,+2.447236208245E+00,+122.070313E-06
+1.148000E-06,+5.083012199364E+00,+2.447236208245E+00,+2.447236208245E+00,+122.070313E-06
+1.153000E-06,+5.115049486384E+00,+2.447236208245E+00,+2.447236208245E+00,+122.070313E-06
+1.158000E-06,+4.949748665094E+00,+2.447236208245E+00,+2.447236208245E+00,+122.070313E-06
+1.163000E-06,+5.122383323159E+00,+2.447236208245E+00,+2.447236208245E+00,+122.070313E-06
+1.168000E-06,+5.150753691792E+00,+2.447236208245E+00,+2.447236208245E+00,+122.070313E-06
+1.173000E-06,+4.841188581070E+00,+2.447236208245E+00,+2.447236208245E+00,+122.070313E-06
+1.178000E-06,+4.949748665094E+00,+2.447236208245E+00,+2.447236208245E+00,+122.070313E-06
+1.183000E-06,+4.994234175077E+00,+2.447236208245E+00,+2.447236208245E+00,+122.070313E-06
+1.188000E-06,+4.962196888057E+00,+2.447236208245E+00,+2.447236208245E+00,+122.070313E-06
+1.193000E-06,+4.949748665094E+00,+2.447236208245E+00,+2.447236208245E+00,+122.070313E-06
+1.198000E-06,+5.099127340714E+00,+2.447236208245E+00,+2.447236208245E+00,+122.070313E-06
+1.203000E-06,+5.033412303194E+00,+2.447236208245E+00,+2.447236208245E+00,+122.070313E-06
+1.208000E-06,+5.065449590214E+00,+2.447236208245E+00,+2.447236208245E+00,+122.070313E-06
+1.213000E-06,+4.949748665094E+00,+2.447236208245E+00,+2.447236208245E+00,+122.070313E-06
+1.218000E-06,+4.949748665094E+00,+2.447236208245E+00,+2.447236208245E+00,+122.070313E-06
+1.223000E-06,+5.150753691792E+00,+2.447236208245E+00,+2.447236208245E+00,+122.070313E-06
+1.228000E-06,+5.107908645289E+00,+2.447236208245E+00,+2.447236208245E+00,+122.070313E-06
+1.233000E-06,+5.024630998619E+00,+2.447236208245E+00,+2.447236208245E+00,+122.070313E-06
+1.238000E-06,+5.150753691792E+00,+2.447236208245E+00,+2.447236208245E+00,+122.070313E-06
+1.243000E-06,+5.088705572660E+00,+2.447236208245E+00,+2.447236208245E+00,+122.070313E-06
+1.248000E-06,+4.949748665094E+00,+2.447236208245E+00,+2.447236208245E+00,+122.070313E-06
+1.253000E-06,+4.949748665094E+00,+2.447236208245E+00,+2.447236208245E+00,+122.070313E-06
+1.258000E-06,+4.983812407023E+00,+2.447236208245E+00,+2.447236208245E+00,+122.070313E-06
+1.263000E-06,+4.814844667346E+00,+2.447236208245E+00,+2.447236208245E+00,+122.070313E-06
+1.268000E-06,+4.949748665094E+00,+2.447236208245E+00,+2.447236208245E+00,+122.070313E-06
+1.273000E-06,+5.009094844378E+00,+2.447236208245E+00,+2.447236208245E+00,+122.070313E-06
+1.278000E-06,+5.312966581804E+00,+2.447236208245E+00,+2.447236208245E+00,+122.070313E-06
+1.283000E-06,+4.755498488063E+00,+2.447236208245E+00,+2.447236208245E+00,+122.070313E-06
+1.288000E-06,+5.125471254438E+00,+2.447236208245E+00,+2.447236208245E+00,+122.070313E-06
+1.293000E-06,+4.949748665094E+00,+2.447236208245E+00,+2.447236208245E+00,+122.070313E-06
+1.298000E-06,+4.949748665094E+00,+2.447236208245E+00,+2.447236208245E+00,+122.070313E-06
+1.303000E-06,+4.949748665094E+00,+2.447236208245E+00,+2.447236208245E+00,+122.070313E-06
+1.308000E-06,+4.902175223833E+00,+2.447236208245E+00,+2.447236208245E+00,+122.070313E-06
+1.313000E-06,+4.764279792638E+00,+2.447236208245E+00,+2.447236208245E+00,+122.070313E-06
+1.318000E-06,+4.933247532315E+00,+2.447236208245E+00,+2.447236208245E+00,+122.070313E-06
+1.323000E-06,+4.949748665094E+00,+2.447236208245E+00,+2.447236208245E+00,+122.070313E-06
+1.328000E-06,+4.949748665094E+00,+2.447236208245E+00,+2.447236208245E+00,+122.070313E-06
+1.333000E-06,+4.949748665094E+00,+2.447236208245E+00,+2.447236208245E+00,+122.070313E-06
+1.338000E-06,+5.150753691792E+00,+2.447236208245E+00,+2.447236208245E+00,+122.070313E-06
+1.343000E-06,+4.949748665094E+00,+2.447236208245E+00,+2.447236208245E+00,+122.070313E-06
+1.348000E-06,+4.756463466601E+00,+2.447236208245E+00,+2.447236208245E+00,+122.070313E-06
+1.353000E-06,+5.150753691792E+00,+2.447236208245E+00,+2.447236208245E+00,+122.070313E-06
+1.358000E-06,+4.949748665094E+00,+2.447236208245E+00,+2.447236208245E+00,+122.070313E-06
+1.363000E-06,+4.949748665094E+00,+2.447236208245E+00,+2.447236208245E+00,+122.070313E-06
+1.368000E-06,+4.949748665094E+00,+2.447236208245E+00,+2.447236208245E+00,+122.070313E-06
+1.373000E-06,+5.117654928402E+00,+2.447236208245E+00,+2.447236208245E+00,+122.070313E-06
+1.378000E-06,+4.949748665094E+00,+2.447236208245E+00,+2.447236208245E+00,+122.070313E-06
+1.383000E-06,+4.918772854444E+00,+2.447236208245E+00,+2.447236208245E+00,+122.070313E-06
+1.388000E-06,+5.087740594122E+00,+2.447236208245E+00,+2.447236208245E+00,+122.070313E-06
+1.393000E-06,+5.044799049786E+00,+2.447236208245E+00,+2.447236208245E+00,+122.070313E-06
+1.398000E-06,+5.076836336806E+00,+2.447236208245E+00,+2.447236208245E+00,+122.070313E-06
+1.403000E-06,+4.907868597128E+00,+2.447236208245E+00,+2.447236208245E+00,+122.070313E-06
+1.408000E-06,+4.748743638396E+00,+2.447236208245E+00,+2.447236208245E+00,+122.070313E-06
+1.413000E-06,+4.949748665094E+00,+2.447236208245E+00,+2.447236208245E+00,+122.070313E-06
+1.418000E-06,+5.003980458190E+00,+2.447236208245E+00,+2.447236208245E+00,+122.070313E-06
+1.423000E-06,+5.064484611676E+00,+2.447236208245E+00,+2.447236208245E+00,+122.070313E-06
+1.428000E-06,+4.867050005533E+00,+2.447236208245E+00,+2.447236208245E+00,+122.070313E-06
+1.433000E-06,+4.899087292554E+00,+2.447236208245E+00,+2.447236208245E+00,+122.070313E-06
+1.438000E-06,+4.931124579574E+00,+2.447236208245E+00,+2.447236208245E+00,+122.070313E-06
+1.443000E-06,+5.123927288792E+00,+2.447236208245E+00,+2.447236208245E+00,+122.070313E-06
+1.448000E-06,+4.748743638396E+00,+2.447236208245E+00,+2.447236208245E+00,+122.070313E-06
+1.453000E-06,+4.949748665094E+00,+2.447236208245E+00,+2.447236208245E+00,+122.070313E-06
+1.458000E-06,+4.949748665094E+00,+2.447236208245E+00,+2.447236208245E+00,+122.070313E-06
+1.463000E-06,+5.091311014677E+00,+2.447236208245E+00,+2.447236208245E+00,+122.070313E-06
+1.468000E-06,+4.949748665094E+00,+2.447236208245E+00,+2.447236208245E+00,+122.070313E-06
+1.473000E-06,+5.146121794867E+00,+2.447236208245E+00,+2.447236208245E+00,+122.070313E-06
+1.478000E-06,+5.114084507846E+00,+2.447236208245E+00,+2.447236208245E+00,+122.070313E-06
+1.483000E-06,+4.949748665094E+00,+2.447236208245E+00,+2.447236208245E+00,+122.070313E-06
+1.488000E-06,+5.150753691792E+00,+2.447236208245E+00,+2.447236208245E+00,+122.070313E-06
+1.493000E-06,+4.881524683404E+00,+2.447236208245E+00,+2.447236208245E+00,+122.070313E-06
+1.498000E-06,+5.114566997123E+00,+2.447236208245E+00,+2.447236208245E+00,+122.070313E-06
+1.503000E-06,+5.150753691792E+00,+2.447236208245E+00,+2.447236208245E+00,+122.070313E-06
+1.508000E-06,+4.748743638396E+00,+2.447236208245E+00,+2.447236208245E+00,+122.070313E-06
+1.513000E-06,+5.069598997878E+00,+2.447236208245E+00,+2.447236208245E+00,+122.070313E-06
+1.518000E-06,+5.041711118507E+00,+2.447236208245E+00,+2.447236208245E+00,+122.070313E-06
+1.523000E-06,+5.073748405527E+00,+2.447236208245E+00,+2.447236208245E+00,+122.070313E-06
+1.528000E-06,+4.949748665094E+00,+2.447236208245E+00,+2.447236208245E+00,+122.070313E-06
+1.533000E-06,+4.936817952870E+00,+2.447236208245E+00,+2.447236208245E+00,+122.070313E-06
+1.538000E-06,+4.949748665094E+00,+2.447236208245E+00,+2.447236208245E+00,+122.070313E-06
+1.543000E-06,+4.748743638396E+00,+2.447236208245E+00,+2.447236208245E+00,+122.070313E-06
+1.548000E-06,+4.866567516257E+00,+2.447236208245E+00,+2.447236208245E+00,+122.070313E-06
+1.553000E-06,+4.863962074254E+00,+2.447236208245E+00,+2.447236208245E+00,+122.070313E-06
+1.558000E-06,+4.949748665094E+00,+2.447236208245E+00,+2.447236208245E+00,+122.070313E-06
+1.563000E-06,+4.748743638396E+00,+2.447236208245E+00,+2.447236208245E+00,+122.070313E-06
+1.568000E-06,+4.748743638396E+00,+2.447236208245E+00,+2.447236208245E+00,+122.070313E-06
+1.573000E-06,+4.748743638396E+00,+2.447236208245E+00,+2.447236208245E+00,+122.070313E-06
+1.578000E-06,+4.748743638396E+00,+2.447236208245E+00,+2.447236208245E+00,+122.070313E-06
+1.583000E-06,+4.843311533811E+00,+2.447236208245E+00,+2.447236208245E+00,+122.070313E-06
+1.588000E-06,+4.949748665094E+00,+2.447236208245E+00,+2.447236208245E+00,+122.070313E-06
+1.593000E-06,+4.949748665094E+00,+2.447236208245E+00,+2.447236208245E+00,+122.070313E-06
+1.598000E-06,+4.549282577345E+00,+2.447236208245E+00,+2.447236208245E+00,+122.070313E-06
+1.603000E-06,+4.748743638396E+00,+2.447236208245E+00,+2.447236208245E+00,+122.070313E-06
+1.608000E-06,+4.814362178084E+00,+2.447236208245E+00,+2.447236208245E+00,+122.070313E-06
+1.613000E-06,+4.852092838386E+00,+2.447236208245E+00,+2.447236208245E+00,+122.070313E-06
+1.618000E-06,+4.820055551366E+00,+2.447236208245E+00,+2.447236208245E+00,+122.070313E-06
+1.623000E-06,+5.111479065844E+00,+2.447236208245E+00,+2.447236208245E+00,+122.070313E-06
+1.628000E-06,+4.748743638396E+00,+4.396917382506E+00,+2.461710885833E+00,-1.927288815364E+00
+1.633000E-06,+5.125953743700E+00,+7.552763791755E+00,+4.536250629164E+00,-3.004239643210E+00
+1.638000E-06,+5.093916456680E+00,+7.552763791755E+00,+7.507294004507E+00,-45.164550553E-03
+1.643000E-06,+5.417377258193E+00,+7.552763791755E+00,+7.552763791755E+00,+122.070313E-06
+1.648000E-06,+4.225821775846E+00,+7.552763791755E+00,+7.552763791755E+00,+122.070313E-06
+1.653000E-06,+4.604575846826E+00,+7.552763791755E+00,+7.552763791755E+00,+122.070313E-06
+1.658000E-06,+4.161747201805E+00,+7.552763791755E+00,+7.552763791755E+00,+122.070313E-06
+1.663000E-06,+3.357727095027E+00,+7.552763791755E+00,+7.552763791755E+00,+122.070313E-06
+1.668000E-06,+4.757524942942E+00,+7.552763791755E+00,+7.552763791755E+00,+122.070313E-06
+1.673000E-06,+6.436877069540E+00,+7.552763791755E+00,+7.552763791755E+00,+122.070313E-06
+1.678000E-06,+6.267909329862E+00,+7.552763791755E+00,+7.552763791755E+00,+122.070313E-06
+1.683000E-06,+4.836074194897E+00,+7.552763791755E+00,+7.552763791755E+00,+122.070313E-06
+1.688000E-06,+4.924948717017E+00,+7.552763791755E+00,+7.552763791755E+00,+122.070313E-06
+1.693000E-06,+4.547738611698E+00,+7.552763791755E+00,+7.552763791755E+00,+122.070313E-06
+1.698000E-06,+3.983998157567E+00,+7.552763791755E+00,+7.552763791755E+00,+122.070313E-06
+1.703000E-06,+4.074416645318E+00,+7.552763791755E+00,+7.552763791755E+00,+122.070313E-06
+1.708000E-06,+3.944723531604E+00,+7.552763791755E+00,+7.552763791755E+00,+122.070313E-06
+1.713000E-06,+4.080110018629E+00,+7.552763791755E+00,+7.552763791755E+00,+122.070313E-06
+1.718000E-06,+4.547738611698E+00,+7.552763791755E+00,+7.552763791755E+00,+122.070313E-06
+1.723000E-06,+4.547738611698E+00,+7.552763791755E+00,+7.552763791755E+00,+122.070313E-06
+1.728000E-06,+5.662288807722E+00,+7.552763791755E+00,+7.552763791755E+00,+122.070313E-06
+1.733000E-06,+6.495258270271E+00,+7.552763791755E+00,+7.552763791755E+00,+122.070313E-06
+1.738000E-06,+6.250346720712E+00,+7.552763791755E+00,+7.552763791755E+00,+122.070313E-06
+1.743000E-06,+5.202959029994E+00,+7.552763791755E+00,+7.552763791755E+00,+122.070313E-06
+1.748000E-06,+4.791106195624E+00,+7.552763791755E+00,+7.552763791755E+00,+122.070313E-06
+1.753000E-06,+4.748743638396E+00,+7.552763791755E+00,+7.552763791755E+00,+122.070313E-06
+1.758000E-06,+4.346733585000E+00,+7.552763791755E+00,+7.552763791755E+00,+122.070313E-06
+1.763000E-06,+4.346733585000E+00,+7.552763791755E+00,+7.552763791755E+00,+122.070313E-06
+1.768000E-06,+4.432520175855E+00,+7.552763791755E+00,+7.552763791755E+00,+122.070313E-06
+1.773000E-06,+4.748743638396E+00,+7.552763791755E+00,+7.552763791755E+00,+122.070313E-06
+1.778000E-06,+4.748743638396E+00,+7.552763791755E+00,+7.552763791755E+00,+122.070313E-06
+1.783000E-06,+4.346733585000E+00,+7.552763791755E+00,+7.552763791755E+00,+122.070313E-06
+1.788000E-06,+4.359664297239E+00,+7.552763791755E+00,+7.552763791755E+00,+122.070313E-06
+1.793000E-06,+4.748743638396E+00,+7.552763791755E+00,+7.552763791755E+00,+122.070313E-06
+1.798000E-06,+5.351758718491E+00,+7.552763791755E+00,+7.552763791755E+00,+122.070313E-06
+1.803000E-06,+5.351758718491E+00,+7.552763791755E+00,+7.552763791755E+00,+122.070313E-06
+1.808000E-06,+5.552763745189E+00,+7.552763791755E+00,+7.552763791755E+00,+122.070313E-06
+1.813000E-06,+5.580651624546E+00,+7.552763791755E+00,+7.552763791755E+00,+122.070313E-06
+1.818000E-06,+5.355908126154E+00,+7.552763791755E+00,+7.552763791755E+00,+122.070313E-06
+1.823000E-06,+4.748743638396E+00,+7.552763791755E+00,+7.552763791755E+00,+122.070313E-06
+1.828000E-06,+4.748743638396E+00,+7.552763791755E+00,+7.552763791755E+00,+122.070313E-06
+1.833000E-06,+5.251014960518E+00,+7.552763791755E+00,+7.552763791755E+00,+122.070313E-06
+1.838000E-06,+4.881042194142E+00,+7.552763791755E+00,+7.552763791755E+00,+122.070313E-06
+1.843000E-06,+4.712074454465E+00,+7.552763791755E+00,+7.552763791755E+00,+122.070313E-06
+1.848000E-06,+4.758007432218E+00,+7.552763791755E+00,+7.552763791755E+00,+122.070313E-06
+1.853000E-06,+5.150753691792E+00,+7.552763791755E+00,+7.552763791755E+00,+122.070313E-06
+1.858000E-06,+5.493321068059E+00,+7.552763791755E+00,+7.552763791755E+00,+122.070313E-06
+1.863000E-06,+4.748743638396E+00,+7.552763791755E+00,+7.552763791755E+00,+122.070313E-06
+1.868000E-06,+4.748743638396E+00,+7.552763791755E+00,+7.552763791755E+00,+122.070313E-06
+1.873000E-06,+4.949748665094E+00,+7.552763791755E+00,+7.552763791755E+00,+122.070313E-06
+1.878000E-06,+5.164166893279E+00,+7.552763791755E+00,+7.552763791755E+00,+122.070313E-06
+1.883000E-06,+5.150753691792E+00,+7.552763791755E+00,+7.552763791755E+00,+122.070313E-06
+1.888000E-06,+5.150753691792E+00,+7.552763791755E+00,+7.552763791755E+00,+122.070313E-06
+1.893000E-06,+5.068055032217E+00,+7.552763791755E+00,+7.552763791755E+00,+122.070313E-06
+1.898000E-06,+5.036017745196E+00,+7.552763791755E+00,+7.552763791755E+00,+122.070313E-06
+1.903000E-06,+4.895516872013E+00,+7.552763791755E+00,+7.552763791755E+00,+122.070313E-06
+1.908000E-06,+4.770938144457E+00,+7.552763791755E+00,+7.552763791755E+00,+122.070313E-06
+1.913000E-06,+5.140910910833E+00,+7.552763791755E+00,+7.552763791755E+00,+122.070313E-06
+1.918000E-06,+5.108873623812E+00,+7.552763791755E+00,+7.552763791755E+00,+122.070313E-06
+1.923000E-06,+5.076836336792E+00,+7.552763791755E+00,+7.552763791755E+00,+122.070313E-06
+1.928000E-06,+4.949748665094E+00,+7.552763791755E+00,+7.552763791755E+00,+122.070313E-06
+1.933000E-06,+4.811756736053E+00,+7.552763791755E+00,+7.552763791755E+00,+122.070313E-06
+1.938000E-06,+4.578714422334E+00,+7.552763791755E+00,+7.552763791755E+00,+122.070313E-06
+1.943000E-06,+4.949748665094E+00,+7.552763791755E+00,+7.552763791755E+00,+122.070313E-06
+1.948000E-06,+5.285561191680E+00,+7.552763791755E+00,+7.552763791755E+00,+122.070313E-06
+1.953000E-06,+5.487627694763E+00,+7.552763791755E+00,+7.552763791755E+00,+122.070313E-06
+1.958000E-06,+5.351758718491E+00,+7.552763791755E+00,+7.552763791755E+00,+122.070313E-06
+1.963000E-06,+5.078959289561E+00,+7.552763791755E+00,+7.552763791755E+00,+122.070313E-06
+1.968000E-06,+4.909991549884E+00,+7.552763791755E+00,+7.552763791755E+00,+122.070313E-06
+1.973000E-06,+4.748743638396E+00,+7.552763791755E+00,+7.552763791755E+00,+122.070313E-06
+1.978000E-06,+4.925431206264E+00,+7.552763791755E+00,+7.552763791755E+00,+122.070313E-06
+1.983000E-06,+5.006103410945E+00,+7.552763791755E+00,+7.552763791755E+00,+122.070313E-06
+1.988000E-06,+4.949748665094E+00,+7.552763791755E+00,+7.552763791755E+00,+122.070313E-06
+1.993000E-06,+4.989602278180E+00,+7.262951796814E+00,+7.552763791755E+00,+288.766612798E-03
+1.998000E-06,+4.596277031484E+00,+5.497600816855E+00,+7.552763791755E+00,+2.047006212377E+00
+2.003000E-06,+5.569264877954E+00,+3.756017257507E+00,+6.577286318803E+00,+2.810026186236E+00
+2.008000E-06,+5.166289846048E+00,+2.458111516023E+00,+3.517513169774E+00,+1.055256126164E+00
+2.013000E-06,+5.304185277214E+00,+2.447236208245E+00,+2.447236208245E+00,+122.070313E-06
+2.018000E-06,+5.108970121688E+00,+2.447236208245E+00,+2.447236208245E+00,+122.070313E-06
+2.023000E-06,+3.855366520223E+00,+2.447236208245E+00,+2.447236208245E+00,+122.070313E-06
+2.028000E-06,+3.284388727149E+00,+2.447236208245E+00,+2.447236208245E+00,+122.070313E-06
+2.033000E-06,+4.020570843623E+00,+2.447236208245E+00,+2.447236208245E+00,+122.070313E-06
+2.038000E-06,+5.345003868810E+00,+2.447236208245E+00,+2.447236208245E+00,+122.070313E-06
+2.043000E-06,+5.150753691792E+00,+2.447236208245E+00,+2.447236208245E+00,+122.070313E-06
+2.048000E-06,+5.481934321467E+00,+2.447236208245E+00,+2.447236208245E+00,+122.070313E-06
+2.053000E-06,+5.552763745189E+00,+2.447236208245E+00,+2.447236208245E+00,+122.070313E-06
+2.058000E-06,+6.089677796348E+00,+2.447236208245E+00,+2.447236208245E+00,+122.070313E-06
+2.063000E-06,+5.719705029972E+00,+2.447236208245E+00,+2.447236208245E+00,+122.070313E-06
+2.068000E-06,+5.351758718491E+00,+2.447236208245E+00,+2.447236208245E+00,+122.070313E-06
+2.073000E-06,+4.979759497221E+00,+2.447236208245E+00,+2.447236208245E+00,+122.070313E-06
+2.078000E-06,+4.408781704147E+00,+2.447236208245E+00,+2.447236208245E+00,+122.070313E-06
+2.083000E-06,+3.944723531604E+00,+2.447236208245E+00,+2.447236208245E+00,+122.070313E-06
+2.088000E-06,+3.542713478208E+00,+2.447236208245E+00,+2.447236208245E+00,+122.070313E-06
+2.093000E-06,+4.231418651281E+00,+2.447236208245E+00,+2.447236208245E+00,+122.070313E-06
+2.098000E-06,+4.960556424563E+00,+2.447236208245E+00,+2.447236208245E+00,+122.070313E-06
+2.103000E-06,+5.330529190939E+00,+2.447236208245E+00,+2.447236208245E+00,+122.070313E-06
+2.108000E-06,+4.949748665094E+00,+2.447236208245E+00,+2.447236208245E+00,+122.070313E-06
+2.113000E-06,+5.467459643596E+00,+2.447236208245E+00,+2.447236208245E+00,+122.070313E-06
+2.118000E-06,+5.469100107104E+00,+2.447236208245E+00,+2.447236208245E+00,+122.070313E-06
+2.123000E-06,+5.099127340728E+00,+2.447236208245E+00,+2.447236208245E+00,+122.070313E-06
+2.128000E-06,+4.969337729138E+00,+2.447236208245E+00,+2.447236208245E+00,+122.070313E-06
+2.133000E-06,+5.339310495514E+00,+2.447236208245E+00,+2.447236208245E+00,+122.070313E-06
+2.138000E-06,+5.753768771887E+00,+2.447236208245E+00,+2.447236208245E+00,+122.070313E-06
+2.143000E-06,+5.351758718491E+00,+2.447236208245E+00,+2.447236208245E+00,+122.070313E-06
+2.148000E-06,+4.748743638396E+00,+2.447236208245E+00,+2.447236208245E+00,+122.070313E-06
+2.153000E-06,+4.688335982757E+00,+2.447236208245E+00,+2.447236208245E+00,+122.070313E-06
+2.158000E-06,+4.547738611698E+00,+2.447236208245E+00,+2.447236208245E+00,+122.070313E-06
+2.163000E-06,+4.544071693296E+00,+2.447236208245E+00,+2.447236208245E+00,+122.070313E-06
+2.168000E-06,+4.677335227552E+00,+2.447236208245E+00,+2.447236208245E+00,+122.070313E-06
+2.173000E-06,+4.949748665094E+00,+2.447236208245E+00,+2.447236208245E+00,+122.070313E-06
+2.178000E-06,+5.451537497954E+00,+2.447236208245E+00,+2.447236208245E+00,+122.070313E-06
+2.183000E-06,+5.081564731578E+00,+2.447236208245E+00,+2.447236208245E+00,+122.070313E-06
+2.188000E-06,+4.949748665094E+00,+2.447236208245E+00,+2.447236208245E+00,+122.070313E-06
+2.193000E-06,+5.155868077966E+00,+2.447236208245E+00,+2.447236208245E+00,+122.070313E-06
+2.198000E-06,+5.150753691792E+00,+2.447236208245E+00,+2.447236208245E+00,+122.070313E-06
+2.203000E-06,+5.091793503924E+00,+2.447236208245E+00,+2.447236208245E+00,+122.070313E-06
+2.208000E-06,+5.059756216904E+00,+2.447236208245E+00,+2.447236208245E+00,+122.070313E-06
+2.213000E-06,+5.027718929883E+00,+2.447236208245E+00,+2.447236208245E+00,+122.070313E-06
+2.218000E-06,+4.995681642863E+00,+2.447236208245E+00,+2.447236208245E+00,+122.070313E-06
+2.223000E-06,+4.762639329144E+00,+2.447236208245E+00,+2.447236208245E+00,+122.070313E-06
+2.228000E-06,+4.766885234669E+00,+2.447236208245E+00,+2.447236208245E+00,+122.070313E-06
+2.233000E-06,+4.798922521689E+00,+2.447236208245E+00,+2.447236208245E+00,+122.070313E-06
+2.238000E-06,+4.867532494781E+00,+2.447236208245E+00,+2.447236208245E+00,+122.070313E-06
+2.243000E-06,+4.949748665094E+00,+2.447236208245E+00,+2.447236208245E+00,+122.070313E-06
+2.248000E-06,+4.803457920740E+00,+2.447236208245E+00,+2.447236208245E+00,+122.070313E-06
+2.253000E-06,+4.972425660417E+00,+2.447236208245E+00,+2.447236208245E+00,+122.070313E-06
+2.258000E-06,+5.342398426793E+00,+2.447236208245E+00,+2.447236208245E+00,+122.070313E-06
+2.263000E-06,+5.150753691792E+00,+2.447236208245E+00,+2.447236208245E+00,+122.070313E-06
+2.268000E-06,+4.748743638396E+00,+2.447236208245E+00,+2.447236208245E+00,+122.070313E-06
+2.273000E-06,+5.160692970613E+00,+2.447236208245E+00,+2.447236208245E+00,+122.070313E-06
+2.278000E-06,+5.150753691792E+00,+2.447236208245E+00,+2.447236208245E+00,+122.070313E-06
+2.283000E-06,+5.150753691792E+00,+2.447236208245E+00,+2.447236208245E+00,+122.070313E-06
+2.288000E-06,+5.351179731368E+00,+2.447236208245E+00,+2.447236208245E+00,+122.070313E-06
+2.293000E-06,+5.319142444347E+00,+2.447236208245E+00,+2.447236208245E+00,+122.070313E-06
+2.298000E-06,+5.014402226258E+00,+2.447236208245E+00,+2.447236208245E+00,+122.070313E-06
+2.303000E-06,+4.748743638396E+00,+2.447236208245E+00,+2.447236208245E+00,+122.070313E-06
+2.308000E-06,+4.676466746903E+00,+2.447236208245E+00,+2.447236208245E+00,+122.070313E-06
+2.313000E-06,+4.788983242869E+00,+2.447236208245E+00,+2.447236208245E+00,+122.070313E-06
+2.318000E-06,+4.949748665094E+00,+2.447236208245E+00,+2.447236208245E+00,+122.070313E-06
+2.323000E-06,+5.150753691792E+00,+2.447236208245E+00,+2.447236208245E+00,+122.070313E-06
+2.328000E-06,+5.295886461901E+00,+2.447236208245E+00,+2.447236208245E+00,+122.070313E-06
+2.333000E-06,+5.150753691792E+00,+2.447236208245E+00,+2.447236208245E+00,+122.070313E-06
+2.338000E-06,+4.949748665094E+00,+2.447236208245E+00,+2.447236208245E+00,+122.070313E-06
+2.343000E-06,+4.949748665094E+00,+2.447236208245E+00,+2.447236208245E+00,+122.070313E-06
+2.348000E-06,+4.949748665094E+00,+2.447236208245E+00,+2.447236208245E+00,+122.070313E-06
+2.353000E-06,+5.150753691792E+00,+2.447236208245E+00,+2.447236208245E+00,+122.070313E-06
+2.358000E-06,+5.197844643807E+00,+2.447236208245E+00,+2.447236208245E+00,+122.070313E-06
+2.363000E-06,+4.949748665094E+00,+2.447236208245E+00,+2.447236208245E+00,+122.070313E-06
+2.368000E-06,+4.748743638396E+00,+2.447236208245E+00,+2.447236208245E+00,+122.070313E-06
+2.373000E-06,+4.891946451472E+00,+2.447236208245E+00,+2.447236208245E+00,+122.070313E-06
+2.378000E-06,+4.748743638396E+00,+2.447236208245E+00,+2.447236208245E+00,+122.070313E-06
+2.383000E-06,+4.949748665094E+00,+2.447236208245E+00,+2.447236208245E+00,+122.070313E-06
+2.388000E-06,+4.988058312534E+00,+2.447236208245E+00,+2.447236208245E+00,+122.070313E-06
+2.393000E-06,+5.221100626252E+00,+2.447236208245E+00,+2.447236208245E+00,+122.070313E-06
+2.398000E-06,+5.150753691792E+00,+2.447236208245E+00,+2.447236208245E+00,+122.070313E-06
+2.403000E-06,+4.949748665094E+00,+2.447236208245E+00,+2.447236208245E+00,+122.070313E-06
+2.408000E-06,+4.949748665094E+00,+2.447236208245E+00,+2.447236208245E+00,+122.070313E-06
+2.413000E-06,+5.150753691792E+00,+2.447236208245E+00,+2.447236208245E+00,+122.070313E-06
+2.418000E-06,+4.979277007959E+00,+2.447236208245E+00,+2.447236208245E+00,+122.070313E-06
+2.423000E-06,+5.150753691792E+00,+2.447236208245E+00,+2.447236208245E+00,+122.070313E-06
+2.428000E-06,+4.949748665094E+00,+2.447236208245E+00,+2.447236208245E+00,+122.070313E-06
+2.433000E-06,+5.201029072947E+00,+2.447236208245E+00,+2.447236208245E+00,+122.070313E-06
+2.438000E-06,+4.993076200846E+00,+2.447236208245E+00,+2.447236208245E+00,+122.070313E-06
+2.443000E-06,+4.949748665094E+00,+2.447236208245E+00,+2.447236208245E+00,+122.070313E-06
+2.448000E-06,+5.130006653503E+00,+2.447236208245E+00,+2.447236208245E+00,+122.070313E-06
+2.453000E-06,+4.949748665094E+00,+2.447236208245E+00,+2.447236208245E+00,+122.070313E-06
+2.458000E-06,+5.150753691792E+00,+2.447236208245E+00,+2.447236208245E+00,+122.070313E-06
+2.463000E-06,+4.949748665094E+00,+2.447236208245E+00,+2.447236208245E+00,+122.070313E-06
+2.468000E-06,+5.001857505421E+00,+2.447236208245E+00,+2.447236208245E+00,+122.070313E-06
+2.473000E-06,+5.170825245098E+00,+2.447236208245E+00,+2.447236208245E+00,+122.070313E-06
+2.478000E-06,+5.339792984776E+00,+2.447236208245E+00,+2.447236208245E+00,+122.070313E-06
+2.483000E-06,+5.150753691792E+00,+2.447236208245E+00,+2.447236208245E+00,+122.070313E-06
+2.488000E-06,+5.199678102979E+00,+2.447236208245E+00,+2.447236208245E+00,+122.070313E-06
+2.493000E-06,+4.841671070318E+00,+2.447236208245E+00,+2.447236208245E+00,+122.070313E-06
+2.498000E-06,+4.949748665094E+00,+2.447236208245E+00,+2.447236208245E+00,+122.070313E-06
+2.503000E-06,+4.978601522975E+00,+2.447236208245E+00,+2.447236208245E+00,+122.070313E-06
+2.508000E-06,+4.949748665094E+00,+2.447236208245E+00,+2.447236208245E+00,+122.070313E-06
+2.513000E-06,+5.150753691792E+00,+2.447236208245E+00,+2.447236208245E+00,+122.070313E-06
+2.518000E-06,+4.816002641577E+00,+2.447236208245E+00,+2.447236208245E+00,+122.070313E-06
+2.523000E-06,+5.049044955296E+00,+2.447236208245E+00,+2.447236208245E+00,+122.070313E-06
+2.528000E-06,+5.019420114570E+00,+2.447236208245E+00,+2.447236208245E+00,+122.070313E-06
+2.533000E-06,+4.824011963307E+00,+2.447236208245E+00,+2.447236208245E+00,+122.070313E-06
+2.538000E-06,+5.145156816358E+00,+2.447236208245E+00,+2.447236208245E+00,+122.070313E-06
+2.543000E-06,+5.150753691792E+00,+2.447236208245E+00,+2.447236208245E+00,+122.070313E-06
+2.548000E-06,+5.008226363701E+00,+2.447236208245E+00,+2.447236208245E+00,+122.070313E-06
+2.553000E-06,+4.839258624023E+00,+2.447236208245E+00,+2.447236208245E+00,+122.070313E-06
+2.558000E-06,+4.827196392447E+00,+2.447236208245E+00,+2.447236208245E+00,+122.070313E-06
+2.563000E-06,+4.996164132125E+00,+2.447236208245E+00,+2.447236208245E+00,+122.070313E-06
+2.568000E-06,+5.150753691792E+00,+2.447236208245E+00,+2.447236208245E+00,+122.070313E-06
+2.573000E-06,+4.967407772105E+00,+2.447236208245E+00,+2.447236208245E+00,+122.070313E-06
+2.578000E-06,+5.150753691792E+00,+2.447236208245E+00,+2.447236208245E+00,+122.070313E-06
+2.583000E-06,+5.069020010741E+00,+2.447236208245E+00,+2.447236208245E+00,+122.070313E-06
+2.588000E-06,+5.063519633167E+00,+2.447236208245E+00,+2.447236208245E+00,+122.070313E-06
+2.593000E-06,+4.803940410001E+00,+2.447236208245E+00,+2.447236208245E+00,+122.070313E-06
+2.598000E-06,+4.771903122981E+00,+2.447236208245E+00,+2.447236208245E+00,+122.070313E-06
+2.603000E-06,+5.150753691792E+00,+2.447236208245E+00,+2.447236208245E+00,+122.070313E-06
+2.608000E-06,+5.310843629034E+00,+2.447236208245E+00,+2.447236208245E+00,+122.070313E-06
+2.613000E-06,+4.949748665094E+00,+2.447236208245E+00,+2.447236208245E+00,+122.070313E-06
+2.618000E-06,+5.054738328592E+00,+2.447236208245E+00,+2.447236208245E+00,+122.070313E-06
+2.623000E-06,+4.812721714576E+00,+2.447236208245E+00,+2.447236208245E+00,+122.070313E-06
+2.628000E-06,+4.949748665094E+00,+2.447236208245E+00,+2.447236208245E+00,+122.070313E-06
+2.633000E-06,+5.150657193931E+00,+2.447236208245E+00,+2.447236208245E+00,+122.070313E-06
+2.638000E-06,+5.118619906911E+00,+2.447236208245E+00,+2.447236208245E+00,+122.070313E-06
+2.643000E-06,+5.287587646588E+00,+2.447236208245E+00,+2.447236208245E+00,+122.070313E-06
+2.648000E-06,+4.949748665094E+00,+2.447236208245E+00,+2.447236208245E+00,+122.070313E-06
+2.653000E-06,+4.949748665094E+00,+2.447236208245E+00,+2.447236208245E+00,+122.070313E-06
+2.658000E-06,+4.949748665094E+00,+2.447236208245E+00,+2.447236208245E+00,+122.070313E-06
+2.663000E-06,+4.958433471808E+00,+2.447236208245E+00,+2.447236208245E+00,+122.070313E-06
+2.668000E-06,+4.949748665094E+00,+2.447236208245E+00,+2.447236208245E+00,+122.070313E-06
+2.673000E-06,+5.351758718491E+00,+2.447236208245E+00,+2.447236208245E+00,+122.070313E-06
+2.678000E-06,+4.949748665094E+00,+2.447236208245E+00,+2.447236208245E+00,+122.070313E-06
+2.683000E-06,+4.830284323726E+00,+2.447236208245E+00,+2.447236208245E+00,+122.070313E-06
+2.688000E-06,+4.999252063404E+00,+2.447236208245E+00,+2.447236208245E+00,+122.070313E-06
+2.693000E-06,+4.949748665094E+00,+2.447236208245E+00,+2.447236208245E+00,+122.070313E-06
+2.698000E-06,+4.763314814128E+00,+2.447236208245E+00,+2.447236208245E+00,+122.070313E-06
+2.703000E-06,+4.996357127847E+00,+2.447236208245E+00,+2.447236208245E+00,+122.070313E-06
+2.708000E-06,+4.949748665094E+00,+2.447236208245E+00,+2.447236208245E+00,+122.070313E-06
+2.713000E-06,+4.859426675190E+00,+2.447236208245E+00,+2.447236208245E+00,+122.070313E-06
+2.718000E-06,+4.807028341280E+00,+2.447236208245E+00,+2.447236208245E+00,+122.070313E-06
+2.723000E-06,+4.949748665094E+00,+2.447236208245E+00,+2.447236208245E+00,+122.070313E-06
+2.728000E-06,+5.144963820635E+00,+2.447236208245E+00,+2.447236208245E+00,+122.070313E-06
+2.733000E-06,+4.949748665094E+00,+2.447236208245E+00,+2.447236208245E+00,+122.070313E-06
+2.738000E-06,+5.150753691792E+00,+2.447236208245E+00,+2.447236208245E+00,+122.070313E-06
+2.743000E-06,+5.051650397313E+00,+2.447236208245E+00,+2.447236208245E+00,+122.070313E-06
+2.748000E-06,+4.949748665094E+00,+2.447236208245E+00,+2.447236208245E+00,+122.070313E-06
+2.753000E-06,+4.949748665094E+00,+2.447236208245E+00,+2.447236208245E+00,+122.070313E-06
+2.758000E-06,+5.150753691792E+00,+2.447236208245E+00,+2.447236208245E+00,+122.070313E-06
+2.763000E-06,+4.978794518697E+00,+2.447236208245E+00,+2.447236208245E+00,+122.070313E-06
+2.768000E-06,+5.290675577867E+00,+2.447236208245E+00,+2.447236208245E+00,+122.070313E-06
+2.773000E-06,+4.949748665094E+00,+2.447236208245E+00,+2.447236208245E+00,+122.070313E-06
+2.778000E-06,+5.025595977128E+00,+2.447236208245E+00,+2.447236208245E+00,+122.070313E-06
+2.783000E-06,+5.194563716806E+00,+2.447236208245E+00,+2.447236208245E+00,+122.070313E-06
+2.788000E-06,+4.760516376389E+00,+2.447236208245E+00,+2.447236208245E+00,+122.070313E-06
+2.793000E-06,+4.970013214122E+00,+2.447236208245E+00,+2.447236208245E+00,+122.070313E-06
+2.798000E-06,+5.098451855744E+00,+2.447236208245E+00,+2.447236208245E+00,+122.070313E-06
+2.803000E-06,+4.949748665094E+00,+2.447236208245E+00,+2.447236208245E+00,+122.070313E-06
+2.808000E-06,+5.066125075184E+00,+2.447236208245E+00,+2.447236208245E+00,+122.070313E-06
+2.813000E-06,+5.002339994682E+00,+2.447236208245E+00,+2.447236208245E+00,+122.070313E-06
+2.818000E-06,+5.150753691792E+00,+2.447236208245E+00,+2.447236208245E+00,+122.070313E-06
+2.823000E-06,+4.949748665094E+00,+2.447236208245E+00,+2.447236208245E+00,+122.070313E-06
+2.828000E-06,+4.993269196568E+00,+2.447236208245E+00,+2.447236208245E+00,+122.070313E-06
+2.833000E-06,+4.824301456890E+00,+2.447236208245E+00,+2.447236208245E+00,+122.070313E-06
+2.838000E-06,+4.748743638396E+00,+2.447236208245E+00,+2.447236208245E+00,+122.070313E-06
+2.843000E-06,+4.748743638396E+00,+2.447236208245E+00,+2.447236208245E+00,+122.070313E-06
+2.848000E-06,+4.920413317952E+00,+2.447236208245E+00,+2.447236208245E+00,+122.070313E-06
+2.853000E-06,+4.949748665094E+00,+2.447236208245E+00,+2.447236208245E+00,+122.070313E-06
+2.858000E-06,+4.984487891993E+00,+2.447236208245E+00,+2.447236208245E+00,+122.070313E-06
+2.863000E-06,+5.150753691792E+00,+2.447236208245E+00,+2.447236208245E+00,+122.070313E-06
+2.868000E-06,+5.051939890853E+00,+2.447236208245E+00,+2.447236208245E+00,+122.070313E-06
+2.873000E-06,+5.019902603832E+00,+2.447236208245E+00,+2.447236208245E+00,+122.070313E-06
+2.878000E-06,+4.949748665094E+00,+2.447236208245E+00,+2.447236208245E+00,+122.070313E-06
+2.883000E-06,+4.943669300398E+00,+2.447236208245E+00,+2.447236208245E+00,+122.070313E-06
+2.888000E-06,+4.949748665094E+00,+2.447236208245E+00,+2.447236208245E+00,+122.070313E-06
+2.893000E-06,+4.949748665094E+00,+2.447236208245E+00,+2.447236208245E+00,+122.070313E-06
+2.898000E-06,+4.748743638396E+00,+2.447236208245E+00,+2.447236208245E+00,+122.070313E-06
+2.903000E-06,+4.949748665094E+00,+2.447236208245E+00,+2.447236208245E+00,+122.070313E-06
+2.908000E-06,+4.996646621386E+00,+2.447236208245E+00,+2.447236208245E+00,+122.070313E-06
+2.913000E-06,+4.949748665094E+00,+2.447236208245E+00,+2.447236208245E+00,+122.070313E-06
+2.918000E-06,+5.133577074043E+00,+2.447236208245E+00,+2.447236208245E+00,+122.070313E-06
+2.923000E-06,+4.797957543166E+00,+2.447236208245E+00,+2.447236208245E+00,+122.070313E-06
+2.928000E-06,+5.150753691792E+00,+2.447236208245E+00,+2.447236208245E+00,+122.070313E-06
+2.933000E-06,+4.836460186284E+00,+2.447236208245E+00,+2.447236208245E+00,+122.070313E-06
+2.938000E-06,+4.949748665094E+00,+2.447236208245E+00,+2.447236208245E+00,+122.070313E-06
+2.943000E-06,+4.949748665094E+00,+2.447236208245E+00,+2.447236208245E+00,+122.070313E-06
+2.948000E-06,+4.757138951570E+00,+2.447236208245E+00,+2.447236208245E+00,+122.070313E-06
+2.953000E-06,+5.150753691792E+00,+2.447236208245E+00,+2.447236208245E+00,+122.070313E-06
+2.958000E-06,+5.078283804577E+00,+2.447236208245E+00,+2.447236208245E+00,+122.070313E-06
+2.963000E-06,+5.054255839330E+00,+2.447236208245E+00,+2.447236208245E+00,+122.070313E-06
+2.968000E-06,+5.014209230536E+00,+2.447236208245E+00,+2.447236208245E+00,+122.070313E-06
+2.973000E-06,+4.813590195239E+00,+2.447236208245E+00,+2.447236208245E+00,+122.070313E-06
+2.978000E-06,+4.950134656495E+00,+2.447236208245E+00,+2.447236208245E+00,+122.070313E-06
+2.983000E-06,+4.949748665094E+00,+2.447236208245E+00,+2.447236208245E+00,+122.070313E-06
+2.988000E-06,+4.812432221037E+00,+2.447236208245E+00,+2.447236208245E+00,+122.070313E-06
+2.993000E-06,+4.940195377718E+00,+2.447236208245E+00,+2.447236208245E+00,+122.070313E-06
+2.998000E-06,+4.876506795078E+00,+2.447236208245E+00,+2.447236208245E+00,+122.070313E-06
+3.003000E-06,+4.748743638396E+00,+2.447236208245E+00,+2.447236208245E+00,+122.070313E-06
+3.008000E-06,+5.333424126539E+00,+2.447236208245E+00,+2.447236208245E+00,+122.070313E-06
+3.013000E-06,+5.127883700747E+00,+2.447236208245E+00,+2.447236208245E+00,+122.070313E-06
+3.018000E-06,+4.949748665094E+00,+2.447236208245E+00,+2.447236208245E+00,+122.070313E-06
+3.023000E-06,+4.976864561621E+00,+2.447236208245E+00,+2.447236208245E+00,+122.070313E-06
+3.028000E-06,+4.748743638396E+00,+2.447236208245E+00,+2.447236208245E+00,+122.070313E-06
+3.033000E-06,+4.949748665094E+00,+2.447236208245E+00,+2.447236208245E+00,+122.070313E-06
+3.038000E-06,+4.931800064544E+00,+2.447236208245E+00,+2.447236208245E+00,+122.070313E-06
+3.043000E-06,+4.949748665094E+00,+2.447236208245E+00,+2.447236208245E+00,+122.070313E-06
+3.048000E-06,+4.903622691604E+00,+2.447236208245E+00,+2.447236208245E+00,+122.070313E-06
+3.053000E-06,+5.072590431281E+00,+2.447236208245E+00,+2.447236208245E+00,+122.070313E-06
+3.058000E-06,+5.059949212626E+00,+2.447236208245E+00,+2.447236208245E+00,+122.070313E-06
+3.063000E-06,+4.949748665094E+00,+2.447236208245E+00,+2.447236208245E+00,+122.070313E-06
+3.068000E-06,+4.748743638396E+00,+2.447236208245E+00,+2.447236208245E+00,+122.070313E-06
+3.073000E-06,+5.145446309897E+00,+2.447236208245E+00,+2.447236208245E+00,+122.070313E-06
+3.078000E-06,+4.912403996179E+00,+2.447236208245E+00,+2.447236208245E+00,+122.070313E-06
+3.083000E-06,+4.949748665094E+00,+2.447236208245E+00,+2.447236208245E+00,+122.070313E-06
+3.088000E-06,+5.049334448836E+00,+2.447236208245E+00,+2.447236208245E+00,+122.070313E-06
+3.093000E-06,+4.816292135117E+00,+2.447236208245E+00,+2.447236208245E+00,+122.070313E-06
+3.098000E-06,+4.784254848097E+00,+2.447236208245E+00,+2.447236208245E+00,+122.070313E-06
+3.103000E-06,+5.154227614472E+00,+2.447236208245E+00,+2.447236208245E+00,+122.070313E-06
+3.108000E-06,+4.978312029435E+00,+2.447236208245E+00,+2.447236208245E+00,+122.070313E-06
+3.113000E-06,+4.949748665094E+00,+2.447236208245E+00,+2.447236208245E+00,+122.070313E-06
+3.118000E-06,+4.857110726712E+00,+2.447236208245E+00,+2.447236208245E+00,+122.070313E-06
+3.123000E-06,+4.949748665094E+00,+2.447236208245E+00,+2.447236208245E+00,+122.070313E-06
+3.128000E-06,+4.949748665094E+00,+2.447236208245E+00,+2.447236208245E+00,+122.070313E-06
+3.133000E-06,+4.962003892349E+00,+2.447236208245E+00,+2.447236208245E+00,+122.070313E-06
+3.138000E-06,+4.929966605328E+00,+2.447236208245E+00,+2.447236208245E+00,+122.070313E-06
+3.143000E-06,+4.748743638396E+00,+2.447236208245E+00,+2.447236208245E+00,+122.070313E-06
+3.148000E-06,+4.949748665094E+00,+2.447236208245E+00,+2.447236208245E+00,+122.070313E-06
+3.153000E-06,+4.748743638396E+00,+2.447236208245E+00,+2.447236208245E+00,+122.070313E-06
+3.158000E-06,+4.949748665094E+00,+2.447236208245E+00,+2.447236208245E+00,+122.070313E-06
+3.163000E-06,+4.949748665094E+00,+2.447236208245E+00,+2.447236208245E+00,+122.070313E-06
+3.168000E-06,+5.139752936601E+00,+2.447236208245E+00,+2.447236208245E+00,+122.070313E-06
+3.173000E-06,+4.705705596185E+00,+2.447236208245E+00,+2.447236208245E+00,+122.070313E-06
+3.178000E-06,+4.874673335862E+00,+2.447236208245E+00,+2.447236208245E+00,+122.070313E-06
+3.183000E-06,+4.949748665094E+00,+2.447236208245E+00,+2.447236208245E+00,+122.070313E-06
+3.188000E-06,+5.011603788519E+00,+2.447236208245E+00,+2.447236208245E+00,+122.070313E-06
+3.193000E-06,+4.778561474801E+00,+2.447236208245E+00,+2.447236208245E+00,+122.070313E-06
+3.198000E-06,+4.750963089012E+00,+2.447236208245E+00,+2.447236208245E+00,+122.070313E-06
+3.203000E-06,+4.949748665094E+00,+2.447236208245E+00,+2.447236208245E+00,+122.070313E-06
+3.208000E-06,+4.815037663054E+00,+2.447236208245E+00,+2.447236208245E+00,+122.070313E-06
+3.213000E-06,+5.052422380115E+00,+2.447236208245E+00,+2.447236208245E+00,+122.070313E-06
+3.218000E-06,+4.949748665094E+00,+2.447236208245E+00,+2.447236208245E+00,+122.070313E-06
+3.223000E-06,+4.825941920355E+00,+2.447236208245E+00,+2.447236208245E+00,+122.070313E-06
+3.228000E-06,+4.949748665094E+00,+2.447236208245E+00,+2.447236208245E+00,+122.070313E-06
+3.233000E-06,+4.949748665094E+00,+2.447236208245E+00,+2.447236208245E+00,+122.070313E-06
+3.238000E-06,+4.949748665094E+00,+2.447236208245E+00,+2.447236208245E+00,+122.070313E-06
+3.243000E-06,+4.949748665094E+00,+2.447236208245E+00,+2.447236208245E+00,+122.070313E-06
+3.248000E-06,+5.071335959218E+00,+2.447236208245E+00,+2.447236208245E+00,+122.070313E-06
+3.253000E-06,+4.843504529504E+00,+2.447236208245E+00,+2.447236208245E+00,+122.070313E-06
+3.258000E-06,+4.949748665094E+00,+3.111315117012E+00,+2.447236208245E+00,-661.281722981E-03
+3.263000E-06,+4.949748665094E+00,+7.552763791755E+00,+3.941486126483E+00,-3.596608250308E+00
+3.268000E-06,+4.748743638396E+00,+7.552763791755E+00,+6.805378288389E+00,-744.252732821E-03
+3.273000E-06,+5.915306176943E+00,+7.552763791755E+00,+7.552763791755E+00,+122.070313E-06
+3.278000E-06,+3.944723531604E+00,+7.552763791755E+00,+7.552763791755E+00,+122.070313E-06
+3.283000E-06,+4.837425164837E+00,+7.552763791755E+00,+7.552763791755E+00,+122.070313E-06
+3.288000E-06,+3.968847994712E+00,+7.552763791755E+00,+7.552763791755E+00,+122.070313E-06
+3.293000E-06,+3.566451949944E+00,+7.552763791755E+00,+7.552763791755E+00,+122.070313E-06
+3.298000E-06,+4.387938167967E+00,+7.552763791755E+00,+7.552763791755E+00,+122.070313E-06
+3.303000E-06,+6.212809056075E+00,+7.552763791755E+00,+7.552763791755E+00,+122.070313E-06
+3.308000E-06,+6.363828195231E+00,+7.552763791755E+00,+7.552763791755E+00,+122.070313E-06
+3.313000E-06,+5.020867582385E+00,+7.552763791755E+00,+7.552763791755E+00,+122.070313E-06
+3.318000E-06,+4.781649406079E+00,+7.552763791755E+00,+7.552763791755E+00,+122.070313E-06
+3.323000E-06,+4.546870131036E+00,+7.552763791755E+00,+7.552763791755E+00,+122.070313E-06
+3.328000E-06,+4.176897364660E+00,+7.552763791755E+00,+7.552763791755E+00,+122.070313E-06
+3.333000E-06,+3.944723531604E+00,+7.552763791755E+00,+7.552763791755E+00,+122.070313E-06
+3.338000E-06,+3.944723531604E+00,+7.552763791755E+00,+7.552763791755E+00,+122.070313E-06
+3.343000E-06,+3.944723531604E+00,+7.552763791755E+00,+7.552763791755E+00,+122.070313E-06
+3.348000E-06,+4.388420657258E+00,+7.552763791755E+00,+7.552763791755E+00,+122.070313E-06
+3.353000E-06,+4.557388396936E+00,+7.552763791755E+00,+7.552763791755E+00,+122.070313E-06
+3.358000E-06,+5.105978688226E+00,+7.552763791755E+00,+7.552763791755E+00,+122.070313E-06
+3.363000E-06,+6.302359063178E+00,+7.552763791755E+00,+7.552763791755E+00,+122.070313E-06
+3.368000E-06,+6.443245927805E+00,+7.552763791755E+00,+7.552763791755E+00,+122.070313E-06
+3.373000E-06,+5.186747390784E+00,+7.552763791755E+00,+7.552763791755E+00,+122.070313E-06
+3.378000E-06,+4.899280288261E+00,+7.552763791755E+00,+7.552763791755E+00,+122.070313E-06
+3.383000E-06,+4.767174728209E+00,+7.552763791755E+00,+7.552763791755E+00,+122.070313E-06
+3.388000E-06,+4.373945979416E+00,+7.552763791755E+00,+7.552763791755E+00,+122.070313E-06
+3.393000E-06,+4.145728558302E+00,+7.552763791755E+00,+7.552763791755E+00,+122.070313E-06
+3.398000E-06,+4.748743638396E+00,+7.552763791755E+00,+7.552763791755E+00,+122.070313E-06
+3.403000E-06,+4.840030606825E+00,+7.552763791755E+00,+7.552763791755E+00,+122.070313E-06
+3.408000E-06,+4.890498983687E+00,+7.552763791755E+00,+7.552763791755E+00,+122.070313E-06
+3.413000E-06,+4.547738611698E+00,+7.552763791755E+00,+7.552763791755E+00,+122.070313E-06
+3.418000E-06,+4.542913719065E+00,+7.552763791755E+00,+7.552763791755E+00,+122.070313E-06
+3.423000E-06,+4.912886485440E+00,+7.552763791755E+00,+7.552763791755E+00,+122.070313E-06
+3.428000E-06,+5.150753691792E+00,+7.552763791755E+00,+7.552763791755E+00,+122.070313E-06
+3.433000E-06,+5.251690445488E+00,+7.552763791755E+00,+7.552763791755E+00,+122.070313E-06
+3.438000E-06,+5.552763745189E+00,+7.552763791755E+00,+7.552763791755E+00,+122.070313E-06
+3.443000E-06,+5.717775072925E+00,+7.552763791755E+00,+7.552763791755E+00,+122.070313E-06
+3.448000E-06,+5.548807333247E+00,+7.552763791755E+00,+7.552763791755E+00,+122.070313E-06
+3.453000E-06,+4.776824513475E+00,+7.552763791755E+00,+7.552763791755E+00,+122.070313E-06
+3.458000E-06,+4.889630502995E+00,+7.552763791755E+00,+7.552763791755E+00,+122.070313E-06
+3.463000E-06,+5.150753691792E+00,+7.552763791755E+00,+7.552763791755E+00,+122.070313E-06
+3.468000E-06,+4.872936374537E+00,+7.552763791755E+00,+7.552763791755E+00,+122.070313E-06
+3.473000E-06,+4.592513615235E+00,+7.552763791755E+00,+7.552763791755E+00,+122.070313E-06
+3.478000E-06,+4.761481354913E+00,+7.552763791755E+00,+7.552763791755E+00,+122.070313E-06
+3.483000E-06,+5.150753691792E+00,+7.552763791755E+00,+7.552763791755E+00,+122.070313E-06
+3.488000E-06,+5.351758718491E+00,+7.552763791755E+00,+7.552763791755E+00,+122.070313E-06
+3.493000E-06,+4.748743638396E+00,+7.552763791755E+00,+7.552763791755E+00,+122.070313E-06
+3.498000E-06,+4.663150043264E+00,+7.552763791755E+00,+7.552763791755E+00,+122.070313E-06
+3.503000E-06,+4.748743638396E+00,+7.552763791755E+00,+7.552763791755E+00,+122.070313E-06
+3.508000E-06,+5.172272712884E+00,+7.552763791755E+00,+7.552763791755E+00,+122.070313E-06
+3.513000E-06,+5.150753691792E+00,+7.552763791755E+00,+7.552763791755E+00,+122.070313E-06
+3.518000E-06,+5.150753691792E+00,+7.552763791755E+00,+7.552763791755E+00,+122.070313E-06
+3.523000E-06,+5.150753691792E+00,+7.552763791755E+00,+7.552763791755E+00,+122.070313E-06
+3.528000E-06,+4.855373765387E+00,+7.552763791755E+00,+7.552763791755E+00,+122.070313E-06
+3.533000E-06,+4.748743638396E+00,+7.552763791755E+00,+7.552763791755E+00,+122.070313E-06
+3.538000E-06,+4.748743638396E+00,+7.552763791755E+00,+7.552763791755E+00,+122.070313E-06
+3.543000E-06,+4.748743638396E+00,+7.552763791755E+00,+7.552763791755E+00,+122.070313E-06
+3.548000E-06,+4.983522913469E+00,+7.552763791755E+00,+7.552763791755E+00,+122.070313E-06
+3.553000E-06,+5.015560200490E+00,+7.552763791755E+00,+7.552763791755E+00,+122.070313E-06
+3.558000E-06,+4.846592460812E+00,+7.552763791755E+00,+7.552763791755E+00,+122.070313E-06
+3.563000E-06,+4.748743638396E+00,+7.552763791755E+00,+7.552763791755E+00,+122.070313E-06
+3.568000E-06,+4.709662008155E+00,+7.552763791755E+00,+7.552763791755E+00,+122.070313E-06
+3.573000E-06,+4.755787981617E+00,+7.552763791755E+00,+7.552763791755E+00,+122.070313E-06
+3.578000E-06,+5.150753691792E+00,+7.552763791755E+00,+7.552763791755E+00,+122.070313E-06
+3.583000E-06,+5.351758718491E+00,+7.552763791755E+00,+7.552763791755E+00,+122.070313E-06
+3.588000E-06,+5.552763745189E+00,+7.552763791755E+00,+7.552763791755E+00,+122.070313E-06
+3.593000E-06,+5.150753691792E+00,+7.552763791755E+00,+7.552763791755E+00,+122.070313E-06
+3.598000E-06,+4.901885730279E+00,+7.552763791755E+00,+7.552763791755E+00,+122.070313E-06
+3.603000E-06,+4.748743638396E+00,+7.552763791755E+00,+7.552763791755E+00,+122.070313E-06
+3.608000E-06,+4.949748665094E+00,+7.552763791755E+00,+7.552763791755E+00,+122.070313E-06
+3.613000E-06,+4.949748665094E+00,+7.552763791755E+00,+7.552763791755E+00,+122.070313E-06
+3.618000E-06,+5.150753691792E+00,+7.552763791755E+00,+7.552763791755E+00,+122.070313E-06
+3.623000E-06,+4.861067138683E+00,+7.552763791755E+00,+7.552763791755E+00,+122.070313E-06
+3.628000E-06,+4.748743638396E+00,+6.908640638471E+00,+7.552763791755E+00,+641.650496085E-03
+3.633000E-06,+4.773350590766E+00,+4.877766172557E+00,+7.552763791755E+00,+2.664343970799E+00
+3.638000E-06,+5.552763745189E+00,+3.441820255678E+00,+5.926813606916E+00,+2.475105098864E+00
+3.643000E-06,+5.150753691792E+00,+2.447236208245E+00,+3.185174572013E+00,+735.087789852E-03
+3.648000E-06,+5.552763745189E+00,+2.447236208245E+00,+2.447236208245E+00,+122.070313E-06
+3.653000E-06,+4.852285834108E+00,+2.447236208245E+00,+2.447236208245E+00,+122.070313E-06
+3.658000E-06,+3.743718504906E+00,+2.447236208245E+00,+2.447236208245E+00,+122.070313E-06
+3.663000E-06,+3.140703424811E+00,+2.447236208245E+00,+2.447236208245E+00,+122.070313E-06
+3.668000E-06,+4.349435524849E+00,+2.447236208245E+00,+2.447236208245E+00,+122.070313E-06
+3.673000E-06,+5.181440008889E+00,+2.447236208245E+00,+2.447236208245E+00,+122.070313E-06
+3.678000E-06,+5.150753691792E+00,+2.447236208245E+00,+2.447236208245E+00,+122.070313E-06
+3.683000E-06,+5.351758718491E+00,+2.447236208245E+00,+2.447236208245E+00,+122.070313E-06
+3.688000E-06,+5.753768771887E+00,+2.447236208245E+00,+2.447236208245E+00,+122.070313E-06
+3.693000E-06,+5.594933306709E+00,+2.447236208245E+00,+2.447236208245E+00,+122.070313E-06
+3.698000E-06,+5.351758718491E+00,+2.447236208245E+00,+2.447236208245E+00,+122.070313E-06
+3.703000E-06,+5.351758718491E+00,+2.447236208245E+00,+2.447236208245E+00,+122.070313E-06
+3.708000E-06,+4.895806365553E+00,+2.447236208245E+00,+2.447236208245E+00,+122.070313E-06
+3.713000E-06,+4.317687731426E+00,+2.447236208245E+00,+2.447236208245E+00,+122.070313E-06
+3.718000E-06,+3.577742198675E+00,+2.447236208245E+00,+2.447236208245E+00,+122.070313E-06
+3.723000E-06,+3.593664344302E+00,+2.447236208245E+00,+2.447236208245E+00,+122.070313E-06
+3.728000E-06,+4.930835086020E+00,+2.447236208245E+00,+2.447236208245E+00,+122.070313E-06
+3.733000E-06,+5.351758718491E+00,+2.447236208245E+00,+2.447236208245E+00,+122.070313E-06
+3.738000E-06,+5.150753691792E+00,+2.447236208245E+00,+2.447236208245E+00,+122.070313E-06
+3.743000E-06,+5.073555409805E+00,+2.447236208245E+00,+2.447236208245E+00,+122.070313E-06
+3.748000E-06,+5.460994287499E+00,+2.447236208245E+00,+2.447236208245E+00,+122.070313E-06
+3.753000E-06,+5.292026547821E+00,+2.447236208245E+00,+2.447236208245E+00,+122.070313E-06
+3.758000E-06,+5.150753691792E+00,+2.447236208245E+00,+2.447236208245E+00,+122.070313E-06
+3.763000E-06,+5.150753691792E+00,+2.447236208245E+00,+2.447236208245E+00,+122.070313E-06
+3.768000E-06,+5.516384054797E+00,+2.447236208245E+00,+2.447236208245E+00,+122.070313E-06
+3.773000E-06,+5.420175695903E+00,+2.447236208245E+00,+2.447236208245E+00,+122.070313E-06
+3.778000E-06,+5.251207956226E+00,+2.447236208245E+00,+2.447236208245E+00,+122.070313E-06
+3.783000E-06,+4.748743638396E+00,+2.447236208245E+00,+2.447236208245E+00,+122.070313E-06
+3.788000E-06,+4.346733585000E+00,+2.447236208245E+00,+2.447236208245E+00,+122.070313E-06
+3.793000E-06,+4.543299710495E+00,+2.447236208245E+00,+2.447236208245E+00,+122.070313E-06
+3.798000E-06,+4.374331970817E+00,+2.447236208245E+00,+2.447236208245E+00,+122.070313E-06
+3.803000E-06,+4.689107965558E+00,+2.447236208245E+00,+2.447236208245E+00,+122.070313E-06
+3.808000E-06,+5.150753691792E+00,+2.447236208245E+00,+2.447236208245E+00,+122.070313E-06
+3.813000E-06,+4.949748665094E+00,+2.447236208245E+00,+2.447236208245E+00,+122.070313E-06
+3.818000E-06,+4.995006157893E+00,+2.447236208245E+00,+2.447236208245E+00,+122.070313E-06
+3.823000E-06,+5.150753691792E+00,+2.447236208245E+00,+2.447236208245E+00,+122.070313E-06
+3.828000E-06,+5.351758718491E+00,+2.447236208245E+00,+2.447236208245E+00,+122.070313E-06
+3.833000E-06,+5.351758718491E+00,+2.447236208245E+00,+2.447236208245E+00,+122.070313E-06
+3.838000E-06,+4.748743638396E+00,+2.447236208245E+00,+2.447236208245E+00,+122.070313E-06
+3.843000E-06,+4.863672580700E+00,+2.447236208245E+00,+2.447236208245E+00,+122.070313E-06
+3.848000E-06,+5.150753691792E+00,+2.447236208245E+00,+2.447236208245E+00,+122.070313E-06
+3.853000E-06,+5.150753691792E+00,+2.447236208245E+00,+2.447236208245E+00,+122.070313E-06
+3.858000E-06,+4.949748665094E+00,+2.447236208245E+00,+2.447236208245E+00,+122.070313E-06
+3.863000E-06,+4.748743638396E+00,+2.447236208245E+00,+2.447236208245E+00,+122.070313E-06
+3.868000E-06,+4.875638314386E+00,+2.447236208245E+00,+2.447236208245E+00,+122.070313E-06
+3.873000E-06,+5.055896302824E+00,+2.447236208245E+00,+2.447236208245E+00,+122.070313E-06
+3.878000E-06,+4.811563740345E+00,+2.447236208245E+00,+2.447236208245E+00,+122.070313E-06
+3.883000E-06,+4.949748665094E+00,+2.447236208245E+00,+2.447236208245E+00,+122.070313E-06
+3.888000E-06,+5.351758718491E+00,+2.447236208245E+00,+2.447236208245E+00,+122.070313E-06
+3.893000E-06,+5.150753691792E+00,+2.447236208245E+00,+2.447236208245E+00,+122.070313E-06
+3.898000E-06,+5.150753691792E+00,+2.447236208245E+00,+2.447236208245E+00,+122.070313E-06
+3.903000E-06,+4.846109971551E+00,+2.447236208245E+00,+2.447236208245E+00,+122.070313E-06
+3.908000E-06,+4.949748665094E+00,+2.447236208245E+00,+2.447236208245E+00,+122.070313E-06
+3.913000E-06,+5.150753691792E+00,+2.447236208245E+00,+2.447236208245E+00,+122.070313E-06
+3.918000E-06,+5.150753691792E+00,+2.447236208245E+00,+2.447236208245E+00,+122.070313E-06
+3.923000E-06,+5.351758718491E+00,+2.447236208245E+00,+2.447236208245E+00,+122.070313E-06
+3.928000E-06,+5.351758718491E+00,+2.447236208245E+00,+2.447236208245E+00,+122.070313E-06
+3.933000E-06,+4.748743638396E+00,+2.447236208245E+00,+2.447236208245E+00,+122.070313E-06
+3.938000E-06,+4.668360927298E+00,+2.447236208245E+00,+2.447236208245E+00,+122.070313E-06
+3.943000E-06,+4.748743638396E+00,+2.447236208245E+00,+2.447236208245E+00,+122.070313E-06
+3.948000E-06,+4.748743638396E+00,+2.447236208245E+00,+2.447236208245E+00,+122.070313E-06
+3.953000E-06,+5.150753691792E+00,+2.447236208245E+00,+2.447236208245E+00,+122.070313E-06
+3.958000E-06,+5.102987254809E+00,+2.447236208245E+00,+2.447236208245E+00,+122.070313E-06
+3.963000E-06,+4.828547362401E+00,+2.447236208245E+00,+2.447236208245E+00,+122.070313E-06
+3.968000E-06,+4.860584649421E+00,+2.447236208245E+00,+2.447236208245E+00,+122.070313E-06
+3.973000E-06,+4.949748665094E+00,+2.447236208245E+00,+2.447236208245E+00,+122.070313E-06
+3.978000E-06,+4.924659223462E+00,+2.447236208245E+00,+2.447236208245E+00,+122.070313E-06
+3.983000E-06,+4.942800819706E+00,+2.447236208245E+00,+2.447236208245E+00,+122.070313E-06
+3.988000E-06,+5.351758718491E+00,+2.447236208245E+00,+2.447236208245E+00,+122.070313E-06
+3.993000E-06,+5.091793503954E+00,+2.447236208245E+00,+2.447236208245E+00,+122.070313E-06
+3.998000E-06,+4.949748665094E+00,+2.447236208245E+00,+2.447236208245E+00,+122.070313E-06
+4.003000E-06,+4.814651671624E+00,+2.447236208245E+00,+2.447236208245E+00,+122.070313E-06
+4.008000E-06,+5.116882945586E+00,+2.447236208245E+00,+2.447236208245E+00,+122.070313E-06
+4.013000E-06,+4.947915205908E+00,+2.447236208245E+00,+2.447236208245E+00,+122.070313E-06
+4.018000E-06,+4.919544837260E+00,+2.447236208245E+00,+2.447236208245E+00,+122.070313E-06
+4.023000E-06,+5.150753691792E+00,+2.447236208245E+00,+2.447236208245E+00,+122.070313E-06
+4.028000E-06,+5.138305468845E+00,+2.447236208245E+00,+2.447236208245E+00,+122.070313E-06
+4.033000E-06,+5.076064353990E+00,+2.447236208245E+00,+2.447236208245E+00,+122.070313E-06
+4.038000E-06,+4.992400715876E+00,+2.447236208245E+00,+2.447236208245E+00,+122.070313E-06
+4.043000E-06,+5.140138928031E+00,+2.447236208245E+00,+2.447236208245E+00,+122.070313E-06
+4.048000E-06,+5.150753691792E+00,+2.447236208245E+00,+2.447236208245E+00,+122.070313E-06
+4.053000E-06,+5.150753691792E+00,+2.447236208245E+00,+2.447236208245E+00,+122.070313E-06
+4.058000E-06,+5.035245762395E+00,+2.447236208245E+00,+2.447236208245E+00,+122.070313E-06
+4.063000E-06,+5.033219307471E+00,+2.447236208245E+00,+2.447236208245E+00,+122.070313E-06
+4.068000E-06,+4.898315309738E+00,+2.447236208245E+00,+2.447236208245E+00,+122.070313E-06
+4.073000E-06,+4.969144733430E+00,+2.447236208245E+00,+2.447236208245E+00,+122.070313E-06
+4.078000E-06,+5.138112473108E+00,+2.447236208245E+00,+2.447236208245E+00,+122.070313E-06
+4.083000E-06,+5.106075186088E+00,+2.447236208245E+00,+2.447236208245E+00,+122.070313E-06
+4.088000E-06,+4.825459431122E+00,+2.447236208245E+00,+2.447236208245E+00,+122.070313E-06
+4.093000E-06,+4.840995585348E+00,+2.447236208245E+00,+2.447236208245E+00,+122.070313E-06
+4.098000E-06,+4.869172958259E+00,+2.447236208245E+00,+2.447236208245E+00,+122.070313E-06
+4.103000E-06,+4.977926038005E+00,+2.447236208245E+00,+2.447236208245E+00,+122.070313E-06
+4.108000E-06,+5.150753691792E+00,+2.447236208245E+00,+2.447236208245E+00,+122.070313E-06
+4.113000E-06,+5.150753691792E+00,+2.447236208245E+00,+2.447236208245E+00,+122.070313E-06
+4.118000E-06,+5.082819203642E+00,+2.447236208245E+00,+2.447236208245E+00,+122.070313E-06
+4.123000E-06,+4.949748665094E+00,+2.447236208245E+00,+2.447236208245E+00,+122.070313E-06
+4.128000E-06,+5.018744629601E+00,+2.447236208245E+00,+2.447236208245E+00,+122.070313E-06
+4.133000E-06,+4.785702315882E+00,+2.447236208245E+00,+2.447236208245E+00,+122.070313E-06
+4.138000E-06,+4.758586419327E+00,+2.447236208245E+00,+2.447236208245E+00,+122.070313E-06
+4.143000E-06,+5.150753691792E+00,+2.447236208245E+00,+2.447236208245E+00,+122.070313E-06
+4.148000E-06,+4.949748665094E+00,+2.447236208245E+00,+2.447236208245E+00,+122.070313E-06
+4.153000E-06,+5.132129606287E+00,+2.447236208245E+00,+2.447236208245E+00,+122.070313E-06
+4.158000E-06,+4.748743638396E+00,+2.447236208245E+00,+2.447236208245E+00,+122.070313E-06
+4.163000E-06,+4.748743638396E+00,+2.447236208245E+00,+2.447236208245E+00,+122.070313E-06
+4.168000E-06,+4.949748665094E+00,+2.447236208245E+00,+2.447236208245E+00,+122.070313E-06
+4.173000E-06,+5.150753691792E+00,+2.447236208245E+00,+2.447236208245E+00,+122.070313E-06
+4.178000E-06,+5.150753691792E+00,+2.447236208245E+00,+2.447236208245E+00,+122.070313E-06
+4.183000E-06,+5.150753691792E+00,+2.447236208245E+00,+2.447236208245E+00,+122.070313E-06
+4.188000E-06,+4.748743638396E+00,+2.447236208245E+00,+2.447236208245E+00,+122.070313E-06
+4.193000E-06,+4.949748665094E+00,+2.447236208245E+00,+2.447236208245E+00,+122.070313E-06
+4.198000E-06,+5.150753691792E+00,+2.447236208245E+00,+2.447236208245E+00,+122.070313E-06
+4.203000E-06,+4.959301952500E+00,+2.447236208245E+00,+2.447236208245E+00,+122.070313E-06
+4.208000E-06,+5.310168144065E+00,+2.447236208245E+00,+2.447236208245E+00,+122.070313E-06
+4.213000E-06,+5.150753691792E+00,+2.447236208245E+00,+2.447236208245E+00,+122.070313E-06
+4.218000E-06,+5.055413813562E+00,+2.447236208245E+00,+2.447236208245E+00,+122.070313E-06
+4.223000E-06,+5.214056283003E+00,+2.447236208245E+00,+2.447236208245E+00,+122.070313E-06
+4.228000E-06,+4.811274246776E+00,+2.447236208245E+00,+2.447236208245E+00,+122.070313E-06
+4.233000E-06,+5.150753691792E+00,+2.447236208245E+00,+2.447236208245E+00,+122.070313E-06
+4.238000E-06,+5.150753691792E+00,+2.447236208245E+00,+2.447236208245E+00,+122.070313E-06
+4.243000E-06,+5.014595221966E+00,+2.447236208245E+00,+2.447236208245E+00,+122.070313E-06
+4.248000E-06,+5.150753691792E+00,+2.447236208245E+00,+2.447236208245E+00,+122.070313E-06
+4.253000E-06,+4.949748665094E+00,+2.447236208245E+00,+2.447236208245E+00,+122.070313E-06
+4.258000E-06,+4.949748665094E+00,+2.447236208245E+00,+2.447236208245E+00,+122.070313E-06
+4.263000E-06,+4.957757986839E+00,+2.447236208245E+00,+2.447236208245E+00,+122.070313E-06
+4.268000E-06,+4.949748665094E+00,+2.447236208245E+00,+2.447236208245E+00,+122.070313E-06
+4.273000E-06,+5.005813917391E+00,+2.447236208245E+00,+2.447236208245E+00,+122.070313E-06
+4.278000E-06,+5.037851204412E+00,+2.447236208245E+00,+2.447236208245E+00,+122.070313E-06
+4.283000E-06,+4.829608838756E+00,+2.447236208245E+00,+2.447236208245E+00,+122.070313E-06
+4.288000E-06,+4.949748665094E+00,+2.447236208245E+00,+2.447236208245E+00,+122.070313E-06
+4.293000E-06,+4.782324891034E+00,+2.447236208245E+00,+2.447236208245E+00,+122.070313E-06
+4.298000E-06,+4.949748665094E+00,+2.447236208245E+00,+2.447236208245E+00,+122.070313E-06
+4.303000E-06,+4.997032612816E+00,+2.447236208245E+00,+2.447236208245E+00,+122.070313E-06
+4.308000E-06,+4.949748665094E+00,+2.447236208245E+00,+2.447236208245E+00,+122.070313E-06
+4.313000E-06,+5.150753691792E+00,+2.447236208245E+00,+2.447236208245E+00,+122.070313E-06
+4.318000E-06,+4.949748665094E+00,+2.447236208245E+00,+2.447236208245E+00,+122.070313E-06
+4.323000E-06,+4.949748665094E+00,+2.447236208245E+00,+2.447236208245E+00,+122.070313E-06
+4.328000E-06,+5.150753691792E+00,+2.447236208245E+00,+2.447236208245E+00,+122.070313E-06
+4.333000E-06,+5.150753691792E+00,+2.447236208245E+00,+2.447236208245E+00,+122.070313E-06
+4.338000E-06,+5.150753691792E+00,+2.447236208245E+00,+2.447236208245E+00,+122.070313E-06
+4.343000E-06,+5.048176474604E+00,+2.447236208245E+00,+2.447236208245E+00,+122.070313E-06
+4.348000E-06,+4.815134160886E+00,+2.447236208245E+00,+2.447236208245E+00,+122.070313E-06
+4.353000E-06,+4.984101900563E+00,+2.447236208245E+00,+2.447236208245E+00,+122.070313E-06
+4.358000E-06,+5.148437743344E+00,+2.447236208245E+00,+2.447236208245E+00,+122.070313E-06
+4.363000E-06,+4.949748665094E+00,+2.447236208245E+00,+2.447236208245E+00,+122.070313E-06
+4.368000E-06,+5.011507290687E+00,+2.447236208245E+00,+2.447236208245E+00,+122.070313E-06
+4.373000E-06,+4.949748665094E+00,+2.447236208245E+00,+2.447236208245E+00,+122.070313E-06
+4.378000E-06,+4.949748665094E+00,+2.447236208245E+00,+2.447236208245E+00,+122.070313E-06
+4.383000E-06,+4.949748665094E+00,+2.447236208245E+00,+2.447236208245E+00,+122.070313E-06
+4.388000E-06,+4.949748665094E+00,+2.447236208245E+00,+2.447236208245E+00,+122.070313E-06
+4.393000E-06,+4.970688699092E+00,+2.447236208245E+00,+2.447236208245E+00,+122.070313E-06
+4.398000E-06,+4.949748665094E+00,+2.447236208245E+00,+2.447236208245E+00,+122.070313E-06
+4.403000E-06,+4.918772854473E+00,+2.447236208245E+00,+2.447236208245E+00,+122.070313E-06
+4.408000E-06,+4.949748665094E+00,+2.447236208245E+00,+2.447236208245E+00,+122.070313E-06
+4.413000E-06,+4.949748665094E+00,+2.447236208245E+00,+2.447236208245E+00,+122.070313E-06
+4.418000E-06,+4.949748665094E+00,+2.447236208245E+00,+2.447236208245E+00,+122.070313E-06
+4.423000E-06,+4.949748665094E+00,+2.447236208245E+00,+2.447236208245E+00,+122.070313E-06
+4.428000E-06,+4.949748665094E+00,+2.447236208245E+00,+2.447236208245E+00,+122.070313E-06
+4.433000E-06,+4.824976941860E+00,+2.447236208245E+00,+2.447236208245E+00,+122.070313E-06
+4.438000E-06,+5.058019255579E+00,+2.447236208245E+00,+2.447236208245E+00,+122.070313E-06
+4.443000E-06,+4.949748665094E+00,+2.447236208245E+00,+2.447236208245E+00,+122.070313E-06
+4.448000E-06,+4.949748665094E+00,+2.447236208245E+00,+2.447236208245E+00,+122.070313E-06
+4.453000E-06,+4.949748665094E+00,+2.447236208245E+00,+2.447236208245E+00,+122.070313E-06
+4.458000E-06,+4.985163376963E+00,+2.447236208245E+00,+2.447236208245E+00,+122.070313E-06
+4.463000E-06,+4.748743638396E+00,+2.447236208245E+00,+2.447236208245E+00,+122.070313E-06
+4.468000E-06,+4.748743638396E+00,+2.447236208245E+00,+2.447236208245E+00,+122.070313E-06
+4.473000E-06,+4.949748665094E+00,+2.447236208245E+00,+2.447236208245E+00,+122.070313E-06
+4.478000E-06,+5.075871358297E+00,+2.447236208245E+00,+2.447236208245E+00,+122.070313E-06
+4.483000E-06,+4.949748665094E+00,+2.447236208245E+00,+2.447236208245E+00,+122.070313E-06
+4.488000E-06,+5.325125311197E+00,+2.447236208245E+00,+2.447236208245E+00,+122.070313E-06
+4.493000E-06,+4.949748665094E+00,+2.447236208245E+00,+2.447236208245E+00,+122.070313E-06
+4.498000E-06,+5.040456646429E+00,+2.447236208245E+00,+2.447236208245E+00,+122.070313E-06
+4.503000E-06,+5.028008423437E+00,+2.447236208245E+00,+2.447236208245E+00,+122.070313E-06
+4.508000E-06,+4.794966109719E+00,+2.447236208245E+00,+2.447236208245E+00,+122.070313E-06
+4.513000E-06,+4.949748665094E+00,+2.447236208245E+00,+2.447236208245E+00,+122.070313E-06
+4.518000E-06,+4.949748665094E+00,+2.447236208245E+00,+2.447236208245E+00,+122.070313E-06
+4.523000E-06,+4.949748665094E+00,+2.447236208245E+00,+2.447236208245E+00,+122.070313E-06
+4.528000E-06,+4.867821988335E+00,+2.447236208245E+00,+2.447236208245E+00,+122.070313E-06
+4.533000E-06,+4.748743638396E+00,+2.447236208245E+00,+2.447236208245E+00,+122.070313E-06
+4.538000E-06,+4.949748665094E+00,+2.447236208245E+00,+2.447236208245E+00,+122.070313E-06
+4.543000E-06,+4.972715153971E+00,+2.447236208245E+00,+2.447236208245E+00,+122.070313E-06
+4.548000E-06,+4.949748665094E+00,+2.447236208245E+00,+2.447236208245E+00,+122.070313E-06
+4.553000E-06,+5.191861776957E+00,+2.447236208245E+00,+2.447236208245E+00,+122.070313E-06
+4.558000E-06,+5.150753691792E+00,+2.447236208245E+00,+2.447236208245E+00,+122.070313E-06
+4.563000E-06,+4.853926297602E+00,+2.447236208245E+00,+2.447236208245E+00,+122.070313E-06
+4.568000E-06,+4.885963584622E+00,+2.447236208245E+00,+2.447236208245E+00,+122.070313E-06
+4.573000E-06,+4.949748665094E+00,+2.447236208245E+00,+2.447236208245E+00,+122.070313E-06
+4.578000E-06,+5.150464198224E+00,+2.447236208245E+00,+2.447236208245E+00,+122.070313E-06
+4.583000E-06,+4.949748665094E+00,+2.447236208245E+00,+2.447236208245E+00,+122.070313E-06
+4.588000E-06,+4.949748665094E+00,+2.447236208245E+00,+2.447236208245E+00,+122.070313E-06
+4.593000E-06,+4.949748665094E+00,+2.447236208245E+00,+2.447236208245E+00,+122.070313E-06
+4.598000E-06,+5.094881435189E+00,+2.447236208245E+00,+2.447236208245E+00,+122.070313E-06
+4.603000E-06,+4.748743638396E+00,+2.447236208245E+00,+2.447236208245E+00,+122.070313E-06
+4.608000E-06,+4.941256854089E+00,+2.447236208245E+00,+2.447236208245E+00,+122.070313E-06
+4.613000E-06,+4.949748665094E+00,+2.447236208245E+00,+2.447236208245E+00,+122.070313E-06
+4.618000E-06,+4.748743638396E+00,+2.447236208245E+00,+2.447236208245E+00,+122.070313E-06
+4.623000E-06,+5.037368715150E+00,+2.447236208245E+00,+2.447236208245E+00,+122.070313E-06
+4.628000E-06,+4.868400975472E+00,+2.447236208245E+00,+2.447236208245E+00,+122.070313E-06
+4.633000E-06,+4.949748665094E+00,+2.447236208245E+00,+2.447236208245E+00,+122.070313E-06
+4.638000E-06,+4.949748665094E+00,+2.447236208245E+00,+2.447236208245E+00,+122.070313E-06
+4.643000E-06,+4.763507809836E+00,+2.447236208245E+00,+2.447236208245E+00,+122.070313E-06
+4.648000E-06,+4.949748665094E+00,+2.447236208245E+00,+2.447236208245E+00,+122.070313E-06
+4.653000E-06,+4.827582383877E+00,+2.447236208245E+00,+2.447236208245E+00,+122.070313E-06
+4.658000E-06,+4.949748665094E+00,+2.447236208245E+00,+2.447236208245E+00,+122.070313E-06
+4.663000E-06,+4.949748665094E+00,+2.447236208245E+00,+2.447236208245E+00,+122.070313E-06
+4.668000E-06,+4.800852478708E+00,+2.447236208245E+00,+2.447236208245E+00,+122.070313E-06
+4.673000E-06,+4.760709372126E+00,+2.447236208245E+00,+2.447236208245E+00,+122.070313E-06
+4.678000E-06,+5.074713384022E+00,+2.447236208245E+00,+2.447236208245E+00,+122.070313E-06
+4.683000E-06,+4.748743638396E+00,+2.447236208245E+00,+2.447236208245E+00,+122.070313E-06
+4.688000E-06,+4.949748665094E+00,+2.447236208245E+00,+2.447236208245E+00,+122.070313E-06
+4.693000E-06,+4.949748665094E+00,+2.447236208245E+00,+2.447236208245E+00,+122.070313E-06
+4.698000E-06,+4.949748665094E+00,+2.447236208245E+00,+2.447236208245E+00,+122.070313E-06
+4.703000E-06,+5.147955254082E+00,+2.447236208245E+00,+2.447236208245E+00,+122.070313E-06
+4.708000E-06,+4.949748665094E+00,+2.447236208245E+00,+2.447236208245E+00,+122.070313E-06
+4.713000E-06,+4.949748665094E+00,+2.447236208245E+00,+2.447236208245E+00,+122.070313E-06
+4.718000E-06,+4.949748665094E+00,+2.447236208245E+00,+2.447236208245E+00,+122.070313E-06
+4.723000E-06,+4.949748665094E+00,+2.447236208245E+00,+2.447236208245E+00,+122.070313E-06
+4.728000E-06,+5.107136662487E+00,+2.447236208245E+00,+2.447236208245E+00,+122.070313E-06
+4.733000E-06,+4.949748665094E+00,+2.447236208245E+00,+2.447236208245E+00,+122.070313E-06
+4.738000E-06,+4.970206209830E+00,+2.447236208245E+00,+2.447236208245E+00,+122.070313E-06
+4.743000E-06,+5.002243496851E+00,+2.447236208245E+00,+2.447236208245E+00,+122.070313E-06
+4.748000E-06,+4.833275757173E+00,+2.447236208245E+00,+2.447236208245E+00,+122.070313E-06
+4.753000E-06,+4.833179259297E+00,+2.447236208245E+00,+2.447236208245E+00,+122.070313E-06
+4.758000E-06,+5.150753691792E+00,+2.447236208245E+00,+2.447236208245E+00,+122.070313E-06
+4.763000E-06,+4.949748665094E+00,+2.447236208245E+00,+2.447236208245E+00,+122.070313E-06
+4.768000E-06,+5.127401211471E+00,+2.447236208245E+00,+2.447236208245E+00,+122.070313E-06
+4.773000E-06,+4.748743638396E+00,+2.447236208245E+00,+2.447236208245E+00,+122.070313E-06
+4.778000E-06,+4.949748665094E+00,+2.447236208245E+00,+2.447236208245E+00,+122.070313E-06
+4.783000E-06,+4.841960563872E+00,+2.447236208245E+00,+2.447236208245E+00,+122.070313E-06
+4.788000E-06,+4.809923276851E+00,+2.447236208245E+00,+2.447236208245E+00,+122.070313E-06
+4.793000E-06,+5.150753691792E+00,+2.447236208245E+00,+2.447236208245E+00,+122.070313E-06
+4.798000E-06,+4.949748665094E+00,+2.447236208245E+00,+2.447236208245E+00,+122.070313E-06
+4.803000E-06,+5.115821469186E+00,+2.447236208245E+00,+2.447236208245E+00,+122.070313E-06
+4.808000E-06,+4.949748665094E+00,+2.447236208245E+00,+2.447236208245E+00,+122.070313E-06
+4.813000E-06,+4.748743638396E+00,+2.447236208245E+00,+2.447236208245E+00,+122.070313E-06
+4.818000E-06,+4.949748665094E+00,+2.447236208245E+00,+2.447236208245E+00,+122.070313E-06
+4.823000E-06,+4.949748665094E+00,+2.447236208245E+00,+2.447236208245E+00,+122.070313E-06
+4.828000E-06,+4.748743638396E+00,+2.447236208245E+00,+2.447236208245E+00,+122.070313E-06
+4.833000E-06,+4.774894556428E+00,+2.447236208245E+00,+2.447236208245E+00,+122.070313E-06
+4.838000E-06,+4.806931843448E+00,+2.447236208245E+00,+2.447236208245E+00,+122.070313E-06
+4.843000E-06,+4.838969130469E+00,+2.447236208245E+00,+2.447236208245E+00,+122.070313E-06
+4.848000E-06,+4.827485886001E+00,+2.447236208245E+00,+2.447236208245E+00,+122.070313E-06
+4.853000E-06,+4.996453625679E+00,+2.447236208245E+00,+2.447236208245E+00,+122.070313E-06
+4.858000E-06,+4.748743638396E+00,+2.447236208245E+00,+2.447236208245E+00,+122.070313E-06
+4.863000E-06,+4.949748665094E+00,+2.447236208245E+00,+2.447236208245E+00,+122.070313E-06
+4.868000E-06,+4.748743638396E+00,+2.447236208245E+00,+2.447236208245E+00,+122.070313E-06
+4.873000E-06,+4.748743638396E+00,+2.447236208245E+00,+2.447236208245E+00,+122.070313E-06
+4.878000E-06,+4.949748665094E+00,+2.447236208245E+00,+2.447236208245E+00,+122.070313E-06
+4.883000E-06,+4.949748665094E+00,+2.447236208245E+00,+2.447236208245E+00,+122.070313E-06
+4.888000E-06,+4.949748665094E+00,+2.447236208245E+00,+2.447236208245E+00,+122.070313E-06
+4.893000E-06,+4.748743638396E+00,+7.500375108547E+00,+3.288369373477E+00,-4.194916401428E+00
+4.898000E-06,+4.990374260997E+00,+7.552763791755E+00,+5.846160703226E+00,-1.699606292534E+00
+4.903000E-06,+5.736785149816E+00,+7.552763791755E+00,+7.552763791755E+00,+122.070313E-06
+4.908000E-06,+4.355128898189E+00,+7.552763791755E+00,+7.552763791755E+00,+122.070313E-06
+4.913000E-06,+4.748743638396E+00,+7.552763791755E+00,+7.552763791755E+00,+122.070313E-06
+4.918000E-06,+3.775948787619E+00,+7.552763791755E+00,+7.552763791755E+00,+122.070313E-06
+4.923000E-06,+4.145342566916E+00,+7.552763791755E+00,+7.552763791755E+00,+122.070313E-06
+4.928000E-06,+3.680029922250E+00,+7.552763791755E+00,+7.552763791755E+00,+122.070313E-06
+4.933000E-06,+5.626005615190E+00,+7.552763791755E+00,+7.552763791755E+00,+122.070313E-06
+4.938000E-06,+6.557788878679E+00,+7.552763791755E+00,+7.552763791755E+00,+122.070313E-06
+4.943000E-06,+5.479714870880E+00,+7.552763791755E+00,+7.552763791755E+00,+122.070313E-06
+4.948000E-06,+4.748743638396E+00,+7.552763791755E+00,+7.552763791755E+00,+122.070313E-06
+4.953000E-06,+4.739769338129E+00,+7.552763791755E+00,+7.552763791755E+00,+122.070313E-06
+4.958000E-06,+4.369796571753E+00,+7.552763791755E+00,+7.552763791755E+00,+122.070313E-06
+4.963000E-06,+3.999823805377E+00,+7.552763791755E+00,+7.552763791755E+00,+122.070313E-06
+4.968000E-06,+3.944723531604E+00,+7.552763791755E+00,+7.552763791755E+00,+122.070313E-06
+4.973000E-06,+3.944723531604E+00,+7.552763791755E+00,+7.552763791755E+00,+122.070313E-06
+4.978000E-06,+4.195521450165E+00,+7.552763791755E+00,+7.552763791755E+00,+122.070313E-06
+4.983000E-06,+4.529983006856E+00,+7.552763791755E+00,+7.552763791755E+00,+122.070313E-06
+4.988000E-06,+4.562020293876E+00,+7.552763791755E+00,+7.552763791755E+00,+122.070313E-06
+4.993000E-06,+6.155778825283E+00,+7.552763791755E+00,+7.552763791755E+00,+122.070313E-06
+4.998000E-06,+6.557788878679E+00,+7.552763791755E+00,+7.552763791755E+00,+122.070313E-06
+5.003000E-06,+5.462152261730E+00,+7.552763791755E+00,+7.552763791755E+00,+122.070313E-06
+5.008000E-06,+4.891174468656E+00,+7.552763791755E+00,+7.552763791755E+00,+122.070313E-06
+5.013000E-06,+4.949748665094E+00,+7.552763791755E+00,+7.552763791755E+00,+122.070313E-06
+5.018000E-06,+4.558739366904E+00,+7.552763791755E+00,+7.552763791755E+00,+122.070313E-06
+5.023000E-06,+4.384271249624E+00,+7.552763791755E+00,+7.552763791755E+00,+122.070313E-06
+5.028000E-06,+4.416308536644E+00,+7.552763791755E+00,+7.552763791755E+00,+122.070313E-06
+5.033000E-06,+4.746524187765E+00,+7.552763791755E+00,+7.552763791755E+00,+122.070313E-06
+5.038000E-06,+4.816099139409E+00,+7.552763791755E+00,+7.552763791755E+00,+122.070313E-06
+5.043000E-06,+4.748743638396E+00,+7.552763791755E+00,+7.552763791755E+00,+122.070313E-06
+5.048000E-06,+4.547738611698E+00,+7.552763791755E+00,+7.552763791755E+00,+122.070313E-06
+5.053000E-06,+4.518982251649E+00,+7.552763791755E+00,+7.552763791755E+00,+122.070313E-06
+5.058000E-06,+4.888955018025E+00,+7.552763791755E+00,+7.552763791755E+00,+122.070313E-06
+5.063000E-06,+5.258927784401E+00,+7.552763791755E+00,+7.552763791755E+00,+122.070313E-06
+5.068000E-06,+5.303027302968E+00,+7.552763791755E+00,+7.552763791755E+00,+122.070313E-06
+5.073000E-06,+5.552763745189E+00,+7.552763791755E+00,+7.552763791755E+00,+122.070313E-06
+5.078000E-06,+5.351758718491E+00,+7.552763791755E+00,+7.552763791755E+00,+122.070313E-06
+5.083000E-06,+4.989698776042E+00,+7.552763791755E+00,+7.552763791755E+00,+122.070313E-06
+5.088000E-06,+4.748743638396E+00,+7.552763791755E+00,+7.552763791755E+00,+122.070313E-06
+5.093000E-06,+4.865699035579E+00,+7.552763791755E+00,+7.552763791755E+00,+122.070313E-06
+5.098000E-06,+4.949748665094E+00,+7.552763791755E+00,+7.552763791755E+00,+122.070313E-06
+5.103000E-06,+4.547738611698E+00,+7.552763791755E+00,+7.552763791755E+00,+122.070313E-06
+5.108000E-06,+4.367577121122E+00,+7.552763791755E+00,+7.552763791755E+00,+122.070313E-06
+5.113000E-06,+5.150753691792E+00,+7.552763791755E+00,+7.552763791755E+00,+122.070313E-06
+5.118000E-06,+5.351758718491E+00,+7.552763791755E+00,+7.552763791755E+00,+122.070313E-06
+5.123000E-06,+4.824011963336E+00,+7.552763791755E+00,+7.552763791755E+00,+122.070313E-06
+5.128000E-06,+4.547738611698E+00,+7.552763791755E+00,+7.552763791755E+00,+122.070313E-06
+5.133000E-06,+4.748743638396E+00,+7.552763791755E+00,+7.552763791755E+00,+122.070313E-06
+5.138000E-06,+5.121128851096E+00,+7.552763791755E+00,+7.552763791755E+00,+122.070313E-06
+5.143000E-06,+5.349346272166E+00,+7.552763791755E+00,+7.552763791755E+00,+122.070313E-06
+5.148000E-06,+5.185203425137E+00,+7.552763791755E+00,+7.552763791755E+00,+122.070313E-06
+5.153000E-06,+5.285271698125E+00,+7.552763791755E+00,+7.552763791755E+00,+122.070313E-06
+5.158000E-06,+5.052229384407E+00,+7.552763791755E+00,+7.552763791755E+00,+122.070313E-06
+5.163000E-06,+4.819187070688E+00,+7.552763791755E+00,+7.552763791755E+00,+122.070313E-06
+5.168000E-06,+4.748743638396E+00,+7.552763791755E+00,+7.552763791755E+00,+122.070313E-06
+5.173000E-06,+4.943379806844E+00,+7.552763791755E+00,+7.552763791755E+00,+122.070313E-06
+5.178000E-06,+5.326090289721E+00,+7.552763791755E+00,+7.552763791755E+00,+122.070313E-06
+5.183000E-06,+4.864155069977E+00,+7.552763791755E+00,+7.552763791755E+00,+122.070313E-06
+5.188000E-06,+4.949748665094E+00,+7.552763791755E+00,+7.552763791755E+00,+122.070313E-06
+5.193000E-06,+4.827968375263E+00,+7.552763791755E+00,+7.552763791755E+00,+122.070313E-06
+5.198000E-06,+4.902561215248E+00,+7.552763791755E+00,+7.552763791755E+00,+122.070313E-06
+5.203000E-06,+4.919448339443E+00,+7.552763791755E+00,+7.552763791755E+00,+122.070313E-06
+5.208000E-06,+4.949748665094E+00,+7.552763791755E+00,+7.552763791755E+00,+122.070313E-06
+5.213000E-06,+5.351758718491E+00,+7.552763791755E+00,+7.552763791755E+00,+122.070313E-06
+5.218000E-06,+5.552763745189E+00,+7.552763791755E+00,+7.552763791755E+00,+122.070313E-06
+5.223000E-06,+5.238759733234E+00,+7.552763791755E+00,+7.552763791755E+00,+122.070313E-06
+5.228000E-06,+4.893779910673E+00,+7.552763791755E+00,+7.552763791755E+00,+122.070313E-06
+5.233000E-06,+4.724812170996E+00,+7.552763791755E+00,+7.552763791755E+00,+122.070313E-06
+5.238000E-06,+4.748743638396E+00,+7.552763791755E+00,+7.552763791755E+00,+122.070313E-06
+5.243000E-06,+4.748743638396E+00,+7.552763791755E+00,+7.552763791755E+00,+122.070313E-06
+5.248000E-06,+4.893104425719E+00,+7.552763791755E+00,+7.552763791755E+00,+122.070313E-06
+5.253000E-06,+4.845530984413E+00,+7.552763791755E+00,+7.552763791755E+00,+122.070313E-06
+5.258000E-06,+4.949748665094E+00,+6.853299121101E+00,+7.552763791755E+00,+696.769080687E-03
+5.263000E-06,+4.580451383674E+00,+4.921016509238E+00,+7.552763791755E+00,+2.621267859867E+00
+5.268000E-06,+5.352434203445E+00,+3.430674753939E+00,+6.022153483415E+00,+2.581161521027E+00
+5.273000E-06,+5.150753691792E+00,+2.447236208245E+00,+3.031858786873E+00,+582.389608168E-03
+5.278000E-06,+5.351758718491E+00,+2.447236208245E+00,+2.447236208245E+00,+122.070313E-06
+5.283000E-06,+4.834047740019E+00,+2.447236208245E+00,+2.447236208245E+00,+122.070313E-06
+5.288000E-06,+3.797660804462E+00,+2.447236208245E+00,+2.447236208245E+00,+122.070313E-06
+5.293000E-06,+3.182197501362E+00,+2.447236208245E+00,+2.447236208245E+00,+122.070313E-06
+5.298000E-06,+4.174098926891E+00,+2.447236208245E+00,+2.447236208245E+00,+122.070313E-06
+5.303000E-06,+5.351758718491E+00,+2.447236208245E+00,+2.447236208245E+00,+122.070313E-06
+5.308000E-06,+5.004366449606E+00,+2.447236208245E+00,+2.447236208245E+00,+122.070313E-06
+5.313000E-06,+5.667113700355E+00,+2.447236208245E+00,+2.447236208245E+00,+122.070313E-06
+5.318000E-06,+5.872461130439E+00,+2.447236208245E+00,+2.447236208245E+00,+122.070313E-06
+5.323000E-06,+5.904498417460E+00,+2.447236208245E+00,+2.447236208245E+00,+122.070313E-06
+5.328000E-06,+5.717292583678E+00,+2.447236208245E+00,+2.447236208245E+00,+122.070313E-06
+5.333000E-06,+5.351758718491E+00,+2.447236208245E+00,+2.447236208245E+00,+122.070313E-06
+5.338000E-06,+4.995585145031E+00,+2.447236208245E+00,+2.447236208245E+00,+122.070313E-06
+5.343000E-06,+4.502481118914E+00,+2.447236208245E+00,+2.447236208245E+00,+122.070313E-06
+5.348000E-06,+3.652624532185E+00,+2.447236208245E+00,+2.447236208245E+00,+122.070313E-06
+5.353000E-06,+3.601770163908E+00,+2.447236208245E+00,+2.447236208245E+00,+122.070313E-06
+5.358000E-06,+4.775763037076E+00,+2.447236208245E+00,+2.447236208245E+00,+122.070313E-06
+5.363000E-06,+5.346740830150E+00,+2.447236208245E+00,+2.447236208245E+00,+122.070313E-06
+5.368000E-06,+5.351758718491E+00,+2.447236208245E+00,+2.447236208245E+00,+122.070313E-06
+5.373000E-06,+5.150753691792E+00,+2.447236208245E+00,+2.447236208245E+00,+122.070313E-06
+5.378000E-06,+5.451633995786E+00,+2.447236208245E+00,+2.447236208245E+00,+122.070313E-06
+5.383000E-06,+5.351758718491E+00,+2.447236208245E+00,+2.447236208245E+00,+122.070313E-06
+5.388000E-06,+4.949748665094E+00,+2.447236208245E+00,+2.447236208245E+00,+122.070313E-06
+5.393000E-06,+4.957275497562E+00,+2.447236208245E+00,+2.447236208245E+00,+122.070313E-06
+5.398000E-06,+5.380032589278E+00,+2.447236208245E+00,+2.447236208245E+00,+122.070313E-06
+5.403000E-06,+5.472381034105E+00,+2.447236208245E+00,+2.447236208245E+00,+122.070313E-06
+5.408000E-06,+5.243102136620E+00,+2.447236208245E+00,+2.447236208245E+00,+122.070313E-06
+5.413000E-06,+5.026367959944E+00,+2.447236208245E+00,+2.447236208245E+00,+122.070313E-06
+5.418000E-06,+4.905166657265E+00,+2.447236208245E+00,+2.447236208245E+00,+122.070313E-06
+5.423000E-06,+4.346733585000E+00,+2.447236208245E+00,+2.447236208245E+00,+122.070313E-06
+5.428000E-06,+4.366226151212E+00,+2.447236208245E+00,+2.447236208245E+00,+122.070313E-06
+5.433000E-06,+4.748743638396E+00,+2.447236208245E+00,+2.447236208245E+00,+122.070313E-06
+5.438000E-06,+5.150753691792E+00,+2.447236208245E+00,+2.447236208245E+00,+122.070313E-06
+5.443000E-06,+5.266358119066E+00,+2.447236208245E+00,+2.447236208245E+00,+122.070313E-06
+5.448000E-06,+5.298395406087E+00,+2.447236208245E+00,+2.447236208245E+00,+122.070313E-06
+5.453000E-06,+4.770069663780E+00,+2.447236208245E+00,+2.447236208245E+00,+122.070313E-06
+5.458000E-06,+5.150753691792E+00,+2.447236208245E+00,+2.447236208245E+00,+122.070313E-06
+5.463000E-06,+5.351758718491E+00,+2.447236208245E+00,+2.447236208245E+00,+122.070313E-06
+5.468000E-06,+4.823529474075E+00,+2.447236208245E+00,+2.447236208245E+00,+122.070313E-06
+5.473000E-06,+4.842925542396E+00,+2.447236208245E+00,+2.447236208245E+00,+122.070313E-06
+5.478000E-06,+5.150753691792E+00,+2.447236208245E+00,+2.447236208245E+00,+122.070313E-06
+5.483000E-06,+5.150753691792E+00,+2.447236208245E+00,+2.447236208245E+00,+122.070313E-06
+5.488000E-06,+5.349828761428E+00,+2.447236208245E+00,+2.447236208245E+00,+122.070313E-06
+5.493000E-06,+4.748743638396E+00,+2.447236208245E+00,+2.447236208245E+00,+122.070313E-06
+5.498000E-06,+4.949748665094E+00,+2.447236208245E+00,+2.447236208245E+00,+122.070313E-06
+5.503000E-06,+4.949748665094E+00,+2.447236208245E+00,+2.447236208245E+00,+122.070313E-06
+5.508000E-06,+4.819669559950E+00,+2.447236208245E+00,+2.447236208245E+00,+122.070313E-06
+5.513000E-06,+4.988637299628E+00,+2.447236208245E+00,+2.447236208245E+00,+122.070313E-06
+5.518000E-06,+4.956600012607E+00,+2.447236208245E+00,+2.447236208245E+00,+122.070313E-06
+5.523000E-06,+5.175939631300E+00,+2.447236208245E+00,+2.447236208245E+00,+122.070313E-06
+5.528000E-06,+4.949748665094E+00,+2.447236208245E+00,+2.447236208245E+00,+122.070313E-06
+5.533000E-06,+4.949748665094E+00,+2.447236208245E+00,+2.447236208245E+00,+122.070313E-06
+5.538000E-06,+4.949748665094E+00,+2.447236208245E+00,+2.447236208245E+00,+122.070313E-06
+5.543000E-06,+5.150753691792E+00,+2.447236208245E+00,+2.447236208245E+00,+122.070313E-06
+5.548000E-06,+5.351758718491E+00,+2.447236208245E+00,+2.447236208245E+00,+122.070313E-06
+5.553000E-06,+5.351758718491E+00,+2.447236208245E+00,+2.447236208245E+00,+122.070313E-06
+5.558000E-06,+4.998190587048E+00,+2.447236208245E+00,+2.447236208245E+00,+122.070313E-06
+5.563000E-06,+4.909702056345E+00,+2.447236208245E+00,+2.447236208245E+00,+122.070313E-06
+5.568000E-06,+4.748743638396E+00,+2.447236208245E+00,+2.447236208245E+00,+122.070313E-06
+5.573000E-06,+4.604189855381E+00,+2.447236208245E+00,+2.447236208245E+00,+122.070313E-06
+5.578000E-06,+4.773157595059E+00,+2.447236208245E+00,+2.447236208245E+00,+122.070313E-06
+5.583000E-06,+5.143130361434E+00,+2.447236208245E+00,+2.447236208245E+00,+122.070313E-06
+5.588000E-06,+5.150753691792E+00,+2.447236208245E+00,+2.447236208245E+00,+122.070313E-06
+5.593000E-06,+5.150753691792E+00,+2.447236208245E+00,+2.447236208245E+00,+122.070313E-06
+5.598000E-06,+5.150753691792E+00,+2.447236208245E+00,+2.447236208245E+00,+122.070313E-06
+5.603000E-06,+5.085521143535E+00,+2.447236208245E+00,+2.447236208245E+00,+122.070313E-06
+5.608000E-06,+5.084363169318E+00,+2.447236208245E+00,+2.447236208245E+00,+122.070313E-06
+5.613000E-06,+4.949748665094E+00,+2.447236208245E+00,+2.447236208245E+00,+122.070313E-06
+5.618000E-06,+4.949748665094E+00,+2.447236208245E+00,+2.447236208245E+00,+122.070313E-06
+5.623000E-06,+5.150753691792E+00,+2.447236208245E+00,+2.447236208245E+00,+122.070313E-06
+5.628000E-06,+4.949748665094E+00,+2.447236208245E+00,+2.447236208245E+00,+122.070313E-06
+5.633000E-06,+5.076739838960E+00,+2.447236208245E+00,+2.447236208245E+00,+122.070313E-06
+5.638000E-06,+4.949748665094E+00,+2.447236208245E+00,+2.447236208245E+00,+122.070313E-06
+5.643000E-06,+4.939809386303E+00,+2.447236208245E+00,+2.447236208245E+00,+122.070313E-06
+5.648000E-06,+4.949748665094E+00,+2.447236208245E+00,+2.447236208245E+00,+122.070313E-06
+5.653000E-06,+5.003883960344E+00,+2.447236208245E+00,+2.447236208245E+00,+122.070313E-06
+5.658000E-06,+5.150753691792E+00,+2.447236208245E+00,+2.447236208245E+00,+122.070313E-06
+5.663000E-06,+5.351758718491E+00,+2.447236208245E+00,+2.447236208245E+00,+122.070313E-06
+5.668000E-06,+4.799501508783E+00,+2.447236208245E+00,+2.447236208245E+00,+122.070313E-06
+5.673000E-06,,,,
