x-axis,1,2,4,F1
second,Volt,Volt,Volt,Volt
-1.750000E-06,+4.851209091459E+00,-560.223053006E-03,-650.518279843E-03,-89.416503906E-03
-1.747500E-06,+4.687892507267E+00,-726.287752797E-03,-595.555967855E-03,+130.615234375E-03
-1.745000E-06,+4.672974165442E+00,-704.695415945E-03,-641.881345102E-03,+62.561035156E-03
-1.742500E-06,+4.745210346911E+00,-590.059736656E-03,-622.251947963E-03,-31.433105469E-03
-1.740000E-06,+4.748351050454E+00,-564.934108319E-03,-644.236872758E-03,-78.430175781E-03
-1.737500E-06,+4.744817758969E+00,-687.421546463E-03,-664.651445783E-03,+22.888183594E-03
-1.735000E-06,+4.710662607948E+00,-588.489384885E-03,-623.822299734E-03,-34.484863281E-03
-1.732500E-06,+4.692996150523E+00,-604.978078482E-03,-649.733103957E-03,-44.250488281E-03
-1.730000E-06,+4.639996778249E+00,-710.191647144E-03,-607.333606138E-03,+102.844238281E-03
-1.727500E-06,+4.756202809309E+00,-526.853077870E-03,-617.148304707E-03,-89.721679688E-03
-1.725000E-06,+4.738928939827E+00,-634.814762132E-03,-670.147676981E-03,-34.484863281E-03
-1.722500E-06,+4.639211602363E+00,-693.702953547E-03,-708.621295373E-03,-14.648437500E-03
-1.720000E-06,+4.648633712990E+00,-587.704209000E-03,-636.385113903E-03,-47.912597656E-03
-1.717500E-06,+4.720477306517E+00,-668.577325210E-03,-669.755089039E-03,-915.527344E-06
-1.715000E-06,+4.585819642147E+00,-689.777074120E-03,-639.525817445E-03,+50.354003906E-03
-1.712500E-06,+4.597204692487E+00,-641.881345102E-03,-771.435366216E-03,-128.784179687E-03
-1.710000E-06,+4.742069643369E+00,-709.406471258E-03,-726.680340740E-03,-16.784667969E-03
-1.707500E-06,+4.693781326409E+00,-743.954210222E-03,-748.665265535E-03,-4.272460938E-03
-1.705000E-06,+4.691033210809E+00,-633.244410361E-03,-732.961747824E-03,-99.182128906E-03
-1.702500E-06,+4.701633085264E+00,-632.459234475E-03,-685.066018807E-03,-52.185058594E-03
-1.700000E-06,+4.680040748412E+00,-550.800942379E-03,-641.096169216E-03,-89.416503906E-03
-1.697500E-06,+4.559516249981E+00,-599.481847283E-03,-648.947928072E-03,-49.133300781E-03
-1.695000E-06,+4.711447783833E+00,-740.028330794E-03,-663.866269897E-03,+75.988769531E-03
-1.692500E-06,+4.672974165442E+00,-593.200440198E-03,-714.510114514E-03,-120.544433594E-03
-1.690000E-06,+4.751491753996E+00,-765.939135017E-03,-738.457979023E-03,+27.160644531E-03
-1.687500E-06,+4.654129944189E+00,-651.303455728E-03,-671.718028752E-03,-20.141601562E-03
-1.685000E-06,+4.679255572526E+00,-736.887627252E-03,-754.946672620E-03,-17.395019531E-03
-1.682500E-06,+4.705951552634E+00,-648.947928072E-03,-696.451069147E-03,-46.691894531E-03
-1.680000E-06,+4.744425171026E+00,-626.177827391E-03,-747.094913764E-03,-119.934082031E-03
-1.677500E-06,+4.761306452565E+00,-647.770164243E-03,-710.191647144E-03,-61.645507812E-03
-1.675000E-06,+4.745210346911E+00,-736.887627252E-03,-753.376320848E-03,-15.563964844E-03
-1.672500E-06,+4.776617382333E+00,-625.785239448E-03,-717.650818056E-03,-91.247558594E-03
-1.670000E-06,+4.842572156718E+00,-590.844912542E-03,-839.745668258E-03,-248.107910156E-03
-1.667500E-06,+4.631752431451E+00,-663.866269897E-03,-703.517652117E-03,-39.367675781E-03
-1.665000E-06,+4.687107331381E+00,-642.666520988E-03,-707.836119487E-03,-64.392089844E-03
-1.662500E-06,+4.758165749023E+00,-272.063503013E-03,-502.512625419E-03,-229.797363281E-03
-1.660000E-06,+4.701240497321E+00,+355.292029533E-03,-307.396417862E-03,-661.315917969E-03
-1.657500E-06,+4.732254944800E+00,+891.959747299E-03,-109.924682649E-03,-1.000366210937E+00
-1.655000E-06,+4.605449039286E+00,+1.754475457564E+00,+266.567154467E-03,-1.485900878906E+00
-1.652500E-06,+4.626256200252E+00,+2.365342296514E+00,+440.483613114E-03,-1.922302246094E+00
-1.650000E-06,+4.914808338188E+00,+2.774418932880E+00,+870.367410447E-03,-1.901550292969E+00
-1.647500E-06,+4.828438990779E+00,+3.614164542464E+00,+1.681846688152E+00,-1.929931640625E+00
-1.645000E-06,+4.499450294738E+00,+5.993640063591E+00,+3.170932755077E+00,-2.819519042968E+00
-1.642500E-06,+4.685929567553E+00,+8.709563451672E+00,+4.200298341020E+00,-4.504394531249E+00
-1.640000E-06,+4.889682709851E+00,+10.378847384330E+00,+4.552842313627E+00,-5.819396972656E+00
-1.637500E-06,+4.155150668929E+00,+11.622958574967E+00,+5.872330389276E+00,-5.744323730469E+00
-1.635000E-06,+4.564619893237E+00,+13.460662735072E+00,+7.596184045978E+00,-5.857849121094E+00
-1.632500E-06,+6.118482970719E+00,+15.109924682649E+00,+9.014604283205E+00,-6.088562011719E+00
-1.630000E-06,+4.897534468707E+00,+15.376491895789E+00,+10.146435322210E+00,-5.224304199219E+00
-1.627500E-06,+2.726523145190E+00,+16.227229967771E+00,+11.387405809305E+00,-4.834289550781E+00
-1.625000E-06,+3.477936467650E+00,+17.987201715207E+00,+12.923602429363E+00,-5.057678222656E+00
-1.622500E-06,+4.506909465650E+00,+18.922738782829E+00,+14.255653319181E+00,-4.661865234376E+00
-1.620000E-06,+3.652245514241E+00,+18.937264536711E+00,+15.345870036253E+00,-3.587341308594E+00
-1.617500E-06,+3.669126795779E+00,+19.551664667145E+00,+16.417242532072E+00,-3.130798339843E+00
-1.615000E-06,+3.908212852926E+00,+20.648162791301E+00,+17.359061006776E+00,-3.285217285156E+00
-1.612500E-06,+3.248272521131E+00,+20.878611913708E+00,+18.298131365881E+00,-2.577209472657E+00
-1.610000E-06,+2.938520634285E+00,+20.692917816778E+00,+19.267038408637E+00,-1.423645019532E+00
-1.607500E-06,+2.636620506295E+00,+21.617069834057E+00,+20.241441682592E+00,-1.373596191406E+00
-1.605000E-06,+3.121466615615E+00,+22.387327377772E+00,+20.760442942934E+00,-1.624450683594E+00
-1.602500E-06,+4.549701551411E+00,+22.257380768715E+00,+21.307317947212E+00,-948.486328126E-03
-1.600000E-06,+5.088332208892E+00,+22.154915315652E+00,+22.026931646309E+00,-127.258300782E-03
-1.597500E-06,+4.862201553857E+00,+22.667635168909E+00,+22.604428510123E+00,-62.561035156E-03
-1.595000E-06,+4.618011853454E+00,+22.998979392607E+00,+22.889839944517E+00,-108.337402344E-03
-1.592500E-06,+4.363222278597E+00,+23.004083035863E+00,+23.110866956296E+00,+106.506347656E-03
-1.590000E-06,+4.017352301016E+00,+22.819174114819E+00,+23.273005776660E+00,+453.186035156E-03
-1.587500E-06,+3.814384334604E+00,+23.140311052004E+00,+23.631045980466E+00,+490.112304687E-03
-1.585000E-06,+3.920775667095E+00,+23.315405274479E+00,+23.676586181828E+00,+361.022949219E-03
-1.582500E-06,+4.003611723019E+00,+23.179962434224E+00,+23.680119473313E+00,+499.877929688E-03
-1.580000E-06,+3.754318379361E+00,+23.232176630612E+00,+23.466159044503E+00,+233.459472657E-03
-1.577500E-06,+3.729585338966E+00,+23.313049746822E+00,+23.667949247087E+00,+354.614257813E-03
-1.575000E-06,+4.273319639701E+00,+23.488929145183E+00,+23.755103770382E+00,+265.808105469E-03
-1.572500E-06,+4.250549539022E+00,+23.300486932654E+00,+23.683260176855E+00,+382.385253906E-03
-1.570000E-06,+3.875235465734E+00,+23.330323616304E+00,+23.698571106623E+00,+367.736816407E-03
-1.567500E-06,+3.720163228340E+00,+23.496388316096E+00,+23.730763317929E+00,+234.375000000E-03
-1.565000E-06,+3.772377424728E+00,+23.508558542322E+00,+23.933338696399E+00,+424.499511718E-03
-1.562500E-06,+3.752355439647E+00,+23.253376379522E+00,+23.783370102261E+00,+529.479980469E-03
-1.560000E-06,+3.938049536576E+00,+23.358589948184E+00,+23.680512061256E+00,+321.350097657E-03
-1.557500E-06,+4.422503057954E+00,+23.463410928904E+00,+23.821843720652E+00,+357.971191406E-03
-1.555000E-06,+4.942289494181E+00,+23.469299748045E+00,+23.784940454032E+00,+315.246582031E-03
-1.552500E-06,+5.322707210726E+00,+23.402952385717E+00,+23.803392087342E+00,+400.085449219E-03
-1.550000E-06,+5.264211607253E+00,+23.472440451587E+00,+23.791221861117E+00,+318.298339844E-03
-1.547500E-06,+5.091865500377E+00,+23.452418466506E+00,+23.841080529848E+00,+388.488769531E-03
-1.545000E-06,+5.175486732187E+00,+23.477936682786E+00,+23.687578644225E+00,+209.655761719E-03
-1.542500E-06,+5.121702184027E+00,+23.474403391301E+00,+23.945508922625E+00,+470.581054688E-03
-1.540000E-06,+4.964274418977E+00,+23.417478139600E+00,+23.882302263839E+00,+464.172363281E-03
-1.537500E-06,+4.926193388528E+00,+23.450848114735E+00,+23.927842465200E+00,+476.684570312E-03
-1.535000E-06,+5.169990500988E+00,+23.463803516847E+00,+23.934909048170E+00,+470.886230469E-03
-1.532500E-06,+5.068702811754E+00,+23.557632035169E+00,+24.070351888426E+00,+512.390136718E-03
-1.530000E-06,+4.786039492960E+00,+23.515625125292E+00,+24.210505783994E+00,+694.274902344E-03
-1.527500E-06,+4.603878687514E+00,+23.642038442864E+00,+24.386385182355E+00,+743.713378906E-03
-1.525000E-06,+4.521435219532E+00,+23.698571106622E+00,+24.550486942433E+00,+851.135253906E-03
-1.522500E-06,+4.358903811226E+00,+23.452025878564E+00,+24.566583048087E+00,+1.113281250000E+00
-1.520000E-06,+4.498665118852E+00,+23.536039698316E+00,+24.773476893926E+00,+1.236267089843E+00
-1.517500E-06,+4.620759969053E+00,+23.569802261395E+00,+24.758558552101E+00,+1.187438964843E+00
-1.515000E-06,+4.709877432062E+00,+23.337390199275E+00,+24.878690462588E+00,+1.539611816406E+00
-1.512500E-06,+4.633715371165E+00,+23.426507662283E+00,+24.798995110207E+00,+1.371154785157E+00
-1.510000E-06,+4.575612355635E+00,+23.472440451587E+00,+24.585819857283E+00,+1.112365722656E+00
-1.507500E-06,+4.423680821783E+00,+23.363301003498E+00,+24.391488825611E+00,+1.027221679687E+00
-1.505000E-06,+4.464117379888E+00,+23.312264570937E+00,+24.193231914513E+00,+879.821777344E-03
-1.502500E-06,+4.312185846037E+00,+23.290672234085E+00,+23.985552892788E+00,+694.274902344E-03
-1.500000E-06,+4.325926424033E+00,+23.318545978022E+00,+23.760600001580E+00,+441.589355469E-03
-1.497500E-06,+4.301193383639E+00,+23.198021479591E+00,+23.497173491982E+00,+298.767089845E-03
-1.495000E-06,+4.491598535882E+00,+23.260442962492E+00,+23.320901505678E+00,+60.119628906E-03
-1.492500E-06,+4.634107959108E+00,+23.176821730682E+00,+23.088489443559E+00,-88.195800781E-03
-1.490000E-06,+4.731862356857E+00,+22.950298487704E+00,+22.842729391385E+00,-107.116699219E-03
-1.487500E-06,+4.920697157329E+00,+23.084956152074E+00,+22.664887053310E+00,-419.006347656E-03
-1.485000E-06,+4.884971654538E+00,+23.112044720124E+00,+22.482333659922E+00,-628.356933593E-03
-1.482500E-06,+4.721262482402E+00,+22.953439191246E+00,+22.421089940850E+00,-531.005859375E-03
-1.480000E-06,+4.826868639007E+00,+22.949513311818E+00,+22.303313558019E+00,-644.836425782E-03
-1.477500E-06,+4.634500547050E+00,+23.008794091176E+00,+22.227936673007E+00,-779.418945312E-03
-1.475000E-06,+4.959563363663E+00,+22.873351250921E+00,+22.141567325598E+00,-730.285644531E-03
-1.472500E-06,+4.989007459371E+00,+22.925565447309E+00,+21.977858153463E+00,-946.350097656E-03
-1.470000E-06,+5.089902560663E+00,+23.053941704595E+00,+21.986887676147E+00,-1.065368652343E+00
-1.467500E-06,+4.922267509100E+00,+22.921639567882E+00,+22.036746344878E+00,-883.178710938E-03
-1.465000E-06,+4.899104820477E+00,+22.981705523125E+00,+22.036353756936E+00,-943.908691406E-03
-1.462500E-06,+4.673366753385E+00,+23.027245724487E+00,+22.081893958297E+00,-943.603515625E-03
-1.460000E-06,+4.647063361219E+00,+23.073571101733E+00,+22.260128884314E+00,-812.072753906E-03
-1.457500E-06,+4.640781954135E+00,+22.874529014749E+00,+22.186714939017E+00,-686.340332031E-03
-1.455000E-06,+4.695744266122E+00,+23.049230649282E+00,+22.322942955157E+00,-724.792480469E-03
-1.452500E-06,+4.707521904405E+00,+22.994660925236E+00,+22.324120718986E+00,-669.250488281E-03
-1.450000E-06,+4.526931450731E+00,+22.975424116041E+00,+22.270336170827E+00,-704.040527344E-03
-1.447500E-06,+4.653737356246E+00,+22.976601879870E+00,+22.413238181994E+00,-562.133789063E-03
-1.445000E-06,+4.597597280430E+00,+22.958935422444E+00,+22.546718082536E+00,-411.071777344E-03
-1.442500E-06,+4.708307080291E+00,+22.839981275786E+00,+22.485866951407E+00,-353.088378906E-03
-1.440000E-06,+4.607019391056E+00,+22.881203009776E+00,+22.516096223000E+00,-364.074707031E-03
-1.437500E-06,+4.731077180972E+00,+22.976994467812E+00,+22.589117580355E+00,-386.962890625E-03
-1.435000E-06,+4.697314617893E+00,+22.853721853783E+00,+22.574984414416E+00,-278.015136719E-03
-1.432500E-06,+4.632930195279E+00,+22.889447356575E+00,+22.560458660534E+00,-328.063964844E-03
-1.430000E-06,+4.651774416532E+00,+22.939306025306E+00,+22.677057279536E+00,-261.535644531E-03
-1.427500E-06,+4.851994267344E+00,+22.898869467201E+00,+22.655464942684E+00,-242.614746094E-03
-1.425000E-06,+4.909312106989E+00,+23.043734418082E+00,+22.593828635669E+00,-448.913574218E-03
-1.422500E-06,+4.791535724158E+00,+22.896121351601E+00,+22.622880143433E+00,-272.216796875E-03
-1.420000E-06,+4.751491753996E+00,+23.098696730070E+00,+22.724167832668E+00,-373.840332031E-03
-1.417500E-06,+4.776617382332E+00,+22.856077381438E+00,+22.770100621972E+00,-85.144042968E-03
-1.415000E-06,+4.736573412170E+00,+22.851366326126E+00,+22.756360043975E+00,-94.299316407E-03
-1.412500E-06,+4.799780070956E+00,+22.947942960047E+00,+22.838803511957E+00,-108.337402343E-03
-1.410000E-06,+4.801743010670E+00,+22.811322355963E+00,+22.944802256505E+00,+133.361816406E-03
-1.407500E-06,+4.970948414003E+00,+22.975816703984E+00,+23.001334920263E+00,+25.634765625E-03
-1.405000E-06,+4.851994267345E+00,+22.971498236613E+00,+23.073571101733E+00,+102.233886719E-03
-1.402500E-06,+4.734610472457E+00,+22.882380773605E+00,+23.181140198052E+00,+298.461914062E-03
-1.400000E-06,+4.626648788195E+00,+22.951868839475E+00,+23.290279646142E+00,+337.829589843E-03
-1.397500E-06,+4.739714115713E+00,+22.997409040836E+00,+23.312657158880E+00,+314.941406250E-03
-1.395000E-06,+4.770335975248E+00,+22.848225622584E+00,+23.439463064394E+00,+590.515136718E-03
-1.392500E-06,+4.752276929881E+00,+22.918106276397E+00,+23.380967460922E+00,+462.646484375E-03
-1.390000E-06,+4.644707833563E+00,+22.984061050782E+00,+23.392352511263E+00,+408.020019532E-03
-1.387500E-06,+4.751491753995E+00,+22.928706150852E+00,+23.534861934488E+00,+605.468750000E-03
-1.385000E-06,+4.710662607947E+00,+22.831736928987E+00,+23.629475628695E+00,+796.813964844E-03
-1.382500E-06,+4.730292005086E+00,+22.956187306845E+00,+23.559594974882E+00,+602.722167969E-03
-1.380000E-06,+4.618011853454E+00,+22.969927884842E+00,+23.591002010304E+00,+620.422363281E-03
-1.377500E-06,+4.621937732881E+00,+22.944017080619E+00,+23.585898367048E+00,+641.174316407E-03
-1.375000E-06,+4.566190245009E+00,+23.050801001052E+00,+23.729192966158E+00,+677.795410156E-03
-1.372500E-06,+4.521042631590E+00,+22.943231904734E+00,+23.599638945045E+00,+655.822753906E-03
-1.370000E-06,+4.682396276068E+00,+22.905543462227E+00,+23.481077386328E+00,+575.256347657E-03
-1.367500E-06,+4.604663863399E+00,+22.933417206164E+00,+23.563913442253E+00,+629.882812500E-03
-1.365000E-06,+4.683181451954E+00,+22.942446728848E+00,+23.559594974882E+00,+616.760253906E-03
-1.362500E-06,+4.725188361830E+00,+22.674309163937E+00,+23.369974998524E+00,+695.190429687E-03
-1.360000E-06,+4.621937732882E+00,+22.844299743156E+00,+23.380574872979E+00,+535.583496094E-03
-1.357500E-06,+4.634893134993E+00,+22.903187934571E+00,+23.287531530543E+00,+383.911132813E-03
-1.355000E-06,+4.651774416532E+00,+22.682553510735E+00,+23.200769595191E+00,+517.883300780E-03
-1.352500E-06,+4.649026300933E+00,+22.855684793496E+00,+23.187421605137E+00,+331.420898437E-03
-1.350000E-06,+4.577182707407E+00,+22.843514567270E+00,+23.072785925848E+00,+229.187011719E-03
-1.347500E-06,+4.657270647730E+00,+22.801115069452E+00,+23.008401503234E+00,+206.909179687E-03
-1.345000E-06,+4.842572156718E+00,+22.825455521902E+00,+23.080637684703E+00,+254.821777344E-03
-1.342500E-06,+4.844535096433E+00,+22.757145219861E+00,+22.986416578439E+00,+229.187011719E-03
-1.340000E-06,+4.722440246231E+00,+22.715530897928E+00,+22.771278385801E+00,+55.847167968E-03
-1.337500E-06,+4.703203437035E+00,+22.684909038391E+00,+22.721419717069E+00,+36.926269532E-03
-1.335000E-06,+4.735003060399E+00,+22.633087429946E+00,+22.695116324903E+00,+61.950683593E-03
-1.332500E-06,+4.648633712990E+00,+22.776774616999E+00,+22.620132027834E+00,-155.639648437E-03
-1.330000E-06,+4.732647532742E+00,+22.611102505151E+00,+22.445430393302E+00,-165.100097656E-03
-1.327500E-06,+4.784469141189E+00,+22.654287178855E+00,+22.554962429334E+00,-98.571777344E-03
-1.325000E-06,+4.726366125659E+00,+22.620524615777E+00,+22.385757026001E+00,-234.069824218E-03
-1.322500E-06,+4.709092256177E+00,+22.546718082537E+00,+22.410490066396E+00,-135.498046875E-03
-1.320000E-06,+4.848853563802E+00,+22.628376374633E+00,+22.271906522598E+00,-355.529785156E-03
-1.317500E-06,+4.740891879541E+00,+22.674309163936E+00,+22.277402753796E+00,-395.812988281E-03
-1.315000E-06,+4.742069643369E+00,+22.498822353519E+00,+22.179255768104E+00,-318.908691407E-03
-1.312500E-06,+4.755025045480E+00,+22.577732530015E+00,+22.235788431863E+00,-340.881347655E-03
-1.310000E-06,+4.735788236285E+00,+22.626806022861E+00,+22.074042199442E+00,-551.452636718E-03
-1.307500E-06,+4.747958462511E+00,+22.503925996775E+00,+22.105841822806E+00,-397.033691407E-03
-1.305000E-06,+4.749921402225E+00,+22.535725620138E+00,+22.110160290176E+00,-424.499511719E-03
-1.302500E-06,+4.791928312100E+00,+22.525125745684E+00,+21.974324861978E+00,-549.621582032E-03
-1.300000E-06,+4.855134970887E+00,+22.594613811554E+00,+21.997880138545E+00,-595.397949218E-03
-1.297500E-06,+4.793498663871E+00,+22.478800368437E+00,+21.870289057144E+00,-607.299804687E-03
-1.295000E-06,+4.881830950995E+00,+22.483118835808E+00,+21.972754510207E+00,-509.338378906E-03
-1.292500E-06,+4.745210346911E+00,+22.507851876202E+00,+21.969613806665E+00,-537.109375000E-03
-1.290000E-06,+4.685536979611E+00,+22.459563559241E+00,+21.868326117430E+00,-589.904785156E-03
-1.287500E-06,+4.697314617893E+00,+22.545932906651E+00,+21.930355012387E+00,-614.318847657E-03
-1.285000E-06,+4.745210346911E+00,+22.502748232946E+00,+21.886385162798E+00,-614.929199218E-03
-1.282500E-06,+4.726366125658E+00,+22.426586172049E+00,+21.973147098151E+00,-452.270507812E-03
-1.280000E-06,+4.804098538327E+00,+22.442289689760E+00,+21.974324861978E+00,-466.613769532E-03
-1.277500E-06,+4.760128688737E+00,+22.490185418777E+00,+21.972361922265E+00,-516.662597656E-03
-1.275000E-06,+4.648633712990E+00,+22.432082403248E+00,+22.113300993718E+00,-317.687988282E-03
-1.272500E-06,+4.677685220755E+00,+22.374764563603E+00,+22.060694209387E+00,-313.110351563E-03
-1.270000E-06,+4.824513111351E+00,+22.290750743850E+00,+22.013583656255E+00,-276.184082031E-03
-1.267500E-06,+4.775832206448E+00,+22.020650239226E+00,+21.917792198219E+00,-102.539062502E-03
-1.265000E-06,+4.687107331382E+00,+21.419990686788E+00,+21.723068578606E+00,+303.039550781E-03
-1.262500E-06,+4.738536351885E+00,+20.451868819919E+00,+21.293969957159E+00,+841.369628905E-03
-1.260000E-06,+4.749136226339E+00,+19.158684136436E+00,+20.873508270452E+00,+1.712951660155E+00
-1.257500E-06,+4.837468513462E+00,+17.286039649425E+00,+20.100502611139E+00,+2.811889648436E+00
-1.255000E-06,+4.735003060399E+00,+15.084406466374E+00,+19.077025844339E+00,+3.988952636716E+00
-1.252500E-06,+4.636856074708E+00,+12.287609962083E+00,+17.722597441784E+00,+5.429687499996E+00
-1.250000E-06,+4.400518133160E+00,+9.343985567195E+00,+16.230763259259E+00,+6.880187988279E+00
-1.247500E-06,+4.600737983972E+00,+6.851052130606E+00,+14.678863121491E+00,+7.820129394530E+00
-1.245000E-06,+4.483746777026E+00,+4.544990554777E+00,+13.018608711517E+00,+8.465270996092E+00
-1.242500E-06,+4.523005571304E+00,+2.910254361080E+00,+11.557788976471E+00,+8.639221191407E+00
-1.240000E-06,+4.368325921853E+00,+2.954224210668E+00,+10.372565977249E+00,+7.411193847660E+00
-1.237500E-06,+4.636070898820E+00,+3.566268813446E+00,+9.186557802143E+00,+5.614624023443E+00
-1.235000E-06,+4.937578438868E+00,+3.614557130408E+00,+7.675486810421E+00,+4.056701660158E+00
-1.232500E-06,+4.845320272318E+00,+3.359374967607E+00,+6.462782655205E+00,+3.100280761721E+00
-1.230000E-06,+5.268137486679E+00,+2.936950341188E+00,+5.425957898349E+00,+2.486267089845E+00
-1.227500E-06,+5.836997415754E+00,+2.105841666346E+00,+4.667085404975E+00,+2.558898925780E+00
-1.225000E-06,+5.468357337493E+00,+1.227622438368E+00,+3.785725473457E+00,+2.555847167970E+00
-1.222500E-06,+4.819802056039E+00,+780.464771553E-03,+2.910254361081E+00,+2.127685546877E+00
-1.220000E-06,+4.743639995140E+00,+794.205349550E-03,+2.220869933577E+00,+1.425476074220E+00
-1.217500E-06,+4.508872405364E+00,+586.918915767E-03,+1.569566536520E+00,+981.750488282E-03
-1.215000E-06,+4.351052052371E+00,+462.861125853E-03,+1.156956608670E+00,+693.664550781E-03
-1.212500E-06,+3.893294511103E+00,+318.781350855E-03,+593.200322854E-03,+274.353027346E-03
-1.210000E-06,+2.860003045733E+00,+59.280720685E-03,+45.147554747E-03,-13.732910155E-03
-1.207500E-06,+2.080323391390E+00,-140.153954242E-03,-281.878201582E-03,-140.991210938E-03
-1.205000E-06,+2.235788216726E+00,-162.924054923E-03,-455.794660229E-03,-292.053222656E-03
-1.202500E-06,+2.618168872983E+00,-318.781468202E-03,-483.275816223E-03,-163.574218750E-03
-1.200000E-06,+3.608275664648E+00,-60.851189803E-03,-725.109988969E-03,-663.146972655E-03
-1.197500E-06,+5.100895023058E+00,-197.471793887E-03,-668.577325210E-03,-469.970703125E-03
-1.195000E-06,+6.264525685428E+00,-279.130085982E-03,-765.153959131E-03,-484.924316407E-03
-1.192500E-06,+6.430982973165E+00,-263.819156214E-03,-502.512625419E-03,-237.731933595E-03
-1.190000E-06,+5.807553320048E+00,-287.767020723E-03,-505.260741018E-03,-216.369628906E-03
-1.187500E-06,+5.103643138661E+00,-393.373177329E-03,-514.290263702E-03,-120.239257812E-03
-1.185000E-06,+4.746780698683E+00,-400.047172357E-03,-513.112499874E-03,-112.609863280E-03
-1.182500E-06,+5.042792007530E+00,-353.329207166E-03,-532.349309069E-03,-178.222656250E-03
-1.180000E-06,+5.572785730269E+00,-398.476820585E-03,-552.371294150E-03,-152.893066405E-03
-1.177500E-06,+6.184437745105E+00,-498.586745992E-03,-721.576697483E-03,-222.167968749E-03
-1.175000E-06,+6.327339756274E+00,-440.091142518E-03,-904.915266757E-03,-463.562011718E-03
-1.172500E-06,+6.176193398308E+00,-441.661494290E-03,-960.662754631E-03,-517.883300781E-03
-1.170000E-06,+5.544519398392E+00,-583.778329572E-03,-1.101994414028E+00,-517.272949219E-03
-1.167500E-06,+4.976052057262E+00,-540.986243810E-03,-1.090609363688E+00,-548.706054688E-03
-1.165000E-06,+4.084092251289E+00,-545.304711181E-03,-1.229978083371E+00,-683.288574218E-03
-1.162500E-06,+3.572942749802E+00,-538.238128211E-03,-1.291221802442E+00,-751.647949218E-03
-1.160000E-06,+3.330323401169E+00,-472.283353826E-03,-1.240970545769E+00,-767.517089844E-03
-1.157500E-06,+3.072785710712E+00,-597.518907568E-03,-1.238222430170E+00,-639.648437502E-03
-1.155000E-06,+3.400204054981E+00,-650.518279842E-03,-1.179726826697E+00,-528.259277345E-03
-1.152500E-06,+4.025204059870E+00,-641.881345102E-03,-1.253925947880E+00,-610.961914063E-03
-1.150000E-06,+4.732647532741E+00,-520.964258729E-03,-1.440405220695E+00,-917.663574218E-03
-1.147500E-06,+5.060458464955E+00,-690.169662062E-03,-1.399968662590E+00,-708.618164063E-03
-1.145000E-06,+5.107176430145E+00,-627.748179163E-03,-1.586447935405E+00,-957.336425779E-03
-1.142500E-06,+4.822942759580E+00,-718.828581885E-03,-1.845948565576E+00,-1.125488281249E+00
-1.140000E-06,+4.614871149912E+00,-864.871296595E-03,-1.935066028585E+00,-1.068420410156E+00
-1.137500E-06,+4.594456576888E+00,-1.008558483649E+00,-2.156485628307E+00,-1.146240234374E+00
-1.135000E-06,+4.800957834785E+00,-958.307226974E-03,-2.362986886204E+00,-1.402893066406E+00
-1.132500E-06,+5.136227937910E+00,-846.812251227E-03,-2.592650832724E+00,-1.743469238280E+00
-1.130000E-06,+5.396121156023E+00,-985.003207082E-03,-2.673916536878E+00,-1.686706542970E+00
-1.127500E-06,+5.533919523936E+00,-853.878834198E-03,-2.784233748797E+00,-1.927795410156E+00
-1.125000E-06,+5.290122411477E+00,-900.989387329E-03,-2.674701712765E+00,-1.771545410158E+00
-1.122500E-06,+5.002355449427E+00,-812.264512264E-03,-2.446608118014E+00,-1.632080078125E+00
-1.120000E-06,+5.005103565024E+00,-635.599938018E-03,-2.352779599693E+00,-1.714782714844E+00
-1.117500E-06,+5.018058967137E+00,-604.585490539E-03,-1.935066028587E+00,-1.328430175783E+00
-1.115000E-06,+5.112672661343E+00,-670.932852866E-03,-1.543263261702E+00,-870.666503908E-03
-1.112500E-06,+5.252041381027E+00,-604.585490539E-03,-1.171089891956E+00,-565.490722657E-03
-1.110000E-06,+5.308181456844E+00,-514.682851644E-03,-902.559739101E-03,-386.657714845E-03
-1.107500E-06,+5.289729823534E+00,-463.253831141E-03,-582.600565745E-03,-119.018554689E-03
-1.105000E-06,+5.043577183418E+00,-303.470538436E-03,-237.515764050E-03,+65.612792970E-03
-1.102500E-06,+4.795069015643E+00,-385.521418474E-03,-16.488752270E-03,+368.652343750E-03
-1.100000E-06,+4.349481700601E+00,-337.233101513E-03,+217.101073677E-03,+553.894042968E-03
-1.097500E-06,+4.495917003252E+00,-338.018277399E-03,+432.631854259E-03,+769.653320313E-03
-1.095000E-06,+4.390310846648E+00,-352.936619223E-03,+761.227962356E-03,+1.112976074217E+00
-1.092500E-06,+4.457835972805E+00,-283.055965411E-03,+743.168916989E-03,+1.025085449219E+00
-1.090000E-06,+4.494739239425E+00,-400.047172356E-03,+860.945299820E-03,+1.259460449218E+00
-1.087500E-06,+4.572864240035E+00,-261.463628558E-03,+965.373692597E-03,+1.225585937500E+00
-1.085000E-06,+4.665122406585E+00,-357.647674536E-03,+929.255601862E-03,+1.285705566405E+00
-1.082500E-06,+4.541064616672E+00,-428.313504235E-03,+925.722310379E-03,+1.352539062501E+00
-1.080000E-06,+4.414651299100E+00,-300.329834893E-03,+928.470425976E-03,+1.227722167968E+00
-1.077500E-06,+4.179883709322E+00,-254.004457645E-03,+800.486756634E-03,+1.053466796874E+00
-1.075000E-06,+4.274889991473E+00,-332.522046199E-03,+864.086003363E-03,+1.195373535156E+00
-1.072500E-06,+4.415436474984E+00,-301.115010778E-03,+760.835374415E-03,+1.060791015625E+00
-1.070000E-06,+4.746780698682E+00,-339.588629169E-03,+575.926453372E-03,+914.611816408E-03
-1.067500E-06,+5.073413867065E+00,-399.654584412E-03,+620.288890903E-03,+1.018981933594E+00
-1.065000E-06,+5.137013113796E+00,-378.847423447E-03,+521.749317268E-03,+899.963378907E-03
-1.062500E-06,+5.158212862706E+00,-382.380714931E-03,+324.277582055E-03,+705.871582032E-03
-1.060000E-06,+4.924230448816E+00,-350.581091568E-03,+239.871174360E-03,+589.904785158E-03
-1.057500E-06,+4.667085346301E+00,-482.490640338E-03,+186.871802086E-03,+668.945312502E-03
-1.055000E-06,+4.618797029340E+00,-382.773302874E-03,+160.568409919E-03,+542.907714844E-03
-1.052500E-06,+4.634500547050E+00,-454.616896400E-03,+52.606725658E-03,+506.591796875E-03
-1.050000E-06,+4.702025673206E+00,-577.496922487E-03,+23.162629950E-03,+600.280761718E-03
-1.047500E-06,+4.819016880152E+00,-500.942273647E-03,-84.013878427E-03,+416.564941405E-03
-1.045000E-06,+4.851994267345E+00,-542.949183523E-03,-70.273300429E-03,+472.106933593E-03
-1.042500E-06,+4.785646905017E+00,-601.052199053E-03,-100.109984079E-03,+500.183105468E-03
-1.040000E-06,+4.758558336965E+00,-487.986871535E-03,-144.865009555E-03,+342.712402343E-03
-1.037500E-06,+4.768765623478E+00,-510.364384274E-03,-194.331090345E-03,+315.551757811E-03
-1.035000E-06,+4.666692758357E+00,-624.607475618E-03,-237.515764049E-03,+386.657714842E-03
-1.032500E-06,+4.653737356247E+00,-503.297801304E-03,-176.272044977E-03,+326.538085938E-03
-1.030000E-06,+4.575612355635E+00,-538.238128210E-03,-362.358729849E-03,+175.476074219E-03
-1.027500E-06,+4.652167004474E+00,-634.029586245E-03,-451.476192859E-03,+182.495117186E-03
-1.025000E-06,+4.687892507267E+00,-613.615013223E-03,-536.667776439E-03,+76.599121094E-03
-1.022500E-06,+4.762876804335E+00,-572.000691290E-03,-579.852450144E-03,-7.629394530E-03
-1.020000E-06,+4.761699040508E+00,-564.934108319E-03,-780.857476841E-03,-215.148925780E-03
-1.017500E-06,+4.731077180971E+00,-674.858732295E-03,-871.545291622E-03,-195.922851562E-03
-1.015000E-06,+4.732647532743E+00,-765.153959131E-03,-977.151448227E-03,-210.876464844E-03
-1.012500E-06,+4.592101049231E+00,-667.792149324E-03,-1.169126952241E+00,-500.183105469E-03
-1.010000E-06,+4.500235470624E+00,-883.715517848E-03,-1.299073561298E+00,-414.123535156E-03
-1.007500E-06,+4.658840999502E+00,-765.153959132E-03,-1.443938512179E+00,-677.490234373E-03
-1.005000E-06,+4.794676427700E+00,-747.094913765E-03,-1.532270799304E+00,-783.996582030E-03
-1.002500E-06,+4.831187106378E+00,-835.034612945E-03,-1.577025824780E+00,-740.661621093E-03
-1.000000E-06,+4.912452810531E+00,-714.902702457E-03,-1.635914016195E+00,-919.494628907E-03
-997.500E-09,+4.810379945412E+00,-751.413381136E-03,-1.745053464286E+00,-992.126464843E-03
-995.000E-09,+4.775832206447E+00,-871.937879564E-03,-1.777245675592E+00,-903.625488282E-03
-992.500E-09,+4.728721653315E+00,-758.087376163E-03,-1.889133239282E+00,-1.129455566406E+00
-990.000E-09,+4.817446528380E+00,-722.754461313E-03,-1.728564770688E+00,-1.004333496093E+00
-987.500E-09,+4.882223538937E+00,-818.545919347E-03,-1.685380096984E+00,-865.478515626E-03
-985.000E-09,+4.949356077152E+00,-705.480591832E-03,-1.668891403388E+00,-961.608886718E-03
-982.500E-09,+4.981155700516E+00,-717.258230113E-03,-1.677528338128E+00,-958.862304687E-03
-980.000E-09,+4.952496780695E+00,-736.102451367E-03,-1.610788387857E+00,-873.107910156E-03
-977.500E-09,+4.882616126880E+00,-842.101195915E-03,-1.545226201415E+00,-701.904296874E-03
-975.000E-09,+4.848853563804E+00,-742.383858451E-03,-1.419205471787E+00,-675.354003907E-03
-972.500E-09,+4.779365497932E+00,-668.184737269E-03,-1.439227456868E+00,-769.653320312E-03
-970.000E-09,+4.782898789417E+00,-783.213004499E-03,-1.349324817974E+00,-564.880371094E-03
-967.500E-09,+4.812735473068E+00,-685.066018808E-03,-1.343043410889E+00,-656.738281249E-03
-965.000E-09,+4.848853563802E+00,-729.035868396E-03,-1.200926575607E+00,-470.886230470E-03
-962.500E-09,+4.827261226950E+00,-673.288380523E-03,-1.087861248088E+00,-413.513183594E-03
-960.000E-09,+4.965844770748E+00,-674.858732295E-03,-1.120053459395E+00,-444.030761718E-03
-957.500E-09,+4.781328437647E+00,-623.429711792E-03,-971.655217030E-03,-347.290039063E-03
-955.000E-09,+4.650204064761E+00,-821.686622888E-03,-816.975567577E-03,+4.577636717E-03
-952.500E-09,+4.625471024367E+00,-606.941018195E-03,-795.383230726E-03,-187.683105470E-03
-950.000E-09,+4.607804566942E+00,-628.533355047E-03,-745.524561992E-03,-116.271972656E-03
-947.500E-09,+4.609374918712E+00,-556.689761519E-03,-645.022048645E-03,-87.890625003E-03
-945.000E-09,+4.837861101404E+00,-568.859987748E-03,-518.608731072E-03,+50.354003907E-03
-942.500E-09,+5.000392509712E+00,-491.912750963E-03,-455.402072286E-03,+36.315917968E-03
-940.000E-09,+4.915593514074E+00,-553.941645922E-03,-392.980589387E-03,+160.827636718E-03
-937.500E-09,+4.848068387916E+00,-581.422801916E-03,-280.700437755E-03,+300.598144531E-03
-935.000E-09,+4.860631202087E+00,-609.689133793E-03,-175.486869092E-03,+433.654785154E-03
-932.500E-09,+4.870445900656E+00,-478.564760910E-03,-202.575437143E-03,+275.573730469E-03
-930.000E-09,+4.977622409029E+00,-690.562250005E-03,-130.731843616E-03,+559.387207031E-03
-927.500E-09,+4.744817758969E+00,-532.741897012E-03,-62.028953632E-03,+470.275878905E-03
-925.000E-09,+4.836290749634E+00,-502.905213361E-03,+58.495544799E-03,+560.607910156E-03
-922.500E-09,+4.778972909989E+00,-566.897048032E-03,+155.072178721E-03,+721.435546874E-03
-920.000E-09,+5.082050801806E+00,-374.921544019E-03,+81.265645480E-03,+455.627441407E-03
-917.500E-09,+4.752276929881E+00,-532.741897012E-03,+48.680846229E-03,+581.054687499E-03
-915.000E-09,+4.749136226339E+00,-583.778329571E-03,+184.908862371E-03,+768.127441405E-03
-912.500E-09,+4.782898789416E+00,-499.764509820E-03,+226.130596362E-03,+725.097656251E-03
-910.000E-09,+4.530857330161E+00,-498.194158048E-03,+255.574692069E-03,+752.868652343E-03
-907.500E-09,+4.670226049841E+00,-512.719911930E-03,+178.234867344E-03,+690.307617187E-03
-905.000E-09,+4.728721653314E+00,-511.542148103E-03,+334.877456509E-03,+845.642089844E-03
-902.500E-09,+4.755810221366E+00,-462.076067313E-03,+285.803963663E-03,+747.070312500E-03
-900.000E-09,+4.851209091459E+00,-427.528328350E-03,+268.137506237E-03,+694.885253906E-03
-897.500E-09,+4.809594769526E+00,-493.483102736E-03,+175.486751744E-03,+668.029785157E-03
-895.000E-09,+4.806454065984E+00,-667.792149323E-03,+171.560872316E-03,+838.317871091E-03
-892.500E-09,+4.804883714212E+00,-421.246921265E-03,+62.421424228E-03,+483.093261720E-03
-890.000E-09,+4.747565874568E+00,-634.814762132E-03,-59.280838030E-03,+575.256347658E-03
-887.500E-09,+4.745602934854E+00,-594.378204026E-03,+29.836624976E-03,+623.779296874E-03
-885.000E-09,+4.721655070345E+00,-572.785867175E-03,-184.123803832E-03,+388.488769533E-03
-882.500E-09,+4.735788236285E+00,-646.592400414E-03,-240.656467590E-03,+405.578613281E-03
-880.000E-09,+4.747565874568E+00,-692.132601776E-03,-268.922799470E-03,+422.668457031E-03
-877.500E-09,+4.726758713600E+00,-555.511997692E-03,-410.647046811E-03,+144.653320312E-03
-875.000E-09,+4.764054568163E+00,-669.362501095E-03,-482.490640338E-03,+186.462402343E-03
-872.500E-09,+4.814305824840E+00,-625.000063563E-03,-515.860615472E-03,+108.947753907E-03
-870.000E-09,+4.643922657678E+00,-706.265767716E-03,-666.221797553E-03,+39.978027344E-03
-867.500E-09,+4.679648160468E+00,-703.517652115E-03,-689.777074119E-03,+14.038085936E-03
-865.000E-09,+4.736573412170E+00,-762.013255589E-03,-738.457979024E-03,+23.498535155E-03
-862.500E-09,+4.760128688736E+00,-653.658983384E-03,-911.196673842E-03,-256.652832033E-03
-860.000E-09,+4.698884969665E+00,-676.429084066E-03,-1.039965519070E+00,-362.854003905E-03
-857.500E-09,+4.755810221365E+00,-706.265767718E-03,-991.677202111E-03,-284.729003906E-03
-855.000E-09,+4.738143763942E+00,-720.398933655E-03,-1.138897680649E+00,-417.175292970E-03
-852.500E-09,+4.725580949773E+00,-707.836119488E-03,-1.264918410277E+00,-555.725097656E-03
-850.000E-09,+4.696529442009E+00,-905.700442643E-03,-1.322628837864E+00,-415.954589844E-03
-847.500E-09,+4.784861729131E+00,-734.532099595E-03,-1.325769541407E+00,-590.209960938E-03
-845.000E-09,+4.870838488597E+00,-619.111244422E-03,-1.466316024918E+00,-845.642089843E-03
-842.500E-09,+4.706736728519E+00,-871.545291622E-03,-1.406642657615E+00,-534.057617186E-03
-840.000E-09,+4.907741755216E+00,-764.368783245E-03,-1.478878839087E+00,-713.195800782E-03
-837.500E-09,+4.808024417755E+00,-792.635115126E-03,-1.452575446923E+00,-658.569335938E-03
-835.000E-09,+4.862201553856E+00,-846.027075341E-03,-1.375235622197E+00,-528.259277346E-03
-832.500E-09,+4.770335975249E+00,-785.568532154E-03,-1.505182231252E+00,-718.383789063E-03
-830.000E-09,+4.807239241869E+00,-729.035868397E-03,-1.508715522737E+00,-778.503417968E-03
-827.500E-09,+4.803313362442E+00,-781.642652727E-03,-1.475738135546E+00,-693.054199220E-03
-825.000E-09,+4.848853563802E+00,-694.488129435E-03,-1.468671552575E+00,-773.010253904E-03
-822.500E-09,+4.838253689347E+00,-750.235617307E-03,-1.401931602303E+00,-650.634765624E-03
-820.000E-09,+4.873194016254E+00,-723.539637197E-03,-1.359532104484E+00,-634.460449219E-03
-817.500E-09,+4.868875548883E+00,-799.309110153E-03,-1.340295295289E+00,-539.855957031E-03
-815.000E-09,+4.822942759580E+00,-737.672803138E-03,-1.341473059116E+00,-602.722167967E-03
-812.500E-09,+4.833150046092E+00,-674.466144351E-03,-1.167949188414E+00,-492.248535158E-03
-810.000E-09,+4.779758085875E+00,-751.805969078E-03,-1.155386374245E+00,-402.526855468E-03
-807.500E-09,+4.808417005698E+00,-743.954210222E-03,-1.061165267981E+00,-316.467285157E-03
-805.000E-09,+4.720084718574E+00,-740.028330794E-03,-1.113772052310E+00,-372.619628906E-03
-802.500E-09,+4.676900044870E+00,-742.776446393E-03,-950.062880176E-03,-206.298828125E-03
-800.000E-09,+4.717729190918E+00,-676.429084065E-03,-918.263256811E-03,-240.783691406E-03
-797.500E-09,+4.723618010059E+00,-593.200440199E-03,-798.523934266E-03,-204.467773436E-03
-795.000E-09,+4.758558336965E+00,-685.066018806E-03,-775.361245644E-03,-89.416503906E-03
-792.500E-09,+4.803705950383E+00,-614.792777051E-03,-626.570415332E-03,-11.291503905E-03
-790.000E-09,+4.936008087097E+00,-547.660238838E-03,-653.658983384E-03,-105.285644529E-03
-787.500E-09,+4.815483588665E+00,-699.199184745E-03,-581.030213972E-03,+118.103027344E-03
-785.000E-09,+4.816661352496E+00,-730.606220168E-03,-536.667776440E-03,+193.786621093E-03
-782.500E-09,+4.741284467484E+00,-535.882600554E-03,-502.905213361E-03,+32.958984375E-03
-780.000E-09,+4.828438990778E+00,-451.083604917E-03,-411.824810640E-03,+39.367675782E-03
-777.500E-09,+4.694566502294E+00,-617.540892650E-03,-296.403955464E-03,+321.044921876E-03
-775.000E-09,+4.725580949773E+00,-528.030841699E-03,-317.603704374E-03,+210.266113281E-03
-772.500E-09,+4.755025045480E+00,-546.482475009E-03,-266.567271814E-03,+279.541015625E-03
-770.000E-09,+4.645493009448E+00,-599.481847283E-03,-146.435361328E-03,+452.575683592E-03
-767.500E-09,+4.810772533354E+00,-478.172172966E-03,-172.346165550E-03,+305.480957030E-03
-765.000E-09,+4.723225422117E+00,-590.844912541E-03,-32.584857924E-03,+557.556152342E-03
-762.500E-09,+4.687107331382E+00,-594.378204025E-03,-91.473049338E-03,+502.319335936E-03
-760.000E-09,+4.635285722936E+00,-553.941645922E-03,-40.436616779E-03,+513.000488281E-03
-757.500E-09,+4.745602934854E+00,-528.423429641E-03,-145.650185439E-03,+382.385253907E-03
-755.000E-09,+4.647848537103E+00,-634.814762131E-03,-3.533350159E-03,+630.798339843E-03
-752.500E-09,+4.815876176609E+00,-550.015766494E-03,-39.258852950E-03,+510.253906250E-03
-750.000E-09,+4.856705322656E+00,-641.096169216E-03,-95.398928766E-03,+545.349121094E-03
-747.500E-09,+4.800172658898E+00,-611.259485565E-03,-78.125059283E-03,+532.531738281E-03
-745.000E-09,+4.757773161081E+00,-504.475565133E-03,-114.243150019E-03,+389.709472657E-03
-742.500E-09,+4.751884341938E+00,-612.829837336E-03,-175.486869091E-03,+437.011718749E-03
-740.000E-09,+4.811165121296E+00,-546.875062952E-03,-153.501944297E-03,+392.761230468E-03
-737.500E-09,+4.932082207670E+00,-623.429711793E-03,-323.492523516E-03,+299.377441408E-03
-735.000E-09,+4.755417633423E+00,-642.666520987E-03,-316.033352602E-03,+326.232910157E-03
-732.500E-09,+4.742854819255E+00,-538.238128211E-03,-388.269534072E-03,+149.841308595E-03
-730.000E-09,+4.866127433284E+00,-712.547174800E-03,-355.292146881E-03,+356.750488280E-03
-727.500E-09,+4.813913236897E+00,-633.244410360E-03,-460.113127598E-03,+173.034667970E-03
-725.000E-09,+4.794676427701E+00,-615.970540879E-03,-482.490640337E-03,+133.361816407E-03
-722.500E-09,+4.684751803726E+00,-721.184109541E-03,-564.541520376E-03,+156.555175782E-03
-720.000E-09,+4.578753059178E+00,-644.236872758E-03,-545.304711181E-03,+98.571777343E-03
-717.500E-09,+4.759343512851E+00,-665.829209610E-03,-668.969913154E-03,-2.746582032E-03
-715.000E-09,+4.760128688737E+00,-834.249437057E-03,-607.333606139E-03,+226.745605466E-03
-712.500E-09,+4.722440246231E+00,-729.821044283E-03,-760.442903819E-03,-30.212402343E-03
-710.000E-09,+4.805668890098E+00,-708.621295373E-03,-872.723055449E-03,-163.269042968E-03
-707.500E-09,+4.714195899432E+00,-768.687250615E-03,-768.687250616E-03,+305.175780E-06
-705.000E-09,+4.748351050454E+00,-647.377576303E-03,-876.648934878E-03,-228.576660154E-03
-702.500E-09,+4.764054568163E+00,-663.866269897E-03,-988.143910624E-03,-323.486328124E-03
-700.000E-09,+4.676114868984E+00,-725.109988969E-03,-942.603709264E-03,-216.369628906E-03
-697.500E-09,+4.726758713601E+00,-701.554712405E-03,-973.618156742E-03,-270.996093748E-03
-695.000E-09,+4.761699040507E+00,-740.813506679E-03,-1.103564765798E+00,-361.633300780E-03
-692.500E-09,+4.817446528380E+00,-716.080466286E-03,-1.103172177856E+00,-386.047363280E-03
-690.000E-09,+4.761699040508E+00,-791.064763354E-03,-1.134186625335E+00,-342.102050781E-03
-687.500E-09,+4.838646277291E+00,-743.169034337E-03,-1.164808484871E+00,-420.837402343E-03
-685.000E-09,+4.820587231923E+00,-797.346170438E-03,-1.141253208305E+00,-342.712402345E-03
-682.500E-09,+4.798602307129E+00,-809.123808721E-03,-1.154601198359E+00,-344.543457032E-03
-680.000E-09,+4.863771905628E+00,-710.976823029E-03,-1.146749439504E+00,-434.875488282E-03
-677.500E-09,+4.789965372387E+00,-676.821672007E-03,-1.152638258646E+00,-474.853515627E-03
-675.000E-09,+4.755417633424E+00,-827.968029973E-03,-1.147534615390E+00,-318.908691408E-03
-672.500E-09,+4.844142508488E+00,-697.236245033E-03,-1.147142027446E+00,-448.913574218E-03
-670.000E-09,+4.851209091458E+00,-702.339888289E-03,-1.139682856533E+00,-436.096191405E-03
-667.500E-09,+4.756987985194E+00,-781.250064784E-03,-1.126727454423E+00,-344.543457033E-03
-665.000E-09,+4.698099793780E+00,-773.005717988E-03,-1.124764514709E+00,-350.646972655E-03
-662.500E-09,+4.878297659509E+00,-720.791521599E-03,-1.140468032419E+00,-418.701171874E-03
-660.000E-09,+4.861416377971E+00,-677.214259951E-03,-1.010128835420E+00,-331.726074219E-03
-657.500E-09,+4.764839744050E+00,-752.591144962E-03,-1.072550318321E+00,-319.213867189E-03
-655.000E-09,+4.751491753996E+00,-766.724310901E-03,-948.885116348E-03,-181.579589845E-03
-652.500E-09,+4.714195899433E+00,-643.844284815E-03,-922.974312124E-03,-278.320312500E-03
-650.000E-09,+4.774261854677E+00,-711.761998916E-03,-923.759488011E-03,-210.876464843E-03
-647.500E-09,+4.811165121297E+00,-672.895792582E-03,-821.294034947E-03,-147.399902342E-03
-645.000E-09,+4.869268136826E+00,-597.126319628E-03,-745.524561994E-03,-147.399902343E-03
-642.500E-09,+4.858668262372E+00,-766.724310901E-03,-843.278959741E-03,-75.988769531E-03
-640.000E-09,+4.899889996362E+00,-697.628832975E-03,-615.970540880E-03,+81.481933592E-03
-637.500E-09,+4.721262482402E+00,-643.844284816E-03,-634.422174189E-03,+9.765625000E-03
-635.000E-09,+4.848853563801E+00,-777.716773299E-03,-613.615013222E-03,+163.879394531E-03
-632.500E-09,+4.689070271094E+00,-617.540892651E-03,-594.770791971E-03,+22.888183594E-03
-630.000E-09,+4.701240497321E+00,-498.979333934E-03,-635.599938017E-03,-135.803222655E-03
-627.500E-09,+4.775832206448E+00,-674.466144351E-03,-532.741897012E-03,+141.601562500E-03
-625.000E-09,+4.834720397864E+00,-705.480591831E-03,-468.357474398E-03,+237.121582031E-03
-622.500E-09,+4.787609844730E+00,-608.903957909E-03,-509.579208389E-03,+99.182128906E-03
-620.000E-09,+4.835505573749E+00,-575.926570717E-03,-518.608731072E-03,+57.067871094E-03
-617.500E-09,+4.762876804335E+00,-687.421546465E-03,-416.928453894E-03,+270.385742190E-03
-615.000E-09,+4.790750548273E+00,-718.828581884E-03,-484.060992107E-03,+234.680175782E-03
-612.500E-09,+4.830794518434E+00,-581.030213973E-03,-434.987499262E-03,+145.874023438E-03
-610.000E-09,+4.638426426479E+00,-710.191647144E-03,-456.579836114E-03,+253.601074219E-03
-607.500E-09,+4.727543889486E+00,-621.074184136E-03,-374.528956076E-03,+246.276855469E-03
-605.000E-09,+4.849638739687E+00,-601.052199054E-03,-444.017021946E-03,+157.165527344E-03
-602.500E-09,+4.738536351884E+00,-702.339888288E-03,-424.780212749E-03,+277.099609376E-03
-600.000E-09,+4.808024417755E+00,-618.326068536E-03,-399.261996471E-03,+218.811035156E-03
-597.500E-09,+4.742854819255E+00,-628.140767105E-03,-419.676569496E-03,+208.129882811E-03
-595.000E-09,+4.749136226339E+00,-783.998180383E-03,-486.416519765E-03,+297.546386716E-03
-592.500E-09,+4.848460975860E+00,-588.881972828E-03,-404.758227670E-03,+183.715820312E-03
-590.000E-09,+4.740499291598E+00,-641.881345103E-03,-452.653956686E-03,+188.903808595E-03
-587.500E-09,+4.797031955358E+00,-640.703581270E-03,-519.786494900E-03,+121.154785153E-03
-585.000E-09,+4.759343512851E+00,-608.118782024E-03,-431.454207778E-03,+176.696777343E-03
-582.500E-09,+4.742069643369E+00,-585.348681342E-03,-486.416519764E-03,+98.876953125E-03
-580.000E-09,+4.758558336965E+00,-670.147676981E-03,-589.274560770E-03,+80.871582031E-03
-577.500E-09,+4.749136226338E+00,-685.066018808E-03,-514.290263702E-03,+170.593261720E-03
-575.000E-09,+4.747565874568E+00,-633.244410360E-03,-451.868780802E-03,+180.969238280E-03
-572.500E-09,+4.755810221366E+00,-602.622550824E-03,-536.275188497E-03,+66.223144530E-03
-570.000E-09,+4.683181451954E+00,-762.798431474E-03,-532.741897012E-03,+229.797363280E-03
-567.500E-09,+4.681218512238E+00,-619.503832363E-03,-561.793404777E-03,+57.678222655E-03
-565.000E-09,+4.694959090237E+00,-586.919033114E-03,-640.310993331E-03,-52.795410156E-03
-562.500E-09,+4.875942131854E+00,-781.642652729E-03,-626.570415336E-03,+155.029296874E-03
-560.000E-09,+4.752276929883E+00,-625.392651506E-03,-583.778329572E-03,+41.809082032E-03
-557.500E-09,+4.837075925520E+00,-635.207350072E-03,-662.295918125E-03,-26.855468752E-03
-555.000E-09,+4.686322155494E+00,-690.562250005E-03,-733.746923710E-03,-42.419433594E-03
-552.500E-09,+4.847675799974E+00,-679.569787607E-03,-788.709235697E-03,-108.337402343E-03
-550.000E-09,+4.764054568164E+00,-662.295918126E-03,-842.101195913E-03,-179.138183592E-03
-547.500E-09,+4.649418888873E+00,-641.881345102E-03,-811.479336378E-03,-168.762207031E-03
-545.000E-09,+4.724795773887E+00,-676.429084068E-03,-869.582351909E-03,-192.565917967E-03
-542.500E-09,+4.759343512852E+00,-701.947300347E-03,-963.410870229E-03,-260.620117185E-03
-540.000E-09,+4.622722908770E+00,-703.125064173E-03,-859.375065397E-03,-155.334472658E-03
-537.500E-09,+4.810772533355E+00,-840.530844145E-03,-886.856221391E-03,-45.471191406E-03
-535.000E-09,+4.850423915573E+00,-765.939135016E-03,-836.604964717E-03,-69.885253908E-03
-532.500E-09,+4.791928312100E+00,-634.029586247E-03,-901.381975272E-03,-266.418457031E-03
-530.000E-09,+4.636856074709E+00,-808.338632835E-03,-932.396422752E-03,-123.596191407E-03
-527.500E-09,+4.778187734104E+00,-690.169662062E-03,-935.929714236E-03,-244.750976563E-03
-525.000E-09,+4.680040748413E+00,-744.739386107E-03,-886.856221391E-03,-141.296386720E-03
-522.500E-09,+4.780543261762E+00,-705.873179771E-03,-990.892026225E-03,-284.118652347E-03
-520.000E-09,+4.811165121297E+00,-651.303455728E-03,-940.248181606E-03,-287.780761718E-03
-517.500E-09,+4.834327809922E+00,-721.576697484E-03,-913.552201499E-03,-191.040039064E-03
-515.000E-09,+4.843357332602E+00,-736.887627252E-03,-886.856221391E-03,-149.230957032E-03
-512.500E-09,+4.775832206447E+00,-715.295290400E-03,-864.871296596E-03,-148.620605469E-03
-510.000E-09,+4.731862356857E+00,-713.332350686E-03,-936.322302178E-03,-221.862792968E-03
-507.500E-09,+4.674937105155E+00,-690.169662062E-03,-884.108105792E-03,-193.176269532E-03
-505.000E-09,+4.797817131241E+00,-642.666520989E-03,-909.626322069E-03,-265.808105466E-03
-502.500E-09,+4.732647532742E+00,-713.724938629E-03,-866.441648366E-03,-151.977539062E-03
-500.000E-09,+4.749136226339E+00,-703.125064175E-03,-915.907729154E-03,-212.097167967E-03
-497.500E-09,+4.743639995140E+00,-696.058481206E-03,-816.190391693E-03,-119.323730469E-03
-495.000E-09,+4.774261854676E+00,-735.317275481E-03,-835.034612946E-03,-99.182128908E-03
-492.500E-09,+4.775047030561E+00,-644.629460701E-03,-788.316647756E-03,-143.127441408E-03
-490.000E-09,+4.873194016253E+00,-868.012000137E-03,-845.241899456E-03,+22.888183593E-03
-487.500E-09,+4.835112985807E+00,-597.518907569E-03,-787.924059812E-03,-189.514160156E-03
-485.000E-09,+4.851994267345E+00,-729.821044281E-03,-745.524561993E-03,-14.953613282E-03
-482.500E-09,+4.753847281653E+00,-704.302828001E-03,-762.405843533E-03,-57.983398440E-03
-480.000E-09,+4.730292005088E+00,-666.221797554E-03,-636.385113904E-03,+29.602050780E-03
-477.500E-09,+4.738536351884E+00,-546.482475009E-03,-712.154586858E-03,-164.794921875E-03
-475.000E-09,+4.748351050453E+00,-645.807224530E-03,-741.598682565E-03,-94.909667968E-03
-472.500E-09,+4.814698412782E+00,-721.969285427E-03,-636.385113904E-03,+85.449218750E-03
-470.000E-09,+4.782898789417E+00,-699.984360631E-03,-666.221797553E-03,+33.874511719E-03
-467.500E-09,+4.685929567552E+00,-754.946672619E-03,-582.207977801E-03,+172.424316405E-03
-465.000E-09,+4.826083463120E+00,-634.029586248E-03,-644.236872758E-03,-9.460449216E-03
-462.500E-09,+4.622722908767E+00,-651.696043672E-03,-558.652701235E-03,+93.078613282E-03
-460.000E-09,+4.861416377970E+00,-628.533355047E-03,-593.985616083E-03,+34.484863282E-03
-457.500E-09,+4.623508084654E+00,-701.554712403E-03,-533.919660840E-03,+167.541503906E-03
-455.000E-09,+4.727151301543E+00,-582.207977802E-03,-356.077322768E-03,+226.135253905E-03
-452.500E-09,+4.672581577498E+00,-694.880717377E-03,-501.727449532E-03,+192.871093752E-03
-450.000E-09,+4.691033210810E+00,-712.547174800E-03,-532.741897012E-03,+179.748535155E-03
-447.500E-09,+4.769158211419E+00,-633.244410363E-03,-462.861243198E-03,+170.288085940E-03
-445.000E-09,+4.854349795000E+00,-612.829837336E-03,-452.653956687E-03,+160.217285155E-03
-442.500E-09,+4.819016880151E+00,-791.064763355E-03,-429.883856006E-03,+360.717773438E-03
-440.000E-09,+4.811165121297E+00,-698.414008861E-03,-408.684107097E-03,+289.611816406E-03
-437.500E-09,+4.732647532742E+00,-633.636998305E-03,-488.772047422E-03,+144.653320314E-03
-435.000E-09,+4.848853563801E+00,-719.613757768E-03,-436.165263092E-03,+282.897949216E-03
-432.500E-09,+4.759736100794E+00,-590.452324599E-03,-416.535865951E-03,+173.950195314E-03
-430.000E-09,+4.819016880151E+00,-653.658983385E-03,-539.808479980E-03,+113.830566407E-03
-427.500E-09,+4.747565874568E+00,-696.843657089E-03,-493.090514793E-03,+203.552246092E-03
-425.000E-09,+4.745210346911E+00,-630.888882705E-03,-540.593655867E-03,+90.026855470E-03
-422.500E-09,+4.686714743438E+00,-698.414008862E-03,-543.734359410E-03,+154.724121095E-03
-420.000E-09,+4.752276929881E+00,-550.800942380E-03,-553.156470036E-03,-1.525878905E-03
-417.500E-09,+4.683966627839E+00,-692.132601778E-03,-536.275188497E-03,+155.639648439E-03
-415.000E-09,+4.749136226339E+00,-621.466772078E-03,-552.371294151E-03,+69.274902344E-03
-412.500E-09,+4.733432708628E+00,-678.784611723E-03,-565.719284204E-03,+112.915039064E-03
-410.000E-09,+4.679255572527E+00,-762.798431474E-03,-574.356218946E-03,+188.293457030E-03
-407.500E-09,+4.621937732882E+00,-622.251947963E-03,-581.422801915E-03,+40.588378907E-03
-405.000E-09,+4.728721653313E+00,-637.170289790E-03,-646.592400415E-03,-8.850097655E-03
-402.500E-09,+4.641959717963E+00,-744.739386108E-03,-734.532099595E-03,+10.375976563E-03
-400.000E-09,+4.580323410950E+00,-711.761998914E-03,-561.793404779E-03,+149.841308591E-03
-397.500E-09,+4.587389993917E+00,-564.541520376E-03,-681.140139379E-03,-115.966796875E-03
-395.000E-09,+4.819802056037E+00,-655.229335156E-03,-751.805969077E-03,-96.130371093E-03
-392.500E-09,+4.669833461900E+00,-703.517652118E-03,-785.961120101E-03,-81.787109377E-03
-390.000E-09,+4.748351050452E+00,-698.414008860E-03,-743.954210221E-03,-44.860839843E-03
-387.500E-09,+4.727151301544E+00,-694.880717376E-03,-777.716773300E-03,-82.092285156E-03
-385.000E-09,+4.720084718574E+00,-612.829837339E-03,-833.464261172E-03,-220.031738278E-03
-382.500E-09,+4.751884341938E+00,-701.947300347E-03,-783.998180382E-03,-81.481933591E-03
-380.000E-09,+4.694959090237E+00,-655.229335157E-03,-821.686622890E-03,-165.710449217E-03
-377.500E-09,+4.847675799973E+00,-725.895164857E-03,-854.664010083E-03,-128.173828123E-03
-375.000E-09,+4.798602307130E+00,-732.176571938E-03,-916.692905039E-03,-184.020996093E-03
-372.500E-09,+4.771906327022E+00,-643.844284816E-03,-829.538381746E-03,-184.936523438E-03
-370.000E-09,+4.679255572528E+00,-756.517024390E-03,-881.359990192E-03,-124.206542970E-03
-367.500E-09,+4.713018135603E+00,-648.162752187E-03,-874.685995165E-03,-225.524902344E-03
-365.000E-09,+4.753847281652E+00,-644.236872759E-03,-888.426573162E-03,-243.225097656E-03
-362.500E-09,+4.767195271706E+00,-756.517024391E-03,-831.501321461E-03,-74.157714844E-03
-360.000E-09,+4.698099793779E+00,-724.324813083E-03,-911.196673841E-03,-185.852050782E-03
-357.500E-09,+4.841001804947E+00,-706.658355659E-03,-913.944789442E-03,-206.298828126E-03
-355.000E-09,+4.855134970885E+00,-788.709235696E-03,-929.255719208E-03,-140.075683595E-03
-352.500E-09,+4.760521276679E+00,-709.406471259E-03,-840.138256202E-03,-130.004882813E-03
-350.000E-09,+4.792320900044E+00,-703.125064174E-03,-773.005717986E-03,-69.274902343E-03
-347.500E-09,+4.652952180360E+00,-714.117526569E-03,-836.997552658E-03,-122.375488284E-03
-345.000E-09,+4.648633712991E+00,-458.935363777E-03,-870.367527794E-03,-410.461425776E-03
-342.500E-09,+4.788395020617E+00,-628.925942990E-03,-910.018910014E-03,-280.151367189E-03
-340.000E-09,+4.654915120076E+00,-701.554712402E-03,-812.264512264E-03,-110.168457032E-03
-337.500E-09,+4.779758085875E+00,-756.124436447E-03,-785.568532155E-03,-28.686523438E-03
-335.000E-09,+4.752276929879E+00,-580.637626032E-03,-701.554712403E-03,-119.934082030E-03
-332.500E-09,+4.671796401613E+00,-646.199812472E-03,-742.776446396E-03,-95.825195315E-03
-330.000E-09,+4.694959090237E+00,-745.524561992E-03,-692.132601778E-03,+53.405761717E-03
-327.500E-09,+4.733432708628E+00,-645.807224531E-03,-572.785867174E-03,+72.937011721E-03
-325.000E-09,+4.748351050455E+00,-615.970540878E-03,-746.309737878E-03,-129.699707031E-03
-322.500E-09,+4.742069643371E+00,-761.228079705E-03,-634.814762133E-03,+126.342773438E-03
-320.000E-09,+4.622722908770E+00,-575.926570717E-03,-625.392651506E-03,-48.522949219E-03
-317.500E-09,+4.808024417753E+00,-564.541520375E-03,-681.140139380E-03,-115.966796877E-03
-315.000E-09,+4.698099793779E+00,-735.317275480E-03,-614.400189108E-03,+120.544433593E-03
-312.500E-09,+4.698492381722E+00,-590.059736654E-03,-561.400816835E-03,+28.991699216E-03
-310.000E-09,+4.667477934244E+00,-793.420291008E-03,-597.126319625E-03,+196.228027342E-03
-307.500E-09,+4.691818386693E+00,-617.148304704E-03,-637.170289790E-03,-19.531250005E-03
-305.000E-09,+4.744425171027E+00,-564.148932437E-03,-559.437877120E-03,+4.577636722E-03
-302.500E-09,+4.736573412172E+00,-673.680968464E-03,-551.193530322E-03,+122.375488279E-03
-300.000E-09,+4.740499291598E+00,-652.088631613E-03,-609.689133795E-03,+42.419433593E-03
-297.500E-09,+4.690248034922E+00,-669.755089040E-03,-541.378831753E-03,+128.173828127E-03
-295.000E-09,+4.753062105766E+00,-568.074811863E-03,-510.756972217E-03,+57.067871095E-03
-292.500E-09,+4.746780698685E+00,-619.111244421E-03,-560.615640947E-03,+58.288574220E-03
-290.000E-09,+4.714588487378E+00,-712.547174800E-03,-539.808479981E-03,+172.424316407E-03
-287.500E-09,+4.766802683762E+00,-676.429084066E-03,-520.179082843E-03,+155.944824219E-03
-285.000E-09,+4.819802056038E+00,-588.489384886E-03,-641.096169214E-03,-52.185058591E-03
-282.500E-09,+4.652559592417E+00,-665.436621666E-03,-575.533982774E-03,+89.721679685E-03
-280.000E-09,+4.798602307126E+00,-574.356218948E-03,-512.327323988E-03,+61.950683595E-03
-277.500E-09,+4.728721653314E+00,-644.236872759E-03,-586.133857230E-03,+57.983398437E-03
-275.000E-09,+4.848853563801E+00,-758.872552044E-03,-617.540892649E-03,+141.296386717E-03
-272.500E-09,+4.725188361829E+00,-572.393279233E-03,-487.986871536E-03,+84.228515627E-03
-270.000E-09,+4.600737983974E+00,-673.288380523E-03,-540.593655868E-03,+132.751464843E-03
-267.500E-09,+4.742854819254E+00,-555.119409749E-03,-568.074811860E-03,-12.207031250E-03
-265.000E-09,+4.844927684374E+00,-608.118782025E-03,-553.941645922E-03,+54.016113283E-03
-262.500E-09,+4.747173286625E+00,-648.947928074E-03,-544.912123238E-03,+104.064941409E-03
-260.000E-09,+4.758558336968E+00,-688.991898233E-03,-710.191647141E-03,-20.446777342E-03
-257.500E-09,+4.661196527158E+00,-669.362501098E-03,-564.541520377E-03,+104.980468751E-03
-255.000E-09,+4.848853563802E+00,-692.917777660E-03,-608.903957909E-03,+83.923339842E-03
-252.500E-09,+4.683574039899E+00,-657.584862811E-03,-641.488757160E-03,+16.479492185E-03
-250.000E-09,+4.713803311490E+00,-707.836119488E-03,-725.895164855E-03,-17.395019531E-03
-247.500E-09,+4.791535724160E+00,-611.652073508E-03,-578.282098374E-03,+33.569335936E-03
-245.000E-09,+4.742854819255E+00,-741.598682564E-03,-696.843657088E-03,+44.860839844E-03
-242.500E-09,+4.703203437033E+00,-718.435993942E-03,-795.383230724E-03,-76.293945311E-03
-240.000E-09,+4.647848537105E+00,-575.141394832E-03,-583.778329574E-03,-8.239746095E-03
-237.500E-09,+4.742069643369E+00,-616.755716764E-03,-622.251947962E-03,-5.187988281E-03
-235.000E-09,+4.738928939826E+00,-670.932852867E-03,-746.309737879E-03,-74.768066406E-03
-232.500E-09,+4.667085346301E+00,-669.755089039E-03,-788.709235699E-03,-118.408203126E-03
-230.000E-09,+4.729506829200E+00,-572.000691290E-03,-801.272049864E-03,-228.576660153E-03
-227.500E-09,+4.750313990167E+00,-627.748179163E-03,-767.509486788E-03,-139.160156249E-03
-225.000E-09,+4.701240497320E+00,-630.103706820E-03,-742.383858449E-03,-111.389160154E-03
-222.500E-09,+4.676900044871E+00,-665.044033725E-03,-743.169034334E-03,-77.819824216E-03
-220.000E-09,+4.631359843509E+00,-676.429084065E-03,-802.057225752E-03,-124.816894532E-03
-217.500E-09,+4.721262482403E+00,-693.310365606E-03,-802.449813694E-03,-108.337402342E-03
-215.000E-09,+4.822942759582E+00,-718.043405997E-03,-656.014511043E-03,+61.950683590E-03
-212.500E-09,+4.683966627840E+00,-544.519535298E-03,-771.042778272E-03,-225.830078121E-03
-210.000E-09,+4.798602307127E+00,-718.043405999E-03,-769.865014445E-03,-50.964355470E-03
-207.500E-09,+4.680825924295E+00,-643.059108932E-03,-740.420918740E-03,-96.740722657E-03
-205.000E-09,+4.744425171025E+00,-777.716773298E-03,-729.821044282E-03,+47.912597655E-03
-202.500E-09,+4.739321527770E+00,-773.398305930E-03,-729.428456340E-03,+43.945312500E-03
-200.000E-09,+4.665907582472E+00,-673.288380523E-03,-737.672803138E-03,-63.781738282E-03
-197.500E-09,+4.825298287238E+00,-645.414636588E-03,-747.880089650E-03,-101.928710936E-03
-195.000E-09,+4.742069643366E+00,-809.908984605E-03,-779.287125070E-03,+30.822753905E-03
-192.500E-09,+4.777795146159E+00,-641.096169215E-03,-785.175944214E-03,-143.432617190E-03
-190.000E-09,+4.708307080292E+00,-698.414008860E-03,-838.960492370E-03,-140.075683591E-03
-187.500E-09,+4.619582205225E+00,-661.118154295E-03,-714.510114511E-03,-52.795410156E-03
-185.000E-09,+4.848068387917E+00,-629.318530934E-03,-741.598682565E-03,-111.389160155E-03
-182.500E-09,+4.740106703655E+00,-563.363756548E-03,-666.614385495E-03,-102.539062499E-03
-180.000E-09,+4.644707833564E+00,-702.339888287E-03,-616.755716766E-03,+85.754394529E-03
-177.500E-09,+4.736180824228E+00,-709.406471258E-03,-782.035240672E-03,-71.716308595E-03
-175.000E-09,+4.748351050452E+00,-668.577325210E-03,-636.385113904E-03,+32.043457030E-03
-172.500E-09,+4.748351050454E+00,-603.407726710E-03,-734.924687539E-03,-130.615234375E-03
-170.000E-09,+4.731862356856E+00,-757.302200275E-03,-738.457979024E-03,+18.615722654E-03
-167.500E-09,+4.701240497323E+00,-597.126319625E-03,-603.015138767E-03,-5.493164063E-03
-165.000E-09,+4.744425171024E+00,-612.044661451E-03,-652.088631616E-03,-39.367675784E-03
-162.500E-09,+4.614871149913E+00,-751.413381135E-03,-615.185364995E-03,+136.108398437E-03
-160.000E-09,+4.749136226336E+00,-569.645163634E-03,-619.111244423E-03,-48.522949219E-03
-157.500E-09,+4.688677683151E+00,-623.037123850E-03,-692.132601775E-03,-68.664550779E-03
-155.000E-09,+4.747565874568E+00,-820.901447001E-03,-658.370038698E-03,+162.658691403E-03
-152.500E-09,+4.789572784442E+00,-646.984988357E-03,-595.555967854E-03,+51.269531251E-03
-150.000E-09,+4.803313362440E+00,-541.378831756E-03,-554.726821807E-03,-12.512207028E-03
-147.500E-09,+4.712232959718E+00,-734.924687536E-03,-631.281470649E-03,+104.064941402E-03
-145.000E-09,+4.747565874567E+00,-630.103706820E-03,-631.674058589E-03,-915.527341E-06
-142.500E-09,+4.725580949773E+00,-559.830465065E-03,-595.948555796E-03,-35.705566403E-03
-140.000E-09,+4.696529442009E+00,-700.769536516E-03,-656.799686927E-03,+43.640136718E-03
-137.500E-09,+4.716551427090E+00,-636.777701849E-03,-568.074811861E-03,+68.969726566E-03
-135.000E-09,+4.747565874566E+00,-638.740641559E-03,-561.008228891E-03,+77.819824218E-03
-132.500E-09,+4.711840371777E+00,-595.948555798E-03,-549.230590608E-03,+46.691894532E-03
-130.000E-09,+4.724795773888E+00,-734.532099595E-03,-586.133857228E-03,+148.010253906E-03
-127.500E-09,+4.737751175998E+00,-603.407726710E-03,-575.141394831E-03,+28.381347656E-03
-125.000E-09,+4.792320900044E+00,-604.192902597E-03,-550.800942379E-03,+53.405761719E-03
-122.500E-09,+4.659626175388E+00,-760.835491759E-03,-605.763254366E-03,+155.029296874E-03
-120.000E-09,+4.697314617894E+00,-648.162752185E-03,-598.696671398E-03,+49.133300780E-03
-117.500E-09,+4.663552054813E+00,-605.370666423E-03,-596.341143739E-03,+9.155273438E-03
-115.000E-09,+4.588960345689E+00,-831.893909399E-03,-630.888882704E-03,+201.110839841E-03
-112.500E-09,+4.682003688127E+00,-586.133857229E-03,-557.082349463E-03,+29.296875001E-03
-110.000E-09,+4.753062105766E+00,-651.303455729E-03,-645.807224528E-03,+5.187988284E-03
-107.500E-09,+4.767195271706E+00,-630.103706817E-03,-632.066646531E-03,-1.525878906E-03
-105.000E-09,+4.663552054816E+00,-639.525817448E-03,-595.555967856E-03,+43.640136721E-03
-102.500E-09,+4.791535724158E+00,-630.888882704E-03,-741.991270505E-03,-110.778808591E-03
-100.000E-09,+4.748351050452E+00,-651.303455729E-03,-762.798431474E-03,-110.778808592E-03
-97.500E-09,+4.657663235675E+00,-710.976823029E-03,-705.480591830E-03,+5.798339844E-03
-95.000E-09,+4.747565874567E+00,-578.282098373E-03,-635.599938017E-03,-56.457519531E-03
-92.500E-09,+4.646670773276E+00,-582.600565745E-03,-700.376948573E-03,-117.187499998E-03
-90.000E-09,+4.709092256176E+00,-725.109988970E-03,-750.235617307E-03,-24.719238281E-03
-87.500E-09,+4.765232331994E+00,-696.843657089E-03,-603.800314653E-03,+93.078613281E-03
-85.000E-09,+4.562264365582E+00,-597.911495513E-03,-647.377576302E-03,-48.522949218E-03
-82.500E-09,+4.563834717352E+00,-746.702325821E-03,-736.102451365E-03,+10.986328126E-03
-80.000E-09,+4.702810849092E+00,-670.147676980E-03,-681.925315264E-03,-11.291503906E-03
-77.500E-09,+4.730292005085E+00,-699.984360632E-03,-647.377576300E-03,+52.795410157E-03
-75.000E-09,+4.569330948553E+00,-671.718028752E-03,-762.798431475E-03,-90.637207031E-03
-72.500E-09,+4.726758713601E+00,-705.088003889E-03,-692.132601776E-03,+13.122558595E-03
-70.000E-09,+4.691033210809E+00,-698.414008859E-03,-739.243154909E-03,-39.978027346E-03
-67.500E-09,+4.670226049843E+00,-615.577952935E-03,-700.376948573E-03,-83.923339844E-03
-65.000E-09,+4.709092256176E+00,-608.118782027E-03,-710.191647144E-03,-101.623535153E-03
-62.500E-09,+4.657270647730E+00,-655.621923098E-03,-726.287752798E-03,-69.885253907E-03
-60.000E-09,+4.676114868984E+00,-692.917777661E-03,-677.214259953E-03,+15.563964840E-03
-57.500E-09,+4.700455321435E+00,-682.710491149E-03,-737.280215195E-03,-53.710937501E-03
-55.000E-09,+4.671403813671E+00,-634.029586246E-03,-643.451696874E-03,-8.850097658E-03
-52.500E-09,+4.643922657678E+00,-642.666520989E-03,-760.050315876E-03,-116.577148436E-03
-50.000E-09,+4.696529442007E+00,-755.731848505E-03,-765.153959132E-03,-8.850097657E-03
-47.500E-09,+4.735003060400E+00,-644.629460699E-03,-703.517652114E-03,-58.288574218E-03
-45.000E-09,+4.706736728520E+00,-637.955465675E-03,-781.642652728E-03,-143.127441406E-03
-42.500E-09,+4.716551427090E+00,-741.598682566E-03,-750.628205249E-03,-8.850097656E-03
-40.000E-09,+4.647063361218E+00,-572.785867175E-03,-689.777074120E-03,-116.271972656E-03
-37.500E-09,+4.740106703655E+00,-634.422174189E-03,-754.946672621E-03,-119.628906252E-03
-35.000E-09,+4.719299542689E+00,-719.613757769E-03,-741.598682565E-03,-21.057128907E-03
-32.500E-09,+4.730684593028E+00,-560.223053007E-03,-636.385113903E-03,-75.683593749E-03
-30.000E-09,+4.607019391057E+00,-233.589884625E-03,-543.734359410E-03,-309.143066403E-03
-27.500E-09,+4.663552054813E+00,+175.094163800E-03,-307.003829921E-03,-480.957031250E-03
-25.000E-09,+4.786039492960E+00,+1.039180225830E+00,-113.457974134E-03,-1.150817871086E+00
-22.500E-09,+4.657663235675E+00,+1.588018169826E+00,+201.397555966E-03,-1.384582519529E+00
-20.000E-09,+4.629789491738E+00,+2.276617421445E+00,+425.957859230E-03,-1.848449707030E+00
-17.500E-09,+4.776224794388E+00,+2.663709133015E+00,+873.900701932E-03,-1.787414550777E+00
-15.000E-09,+4.680825924298E+00,+3.320901349213E+00,+1.423131233864E+00,-1.895446777344E+00
-12.500E-09,+4.574827179753E+00,+5.574748728640E+00,+3.024890040360E+00,-2.546691894522E+00
-10.000E-09,+4.670618637784E+00,+8.435537067606E+00,+4.012641304373E+00,-4.418029785146E+00
-7.500E-09,+4.855134970887E+00,+10.267744996521E+00,+4.643530128403E+00,-5.617980957030E+00
-5.000E-09,+4.165750543389E+00,+11.361102417135E+00,+5.613614934983E+00,-5.741271972659E+00
-2.500E-09,+4.453517505427E+00,+13.294990623211E+00,+7.543577261638E+00,-5.745239257808E+00
-0.0E+00,+6.014054577935E+00,+15.164494406687E+00,+8.935694106703E+00,-6.222229003906E+00
+2.500E-09,+5.243404446300E+00,+15.301900186662E+00,+10.003925898981E+00,-5.292053222660E+00
+5.000E-09,+2.925957820125E+00,+15.897063507899E+00,+11.285725532122E+00,-4.606018066410E+00
+7.500E-09,+3.517195261920E+00,+17.798366914725E+00,+12.738300920368E+00,-5.054321289060E+00
+10.000E-09,+4.634500547044E+00,+18.961604989160E+00,+14.050329825107E+00,-4.905700683597E+00
+12.500E-09,+3.818702801980E+00,+18.786510766692E+00,+15.246545286727E+00,-3.535766601572E+00
+15.000E-09,+3.656956569549E+00,+19.407584892143E+00,+16.421560999435E+00,-2.982482910157E+00
+17.500E-09,+4.013819009532E+00,+20.586919072224E+00,+17.194959246695E+00,-3.388061523436E+00
+20.000E-09,+3.501491744220E+00,+21.006202995107E+00,+18.112829856891E+00,-2.889709472659E+00
+22.500E-09,+3.102229806423E+00,+20.783998219498E+00,+19.257616298006E+00,-1.524353027347E+00
+25.000E-09,+2.637013094239E+00,+21.385442947819E+00,+20.204538415966E+00,-1.178894042970E+00
+27.500E-09,+3.124214731211E+00,+22.351601874977E+00,+20.699199223858E+00,-1.650085449220E+00
+30.000E-09,+4.391096022524E+00,+22.212233155298E+00,+21.265311037331E+00,-945.129394538E-03
+32.500E-09,+4.886934594253E+00,+22.242069838946E+00,+21.947628881863E+00,-293.273925787E-03
+35.000E-09,+4.856705322659E+00,+22.663709289476E+00,+22.420304764963E+00,-242.614746090E-03
+37.500E-09,+4.679648160471E+00,+22.913002633139E+00,+22.889054768631E+00,-23.498535156E-03
+40.000E-09,+4.423288233840E+00,+23.081422860589E+00,+23.006831151462E+00,-74.157714845E-03
+42.500E-09,+4.114714110824E+00,+22.817603763047E+00,+23.239635801524E+00,+421.752929687E-03
+45.000E-09,+3.916064611781E+00,+23.050015825167E+00,+23.477936682787E+00,+427.551269532E-03
+47.500E-09,+3.940405064233E+00,+23.361338063784E+00,+23.664808543545E+00,+303.344726562E-03
+50.000E-09,+4.135128683845E+00,+23.305197987967E+00,+23.617697990414E+00,+312.194824221E-03
+52.500E-09,+3.891331571389E+00,+23.199199243419E+00,+23.572550376991E+00,+373.229980467E-03
+55.000E-09,+3.716629936853E+00,+23.376648993549E+00,+23.763740705120E+00,+386.657714844E-03
+57.500E-09,+4.167320895153E+00,+23.497566079926E+00,+23.776303519294E+00,+278.320312501E-03
+60.000E-09,+4.247408835480E+00,+23.370367586467E+00,+23.786510805802E+00,+415.954589843E-03
+62.500E-09,+3.929412601835E+00,+23.271435424887E+00,+23.670304774743E+00,+398.254394533E-03
+65.000E-09,+3.797503053065E+00,+23.552528391911E+00,+23.882302263836E+00,+329.284667967E-03
+67.500E-09,+3.812028806949E+00,+23.542713693343E+00,+23.840295353964E+00,+297.241210939E-03
+70.000E-09,+3.700926419146E+00,+23.168577383887E+00,+23.781799750490E+00,+612.487792966E-03
+72.500E-09,+4.024811471926E+00,+23.358197360241E+00,+23.847754524874E+00,+488.891601561E-03
+75.000E-09,+4.342415117629E+00,+23.495210552267E+00,+23.853250756073E+00,+357.971191406E-03
+77.500E-09,+4.900675172244E+00,+23.400989446004E+00,+23.806140202942E+00,+404.663085936E-03
+80.000E-09,+5.329381205752E+00,+23.388426631834E+00,+23.814777137683E+00,+425.720214844E-03
+82.500E-09,+5.241048918630E+00,+23.441426004109E+00,+23.815562313567E+00,+373.840332030E-03
+85.000E-09,+5.252433968967E+00,+23.439463064394E+00,+23.785725629919E+00,+345.764160158E-03
+87.500E-09,+5.105998666315E+00,+23.399811682175E+00,+23.787295981689E+00,+387.268066407E-03
+90.000E-09,+5.041221655761E+00,+23.427685426112E+00,+23.802214323515E+00,+374.450683595E-03
+92.500E-09,+4.994503690572E+00,+23.498743843755E+00,+23.917635178689E+00,+418.395996092E-03
+95.000E-09,+4.955637484234E+00,+23.515625125291E+00,+23.970241963019E+00,+454.406738282E-03
+97.500E-09,+4.970555826061E+00,+23.519943592662E+00,+24.046796611860E+00,+526.428222657E-03
+100.000E-09,+4.963489243092E+00,+23.358589948186E+00,+24.126491964242E+00,+766.906738280E-03
+102.500E-09,+4.769550799363E+00,+23.462233165074E+00,+24.245838698843E+00,+782.775878907E-03
+105.000E-09,+4.654129944188E+00,+23.630260804579E+00,+24.483746992160E+00,+852.355957031E-03
+107.500E-09,+4.448806450122E+00,+23.583542839391E+00,+24.465687946794E+00,+881.347656250E-03
+110.000E-09,+4.278815870902E+00,+23.368012058811E+00,+24.562264580718E+00,+1.192932128907E+00
+112.500E-09,+4.257223534047E+00,+23.559202386940E+00,+24.600738199108E+00,+1.040649414063E+00
+115.000E-09,+4.429569640924E+00,+23.506203014667E+00,+24.789180411637E+00,+1.281433105467E+00
+117.500E-09,+4.695744266122E+00,+23.437107536739E+00,+24.774654657755E+00,+1.336059570312E+00
+120.000E-09,+4.715373663261E+00,+23.491284672841E+00,+24.620367596247E+00,+1.128234863282E+00
+122.500E-09,+4.586212230090E+00,+23.452025878563E+00,+24.579145862256E+00,+1.125793457032E+00
+125.000E-09,+4.537138737242E+00,+23.306768339741E+00,+24.397377644754E+00,+1.089782714843E+00
+127.500E-09,+4.454695269263E+00,+23.338567963102E+00,+24.235238824390E+00,+895.996093751E-03
+130.000E-09,+4.335348534660E+00,+23.379004521208E+00,+24.057396486315E+00,+677.795410157E-03
+132.500E-09,+4.193624287319E+00,+23.298523992942E+00,+23.719378267591E+00,+420.227050781E-03
+135.000E-09,+4.293734212726E+00,+23.204695474618E+00,+23.587076130877E+00,+381.774902344E-03
+137.500E-09,+4.331422655229E+00,+23.189384544853E+00,+23.305197987968E+00,+115.966796873E-03
+140.000E-09,+4.400518133160E+00,+23.168577383881E+00,+23.132459293149E+00,-35.705566403E-03
+142.500E-09,+4.749528814279E+00,+22.988379518151E+00,+22.904365698402E+00,-83.923339841E-03
+145.000E-09,+4.775832206447E+00,+23.085348740015E+00,+22.699827380218E+00,-384.826660154E-03
+147.500E-09,+4.908526931105E+00,+23.047267709569E+00,+22.569095595276E+00,-476.989746093E-03
+150.000E-09,+4.744425171027E+00,+22.996623864949E+00,+22.395964312514E+00,-599.670410153E-03
+152.500E-09,+4.689462859040E+00,+22.975816703983E+00,+22.213803507069E+00,-760.498046872E-03
+155.000E-09,+4.701240497320E+00,+22.963646477759E+00,+22.131360039086E+00,-830.993652345E-03
+157.500E-09,+4.828831578723E+00,+22.838018336073E+00,+22.130967451142E+00,-705.871582034E-03
+160.000E-09,+5.044362359299E+00,+22.950298487703E+00,+22.165122602163E+00,-783.996582033E-03
+162.500E-09,+5.126020651398E+00,+22.971105648672E+00,+22.027716822195E+00,-941.772460940E-03
+165.000E-09,+5.149575927964E+00,+22.852151502013E+00,+21.951554761299E+00,-899.353027344E-03
+167.500E-09,+4.954459720409E+00,+22.891017708347E+00,+21.991598731460E+00,-897.827148438E-03
+170.000E-09,+4.887327182194E+00,+22.989557281981E+00,+22.140782149711E+00,-847.473144533E-03
+172.500E-09,+4.727936477430E+00,+22.900047231031E+00,+22.116049109318E+00,-782.470703127E-03
+175.000E-09,+4.669048286014E+00,+23.012327382658E+00,+22.122723104344E+00,-888.366699217E-03
+177.500E-09,+4.597989868373E+00,+22.975816703984E+00,+22.275439814081E+00,-699.157714845E-03
+180.000E-09,+4.670618637786E+00,+23.023319845056E+00,+22.344142704068E+00,-677.795410153E-03
+182.500E-09,+4.509264993305E+00,+22.858825497037E+00,+22.395964312512E+00,-461.730957031E-03
+185.000E-09,+4.581108586834E+00,+22.889054768632E+00,+22.425015820277E+00,-462.951660158E-03
+187.500E-09,+4.678077808698E+00,+22.850973738183E+00,+22.429334287647E+00,-420.532226564E-03
+190.000E-09,+4.587389993918E+00,+22.853721853783E+00,+22.417949237309E+00,-434.875488281E-03
+192.500E-09,+4.685144391669E+00,+22.964039065700E+00,+22.510599991800E+00,-452.575683595E-03
+195.000E-09,+4.767195271704E+00,+22.898476879260E+00,+22.628376374632E+00,-269.470214847E-03
+197.500E-09,+4.585819642148E+00,+22.859218084980E+00,+22.555747605218E+00,-302.429199220E-03
+200.000E-09,+4.574042003865E+00,+22.954224367131E+00,+22.614243208693E+00,-339.050292968E-03
+202.500E-09,+4.732647532743E+00,+22.913395221083E+00,+22.627591198746E+00,-284.729003906E-03
+205.000E-09,+4.905386227559E+00,+22.822314818361E+00,+22.680197983078E+00,-141.296386719E-03
+207.500E-09,+4.847283212029E+00,+22.891802884232E+00,+22.602465570410E+00,-288.391113282E-03
+210.000E-09,+4.749921402226E+00,+22.978564819582E+00,+22.611102505152E+00,-366.516113279E-03
+212.500E-09,+4.669440873956E+00,+23.000157156435E+00,+22.670383284507E+00,-328.979492188E-03
+215.000E-09,+4.718514366803E+00,+22.903187934569E+00,+22.775204265227E+00,-127.258300781E-03
+217.500E-09,+4.660411351275E+00,+22.918891452283E+00,+22.728878887983E+00,-189.514160156E-03
+220.000E-09,+4.612515622256E+00,+22.963646477759E+00,+22.804255772994E+00,-158.386230470E-03
+222.500E-09,+4.793106075927E+00,+22.951868839473E+00,+22.929883914679E+00,-21.362304687E-03
+225.000E-09,+4.777402558220E+00,+23.049230649281E+00,+23.076711805274E+00,+27.160644530E-03
+227.500E-09,+4.770728563192E+00,+23.002512684092E+00,+23.039808538656E+00,+37.231445313E-03
+230.000E-09,+4.652559592420E+00,+22.837233160186E+00,+23.035882659228E+00,+198.669433595E-03
+232.500E-09,+4.675722281040E+00,+22.912610045199E+00,+23.200769595191E+00,+287.780761718E-03
+235.000E-09,+4.755417633422E+00,+22.944802256505E+00,+23.353878892869E+00,+408.630371092E-03
+237.500E-09,+4.634107959109E+00,+22.902402758685E+00,+23.442996355878E+00,+539.855957030E-03
+240.000E-09,+4.738928939826E+00,+22.953439191246E+00,+23.452025878565E+00,+498.352050783E-03
+242.500E-09,+4.697314617892E+00,+22.934987557935E+00,+23.468121984219E+00,+532.531738285E-03
+245.000E-09,+4.698884969663E+00,+22.977779643699E+00,+23.579224372022E+00,+600.891113281E-03
+247.500E-09,+4.740891879541E+00,+22.978564819587E+00,+23.580009547906E+00,+600.891113278E-03
+250.000E-09,+4.685536979611E+00,+23.009971855006E+00,+23.679726885368E+00,+669.250488279E-03
+252.500E-09,+4.649418888873E+00,+22.924387683482E+00,+23.680512061255E+00,+755.310058592E-03
+255.000E-09,+4.559908837926E+00,+22.914180396969E+00,+23.579224372021E+00,+664.367675781E-03
+257.500E-09,+4.556768134382E+00,+22.991127633754E+00,+23.588646482647E+00,+596.923828123E-03
+260.000E-09,+4.446843510406E+00,+22.967572357185E+00,+23.609846231558E+00,+641.784667970E-03
+262.500E-09,+4.603878687513E+00,+22.887091828915E+00,+23.493640200497E+00,+605.773925783E-03
+265.000E-09,+4.515938988335E+00,+22.868640195607E+00,+23.517195477063E+00,+647.888183594E-03
+267.500E-09,+4.660411351274E+00,+22.904758286344E+00,+23.572942964936E+00,+667.419433592E-03
+270.000E-09,+4.576397531521E+00,+22.805826124765E+00,+23.402559797774E+00,+596.008300781E-03
+272.500E-09,+4.739714115713E+00,+22.853329265841E+00,+23.378219345323E+00,+524.291992186E-03
+275.000E-09,+4.652559592418E+00,+22.873351250922E+00,+23.379004521208E+00,+505.065917967E-03
+277.500E-09,+4.608589742829E+00,+22.815640823334E+00,+23.295383289397E+00,+479.431152342E-03
+280.000E-09,+4.559123662039E+00,+22.819174114819E+00,+23.305197987967E+00,+485.534667967E-03
+282.500E-09,+4.674937105155E+00,+22.843121979326E+00,+23.115970599554E+00,+272.521972659E-03
+285.000E-09,+4.746780698681E+00,+22.781485672313E+00,+23.093200498871E+00,+311.584472656E-03
+287.500E-09,+4.755810221363E+00,+22.682946098678E+00,+22.990735045809E+00,+307.312011717E-03
+290.000E-09,+4.752276929881E+00,+22.775989441113E+00,+22.979349995469E+00,+202.941894532E-03
+292.500E-09,+4.686714743440E+00,+22.673131400112E+00,+22.861181024693E+00,+187.683105464E-03
+295.000E-09,+4.597597280432E+00,+22.784626375850E+00,+22.778344968770E+00,-5.798339840E-03
+297.500E-09,+4.656092883905E+00,+22.658213058284E+00,+22.692368209306E+00,+34.484863282E-03
+300.000E-09,+4.705166376748E+00,+22.717101249699E+00,+22.678627631306E+00,-37.536621096E-03
+302.500E-09,+4.725973537716E+00,+22.621702379604E+00,+22.679412807194E+00,+57.983398440E-03
+305.000E-09,+4.729506829198E+00,+22.640939188801E+00,+22.420304764965E+00,-220.031738281E-03
+307.500E-09,+4.740106703655E+00,+22.722990068839E+00,+22.490185418776E+00,-231.933593751E-03
+310.000E-09,+4.747565874568E+00,+22.455637679815E+00,+22.372409035948E+00,-82.702636718E-03
+312.500E-09,+4.751099166053E+00,+22.642902128513E+00,+22.350031523209E+00,-292.053222654E-03
+315.000E-09,+4.744425171026E+00,+22.679412807191E+00,+22.331579889896E+00,-346.984863282E-03
+317.500E-09,+4.723618010059E+00,+22.495289062034E+00,+22.269943582883E+00,-224.609375001E-03
+320.000E-09,+4.743639995140E+00,+22.599324866866E+00,+22.199670341128E+00,-398.864746092E-03
+322.500E-09,+4.734217884514E+00,+22.576554766187E+00,+22.073257023556E+00,-502.014160156E-03
+325.000E-09,+4.745210346910E+00,+22.476052252839E+00,+22.132930390857E+00,-342.102050783E-03
+327.500E-09,+4.735395648341E+00,+22.511777755632E+00,+22.026146470423E+00,-484.619140628E-03
+330.000E-09,+4.610160094599E+00,+22.474481901068E+00,+21.983746972606E+00,-489.807128906E-03
+332.500E-09,+4.768373035534E+00,+22.505888936490E+00,+22.021042827169E+00,-483.703613282E-03
+335.000E-09,+4.797817131242E+00,+22.505888936488E+00,+21.973539686092E+00,-531.311035156E-03
+337.500E-09,+4.780543261760E+00,+22.522377630084E+00,+21.960191696038E+00,-560.913085937E-03
+340.000E-09,+4.749136226340E+00,+22.615813560462E+00,+21.972754510207E+00,-641.784667967E-03
+342.500E-09,+4.700062733493E+00,+22.447000745072E+00,+21.980998857004E+00,-464.782714844E-03
+345.000E-09,+4.594456576889E+00,+22.454852503928E+00,+21.960191696036E+00,-493.469238283E-03
+347.500E-09,+4.797424543298E+00,+22.558495720819E+00,+22.029287173964E+00,-527.954101564E-03
+350.000E-09,+4.683966627841E+00,+22.410097478453E+00,+22.021435415109E+00,-387.878417971E-03
+352.500E-09,+4.825298287238E+00,+22.468985669867E+00,+22.055983154074E+00,-411.987304687E-03
+355.000E-09,+4.798602307128E+00,+22.352779638810E+00,+21.951554761298E+00,-400.085449220E-03
+357.500E-09,+4.757380573138E+00,+22.328831774302E+00,+22.010835540656E+00,-317.077636721E-03
+360.000E-09,+4.751491753995E+00,+22.355920342350E+00,+22.114086169604E+00,-240.783691406E-03
+362.500E-09,+4.816661352494E+00,+22.192211170218E+00,+22.050094334934E+00,-141.296386720E-03
+365.000E-09,+4.754632457538E+00,+21.820430388417E+00,+21.924858781191E+00,+104.064941403E-03
+367.500E-09,+4.747565874568E+00,+21.371309781888E+00,+21.726994458032E+00,+355.224609369E-03
+370.000E-09,+4.813520648953E+00,+20.561008268012E+00,+21.427842445643E+00,+865.783691401E-03
+372.500E-09,+4.802135598613E+00,+19.165750719414E+00,+20.941425984555E+00,+1.773986816399E+00
+375.000E-09,+4.802528186557E+00,+17.508244425040E+00,+20.106391430286E+00,+2.595520019527E+00
+377.500E-09,+4.734610472457E+00,+15.230449181094E+00,+19.256831122132E+00,+4.022521972647E+00
+380.000E-09,+4.541064616673E+00,+12.418734334981E+00,+17.850581111133E+00,+5.426330566396E+00
+382.500E-09,+4.510050169193E+00,+9.698885067467E+00,+16.402716778198E+00,+6.697387695307E+00
+385.000E-09,+4.574042003862E+00,+7.120367459358E+00,+14.864557218427E+00,+7.736511230462E+00
+387.500E-09,+4.540672028730E+00,+4.808024476441E+00,+13.290672155865E+00,+8.474426269529E+00
+390.000E-09,+4.522220395419E+00,+3.207050845820E+00,+11.896592371085E+00,+8.680725097655E+00
+392.500E-09,+4.475502430227E+00,+3.057474839616E+00,+10.579067235152E+00,+7.514038085948E+00
+395.000E-09,+4.792320900040E+00,+3.398633761884E+00,+9.345555918967E+00,+5.940856933601E+00
+397.500E-09,+4.910882458762E+00,+3.434751852621E+00,+7.875314073296E+00,+4.436340332038E+00
+400.000E-09,+4.918734217614E+00,+3.303627479735E+00,+6.644550872712E+00,+3.337707519537E+00
+402.500E-09,+5.253219144852E+00,+2.845477350524E+00,+5.537452874097E+00,+2.689208984375E+00
+405.000E-09,+5.881359853284E+00,+2.046560886992E+00,+4.672189048236E+00,+2.622985839844E+00
+407.500E-09,+5.456187111269E+00,+1.198963518553E+00,+3.905072208062E+00,+2.703552246091E+00
+410.000E-09,+4.781328437651E+00,+882.930224617E-03,+3.039023206314E+00,+2.154235839848E+00
+412.500E-09,+4.685536979607E+00,+783.605475097E-03,+2.269943426424E+00,+1.484985351563E+00
+415.000E-09,+4.607019391060E+00,+571.215398056E-03,+1.807867417784E+00,+1.235656738285E+00
+417.500E-09,+4.393058962249E+00,+490.342281850E-03,+1.171089774610E+00,+680.236816403E-03
+420.000E-09,+3.842258078546E+00,+385.128713183E-03,+650.518162499E-03,+265.197753910E-03
+422.500E-09,+2.911824654183E+00,+86.761876677E-03,+174.308987921E-03,+87.585449225E-03
+425.000E-09,+2.244425151470E+00,-59.280838032E-03,-119.739381218E-03,-59.509277344E-03
+427.500E-09,+2.099167612642E+00,-250.078578218E-03,-435.772675146E-03,-184.936523435E-03
+430.000E-09,+2.585976661675E+00,-303.470538433E-03,-528.030841699E-03,-223.693847657E-03
+432.500E-09,+3.584327800134E+00,-193.545914458E-03,-635.207350074E-03,-440.673828125E-03
+435.000E-09,+5.123665123732E+00,-219.456718680E-03,-751.020793191E-03,-530.700683594E-03
+437.500E-09,+5.978329075147E+00,-328.203578827E-03,-650.125691898E-03,-321.044921875E-03
+440.000E-09,+6.357961615810E+00,-323.099935572E-03,-516.253203416E-03,-192.565917970E-03
+442.500E-09,+5.831893772503E+00,-406.328579440E-03,-521.356846671E-03,-114.440917968E-03
+445.000E-09,+5.017666379199E+00,-427.528328348E-03,-387.484358189E-03,+39.978027340E-03
+447.500E-09,+4.787217256788E+00,-413.002574467E-03,-577.889510432E-03,-164.184570314E-03
+450.000E-09,+5.006673916794E+00,-515.468027529E-03,-542.164007638E-03,-25.939941408E-03
+452.500E-09,+5.630103569908E+00,-551.193530319E-03,-577.104334544E-03,-25.634765626E-03
+455.000E-09,+6.132616136657E+00,-575.141394831E-03,-827.182854086E-03,-251.159667965E-03
+457.500E-09,+6.233511237951E+00,-497.408982163E-03,-884.500693732E-03,-386.047363279E-03
+460.000E-09,+5.965373673042E+00,-453.439132574E-03,-1.101994414027E+00,-647.277832029E-03
+462.500E-09,+5.635207213174E+00,-554.334233864E-03,-1.120446047338E+00,-564.880371093E-03
+465.000E-09,+4.974481705493E+00,-489.557223308E-03,-1.141253208307E+00,-650.329589845E-03
+467.500E-09,+4.168498658988E+00,-500.942273647E-03,-1.281014515930E+00,-778.808593749E-03
+470.000E-09,+3.695430187949E+00,-689.777074119E-03,-1.291221802442E+00,-600.280761719E-03
+472.500E-09,+3.261227923244E+00,-489.557223309E-03,-1.291221802445E+00,-800.170898437E-03
+475.000E-09,+3.180354807029E+00,-542.949183524E-03,-1.182867530239E+00,-638.732910157E-03
+477.500E-09,+3.532506191692E+00,-672.110616694E-03,-1.272377581189E+00,-599.060058593E-03
+480.000E-09,+3.966315868454E+00,-537.452952325E-03,-1.215059741547E+00,-676.574707033E-03
+482.500E-09,+4.644315245616E+00,-597.126319628E-03,-1.305747556325E+00,-707.092285154E-03
+485.000E-09,+5.023947786274E+00,-699.199184744E-03,-1.328910244952E+00,-628.356933599E-03
+487.500E-09,+5.068702811755E+00,-767.509486785E-03,-1.583699819804E+00,-814.819335938E-03
+490.000E-09,+4.819802056038E+00,-863.300944820E-03,-1.846341153517E+00,-981.750488283E-03
+492.500E-09,+4.647455949158E+00,-882.930341962E-03,-1.934673440642E+00,-1.049804687500E+00
+495.000E-09,+4.649418888876E+00,-856.234361855E-03,-2.202811005552E+00,-1.344909667966E+00
+497.500E-09,+4.805276302154E+00,-924.937251840E-03,-2.284861885591E+00,-1.358032226559E+00
+500.000E-09,+5.163709093900E+00,-928.470543322E-03,-2.539651460450E+00,-1.609191894532E+00
+502.500E-09,+5.438520653841E+00,-898.241271731E-03,-2.704538396413E+00,-1.803894042967E+00
+505.000E-09,+5.476994272235E+00,-931.611246864E-03,-2.620524576663E+00,-1.686706542973E+00
+507.500E-09,+5.376884346830E+00,-787.924059813E-03,-2.602465531294E+00,-1.812133789062E+00
+510.000E-09,+5.179412611616E+00,-809.123808721E-03,-2.542792163992E+00,-1.731262207031E+00
+512.500E-09,+4.881045775111E+00,-729.821044281E-03,-2.236966156576E+00,-1.505126953126E+00
+515.000E-09,+4.998822157939E+00,-639.525817446E-03,-2.002591154742E+00,-1.361389160157E+00
+517.500E-09,+5.121309596084E+00,-701.162124458E-03,-1.597440397802E+00,-894.775390626E-03
+520.000E-09,+5.295618642676E+00,-421.246921270E-03,-1.255103711711E+00,-832.214355467E-03
+522.500E-09,+5.354506834090E+00,-548.838002665E-03,-934.751950409E-03,-384.826660158E-03
+525.000E-09,+5.320744271010E+00,-528.030841697E-03,-540.593655870E-03,-11.901855473E-03
+527.500E-09,+5.093435852150E+00,-444.017021947E-03,-293.263251925E-03,+150.451660155E-03
+530.000E-09,+4.784469141190E+00,-450.298429030E-03,-23.162747297E-03,+426.940917969E-03
+532.500E-09,+4.574434591805E+00,-454.224308456E-03,+198.649440365E-03,+652.465820307E-03
+535.000E-09,+4.398162605505E+00,-240.656467596E-03,+390.624944382E-03,+630.798339848E-03
+537.500E-09,+4.516724164220E+00,-264.211744157E-03,+594.770674623E-03,+858.154296875E-03
+540.000E-09,+4.370681449510E+00,-293.263251923E-03,+797.346053090E-03,+1.089782714843E+00
+542.500E-09,+4.466472907543E+00,-307.003829922E-03,+836.997435312E-03,+1.142883300784E+00
+545.000E-09,+4.697314617889E+00,-357.647674536E-03,+948.099823114E-03,+1.304626464842E+00
+547.500E-09,+4.599560220144E+00,-325.455463230E-03,+891.959747301E-03,+1.216125488283E+00
+550.000E-09,+4.529286978389E+00,-486.416519764E-03,+893.922687013E-03,+1.379089355467E+00
+552.500E-09,+4.357726047396E+00,-344.692272425E-03,+875.471053703E-03,+1.218872070313E+00
+555.000E-09,+4.157113608643E+00,-392.195413499E-03,+932.396305405E-03,+1.323547363280E+00
+557.500E-09,+4.200690870288E+00,-392.195413498E-03,+825.219797031E-03,+1.216125488281E+00
+560.000E-09,+4.379318384250E+00,-299.544659008E-03,+661.510624896E-03,+960.388183597E-03
+562.500E-09,+4.641567130020E+00,-360.788378077E-03,+689.776956773E-03,+1.049499511716E+00
+565.000E-09,+5.123665123736E+00,-444.802197830E-03,+677.214142602E-03,+1.120910644527E+00
+567.500E-09,+5.263033843424E+00,-409.076695039E-03,+597.518790225E-03,+1.005554199221E+00
+570.000E-09,+5.221026933548E+00,-447.942901373E-03,+298.759365778E-03,+746.154785159E-03
+572.500E-09,+4.986651931715E+00,-489.164635363E-03,+336.840396227E-03,+825.195312502E-03
+575.000E-09,+4.756987985195E+00,-420.461745384E-03,+246.937757332E-03,+666.809082038E-03
+577.500E-09,+4.767980447592E+00,-410.254458866E-03,+47.895670347E-03,+457.763671876E-03
+580.000E-09,+4.618797029340E+00,-400.047172358E-03,+65.562127771E-03,+465.393066410E-03
+582.500E-09,+4.802135598610E+00,-448.728077260E-03,+36.118032066E-03,+484.313964849E-03
+585.000E-09,+4.764839744050E+00,-483.275816223E-03,-107.961742934E-03,+375.061035157E-03
+587.500E-09,+4.799780070957E+00,-526.067901984E-03,-195.901442113E-03,+329.895019533E-03
+590.000E-09,+4.760913864623E+00,-652.873807498E-03,-156.642647838E-03,+495.910644530E-03
+592.500E-09,+4.766017507878E+00,-542.556595580E-03,-98.932220249E-03,+443.115234376E-03
+595.000E-09,+4.745995522797E+00,-513.112499872E-03,-172.346165549E-03,+340.270996093E-03
+597.500E-09,+4.716944015032E+00,-583.385741628E-03,-219.064130738E-03,+364.074707030E-03
+600.000E-09,+4.608589742829E+00,-634.029586245E-03,-185.694155605E-03,+447.692871091E-03
+602.500E-09,+4.660803939214E+00,-517.038379300E-03,-301.115010779E-03,+215.759277341E-03
+605.000E-09,+4.720869894456E+00,-539.808479982E-03,-456.579836112E-03,+83.312988284E-03
+607.500E-09,+4.723225422115E+00,-593.200440200E-03,-467.179710568E-03,+126.037597659E-03
+610.000E-09,+4.725580949775E+00,-658.370038697E-03,-612.829837335E-03,+45.471191407E-03
+612.500E-09,+4.808024417755E+00,-745.131974047E-03,-743.561622278E-03,+1.831054686E-03
+615.000E-09,+4.837861101403E+00,-747.094913766E-03,-977.151448226E-03,-229.187011715E-03
+617.500E-09,+4.755810221366E+00,-685.458606748E-03,-1.051350569407E+00,-364.990234373E-03
+620.000E-09,+4.691033210810E+00,-642.666520987E-03,-1.273947932959E+00,-630.187988279E-03
+622.500E-09,+4.579538235063E+00,-808.338632837E-03,-1.343435998830E+00,-533.752441404E-03
+625.000E-09,+4.697314617893E+00,-734.532099595E-03,-1.390939139908E+00,-655.212402345E-03
+627.500E-09,+4.866912609171E+00,-682.317903206E-03,-1.533055975188E+00,-848.999023438E-03
+630.000E-09,+4.836290749634E+00,-802.057225754E-03,-1.691661504066E+00,-888.366699215E-03
+632.500E-09,+4.808809593639E+00,-805.197929291E-03,-1.581736880092E+00,-775.146484378E-03
+635.000E-09,+4.874764368023E+00,-798.131346325E-03,-1.651617533908E+00,-851.745605470E-03
+637.500E-09,+4.756987985195E+00,-784.783356269E-03,-1.688913388471E+00,-902.709960940E-03
+640.000E-09,+4.746780698682E+00,-732.176571940E-03,-1.902088641390E+00,-1.167907714840E+00
+642.500E-09,+4.801743010669E+00,-796.953582498E-03,-1.837704218779E+00,-1.039123535155E+00
+645.000E-09,+4.925800800582E+00,-868.797176021E-03,-1.630417784997E+00,-760.192871097E-03
+647.500E-09,+5.102857962774E+00,-691.347425890E-03,-1.620995674372E+00,-928.039550784E-03
+650.000E-09,+5.119739244310E+00,-844.456723570E-03,-1.692446679953E+00,-846.252441407E-03
+652.500E-09,+4.923837860871E+00,-720.791521598E-03,-1.554648312044E+00,-832.214355472E-03
+655.000E-09,+4.951711604806E+00,-735.317275482E-03,-1.597440397803E+00,-860.900878905E-03
+657.500E-09,+4.868875548883E+00,-728.643280455E-03,-1.560537131183E+00,-830.383300780E-03
+660.000E-09,+4.749921402226E+00,-685.066018806E-03,-1.518922809247E+00,-832.214355467E-03
+662.500E-09,+4.796246779472E+00,-778.894537128E-03,-1.379161501624E+00,-599.060058595E-03
+665.000E-09,+4.758558336966E+00,-590.844912544E-03,-1.300643913070E+00,-708.312988280E-03
+667.500E-09,+4.713803311491E+00,-662.688506067E-03,-1.182474942295E+00,-518.798828126E-03
+670.000E-09,+4.795461603587E+00,-740.028330795E-03,-1.191504464979E+00,-450.134277343E-03
+672.500E-09,+4.834327809921E+00,-613.222425279E-03,-1.043106222614E+00,-429.077148440E-03
+675.000E-09,+4.923445272928E+00,-725.109988968E-03,-985.003207082E-03,-259.094238282E-03
+677.500E-09,+4.774261854677E+00,-767.116898846E-03,-864.086120707E-03,-96.130371091E-03
+680.000E-09,+4.742069643367E+00,-568.859987747E-03,-765.939135019E-03,-196.228027345E-03
+682.500E-09,+4.594849164830E+00,-586.133857227E-03,-682.710491150E-03,-95.825195314E-03
+685.000E-09,+4.724795773882E+00,-670.932852865E-03,-584.563505458E-03,+86.364746092E-03
+687.500E-09,+4.605841627229E+00,-570.037751575E-03,-493.090514792E-03,+76.904296875E-03
+690.000E-09,+4.804098538326E+00,-464.431594972E-03,-492.697926849E-03,-27.770996092E-03
+692.500E-09,+4.850816503515E+00,-520.571670787E-03,-431.846795722E-03,+88.500976562E-03
+695.000E-09,+4.816661352495E+00,-696.058481203E-03,-284.626317181E-03,+411.071777343E-03
+697.500E-09,+4.843357332606E+00,-584.170917515E-03,-204.145788909E-03,+379.638671880E-03
+700.000E-09,+4.625863612312E+00,-550.800942379E-03,-323.885111457E-03,+226.745605470E-03
+702.500E-09,+4.713803311490E+00,-623.822299736E-03,-105.998803222E-03,+517.272949220E-03
+705.000E-09,+4.735003060398E+00,-462.076067317E-03,-136.228074812E-03,+325.622558600E-03
+707.500E-09,+4.733040120685E+00,-492.305338908E-03,+66.347303655E-03,+558.166503907E-03
+710.000E-09,+4.705951552636E+00,-693.702953543E-03,+31.014388805E-03,+724.182128902E-03
+712.500E-09,+4.807239241870E+00,-450.691016974E-03,+83.228585193E-03,+533.447265625E-03
+715.000E-09,+4.830009342550E+00,-487.201695652E-03,+108.746801476E-03,+595.397949221E-03
+717.500E-09,+4.818231704266E+00,-523.712374328E-03,+183.338510599E-03,+706.176757811E-03
+720.000E-09,+4.671403813671E+00,-396.906468814E-03,+210.034490707E-03,+606.384277344E-03
+722.500E-09,+4.719299542685E+00,-520.571670785E-03,+192.760621229E-03,+712.585449220E-03
+725.000E-09,+4.723225422115E+00,-534.312248782E-03,+195.116148884E-03,+728.454589843E-03
+727.500E-09,+4.729114241259E+00,-468.750062343E-03,+158.605470207E-03,+626.831054691E-03
+730.000E-09,+4.761699040507E+00,-626.177827388E-03,+260.285747383E-03,+885.314941403E-03
+732.500E-09,+4.864164493571E+00,-552.371294149E-03,+193.153209169E-03,+744.628906249E-03
+735.000E-09,+4.905386227560E+00,-440.091142521E-03,+257.145043840E-03,+696.716308595E-03
+737.500E-09,+4.766017507882E+00,-489.557223307E-03,+193.153209170E-03,+682.067871094E-03
+740.000E-09,+4.701240497322E+00,-521.749434615E-03,+87.547052564E-03,+608.825683594E-03
+742.500E-09,+4.718121778859E+00,-552.763882093E-03,-10.599933127E-03,+541.687011720E-03
+745.000E-09,+4.723225422114E+00,-517.038379303E-03,-102.465511734E-03,+414.123535160E-03
+747.500E-09,+4.685929567555E+00,-535.882600554E-03,-144.472421612E-03,+390.930175782E-03
+750.000E-09,+4.708307080289E+00,-705.480591829E-03,-172.346165549E-03,+532.531738280E-03
+752.500E-09,+4.659626175385E+00,-676.036496125E-03,-263.426568273E-03,+411.987304688E-03
+755.000E-09,+4.683181451955E+00,-613.615013221E-03,-387.484358186E-03,+226.135253906E-03
+757.500E-09,+4.713018135606E+00,-726.680340741E-03,-456.187248170E-03,+270.385742190E-03
+760.000E-09,+4.719299542691E+00,-667.006973438E-03,-509.186620445E-03,+157.775878906E-03
+762.500E-09,+4.885756830424E+00,-668.184737269E-03,-580.637626028E-03,+87.890625003E-03
+765.000E-09,+4.699670145549E+00,-709.406471256E-03,-705.480591832E-03,+3.967285153E-03
+767.500E-09,+4.702810849092E+00,-714.117526572E-03,-788.709235698E-03,-73.852539062E-03
+770.000E-09,+4.773476678790E+00,-563.363756551E-03,-933.966774520E-03,-369.567871088E-03
+772.500E-09,+4.740499291598E+00,-701.554712401E-03,-1.101994414028E+00,-399.169921877E-03
+775.000E-09,+4.878690247452E+00,-712.547174804E-03,-1.007773307765E+00,-294.494628905E-03
+777.500E-09,+4.785646905018E+00,-644.236872756E-03,-1.122016399107E+00,-476.684570312E-03
+780.000E-09,+4.759343512850E+00,-770.650190331E-03,-1.302214264837E+00,-530.700683590E-03
+782.500E-09,+4.715373663262E+00,-818.938507294E-03,-1.253140771992E+00,-433.044433588E-03
+785.000E-09,+4.764054568166E+00,-736.887627252E-03,-1.338332355573E+00,-600.280761716E-03
+787.500E-09,+4.759736100793E+00,-670.540264921E-03,-1.387013260481E+00,-715.332031255E-03
+790.000E-09,+4.847283212032E+00,-905.700442642E-03,-1.434908989496E+00,-528.259277345E-03
+792.500E-09,+4.833935221978E+00,-701.554712405E-03,-1.484375070285E+00,-781.555175778E-03
+795.000E-09,+4.851994267345E+00,-647.377576303E-03,-1.583307231862E+00,-934.143066402E-03
+797.500E-09,+4.825690875182E+00,-765.546547073E-03,-1.451005095150E+00,-684.204101563E-03
+800.000E-09,+4.749136226341E+00,-761.228079704E-03,-1.456108738407E+00,-693.664550782E-03
+802.500E-09,+4.738143763941E+00,-793.812878954E-03,-1.419990647673E+00,-624.694824220E-03
+805.000E-09,+4.778187734104E+00,-837.390140601E-03,-1.430197934184E+00,-591.735839844E-03
+807.500E-09,+4.778972909988E+00,-756.909612333E-03,-1.341473059117E+00,-583.496093749E-03
+810.000E-09,+4.752276929881E+00,-790.279587468E-03,-1.368954215109E+00,-577.697753905E-03
+812.500E-09,+4.850031327631E+00,-719.221169827E-03,-1.325376953467E+00,-604.858398441E-03
+815.000E-09,+4.731862356860E+00,-734.532099596E-03,-1.341473059117E+00,-605.773925780E-03
+817.500E-09,+4.878297659510E+00,-738.457979024E-03,-1.264525822334E+00,-524.902343748E-03
+820.000E-09,+4.906956579334E+00,-689.777074121E-03,-1.157741901903E+00,-466.613769532E-03
+822.500E-09,+4.797817131239E+00,-743.169034341E-03,-1.134186625337E+00,-390.014648435E-03
+825.000E-09,+4.762484216393E+00,-727.465516624E-03,-1.140468032419E+00,-411.682128908E-03
+827.500E-09,+4.772691502905E+00,-651.303455727E-03,-1.090609363687E+00,-438.232421876E-03
+830.000E-09,+4.772691502905E+00,-831.108733517E-03,-944.174061035E-03,-112.609863282E-03
+832.500E-09,+4.764839744051E+00,-617.933480595E-03,-804.805341352E-03,-186.157226561E-03
+835.000E-09,+4.881045775109E+00,-662.295918125E-03,-962.233106400E-03,-298.767089843E-03
+837.500E-09,+4.867697785056E+00,-695.273305318E-03,-824.434738488E-03,-128.479003905E-03
+840.000E-09,+4.978407584914E+00,-673.288380523E-03,-743.954210223E-03,-69.885253908E-03
+842.500E-09,+4.893216001336E+00,-615.577952937E-03,-547.660238837E-03,+67.749023438E-03
+845.000E-09,+4.918734217613E+00,-796.560994549E-03,-531.171545243E-03,+265.197753900E-03
+847.500E-09,+4.858275674425E+00,-641.096169219E-03,-493.090514794E-03,+148.010253907E-03
+850.000E-09,+4.785254317076E+00,-663.081094010E-03,-474.638881481E-03,+188.293457030E-03
+852.500E-09,+4.814305824837E+00,-573.178455115E-03,-402.010112071E-03,+171.203613278E-03
+855.000E-09,+4.727151301547E+00,-529.601193475E-03,-446.372549599E-03,+83.312988290E-03
+857.500E-09,+4.725973537715E+00,-619.503832362E-03,-318.388880257E-03,+300.903320313E-03
+860.000E-09,+4.765624919937E+00,-619.896420307E-03,-300.329834895E-03,+319.519042966E-03
+862.500E-09,+4.711447783834E+00,-621.466772081E-03,-176.272044977E-03,+444.946289066E-03
+865.000E-09,+4.765624919936E+00,-628.533355045E-03,-169.990637894E-03,+458.068847652E-03
+867.500E-09,+4.672974165445E+00,-544.519535295E-03,-92.258225222E-03,+451.660156252E-03
+870.000E-09,+4.677685220755E+00,-648.162752187E-03,-95.398928767E-03,+552.062988281E-03
+872.500E-09,+4.698099793777E+00,-561.400816834E-03,-89.510109623E-03,+471.496582033E-03
+875.000E-09,+4.695744266120E+00,-557.082349463E-03,+56.140017142E-03,+612.487792968E-03
+877.500E-09,+4.800172658902E+00,-680.747551435E-03,-86.369406084E-03,+593.872070310E-03
+880.000E-09,+4.846498036145E+00,-597.126319626E-03,-19.236867870E-03,+577.087402343E-03
+882.500E-09,+4.757773161080E+00,-601.052199056E-03,-109.139506763E-03,+491.638183596E-03
+885.000E-09,+4.772691502905E+00,-637.170289786E-03,-12.170284902E-03,+624.084472651E-03
+887.500E-09,+4.713018135602E+00,-509.971796335E-03,-115.420913847E-03,+394.287109379E-03
+890.000E-09,+4.774261854676E+00,-578.282098374E-03,-219.456718679E-03,+358.581542972E-03
+892.500E-09,+4.635678310877E+00,-666.614385491E-03,-257.537749128E-03,+408.630371091E-03
+895.000E-09,+4.783683965306E+00,-554.726821810E-03,-241.441643476E-03,+312.805175785E-03
+897.500E-09,+4.822942759578E+00,-564.934108318E-03,-273.241266839E-03,+291.442871094E-03
+900.000E-09,+4.698099793782E+00,-601.052199054E-03,-371.780840476E-03,+229.187011719E-03
+902.500E-09,+4.721262482399E+00,-647.377576304E-03,-364.714257507E-03,+282.287597658E-03
+905.000E-09,+4.748351050452E+00,-719.613757770E-03,-494.268278618E-03,+224.914550783E-03
+907.500E-09,+4.675722281043E+00,-669.755089036E-03,-544.126947351E-03,+125.427246092E-03
+910.000E-09,+4.696529442009E+00,-711.761998915E-03,-536.667776441E-03,+174.865722655E-03
+912.500E-09,+4.850423915573E+00,-627.355591222E-03,-531.171545238E-03,+96.435546880E-03
+915.000E-09,+4.907741755218E+00,-616.755716764E-03,-640.310993330E-03,-22.888183594E-03
+917.500E-09,+4.873586604199E+00,-715.687878341E-03,-724.717401026E-03,-8.544921876E-03
+920.000E-09,+4.948570901266E+00,-673.288380522E-03,-586.133857230E-03,+86.975097653E-03
+922.500E-09,+4.796246779470E+00,-719.221169828E-03,-756.124436450E-03,-36.315917971E-03
+925.000E-09,+4.872408840366E+00,-620.681596194E-03,-834.249437061E-03,-212.707519531E-03
+927.500E-09,+4.803313362438E+00,-714.117526572E-03,-900.596799386E-03,-185.852050780E-03
+930.000E-09,+4.886542006306E+00,-698.414008860E-03,-936.322302179E-03,-237.121582032E-03
+932.500E-09,+4.841786980831E+00,-700.376948570E-03,-950.062880174E-03,-248.718261722E-03
+935.000E-09,+4.949356077147E+00,-790.279587469E-03,-1.082365016887E+00,-291.442871091E-03
+937.500E-09,+4.775047030561E+00,-740.028330795E-03,-1.101601826086E+00,-360.717773437E-03
+940.000E-09,+4.747565874568E+00,-740.028330792E-03,-1.110631348766E+00,-369.567871093E-03
+942.500E-09,+4.810379945409E+00,-782.035240671E-03,-1.111023936711E+00,-328.063964842E-03
+945.000E-09,+4.770335975248E+00,-662.295918125E-03,-1.036039639643E+00,-372.619628907E-03
+947.500E-09,+4.674937105159E+00,-766.331722961E-03,-1.100424062260E+00,-333.251953126E-03
+950.000E-09,+4.742854819255E+00,-955.951699315E-03,-1.138897680648E+00,-182.189941409E-03
+952.500E-09,+4.755810221367E+00,-688.991898235E-03,-1.167556600469E+00,-477.600097654E-03
+955.000E-09,+4.871623664481E+00,-641.096169217E-03,-1.150675318934E+00,-508.728027345E-03
+957.500E-09,+4.729899417144E+00,-831.501321461E-03,-1.143216148019E+00,-310.974121092E-03
+960.000E-09,+4.725580949773E+00,-758.087376160E-03,-1.138897680648E+00,-379.943847657E-03
+962.500E-09,+4.817446528382E+00,-681.532727323E-03,-1.145964263618E+00,-463.256835936E-03
+965.000E-09,+4.974481705484E+00,-834.249437057E-03,-1.154601198359E+00,-319.519042970E-03
+967.500E-09,+4.915200926130E+00,-663.866269896E-03,-1.032506348159E+00,-367.736816409E-03
+970.000E-09,+4.870053312712E+00,-738.457979023E-03,-1.127905218248E+00,-388.488769528E-03
+972.500E-09,+4.804883714210E+00,-749.450441417E-03,-1.043106222615E+00,-292.663574226E-03
+975.000E-09,+4.782113613530E+00,-740.813506683E-03,-1.066661499179E+00,-325.012207028E-03
+977.500E-09,+4.773476678788E+00,-629.711118874E-03,-937.892653952E-03,-307.312011722E-03
+980.000E-09,+4.762484216393E+00,-689.777074121E-03,-878.219286649E-03,-187.683105468E-03
+982.500E-09,+4.831972282261E+00,-818.153331409E-03,-940.640769552E-03,-121.765136718E-03
+985.000E-09,+4.816661352495E+00,-677.214259952E-03,-687.421546467E-03,-9.460449222E-03
+987.500E-09,+4.872016252428E+00,-659.940390469E-03,-831.108733518E-03,-170.288085939E-03
+990.000E-09,+4.810379945411E+00,-788.709235698E-03,-814.620039920E-03,-25.329589843E-03
+992.500E-09,+4.725973537713E+00,-655.229335157E-03,-691.740013832E-03,-36.315917966E-03
+995.000E-09,+4.906171403446E+00,-631.674058588E-03,-655.229335159E-03,-22.888183598E-03
+997.500E-09,+4.851209091458E+00,-709.799059199E-03,-604.192902598E-03,+105.895996089E-03
+1.000000E-06,+4.838646277287E+00,-574.356218946E-03,-548.445414723E-03,+25.939941407E-03
+1.002500E-06,+4.730292005084E+00,-555.119409749E-03,-508.794032502E-03,+46.081542969E-03
+1.005000E-06,+4.879475423336E+00,-646.592400415E-03,-459.720539659E-03,+186.462402342E-03
+1.007500E-06,+4.853564619116E+00,-641.488757158E-03,-492.305338909E-03,+148.925781247E-03
+1.010000E-06,+4.919519393500E+00,-631.674058588E-03,-479.349936794E-03,+152.282714843E-03
+1.012500E-06,+4.760128688736E+00,-684.673430862E-03,-475.424057369E-03,+209.045410153E-03
+1.015000E-06,+4.828438990777E+00,-610.474309682E-03,-478.564760909E-03,+131.530761721E-03
+1.017500E-06,+4.742462231312E+00,-515.075439586E-03,-498.194158049E-03,+17.089843748E-03
+1.020000E-06,+4.686322155498E+00,-550.800942378E-03,-433.809735434E-03,+116.882324218E-03
+1.022500E-06,+4.704773788806E+00,-650.125691901E-03,-358.432850423E-03,+291.442871095E-03
+1.025000E-06,+4.722440246232E+00,-570.430339519E-03,-365.499433391E-03,+204.772949220E-03
+1.027500E-06,+4.815483588669E+00,-570.430339519E-03,-475.031469422E-03,+95.214843753E-03
+1.030000E-06,+4.767980447592E+00,-693.702953547E-03,-471.498177938E-03,+221.862792970E-03
+1.032500E-06,+4.754632457538E+00,-614.792777053E-03,-433.809735430E-03,+180.664062505E-03
+1.035000E-06,+4.695744266122E+00,-596.341143740E-03,-496.623806280E-03,+99.792480465E-03
+1.037500E-06,+4.739321527772E+00,-635.207350076E-03,-436.950438980E-03,+198.059082028E-03
+1.040000E-06,+4.749136226339E+00,-575.926570717E-03,-449.513253145E-03,+126.037597657E-03
+1.042500E-06,+4.781328437645E+00,-600.267023170E-03,-507.223680731E-03,+93.078613284E-03
+1.045000E-06,+4.786039492959E+00,-732.176571935E-03,-436.165263092E-03,+295.715332026E-03
+1.047500E-06,+4.717729190916E+00,-638.348053616E-03,-436.557851036E-03,+201.416015622E-03
+1.050000E-06,+4.651774416533E+00,-641.096169215E-03,-485.631343879E-03,+155.334472656E-03
+1.052500E-06,+4.698492381720E+00,-610.866897619E-03,-477.779585026E-03,+132.751464838E-03
+1.055000E-06,+4.824513111351E+00,-603.407726713E-03,-489.557223308E-03,+113.830566408E-03
+1.057500E-06,+4.733432708629E+00,-646.984988358E-03,-526.460489927E-03,+120.544433594E-03
+1.060000E-06,+4.844927684372E+00,-674.858732295E-03,-536.667776439E-03,+138.244628907E-03
+1.062500E-06,+4.747958462511E+00,-659.940390472E-03,-539.808479982E-03,+119.934082034E-03
+1.065000E-06,+4.724010598005E+00,-669.362501096E-03,-539.808479981E-03,+129.699707032E-03
+1.067500E-06,+4.787217256785E+00,-616.363128820E-03,-665.044033724E-03,-47.912597657E-03
+1.070000E-06,+4.776617382336E+00,-712.547174801E-03,-709.406471256E-03,+3.356933596E-03
+1.072500E-06,+4.807631829814E+00,-625.785239448E-03,-622.251947965E-03,+3.662109374E-03
+1.075000E-06,+4.742069643369E+00,-641.881345102E-03,-822.471798773E-03,-179.748535153E-03
+1.077500E-06,+4.685536979614E+00,-752.983732909E-03,-740.028330794E-03,+13.427734378E-03
+1.080000E-06,+4.652559592420E+00,-710.976823028E-03,-725.895164854E-03,-14.343261719E-03
+1.082500E-06,+4.658055823616E+00,-696.843657088E-03,-791.849939242E-03,-94.299316410E-03
+1.085000E-06,+4.698099793778E+00,-771.435366213E-03,-827.968029974E-03,-55.847167970E-03
+1.087500E-06,+4.656485471846E+00,-596.733731684E-03,-802.842401637E-03,-205.383300780E-03
+1.090000E-06,+4.822157583693E+00,-737.672803138E-03,-898.633859672E-03,-160.217285155E-03
+1.092500E-06,+4.696922029948E+00,-705.480591827E-03,-961.447930518E-03,-255.126953129E-03
+1.095000E-06,+4.698884969664E+00,-614.400189111E-03,-839.745668260E-03,-224.304199218E-03
+1.097500E-06,+4.788787608557E+00,-660.725566355E-03,-961.840518458E-03,-300.292968749E-03
+1.100000E-06,+4.786039492959E+00,-582.207977801E-03,-859.375065398E-03,-276.184082032E-03
+1.102500E-06,+4.607019391058E+00,-728.643280457E-03,-862.908356878E-03,-133.972167962E-03
+1.105000E-06,+4.747565874566E+00,-740.028330792E-03,-838.960492372E-03,-97.961425783E-03
+1.107500E-06,+4.720084718580E+00,-655.229335156E-03,-933.181598637E-03,-277.099609376E-03
+1.110000E-06,+4.738928939826E+00,-841.316020026E-03,-894.707980247E-03,-52.795410160E-03
+1.112500E-06,+4.760128688736E+00,-657.584862813E-03,-934.751950408E-03,-276.184082031E-03
+1.115000E-06,+4.760913864622E+00,-678.784611724E-03,-941.033357495E-03,-261.535644532E-03
+1.117500E-06,+4.720477306518E+00,-754.554084679E-03,-858.589889510E-03,-103.454589841E-03
+1.120000E-06,+4.742069643369E+00,-699.984360634E-03,-914.337377387E-03,-213.317871094E-03
+1.122500E-06,+4.760913864623E+00,-644.236872759E-03,-883.322929907E-03,-238.342285158E-03
+1.125000E-06,+4.774261854674E+00,-740.028330793E-03,-813.049688153E-03,-72.326660161E-03
+1.127500E-06,+4.821372407815E+00,-656.799686926E-03,-793.420291014E-03,-135.803222660E-03
+1.130000E-06,+4.774261854675E+00,-666.221797552E-03,-852.308482426E-03,-185.241699220E-03
+1.132500E-06,+4.716944015030E+00,-687.814134405E-03,-823.649562604E-03,-135.192871094E-03
+1.135000E-06,+4.753847281652E+00,-682.710491151E-03,-851.523306542E-03,-168.151855469E-03
+1.137500E-06,+4.785646905018E+00,-617.540892649E-03,-844.064135628E-03,-225.524902345E-03
+1.140000E-06,+4.769550799362E+00,-669.362501095E-03,-752.591144962E-03,-82.702636719E-03
+1.142500E-06,+4.793891251815E+00,-714.902702460E-03,-707.836119490E-03,+7.324218750E-03
+1.145000E-06,+4.773476678789E+00,-731.391396053E-03,-690.562250008E-03,+40.588378904E-03
+1.147500E-06,+4.772298914961E+00,-626.963003276E-03,-738.457979021E-03,-110.778808592E-03
+1.150000E-06,+4.849638739689E+00,-705.480591831E-03,-742.383858451E-03,-36.315917968E-03
+1.152500E-06,+4.774261854675E+00,-655.621923100E-03,-645.414636588E-03,+10.681152343E-03
+1.155000E-06,+4.749136226340E+00,-626.177827393E-03,-674.073556410E-03,-47.302246093E-03
+1.157500E-06,+4.826476051065E+00,-738.457979022E-03,-655.229335155E-03,+83.007812500E-03
+1.160000E-06,+4.841001804947E+00,-566.504460092E-03,-566.504460090E-03,+305.175783E-06
+1.162500E-06,+4.708699668236E+00,-638.348053617E-03,-662.688506069E-03,-23.803710938E-03
+1.165000E-06,+4.711447783832E+00,-694.488129432E-03,-620.681596193E-03,+73.547363279E-03
+1.167500E-06,+4.707521904404E+00,-653.658983384E-03,-526.460489926E-03,+127.258300782E-03
+1.170000E-06,+4.735003060398E+00,-550.015766498E-03,-643.451696871E-03,-92.468261712E-03
+1.172500E-06,+4.644707833562E+00,-641.488757159E-03,-555.904585634E-03,+85.449218752E-03
+1.175000E-06,+4.672974165442E+00,-708.621295374E-03,-468.357474397E-03,+240.173339846E-03
+1.177500E-06,+4.754239869594E+00,-569.252575690E-03,-509.971796333E-03,+59.204101561E-03
+1.180000E-06,+4.686322155498E+00,-651.303455727E-03,-537.452952324E-03,+113.830566406E-03
+1.182500E-06,+4.694566502294E+00,-675.251320239E-03,-467.572298511E-03,+207.519531253E-03
+1.185000E-06,+4.771906327019E+00,-557.867525351E-03,-528.816017585E-03,+28.991699220E-03
+1.187500E-06,+4.659233587443E+00,-557.082349465E-03,-477.779585023E-03,+79.040527347E-03
+1.190000E-06,+4.672188989557E+00,-606.548430258E-03,-400.832348240E-03,+205.383300788E-03
+1.192500E-06,+4.822550171636E+00,-619.503832366E-03,-426.350564521E-03,+192.871093753E-03
+1.195000E-06,+4.772691502905E+00,-597.911495511E-03,-497.408982162E-03,+100.402832031E-03
+1.197500E-06,+4.672974165445E+00,-674.466144350E-03,-483.275816221E-03,+191.040039063E-03
+1.200000E-06,+4.786039492958E+00,-673.288380523E-03,-439.305966634E-03,+233.459472654E-03
+1.202500E-06,+4.782898789419E+00,-567.682223915E-03,-479.742524742E-03,+88.195800774E-03
+1.205000E-06,+4.749136226337E+00,-692.132601775E-03,-536.667776440E-03,+155.334472655E-03
+1.207500E-06,+4.710270020005E+00,-594.378204027E-03,-578.282098371E-03,+16.479492190E-03
+1.210000E-06,+4.760913864620E+00,-559.437877120E-03,-489.557223308E-03,+69.885253905E-03
+1.212500E-06,+4.694566502293E+00,-713.724938628E-03,-513.897675760E-03,+199.584960935E-03
+1.215000E-06,+4.796246779475E+00,-604.978078487E-03,-640.310993328E-03,-34.484863273E-03
+1.217500E-06,+4.718906954747E+00,-664.651445781E-03,-593.593028139E-03,+70.800781251E-03
+1.220000E-06,+4.619582205227E+00,-590.059736657E-03,-640.310993329E-03,-49.743652341E-03
+1.222500E-06,+4.804491126268E+00,-684.673430865E-03,-558.652701236E-03,+125.732421875E-03
+1.225000E-06,+4.749921402227E+00,-633.244410362E-03,-598.696671397E-03,+34.484863282E-03
+1.227500E-06,+4.731862356857E+00,-637.955465673E-03,-684.280842919E-03,-45.471191406E-03
+1.230000E-06,+4.735788236288E+00,-789.494411584E-03,-731.391396051E-03,+58.288574222E-03
+1.232500E-06,+4.688285095210E+00,-729.035868396E-03,-619.896420307E-03,+109.252929686E-03
+1.235000E-06,+4.723225422116E+00,-587.704209001E-03,-674.858732297E-03,-86.364746096E-03
+1.237500E-06,+4.705558964692E+00,-817.368155520E-03,-745.917149938E-03,+71.411132810E-03
+1.240000E-06,+4.723225422119E+00,-748.665265535E-03,-650.518279842E-03,+97.961425782E-03
+1.242500E-06,+4.714588487377E+00,-723.539637197E-03,-746.309737877E-03,-21.972656250E-03
+1.245000E-06,+4.848853563800E+00,-733.746923710E-03,-752.591144964E-03,-18.005371094E-03
+1.247500E-06,+4.718514366801E+00,-661.903330182E-03,-698.806596806E-03,-36.621093754E-03
+1.250000E-06,+4.765624919935E+00,-698.414008859E-03,-839.745668256E-03,-140.686035156E-03
+1.252500E-06,+4.733825296570E+00,-734.139511652E-03,-777.324185357E-03,-42.419433594E-03
+1.255000E-06,+4.833935221975E+00,-649.733103963E-03,-754.946672622E-03,-104.675292966E-03
+1.257500E-06,+4.713410723548E+00,-563.756344491E-03,-817.760743461E-03,-252.990722654E-03
+1.260000E-06,+4.745210346911E+00,-577.496922489E-03,-859.375065395E-03,-281.066894529E-03
+1.262500E-06,+4.740499291598E+00,-699.591772692E-03,-894.315392302E-03,-194.091796871E-03
+1.265000E-06,+4.752276929881E+00,-651.303455729E-03,-760.442903822E-03,-108.337402347E-03
+1.267500E-06,+4.748351050453E+00,-652.873807498E-03,-866.049060426E-03,-212.402343755E-03
+1.270000E-06,+4.747565874568E+00,-712.547174802E-03,-938.677829836E-03,-225.524902342E-03
+1.272500E-06,+4.825298287238E+00,-752.198557019E-03,-875.471171052E-03,-122.680664065E-03
+1.275000E-06,+4.769550799361E+00,-640.310993329E-03,-843.671547689E-03,-202.331542974E-03
+1.277500E-06,+4.694173914354E+00,-763.976195302E-03,-913.159613557E-03,-148.315429690E-03
+1.280000E-06,+4.720084718573E+00,-748.665265536E-03,-865.656472481E-03,-116.271972656E-03
+1.282500E-06,+4.738928939828E+00,-677.606847896E-03,-897.063507901E-03,-218.505859372E-03
+1.285000E-06,+4.714588487375E+00,-864.086120705E-03,-785.568532160E-03,+78.430175773E-03
+1.287500E-06,+4.668655698074E+00,-694.095541489E-03,-804.020165468E-03,-109.252929692E-03
+1.290000E-06,+4.694173914353E+00,-714.902702457E-03,-870.367527789E-03,-154.724121089E-03
+1.292500E-06,+4.688285095207E+00,-677.606847889E-03,-746.702325821E-03,-68.664550786E-03
+1.295000E-06,+4.774261854675E+00,-608.118782026E-03,-638.740641562E-03,-30.212402344E-03
+1.297500E-06,+4.920697157328E+00,-713.332350687E-03,-707.050943599E-03,+6.713867191E-03
+1.300000E-06,+4.676900044872E+00,-577.496922491E-03,-654.444159269E-03,-75.988769526E-03
+1.302500E-06,+4.749136226339E+00,-682.710491153E-03,-726.287752797E-03,-43.029785153E-03
+1.305000E-06,+4.768765623480E+00,-631.674058591E-03,-640.310993332E-03,-8.239746094E-03
+1.307500E-06,+4.698492381724E+00,-639.918405387E-03,-654.444159271E-03,-14.343261721E-03
+1.310000E-06,+4.713018135606E+00,-725.109988968E-03,-623.037123851E-03,+102.233886716E-03
+1.312500E-06,+4.695351678177E+00,-653.658983386E-03,-649.340516017E-03,+4.577636718E-03
+1.315000E-06,+4.742069643371E+00,-632.459234476E-03,-670.932852866E-03,-37.536621093E-03
+1.317500E-06,+4.731469768914E+00,-719.221169828E-03,-597.126319624E-03,+122.070312502E-03
+1.320000E-06,+4.745995522795E+00,-571.215515405E-03,-550.800942380E-03,+20.446777345E-03
+1.322500E-06,+4.822550171635E+00,-580.637626030E-03,-607.726194078E-03,-26.855468746E-03
+1.325000E-06,+4.749136226339E+00,-627.748179161E-03,-560.223053005E-03,+67.443847655E-03
+1.327500E-06,+4.743639995141E+00,-604.585490542E-03,-602.229962885E-03,+2.441406250E-03
+1.330000E-06,+4.616441501686E+00,-641.881345103E-03,-598.696671396E-03,+43.029785158E-03
+1.332500E-06,+4.751099166053E+00,-635.207350071E-03,-568.467399805E-03,+67.138671870E-03
+1.335000E-06,+4.745995522797E+00,-630.888882707E-03,-656.799686924E-03,-25.329589839E-03
+1.337500E-06,+4.796639367412E+00,-631.674058590E-03,-542.949183524E-03,+88.500976562E-03
+1.340000E-06,+4.709877432062E+00,-648.162752184E-03,-555.511997694E-03,+92.468261715E-03
+1.342500E-06,+4.766802683763E+00,-659.155214586E-03,-584.170917514E-03,+75.073242191E-03
+1.345000E-06,+4.704381200864E+00,-619.111244420E-03,-616.755716763E-03,+2.136230469E-03
+1.347500E-06,+4.769943387303E+00,-599.481847285E-03,-541.771419696E-03,+57.678222659E-03
+1.350000E-06,+4.685536979612E+00,-712.547174800E-03,-574.356218943E-03,+138.244628909E-03
+1.352500E-06,+4.724403185946E+00,-621.859360021E-03,-544.126947352E-03,+77.514648438E-03
+1.355000E-06,+4.754632457536E+00,-575.141394833E-03,-541.378831756E-03,+33.874511718E-03
+1.357500E-06,+4.617226677568E+00,-733.354335766E-03,-508.008856616E-03,+225.219726563E-03
+1.360000E-06,+4.822942759577E+00,-723.539637195E-03,-490.342399194E-03,+232.849121090E-03
+1.362500E-06,+4.725580949774E+00,-631.281470648E-03,-588.096796946E-03,+43.334960935E-03
+1.365000E-06,+4.757773161078E+00,-669.362501094E-03,-579.852450146E-03,+89.416503903E-03
+1.367500E-06,+4.767195271708E+00,-644.236872757E-03,-491.127575081E-03,+152.893066403E-03
+1.370000E-06,+4.748351050453E+00,-498.194158050E-03,-725.895164851E-03,-226.745605463E-03
+1.372500E-06,+4.773476678793E+00,-650.125691900E-03,-594.770791967E-03,+55.236816408E-03
+1.375000E-06,+4.775047030560E+00,-638.740641562E-03,-590.844912543E-03,+47.912597657E-03
+1.377500E-06,+4.787609844727E+00,-709.406471259E-03,-627.355591217E-03,+81.787109378E-03
+1.380000E-06,+4.688677683152E+00,-678.784611721E-03,-612.829837337E-03,+65.612792967E-03
+1.382500E-06,+4.790750548269E+00,-606.941018196E-03,-645.022048643E-03,-37.536621092E-03
+1.385000E-06,+4.782113613529E+00,-582.993153688E-03,-634.814762132E-03,-50.964355467E-03
+1.387500E-06,+4.719692130632E+00,-645.414636587E-03,-682.710491148E-03,-36.621093749E-03
+1.390000E-06,+4.629004315851E+00,-767.509486787E-03,-626.177827391E-03,+141.296386718E-03
+1.392500E-06,+4.719299542685E+00,-659.547802522E-03,-670.540264923E-03,-10.681152346E-03
+1.395000E-06,+4.770335975245E+00,-615.185364992E-03,-688.206722352E-03,-72.326660161E-03
+1.397500E-06,+4.640389366192E+00,-781.642652731E-03,-758.087376162E-03,+24.108886721E-03
+1.400000E-06,+4.847283212028E+00,-667.006973438E-03,-790.279587467E-03,-122.375488281E-03
+1.402500E-06,+4.693388738466E+00,-608.511369969E-03,-781.642652733E-03,-172.424316409E-03
+1.405000E-06,+4.772691502898E+00,-784.783356267E-03,-827.968029973E-03,-42.419433595E-03
+1.407500E-06,+4.697314617892E+00,-639.918405386E-03,-740.028330794E-03,-99.182128907E-03
+1.410000E-06,+4.641567130022E+00,-672.503204638E-03,-883.715517847E-03,-210.266113279E-03
+1.412500E-06,+4.685929567551E+00,-728.250692512E-03,-746.702325821E-03,-18.005371092E-03
+1.415000E-06,+4.823727935465E+00,-634.029586250E-03,-743.169034339E-03,-108.337402343E-03
+1.417500E-06,+4.782113613535E+00,-579.459862199E-03,-744.739386103E-03,-164.489746091E-03
+1.420000E-06,+4.733432708628E+00,-692.132601774E-03,-805.983105179E-03,-113.220214846E-03
+1.422500E-06,+4.727936477427E+00,-732.176571941E-03,-756.124436449E-03,-23.498535155E-03
+1.425000E-06,+4.774261854673E+00,-707.050943598E-03,-652.873807502E-03,+54.016113275E-03
+1.427500E-06,+4.694173914354E+00,-683.888254976E-03,-779.287125072E-03,-94.604492191E-03
+1.430000E-06,+4.779758085874E+00,-731.391396053E-03,-727.465516627E-03,+3.967285155E-03
+1.432500E-06,+4.728329065372E+00,-671.718028752E-03,-692.917777657E-03,-21.057128902E-03
+1.435000E-06,+4.742854819254E+00,-589.274560774E-03,-782.427828613E-03,-192.565917965E-03
+1.437500E-06,+4.701633085265E+00,-746.702325821E-03,-787.924059812E-03,-40.588378907E-03
+1.440000E-06,+4.773476678789E+00,-695.273305315E-03,-724.324813086E-03,-28.381347662E-03
+1.442500E-06,+4.742069643369E+00,-639.133229497E-03,-743.169034341E-03,-103.454589853E-03
+1.445000E-06,+4.724010597999E+00,-820.901446998E-03,-791.849939239E-03,+28.991699213E-03
+1.447500E-06,+4.829616754604E+00,-642.666520986E-03,-667.006973437E-03,-23.498535156E-03
+1.450000E-06,+4.698099793780E+00,-591.630088428E-03,-688.206722348E-03,-96.130371092E-03
+1.452500E-06,+4.735003060399E+00,-725.895164851E-03,-725.502576911E-03,+610.351560E-06
+1.455000E-06,+4.698884969667E+00,-691.347425892E-03,-697.628832974E-03,-5.798339841E-03
+1.457500E-06,+4.668263110126E+00,-721.576697485E-03,-694.880717372E-03,+27.160644535E-03
+1.460000E-06,+4.699670145551E+00,-651.303455728E-03,-773.005717986E-03,-121.154785155E-03
+1.462500E-06,+4.685929567549E+00,-657.584862815E-03,-672.503204637E-03,-14.343261716E-03
+1.465000E-06,+4.738928939827E+00,-583.778329574E-03,-634.814762133E-03,-50.354003905E-03
+1.467500E-06,+4.661589115102E+00,-642.666520987E-03,-793.812878953E-03,-150.451660156E-03
+1.470000E-06,+4.707521904404E+00,-681.925315266E-03,-582.207977800E-03,+99.792480471E-03
+1.472500E-06,+4.628219139966E+00,-617.148304707E-03,-611.259485567E-03,+6.408691405E-03
+1.475000E-06,+4.780543261760E+00,-640.310993332E-03,-648.947928069E-03,-8.239746090E-03
+1.477500E-06,+4.705951552638E+00,-717.650818056E-03,-697.628832977E-03,+20.446777342E-03
+1.480000E-06,+4.775047030558E+00,-623.037123850E-03,-599.481847285E-03,+23.498535154E-03
+1.482500E-06,+4.762484216395E+00,-610.866897625E-03,-649.733103957E-03,-38.146972654E-03
+1.485000E-06,+4.716944015032E+00,-545.304711181E-03,-630.888882704E-03,-85.144042967E-03
+1.487500E-06,+4.681611100180E+00,-651.696043670E-03,-565.719284203E-03,+85.754394532E-03
+1.490000E-06,+4.790750548272E+00,-593.200440198E-03,-709.406471255E-03,-115.661621091E-03
+1.492500E-06,+4.783291377357E+00,-686.243782633E-03,-618.718656475E-03,+67.443847658E-03
+1.495000E-06,+4.698099793779E+00,-589.274560771E-03,-658.370038696E-03,-68.664550778E-03
+1.497500E-06,+4.719692130635E+00,-593.593028143E-03,-628.533355044E-03,-34.484863276E-03
+1.500000E-06,+4.607019391057E+00,-576.711746604E-03,-648.947928072E-03,-71.716308593E-03
+1.502500E-06,+4.715766251204E+00,-645.022048646E-03,-598.696671394E-03,+46.386718755E-03
+1.505000E-06,+4.746780698680E+00,-634.029586249E-03,-541.378831753E-03,+92.468261721E-03
+1.507500E-06,+4.802135598613E+00,-633.636998308E-03,-488.772047424E-03,+144.958496096E-03
+1.510000E-06,+4.742854819254E+00,-706.265767718E-03,-591.630088428E-03,+114.440917969E-03
+1.512500E-06,+4.694959090234E+00,-702.732476230E-03,-558.652701235E-03,+143.737792967E-03
+1.515000E-06,+4.640781954137E+00,-615.185364993E-03,-644.236872757E-03,-28.381347655E-03
+1.517500E-06,+4.636856074705E+00,-713.724938632E-03,-692.917777660E-03,+21.057128911E-03
+1.520000E-06,+4.794676427698E+00,-601.052199053E-03,-547.660238837E-03,+53.405761718E-03
+1.522500E-06,+4.742462231310E+00,-617.540892652E-03,-648.162752186E-03,-30.212402342E-03
+1.525000E-06,+4.773476678788E+00,-771.435366210E-03,-711.761998915E-03,+59.509277338E-03
+1.527500E-06,+4.802528186557E+00,-572.785867173E-03,-696.843657091E-03,-123.291015628E-03
+1.530000E-06,+4.611730446373E+00,-641.881345104E-03,-675.643908178E-03,-33.264160153E-03
+1.532500E-06,+4.763269392278E+00,-704.695415938E-03,-675.643908177E-03,+29.296874997E-03
+1.535000E-06,+4.621152556998E+00,-582.207977806E-03,-565.719284207E-03,+16.174316409E-03
+1.537500E-06,+4.695744266120E+00,-533.527072899E-03,-650.518279840E-03,-115.966796870E-03
+1.540000E-06,+4.748351050456E+00,-599.481847283E-03,-780.857476839E-03,-180.358886716E-03
+1.542500E-06,+4.707521904404E+00,-680.354963497E-03,-685.851194691E-03,-5.187988276E-03
+1.545000E-06,+4.746780698682E+00,-571.215515403E-03,-661.510742239E-03,-89.416503905E-03
+1.547500E-06,+4.742854819255E+00,-559.437877120E-03,-685.066018804E-03,-125.122070311E-03
+1.550000E-06,+4.685536979612E+00,-769.079838557E-03,-730.606220168E-03,+38.146972654E-03
+1.552500E-06,+4.745602934854E+00,-621.859360019E-03,-724.324813084E-03,-101.928710940E-03
+1.555000E-06,+4.617226677569E+00,-616.755716766E-03,-663.081094013E-03,-45.471191406E-03
+1.557500E-06,+4.775832206446E+00,-772.613130045E-03,-631.281470647E-03,+141.296386719E-03
+1.560000E-06,+4.755417633424E+00,-588.489384886E-03,-735.317275477E-03,-146.179199214E-03
+1.562500E-06,+4.764054568166E+00,-604.978078484E-03,-738.850566969E-03,-133.056640626E-03
+1.565000E-06,+4.770335975245E+00,-732.176571939E-03,-788.709235696E-03,-55.847167967E-03
+1.567500E-06,+4.729114241259E+00,-576.711746598E-03,-679.569787610E-03,-102.539062506E-03
+1.570000E-06,+4.716944015030E+00,-678.784611722E-03,-716.473054228E-03,-36.926269532E-03
+1.572500E-06,+4.712232959721E+00,-712.939762743E-03,-748.272677593E-03,-34.790039064E-03
+1.575000E-06,+4.595241752776E+00,-617.540892654E-03,-834.249437057E-03,-215.759277338E-03
+1.577500E-06,+4.678470396638E+00,-729.821044283E-03,-681.140139376E-03,+48.828125003E-03
+1.580000E-06,+4.492383711774E+00,-613.615013222E-03,-729.035868395E-03,-114.440917968E-03
+1.582500E-06,+4.690640622866E+00,-619.503832363E-03,-781.642652725E-03,-161.437988279E-03
+1.585000E-06,+4.797817131240E+00,-671.718028752E-03,-755.731848505E-03,-83.312988281E-03
+1.587500E-06,+4.688677683155E+00,-645.807224534E-03,-728.643280455E-03,-82.092285152E-03
+1.590000E-06,+4.631359843511E+00,-710.976823029E-03,-580.637626032E-03,+130.310058591E-03
+1.592500E-06,+4.597989868374E+00,-577.104334545E-03,-683.103079095E-03,-105.285644534E-03
+1.595000E-06,+4.672974165440E+00,-615.970540879E-03,-663.866269899E-03,-47.302246096E-03
+1.597500E-06,+4.664337230705E+00,-741.598682564E-03,-812.657100205E-03,-70.190429687E-03
+1.600000E-06,+4.698884969662E+00,-572.000691290E-03,-564.148932438E-03,+7.629394528E-03
+1.602500E-06,+4.639211602361E+00,-264.996920047E-03,-529.208605536E-03,-263.366699224E-03
+1.605000E-06,+4.698099793776E+00,+276.774440977E-03,-190.405210923E-03,-466.003417972E-03
+1.607500E-06,+4.708699668231E+00,+996.780728009E-03,-23.947923186E-03,-1.019287109368E+00
+1.610000E-06,+4.734217884514E+00,+1.752119929902E+00,+188.834741796E-03,-1.560974121090E+00
+1.612500E-06,+4.736180824229E+00,+2.414023201416E+00,+497.016276871E-03,-1.914672851563E+00
+1.615000E-06,+4.987044519651E+00,+2.894550843361E+00,+974.010627333E-03,-1.918029785154E+00
+1.617500E-06,+4.926978564413E+00,+3.736651980594E+00,+1.744268171042E+00,-1.989746093745E+00
+1.620000E-06,+4.532427681935E+00,+6.316347352510E+00,+3.257302102469E+00,-3.055114746073E+00
+1.622500E-06,+4.729114241253E+00,+8.865028276988E+00,+4.176350476503E+00,-4.683532714829E+00
+1.625000E-06,+4.855134970888E+00,+10.438520751617E+00,+4.848853622466E+00,-5.583801269526E+00
+1.627500E-06,+4.177920769614E+00,+11.660254429514E+00,+5.933574108328E+00,-5.720520019535E+00
+1.630000E-06,+4.732647532732E+00,+13.747251933270E+00,+7.774418971980E+00,-5.966491699210E+00
+1.632500E-06,+6.041143145990E+00,+15.251648929986E+00,+9.082914585237E+00,-6.161804199227E+00
+1.635000E-06,+4.617226677595E+00,+15.320744407918E+00,+10.303470499303E+00,-5.011901855486E+00
+1.637500E-06,+2.928313347779E+00,+16.135756977091E+00,+11.533055936056E+00,-4.597473144533E+00
+1.640000E-06,+3.701711595012E+00,+18.152088651149E+00,+13.046875043378E+00,-5.099792480463E+00
+1.642500E-06,+4.561086601753E+00,+18.914101848083E+00,+14.317289626183E+00,-4.591674804697E+00
+1.645000E-06,+3.731548278687E+00,+18.663238152661E+00,+15.440876318391E+00,-3.218688964860E+00
+1.647500E-06,+3.836369259387E+00,+19.655307884023E+00,+16.467101200796E+00,-3.184509277338E+00
+1.650000E-06,+3.882302048704E+00,+20.714117565678E+00,+17.257773317538E+00,-3.452453613276E+00
+1.652500E-06,+3.222361716906E+00,+20.835819827954E+00,+18.391959884191E+00,-2.440795898459E+00
+1.655000E-06,+2.962075910857E+00,+20.862515808047E+00,+19.414651475108E+00,-1.445617675786E+00
+1.657500E-06,+2.610317114126E+00,+21.651617573009E+00,+20.246937913785E+00,-1.402587890619E+00
+1.660000E-06,+3.302057069280E+00,+22.359846221774E+00,+20.790279626581E+00,-1.567687988280E+00
+1.662500E-06,+4.513583460669E+00,+22.220084914150E+00,+21.396042822270E+00,-822.448730475E-03
+1.665000E-06,+4.961918891314E+00,+22.248351246029E+00,+22.145493205017E+00,-102.233886726E-03
+1.667500E-06,+4.703203437038E+00,+22.730841827685E+00,+22.651539063251E+00,-79.040527339E-03
+1.670000E-06,+4.693388738470E+00,+22.892980648059E+00,+22.938520849418E+00,+45.471191404E-03
+1.672500E-06,+4.433102932413E+00,+22.914180396970E+00,+23.061400875503E+00,+147.094726556E-03
+1.675000E-06,+4.042477929358E+00,+22.861573612638E+00,+23.338960551044E+00,+476.989746091E-03
+1.677500E-06,+3.887798279907E+00,+23.132066705206E+00,+23.548209924538E+00,+415.954589839E-03
+1.680000E-06,+3.931768129489E+00,+23.395493214806E+00,+23.693860051311E+00,+298.156738281E-03
+1.682500E-06,+4.004396898904E+00,+23.256124495120E+00,+23.600816708873E+00,+344.238281251E-03
+1.685000E-06,+3.742540741080E+00,+23.053941704598E+00,+23.580009547906E+00,+525.817871090E-03
+1.687500E-06,+3.717807700685E+00,+23.371152762349E+00,+23.725267086732E+00,+353.698730473E-03
+1.690000E-06,+4.253690242556E+00,+23.453596230337E+00,+23.878376384407E+00,+424.499511712E-03
+1.692500E-06,+4.203046397947E+00,+23.262405902212E+00,+23.683260176856E+00,+420.532226558E-03
+1.695000E-06,+3.846969133855E+00,+23.315405274477E+00,+23.756674122149E+00,+440.979003906E-03
+1.697500E-06,+3.822628681399E+00,+23.589431658531E+00,+23.823021484483E+00,+233.154296879E-03
+1.700000E-06,+3.799073404838E+00,+23.579224372019E+00,+23.772377639862E+00,+193.176269532E-03
+1.702500E-06,+3.818702801978E+00,+23.282427887284E+00,+23.780229398719E+00,+497.436523440E-03
+1.705000E-06,+3.980449034394E+00,+23.443388943820E+00,+23.872880153210E+00,+428.771972657E-03
+1.707500E-06,+4.399340369328E+00,+23.473618215416E+00,+23.816347489455E+00,+342.407226564E-03
+1.710000E-06,+4.945430197718E+00,+23.414337436057E+00,+23.797503268201E+00,+382.995605469E-03
+1.712500E-06,+5.300329697986E+00,+23.369189822640E+00,+23.872487565269E+00,+502.624511717E-03
+1.715000E-06,+5.043577183422E+00,+23.477151506901E+00,+23.853250756072E+00,+375.671386717E-03
+1.717500E-06,+5.088724796836E+00,+23.344456782241E+00,+23.795147740544E+00,+450.439453128E-03
+1.720000E-06,+5.137013113794E+00,+23.386071104178E+00,+23.763740705122E+00,+377.502441405E-03
+1.722500E-06,+5.046325299022E+00,+23.432396481420E+00,+23.876020856750E+00,+443.115234375E-03
+1.725000E-06,+4.873194016253E+00,+23.443388943823E+00,+23.839117590135E+00,+395.202636719E-03
+1.727500E-06,+5.032584721015E+00,+23.484610677810E+00,+23.968671611243E+00,+483.703613279E-03
+1.730000E-06,+5.147220400308E+00,+23.547817336599E+00,+24.108432918873E+00,+559.997558593E-03
+1.732500E-06,+4.879868011282E+00,+23.448099999136E+00,+24.130417843668E+00,+681.457519530E-03
+1.735000E-06,+4.736573412176E+00,+23.616127638635E+00,+24.217572366966E+00,+600.891113289E-03
+1.737500E-06,+4.605449039290E+00,+23.670697362688E+00,+24.417399629836E+00,+745.849609376E-03
+1.740000E-06,+4.420932706187E+00,+23.634186684011E+00,+24.539494480035E+00,+904.235839841E-03
+1.742500E-06,+4.373429565107E+00,+23.495603140208E+00,+24.611338073560E+00,+1.114501953126E+00
+1.745000E-06,+4.431925168581E+00,+23.490499496953E+00,+24.767195486842E+00,+1.275329589845E+00
+1.747500E-06,+4.506124289765E+00,+23.524654647978E+00,+24.800958049921E+00,+1.275024414061E+00
+1.750000E-06,+4.592101049231E+00,+23.342886430478E+00,+24.706736943657E+00,+1.362609863278E+00
+1.752500E-06,+4.607804566949E+00,+23.484218089867E+00,+24.657270862870E+00,+1.171875000007E+00
+1.755000E-06,+4.543420144326E+00,+23.563520854309E+00,+24.585034681398E+00,+1.020202636721E+00
+1.757500E-06,+4.552449667015E+00,+23.335034671620E+00,+24.424073624863E+00,+1.087951660156E+00
+1.760000E-06,+4.401303309045E+00,+23.353878892870E+00,+24.108432918881E+00,+754.089355476E-03
+1.762500E-06,+4.402873660820E+00,+23.249843088036E+00,+23.991441711934E+00,+740.966796881E-03
+1.765000E-06,+4.404444012581E+00,+23.174073615086E+00,+23.803784675287E+00,+628.967285155E-03
+1.767500E-06,+4.277638107073E+00,+23.206265826390E+00,+23.520336180612E+00,+313.720703131E-03
+1.770000E-06,+4.464117379888E+00,+23.229035927072E+00,+23.280072359632E+00,+50.964355469E-03
+1.772500E-06,+4.605449039281E+00,+23.129318589610E+00,+23.065326754937E+00,-63.476562501E-03
+1.775000E-06,+4.678470396639E+00,+23.085348740015E+00,+22.934594969995E+00,-149.841308589E-03
+1.777500E-06,+4.830401930491E+00,+23.130496353435E+00,+22.698649616391E+00,-430.908203122E-03
+1.780000E-06,+4.954067132463E+00,+23.061793463448E+00,+22.469770845756E+00,-591.125488276E-03
+1.782500E-06,+4.827261226948E+00,+22.924387683481E+00,+22.286824864422E+00,-636.291503907E-03
+1.785000E-06,+4.724795773888E+00,+23.083778388242E+00,+22.297032150933E+00,-785.217285155E-03
+1.787500E-06,+4.683181451954E+00,+23.039808538657E+00,+22.222047853864E+00,-816.345214848E-03
+1.790000E-06,+4.702810849093E+00,+22.805826124766E+00,+22.199670341127E+00,-605.163574221E-03
+1.792500E-06,+5.043577183415E+00,+22.949120723875E+00,+22.071294083846E+00,-876.464843746E-03
+1.795000E-06,+5.143294520882E+00,+22.900047231029E+00,+21.986102500262E+00,-912.170410155E-03
+1.797500E-06,+5.042399419591E+00,+22.854507029669E+00,+21.968828630779E+00,-884.094238283E-03
+1.800000E-06,+4.859846026203E+00,+22.851366326127E+00,+22.023005766882E+00,-826.721191407E-03
+1.802500E-06,+4.744817758968E+00,+22.971498236613E+00,+22.099167827775E+00,-870.971679691E-03
+1.805000E-06,+4.720084718571E+00,+22.914180396972E+00,+22.077968078871E+00,-834.655761720E-03
+1.807500E-06,+4.620759969056E+00,+22.908684165771E+00,+22.174937300733E+00,-732.421875001E-03
+1.810000E-06,+4.680040748408E+00,+22.889054768635E+00,+22.181611295762E+00,-705.871582033E-03
+1.812500E-06,+4.684359215777E+00,+22.882773361548E+00,+22.309987553043E+00,-571.594238285E-03
+1.815000E-06,+4.745210346908E+00,+23.016253262085E+00,+22.275047226139E+00,-740.051269527E-03
+1.817500E-06,+4.627041376137E+00,+23.018608789743E+00,+22.413238181997E+00,-604.248046870E-03
+1.820000E-06,+4.533212857820E+00,+22.948728135933E+00,+22.417949237307E+00,-529.479980470E-03
+1.822500E-06,+4.683966627844E+00,+22.828596225441E+00,+22.434045342959E+00,-393.676757811E-03
+1.825000E-06,+4.625078436423E+00,+22.973853764266E+00,+22.526303509513E+00,-446.472167965E-03
+1.827500E-06,+4.592493637180E+00,+22.964431653642E+00,+22.561636424361E+00,-401.611328125E-03
+1.830000E-06,+4.619582205228E+00,+22.762641451062E+00,+22.664494465368E+00,-97.351074220E-03
+1.832500E-06,+4.559123662037E+00,+22.891802884229E+00,+22.659783410049E+00,-231.323242190E-03
+1.835000E-06,+4.699670145551E+00,+22.805826124769E+00,+22.546718082538E+00,-258.483886722E-03
+1.837500E-06,+4.786039492961E+00,+22.801507657397E+00,+22.644472480289E+00,-156.250000000E-03
+1.840000E-06,+4.926585976468E+00,+22.848225622587E+00,+22.580480645616E+00,-267.028808596E-03
+1.842500E-06,+4.782506201475E+00,+22.923602507593E+00,+22.660175997994E+00,-262.451171875E-03
+1.845000E-06,+4.888112358078E+00,+22.823099994247E+00,+22.761856275170E+00,-60.729980474E-03
+1.847500E-06,+4.719692130633E+00,+22.934987557934E+00,+22.722597480894E+00,-211.791992189E-03
+1.850000E-06,+4.574042003866E+00,+23.025675372716E+00,+22.813677883618E+00,-210.876464846E-03
+1.852500E-06,+4.661981703039E+00,+22.988379518160E+00,+22.764211802831E+00,-223.388671882E-03
+1.855000E-06,+4.731862356858E+00,+22.900832406915E+00,+22.958935422442E+00,+58.288574215E-03
+1.857500E-06,+4.958385599837E+00,+22.928313562908E+00,+22.956187306851E+00,+28.076171880E-03
+1.860000E-06,+4.752276929885E+00,+22.841159039616E+00,+23.090059795328E+00,+248.718261715E-03
+1.862500E-06,+4.805276302161E+00,+22.963646477754E+00,+23.061793463446E+00,+97.961425780E-03
+1.865000E-06,+4.811950297180E+00,+22.951868839475E+00,+23.177214318624E+00,+224.914550781E-03
+1.867500E-06,+4.564227305294E+00,+22.905543462230E+00,+23.261620726317E+00,+355.529785151E-03
+1.870000E-06,+4.613300798141E+00,+22.760285923406E+00,+23.371937938241E+00,+611.267089843E-03
+1.872500E-06,+4.699277557609E+00,+22.898084291311E+00,+23.491284672840E+00,+592.651367191E-03
+1.875000E-06,+4.647848537104E+00,+22.920461804054E+00,+23.554883919566E+00,+633.850097652E-03
+1.877500E-06,+4.710270020007E+00,+22.833699868702E+00,+23.573728140822E+00,+739.440917967E-03
+1.880000E-06,+4.714588487374E+00,+22.878847482121E+00,+23.576868844364E+00,+697.326660155E-03
+1.882500E-06,+4.722047658288E+00,+23.004475623807E+00,+23.529758291235E+00,+524.902343752E-03
+1.885000E-06,+4.638426426477E+00,+22.797189190030E+00,+23.567446733739E+00,+769.348144526E-03
+1.887500E-06,+4.691425798750E+00,+22.910254517544E+00,+23.566268969910E+00,+655.212402341E-03
+1.890000E-06,+4.689462859040E+00,+22.931454266452E+00,+23.579224372022E+00,+647.277832031E-03
+1.892500E-06,+4.650596652704E+00,+22.933417206168E+00,+23.606705528016E+00,+672.607421873E-03
+1.895000E-06,+4.609374918711E+00,+22.881203009774E+00,+23.579224372021E+00,+697.326660158E-03
+1.897500E-06,+4.619189617278E+00,+22.810929768020E+00,+23.548995100429E+00,+737.304687502E-03
+1.900000E-06,+4.698884969663E+00,+22.838018336074E+00,+23.578439196135E+00,+739.440917967E-03
+1.902500E-06,+4.709877432062E+00,+22.819959290699E+00,+23.358197360246E+00,+537.719726571E-03
+1.905000E-06,+4.735003060400E+00,+22.763426626948E+00,+23.382930400636E+00,+618.591308591E-03
+1.907500E-06,+4.661196527160E+00,+22.822314818361E+00,+23.351130777273E+00,+528.259277345E-03
+1.910000E-06,+4.683181451953E+00,+22.753219340435E+00,+23.339745726930E+00,+586.242675778E-03
+1.912500E-06,+4.614478561966E+00,+22.787374491454E+00,+23.159940449141E+00,+372.009277342E-03
+1.915000E-06,+4.725580949772E+00,+22.873351250919E+00,+23.175643966853E+00,+301.818847657E-03
+1.917500E-06,+4.675722281039E+00,+22.647613183829E+00,+23.008794091178E+00,+360.717773438E-03
+1.920000E-06,+4.754632457541E+00,+22.801115069449E+00,+23.082208036477E+00,+281.066894536E-03
+1.922500E-06,+4.748351050452E+00,+22.697864440503E+00,+22.938913437367E+00,+240.783691410E-03
+1.925000E-06,+4.734217884513E+00,+22.574984414421E+00,+22.781485672314E+00,+205.993652340E-03
+1.927500E-06,+4.672974165443E+00,+22.676664691595E+00,+22.730449239756E+00,+53.710937502E-03
+1.930000E-06,+4.591315873347E+00,+22.675486927763E+00,+22.612672856924E+00,-61.950683590E-03
+1.932500E-06,+4.551271903180E+00,+22.657820470341E+00,+22.570665947042E+00,-86.364746098E-03
+1.935000E-06,+4.683181451951E+00,+22.701397731983E+00,+22.561636424364E+00,-138.854980462E-03
+1.937500E-06,+4.642744893848E+00,+22.726915948264E+00,+22.479585544327E+00,-246.582031242E-03
+1.940000E-06,+4.673759341328E+00,+22.630731902290E+00,+22.440719337988E+00,-189.514160158E-03
+1.942500E-06,+4.736573412173E+00,+22.601287806578E+00,+22.328831774297E+00,-271.301269530E-03
+1.945000E-06,+4.711447783834E+00,+22.552214313735E+00,+22.469770845747E+00,-81.481933601E-03
+1.947500E-06,+4.716158839148E+00,+22.575377002358E+00,+22.355920342350E+00,-218.505859375E-03
+1.950000E-06,+4.676900044872E+00,+22.433652755021E+00,+22.150989436231E+00,-281.677246090E-03
+1.952500E-06,+4.754632457539E+00,+22.588724992415E+00,+22.170226245420E+00,-417.480468752E-03
+1.955000E-06,+4.745210346912E+00,+22.562421600248E+00,+22.121937928457E+00,-439.147949222E-03
+1.957500E-06,+4.664337230699E+00,+22.526696097462E+00,+22.076790315046E+00,-448.913574220E-03
+1.960000E-06,+4.661196527160E+00,+22.450141448617E+00,+21.992383907348E+00,-456.848144531E-03
+1.962500E-06,+4.858668262372E+00,+22.445822981248E+00,+22.026146470420E+00,-418.701171882E-03
+1.965000E-06,+4.852779443229E+00,+22.373194211839E+00,+21.972754510208E+00,-399.475097663E-03
+1.967500E-06,+4.834720397856E+00,+22.496074237923E+00,+21.920932901759E+00,-574.035644537E-03
+1.970000E-06,+4.862986729739E+00,+22.487044715236E+00,+21.975110037863E+00,-510.559082032E-03
+1.972500E-06,+4.724403185945E+00,+22.509422227977E+00,+21.907192323768E+00,-600.891113281E-03
+1.975000E-06,+4.761699040512E+00,+22.510599991798E+00,+21.979035917290E+00,-530.700683592E-03
+1.977500E-06,+4.774261854675E+00,+22.524733157743E+00,+21.916221846452E+00,-607.299804685E-03
+1.980000E-06,+4.745995522796E+00,+22.465844966332E+00,+21.997094962658E+00,-467.834472663E-03
+1.982500E-06,+4.749528814283E+00,+22.502355645005E+00,+22.006909661227E+00,-494.384765627E-03
+1.985000E-06,+4.779758085873E+00,+22.493326122319E+00,+22.073257023552E+00,-419.006347659E-03
+1.987500E-06,+4.688677683155E+00,+22.545147730764E+00,+22.013583656256E+00,-530.395507810E-03
+1.990000E-06,+4.605449039287E+00,+22.297817326825E+00,+22.033998229280E+00,-262.756347659E-03
+1.992500E-06,+4.719692130628E+00,+22.323728131042E+00,+22.137641446171E+00,-185.241699217E-03
+1.995000E-06,+4.751491753996E+00,+22.286039688537E+00,+22.087390189494E+00,-198.059082032E-03
+1.997500E-06,+4.749921402225E+00,+21.867540941547E+00,+21.871074233028E+00,+3.967285152E-03
+2.000000E-06,+4.673759341332E+00,+21.432553500962E+00,+21.806297222474E+00,+373.229980463E-03
+2.002500E-06,+4.751884341938E+00,+20.416143317140E+00,+21.337547218808E+00,+920.715332018E-03
+2.005000E-06,+4.805668890093E+00,+18.967886396268E+00,+20.778501988312E+00,+1.808776855459E+00
+2.007500E-06,+4.786039492958E+00,+17.207914648838E+00,+20.074591806924E+00,+2.863769531231E+00
+2.010000E-06,+4.735003060400E+00,+14.961919028256E+00,+19.016567301162E+00,+4.050598144510E+00
+2.012500E-06,+4.588567757745E+00,+12.212625665043E+00,+17.648005732672E+00,+5.429992675763E+00
+2.015000E-06,+4.570901300320E+00,+9.317289587112E+00,+16.263740646464E+00,+6.939392089827E+00
+2.017500E-06,+4.577182707406E+00,+6.788630647735E+00,+14.657270784657E+00,+7.860717773426E+00
+2.020000E-06,+4.555197782611E+00,+4.395807136549E+00,+12.900832328703E+00,+8.496398925771E+00
+2.022500E-06,+4.418577178526E+00,+2.914572828456E+00,+11.566425911227E+00,+8.643493652355E+00
+2.025000E-06,+4.538709089012E+00,+2.947942803582E+00,+10.442446631073E+00,+7.486877441423E+00
+2.027500E-06,+4.738536351880E+00,+3.521121200026E+00,+9.037374383910E+00,+5.510864257838E+00
+2.030000E-06,+4.890467885738E+00,+3.454381249763E+00,+7.635442840273E+00,+4.176940917981E+00
+2.032500E-06,+4.940326554473E+00,+3.328753108074E+00,+6.487515695611E+00,+3.155517578137E+00
+2.035000E-06,+5.376491758876E+00,+2.917320944055E+00,+5.446372471380E+00,+2.526550292971E+00
+2.037500E-06,+5.694880580472E+00,+2.050094178483E+00,+4.426428996066E+00,+2.373962402342E+00
+2.040000E-06,+5.429098543218E+00,+1.072942788930E+00,+3.876020700298E+00,+2.800598144523E+00
+2.042500E-06,+4.742069643376E+00,+738.850449624E-03,+3.002905115582E+00,+2.261962890630E+00
+2.045000E-06,+4.749136226333E+00,+679.569670266E-03,+2.171403852793E+00,+1.490173339845E+00
+2.047500E-06,+4.552842254954E+00,+676.036378779E-03,+1.681846688160E+00,+1.004943847661E+00
+2.050000E-06,+4.397377429619E+00,+509.971678988E-03,+1.111416407316E+00,+600.891113286E-03
+2.052500E-06,+3.833621143807E+00,+303.470421095E-03,+564.148815093E-03,+260.314941405E-03
+2.055000E-06,+2.764996763597E+00,+140.939012776E-03,+53.784489494E-03,-86.364746081E-03
+2.057500E-06,+2.165514974976E+00,-173.523929373E-03,-258.715512952E-03,-84.533691403E-03
+2.060000E-06,+2.137641231033E+00,-213.175311600E-03,-414.965514180E-03,-201.110839840E-03
+2.062500E-06,+2.633872390691E+00,-227.308477545E-03,-566.897048028E-03,-338.745117175E-03
+2.065000E-06,+3.687578429075E+00,-194.331090344E-03,-568.074811860E-03,-372.619628906E-03
+2.067500E-06,+5.060851052878E+00,-218.278954849E-03,-636.385113904E-03,-416.870117193E-03
+2.070000E-06,+6.044676437478E+00,-352.936619222E-03,-592.415264313E-03,-238.342285158E-03
+2.072500E-06,+6.321450937137E+00,-358.825438364E-03,-533.527072897E-03,-173.950195313E-03
+2.075000E-06,+5.880574677406E+00,-334.092397971E-03,-516.253203416E-03,-181.579589843E-03
+2.077500E-06,+4.965452182813E+00,-526.853077869E-03,-519.001319015E-03,+8.239746092E-03
+2.080000E-06,+4.730292005086E+00,-319.959232032E-03,-509.971796332E-03,-189.514160156E-03
+2.082500E-06,+5.086369269171E+00,-428.706092179E-03,-538.630716153E-03,-109.252929687E-03
+2.085000E-06,+5.680354826583E+00,-510.756972212E-03,-714.902702453E-03,-203.552246095E-03
+2.087500E-06,+6.213489252868E+00,-518.608731069E-03,-682.710491150E-03,-163.269042972E-03
+2.090000E-06,+6.354035736380E+00,-462.076067316E-03,-926.115015667E-03,-462.951660153E-03
+2.092500E-06,+6.129868021059E+00,-465.216770851E-03,-981.862503538E-03,-515.441894533E-03
+2.095000E-06,+5.773790756970E+00,-495.053454510E-03,-1.072157730380E+00,-575.866699217E-03
+2.097500E-06,+4.909312106999E+00,-469.535238225E-03,-1.179334238754E+00,-708.618164063E-03
+2.100000E-06,+4.036196522285E+00,-511.542148102E-03,-1.316347430776E+00,-803.527832026E-03
+2.102500E-06,+3.638897524189E+00,-420.461745379E-03,-1.218200445092E+00,-796.203613286E-03
+2.105000E-06,+3.243168877877E+00,-439.305966635E-03,-1.236259490455E+00,-795.593261715E-03
+2.107500E-06,+3.149340359551E+00,-536.275188497E-03,-1.270414641480E+00,-732.727050784E-03
+2.110000E-06,+3.408840989723E+00,-691.347425887E-03,-1.302999440725E+00,-610.656738285E-03
+2.112500E-06,+4.015389361297E+00,-569.645163639E-03,-1.263348058503E+00,-692.443847646E-03
+2.115000E-06,+4.600737983967E+00,-597.126319623E-03,-1.273162757076E+00,-674.743652347E-03
+2.117500E-06,+5.007066504737E+00,-758.087376157E-03,-1.431375698008E+00,-671.997070313E-03
+2.120000E-06,+5.111887485459E+00,-707.836119485E-03,-1.529130095764E+00,-820.007324223E-03
+2.122500E-06,+4.816661352502E+00,-747.094913764E-03,-1.842022686148E+00,-1.093444824218E+00
+2.125000E-06,+4.615656325796E+00,-919.833608577E-03,-1.949199194528E+00,-1.027526855478E+00
+2.127500E-06,+4.650596652699E+00,-876.256346932E-03,-2.231862513316E+00,-1.353759765625E+00
+2.130000E-06,+4.831579694314E+00,-788.709235700E-03,-2.410097439337E+00,-1.618957519528E+00
+2.132500E-06,+5.039651303984E+00,-915.907729152E-03,-2.563991912903E+00,-1.645812988285E+00
+2.135000E-06,+5.381202814195E+00,-839.745668263E-03,-2.678627592191E+00,-1.836242675777E+00
+2.137500E-06,+5.433809598530E+00,-919.441020641E-03,-2.675094300703E+00,-1.753234863277E+00
+2.140000E-06,+5.218671405897E+00,-745.524561990E-03,-2.619739400775E+00,-1.871643066408E+00
+2.142500E-06,+4.996074042343E+00,-759.657727936E-03,-2.483118796700E+00,-1.721191406255E+00
+2.145000E-06,+4.996466630283E+00,-636.385113905E-03,-2.139996934716E+00,-1.501770019534E+00
+2.147500E-06,+5.104035726602E+00,-605.763254367E-03,-2.003376330627E+00,-1.395568847655E+00
+2.150000E-06,+5.126805827285E+00,-743.169034334E-03,-1.592729342491E+00,-848.083496097E-03
+2.152500E-06,+5.350580954659E+00,-570.822927460E-03,-1.136149565058E+00,-564.270019541E-03
+2.155000E-06,+5.516253066507E+00,-446.372549604E-03,-878.219286654E-03,-430.603027347E-03
+2.157500E-06,+5.255574672521E+00,-500.157097764E-03,-576.319158665E-03,-75.378417972E-03
+2.160000E-06,+5.080480450037E+00,-378.062247561E-03,-280.700437758E-03,+97.351074215E-03
+2.162500E-06,+4.855527558833E+00,-418.891393613E-03,-45.147672098E-03,+373.229980467E-03
+2.165000E-06,+4.655700295959E+00,-465.216770852E-03,+181.768158825E-03,+646.057128898E-03
+2.167500E-06,+4.530464742214E+00,-335.270161797E-03,+422.031979803E-03,+756.530761715E-03
+2.170000E-06,+4.554412606726E+00,-284.626317183E-03,+497.408864818E-03,+781.555175785E-03
+2.172500E-06,+4.506516877699E+00,-265.389507981E-03,+681.532609976E-03,+945.739746090E-03
+2.175000E-06,+4.607804566938E+00,-239.086115823E-03,+692.917660316E-03,+931.091308597E-03
+2.177500E-06,+4.597204692488E+00,-288.944784553E-03,+892.744923186E-03,+1.180419921878E+00
+2.180000E-06,+4.596026928666E+00,-345.084860363E-03,+826.397560862E-03,+1.170349121094E+00
+2.182500E-06,+4.572079064153E+00,-291.692900155E-03,+938.285124546E-03,+1.228637695316E+00
+2.185000E-06,+4.357333459461E+00,-360.003202191E-03,+986.573441505E-03,+1.345520019528E+00
+2.187500E-06,+4.195587227034E+00,-314.855588776E-03,+961.840401112E-03,+1.275329589845E+00
+2.190000E-06,+4.312578433980E+00,-349.010739798E-03,+763.583490017E-03,+1.111755371100E+00
+2.192500E-06,+4.538316501068E+00,-329.773930600E-03,+763.190902076E-03,+1.091613769536E+00
+2.195000E-06,+4.747565874568E+00,-242.226819363E-03,+622.251830617E-03,+863.342285157E-03
+2.197500E-06,+5.006281328849E+00,-445.587373712E-03,+636.777584503E-03,+1.081237792967E+00
+2.200000E-06,+5.283841004388E+00,-464.431594965E-03,+469.927708824E-03,+933.532714841E-03
+2.202500E-06,+5.138976053513E+00,-456.187248171E-03,+389.054592614E-03,+844.421386721E-03
+2.205000E-06,+5.010599796226E+00,-531.171545241E-03,+283.841023949E-03,+813.903808594E-03
+2.207500E-06,+4.730684593032E+00,-522.534610502E-03,+186.871802082E-03,+708.618164062E-03
+2.210000E-06,+4.604663863400E+00,-444.017021944E-03,+62.421424231E-03,+505.676269533E-03
+2.212500E-06,+4.656878059787E+00,-577.496922484E-03,+23.162629953E-03,+599.975585936E-03
+2.215000E-06,+4.753062105761E+00,-583.778329569E-03,+11.384991668E-03,+594.787597654E-03
+2.217500E-06,+4.820194643976E+00,-438.520790744E-03,+14.525695208E-03,+452.575683589E-03
+2.220000E-06,+4.769550799367E+00,-414.180338296E-03,-27.088626728E-03,+386.657714841E-03
+2.222500E-06,+4.729114241255E+00,-575.533982779E-03,-163.316642867E-03,+411.987304691E-03
+2.225000E-06,+4.646278185335E+00,-433.809735437E-03,-45.147672095E-03,+388.488769531E-03
+2.227500E-06,+4.616834089627E+00,-526.067901986E-03,-222.204834276E-03,+303.649902350E-03
+2.230000E-06,+4.758558336966E+00,-666.221797550E-03,-185.694155605E-03,+480.041503901E-03
+2.232500E-06,+4.570116124440E+00,-555.511997694E-03,-234.767648451E-03,+320.434570312E-03
+2.235000E-06,+4.548131199638E+00,-577.496922486E-03,-173.131341440E-03,+403.747558587E-03
+2.237500E-06,+4.671403813667E+00,-695.273305318E-03,-403.973051781E-03,+291.137695314E-03
+2.240000E-06,+4.654915120077E+00,-562.578580664E-03,-482.490640337E-03,+80.261230470E-03
+2.242500E-06,+4.705951552633E+00,-593.200440198E-03,-568.859987743E-03,+24.719238285E-03
+2.245000E-06,+4.786824668842E+00,-663.866269897E-03,-762.798431471E-03,-97.961425777E-03
+2.247500E-06,+4.822157583693E+00,-618.718656478E-03,-872.723055449E-03,-252.990722655E-03
+2.250000E-06,+4.697314617895E+00,-700.769536518E-03,-1.019550946047E+00,-317.687988281E-03
+2.252500E-06,+4.645493009445E+00,-717.258230112E-03,-1.151067906873E+00,-432.739257813E-03
+2.255000E-06,+4.760128688734E+00,-739.243154909E-03,-1.289651450671E+00,-549.011230468E-03
+2.257500E-06,+4.789572784443E+00,-728.250692514E-03,-1.496937884456E+00,-767.517089842E-03
+2.260000E-06,+4.778972909988E+00,-743.169034337E-03,-1.538552206384E+00,-793.762207027E-03
+2.262500E-06,+4.936400675041E+00,-816.582979634E-03,-1.535411502848E+00,-717.468261721E-03
+2.265000E-06,+4.821372407813E+00,-791.849939237E-03,-1.635914016195E+00,-842.590332035E-03
+2.267500E-06,+4.781721025592E+00,-715.295290399E-03,-1.781564142961E+00,-1.064453124999E+00
+2.270000E-06,+4.691818386693E+00,-912.767025611E-03,-1.755260750800E+00,-840.759277350E-03
+2.272500E-06,+4.795069015641E+00,-819.723683174E-03,-1.884029596024E+00,-1.062622070314E+00
+2.275000E-06,+4.907741755219E+00,-754.161496734E-03,-1.728564770693E+00,-972.595214848E-03
+2.277500E-06,+4.985081579943E+00,-822.471798777E-03,-1.668106227500E+00,-844.421386716E-03
+2.280000E-06,+4.983118640226E+00,-754.161496734E-03,-1.748194167830E+00,-992.736816409E-03
+2.282500E-06,+4.961526303378E+00,-740.028330791E-03,-1.633558488543E+00,-892.028808602E-03
+2.285000E-06,+4.979977936687E+00,-868.797176017E-03,-1.564463010613E+00,-694.274902352E-03
+2.287500E-06,+4.763269392279E+00,-740.028330786E-03,-1.522848688675E+00,-781.250000006E-03
+2.290000E-06,+4.806454065984E+00,-711.761998917E-03,-1.580951704206E+00,-867.614746091E-03
+2.292500E-06,+4.769550799360E+00,-734.924687539E-03,-1.439227456872E+00,-702.819824223E-03
+2.295000E-06,+4.789180196496E+00,-634.029586251E-03,-1.346184114434E+00,-710.754394530E-03
+2.297500E-06,+4.807631829813E+00,-730.606220168E-03,-1.295147681867E+00,-563.354492184E-03
+2.300000E-06,+4.760913864626E+00,-596.341143742E-03,-1.211919038002E+00,-614.318847653E-03
+2.302500E-06,+4.926193388532E+00,-661.903330187E-03,-1.144001323905E+00,-480.957031247E-03
+2.305000E-06,+4.815091000728E+00,-690.562250007E-03,-947.314764583E-03,-256.042480473E-03
+2.307500E-06,+4.791143136214E+00,-563.363756548E-03,-957.914639030E-03,-393.676757811E-03
+2.310000E-06,+4.729506829200E+00,-718.043405999E-03,-892.352452587E-03,-173.645019530E-03
+2.312500E-06,+4.729506829200E+00,-597.126319624E-03,-721.184109543E-03,-123.291015628E-03
+2.315000E-06,+4.709092256177E+00,-596.341143741E-03,-575.926570722E-03,+20.446777338E-03
+2.317500E-06,+4.683181451955E+00,-678.784611720E-03,-608.903957911E-03,+69.580078121E-03
+2.320000E-06,+4.843357332606E+00,-648.947928071E-03,-443.231846064E-03,+205.383300777E-03
+2.322500E-06,+4.902245524017E+00,-594.378204026E-03,-503.297801305E-03,+90.942382812E-03
+2.325000E-06,+4.885756830420E+00,-667.792149320E-03,-239.086115826E-03,+428.161621083E-03
+2.327500E-06,+4.829616754605E+00,-544.126947351E-03,-229.271417249E-03,+314.331054688E-03
+2.330000E-06,+4.775047030563E+00,-495.053454508E-03,-259.500688843E-03,+235.290527346E-03
+2.332500E-06,+4.711447783835E+00,-569.252575689E-03,-87.154581970E-03,+481.567382810E-03
+2.335000E-06,+4.782113613529E+00,-592.415264316E-03,-118.954205331E-03,+472.717285161E-03
+2.337500E-06,+4.778580322041E+00,-433.024559547E-03,-68.702948657E-03,+364.074707031E-03
+2.340000E-06,+4.747565874568E+00,-519.393906955E-03,+42.792027088E-03,+561.828613278E-03
+2.342500E-06,+4.776224794390E+00,-622.251947968E-03,+62.814012169E-03,+684.204101566E-03
+2.345000E-06,+4.749921402226E+00,-477.779585021E-03,+150.361123405E-03,+627.746582026E-03
+2.347500E-06,+4.792320900048E+00,-478.172172971E-03,+96.183987306E-03,+573.730468755E-03
+2.350000E-06,+4.715373663262E+00,-681.140139374E-03,+160.568409921E-03,+840.759277340E-03
+2.352500E-06,+4.762876804336E+00,-528.030841698E-03,+239.478586416E-03,+766.601562499E-03
+2.355000E-06,+4.724010598002E+00,-536.667776438E-03,+162.923937578E-03,+699.157714844E-03
+2.357500E-06,+4.685536979608E+00,-547.660238831E-03,+221.026953104E-03,+767.822265617E-03
+2.360000E-06,+4.621937732883E+00,-553.156470031E-03,+258.715395612E-03,+810.852050776E-03
+2.362500E-06,+4.770335975248E+00,-489.949811253E-03,+254.789516184E-03,+744.018554691E-03
+2.365000E-06,+4.676114868986E+00,-532.741897009E-03,+184.908862374E-03,+716.857910156E-03
+2.367500E-06,+4.761699040514E+00,-497.408982160E-03,+199.434616251E-03,+696.105957026E-03
+2.370000E-06,+4.859060850310E+00,-525.675314040E-03,+104.035746163E-03,+628.967285156E-03
+2.372500E-06,+4.736573412171E+00,-573.963630998E-03,+61.636248341E-03,+634.765624995E-03
+2.375000E-06,+4.737358588055E+00,-616.755716764E-03,-38.081089119E-03,+578.308105471E-03
+2.377500E-06,+4.635285722941E+00,-579.852450151E-03,-115.813501793E-03,+463.562011723E-03
+2.380000E-06,+4.542634968447E+00,-648.162752183E-03,-137.013250701E-03,+510.559082027E-03
+2.382500E-06,+4.732647532744E+00,-574.356218949E-03,-159.783351376E-03,+414.123535164E-03
+2.385000E-06,+4.716158839146E+00,-581.422801918E-03,-147.220537212E-03,+433.654785158E-03
+2.387500E-06,+4.684751803728E+00,-573.963631004E-03,-383.165890813E-03,+190.734863287E-03
+2.390000E-06,+4.721655070349E+00,-758.872552045E-03,-417.321041836E-03,+341.491699218E-03
+2.392500E-06,+4.737358588066E+00,-672.110616699E-03,-535.882600554E-03,+136.108398441E-03
+2.395000E-06,+4.741284467483E+00,-774.576069756E-03,-641.881345107E-03,+132.751464837E-03
+2.397500E-06,+4.762484216393E+00,-761.228079702E-03,-681.925315267E-03,+79.040527339E-03
+2.400000E-06,+4.659626175390E+00,-676.429084066E-03,-731.391396054E-03,-54.016113281E-03
+2.402500E-06,+4.738143763941E+00,-712.939762744E-03,-931.611246862E-03,-217.590332026E-03
+2.405000E-06,+4.771906327019E+00,-837.390140594E-03,-963.803458172E-03,-125.427246100E-03
+2.407500E-06,+4.769158211424E+00,-678.784611720E-03,-1.030543408448E+00,-350.646972662E-03
+2.410000E-06,+4.713803311491E+00,-675.643908182E-03,-1.114557228195E+00,-437.927246090E-03
+2.412500E-06,+4.673759341322E+00,-791.064763351E-03,-1.194252580576E+00,-402.221679688E-03
+2.415000E-06,+4.763269392279E+00,-703.910240065E-03,-1.282584867704E+00,-577.697753902E-03
+2.417500E-06,+4.803313362437E+00,-747.094913765E-03,-1.387405848416E+00,-639.038085932E-03
+2.420000E-06,+4.756987985198E+00,-740.028330794E-03,-1.390153964023E+00,-649.108886721E-03
+2.422500E-06,+4.743247407197E+00,-800.879461924E-03,-1.372094918654E+00,-570.068359375E-03
+2.425000E-06,+4.839431453174E+00,-741.598682566E-03,-1.353250697404E+00,-610.656738284E-03
+2.427500E-06,+4.766410095829E+00,-794.598054843E-03,-1.441975572462E+00,-646.057128898E-03
+2.430000E-06,+4.727936477428E+00,-804.412753410E-03,-1.385442908710E+00,-580.139160156E-03
+2.432500E-06,+4.811557709243E+00,-752.198557019E-03,-1.389368788133E+00,-635.986328124E-03
+2.435000E-06,+4.824513111349E+00,-751.020793193E-03,-1.467886376690E+00,-715.637207030E-03
+2.437500E-06,+4.829224166668E+00,-833.856849118E-03,-1.408213009390E+00,-573.120117187E-03
+2.440000E-06,+4.950926428919E+00,-714.902702455E-03,-1.402716778189E+00,-686.340332032E-03
+2.442500E-06,+4.778972909992E+00,-732.569159881E-03,-1.334013888206E+00,-600.280761721E-03
+2.445000E-06,+4.787609844733E+00,-850.738130652E-03,-1.241755721655E+00,-390.319824223E-03
+2.447500E-06,+4.861023790029E+00,-667.006973438E-03,-1.268059113823E+00,-599.975585942E-03
+2.450000E-06,+4.768765623479E+00,-737.672803137E-03,-1.253533359936E+00,-514.831542968E-03
+2.452500E-06,+4.977229821092E+00,-714.510114506E-03,-1.190719289094E+00,-475.158691415E-03
+2.455000E-06,+4.839431453177E+00,-666.221797558E-03,-1.143608735962E+00,-476.379394527E-03
+2.457500E-06,+4.630967255568E+00,-729.428456342E-03,-1.128690394136E+00,-398.254394529E-03
+2.460000E-06,+4.757773161080E+00,-726.680340741E-03,-961.447930518E-03,-234.069824220E-03
+2.462500E-06,+4.729506829200E+00,-760.442903820E-03,-969.299689372E-03,-208.129882810E-03
+2.465000E-06,+4.749921402224E+00,-620.681596195E-03,-838.960492372E-03,-217.590332028E-03
+2.467500E-06,+4.769158211422E+00,-714.117526572E-03,-831.501321454E-03,-116.577148431E-03
+2.470000E-06,+4.815876176611E+00,-605.763254373E-03,-756.517024389E-03,-149.841308586E-03
+2.472500E-06,+4.898712232534E+00,-603.015138769E-03,-634.029586250E-03,-30.822753909E-03
+2.475000E-06,+4.881830950992E+00,-548.445414724E-03,-495.838630394E-03,+52.795410155E-03
+2.477500E-06,+4.817446528385E+00,-697.628832974E-03,-519.393906956E-03,+178.222656251E-03
+2.480000E-06,+4.750706578113E+00,-574.356218947E-03,-543.734359409E-03,+30.822753908E-03
+2.482500E-06,+4.770728563189E+00,-647.770164247E-03,-440.483730464E-03,+206.909179689E-03
+2.485000E-06,+4.866127433279E+00,-641.096169217E-03,-481.705464450E-03,+158.996582033E-03
+2.487500E-06,+4.711447783836E+00,-599.481847283E-03,-339.981217113E-03,+259.399414062E-03
+2.490000E-06,+4.939148790633E+00,-598.696671393E-03,-316.818528485E-03,+281.677246093E-03
+2.492500E-06,+4.879475423340E+00,-649.340516016E-03,-327.810990885E-03,+321.350097658E-03
+2.495000E-06,+4.739714115715E+00,-554.726821812E-03,-121.309732993E-03,+433.044433595E-03
+2.497500E-06,+4.727151301546E+00,-553.156470037E-03,-227.308477536E-03,+325.317382814E-03
+2.500000E-06,+4.610945270489E+00,-550.800942379E-03,-93.043401112E-03,+457.458496091E-03
+2.502500E-06,+4.646278185334E+00,-617.933480596E-03,-84.406466371E-03,+533.142089844E-03
+2.505000E-06,+4.743639995141E+00,-718.043405997E-03,-40.436616782E-03,+677.185058588E-03
+2.507500E-06,+4.724403185944E+00,-591.630088423E-03,-13.348048723E-03,+577.697753907E-03
+2.510000E-06,+4.597597280436E+00,-611.259485568E-03,+46.717906515E-03,+657.043457032E-03
+2.512500E-06,+4.687107331377E+00,-553.156470037E-03,-75.769531631E-03,+476.989746092E-03
+2.515000E-06,+4.679255572528E+00,-546.875062951E-03,-45.147672097E-03,+501.403808588E-03
+2.517500E-06,+4.841786980833E+00,-692.917777661E-03,-60.066013916E-03,+632.019042969E-03
+2.520000E-06,+4.824513111347E+00,-566.504460089E-03,-138.583602471E-03,+427.551269530E-03
+2.522500E-06,+4.763269392278E+00,-594.770791972E-03,-123.665260644E-03,+470.581054692E-03
+2.525000E-06,+4.799387483012E+00,-786.353708035E-03,-316.818528482E-03,+469.055175781E-03
+2.527500E-06,+4.732254944799E+00,-543.341771465E-03,-289.729960440E-03,+253.295898434E-03
+2.530000E-06,+4.704381200866E+00,-553.156470037E-03,-341.944156825E-03,+210.876464846E-03
+2.532500E-06,+4.871623664485E+00,-626.963003278E-03,-363.929081620E-03,+262.756347659E-03
+2.535000E-06,+4.873194016251E+00,-586.133857235E-03,-467.572298509E-03,+118.713378916E-03
+2.537500E-06,+4.711840371779E+00,-568.074811863E-03,-450.691016971E-03,+117.492675784E-03
+2.540000E-06,+4.797031955355E+00,-599.481847281E-03,-539.023304094E-03,+60.119628907E-03
+2.542500E-06,+4.658840999498E+00,-696.843657094E-03,-550.408354437E-03,+146.484375003E-03
+2.545000E-06,+4.676114868984E+00,-590.844912545E-03,-546.089887066E-03,+44.860839847E-03
+2.547500E-06,+4.727936477433E+00,-639.918405386E-03,-662.295918126E-03,-21.972656252E-03
+2.550000E-06,+4.709092256179E+00,-718.043406003E-03,-737.672803133E-03,-19.226074210E-03
+2.552500E-06,+4.756595397251E+00,-730.213632225E-03,-697.236245033E-03,+32.958984374E-03
+2.555000E-06,+4.793891251816E+00,-640.310993328E-03,-740.813506683E-03,-99.792480475E-03
+2.557500E-06,+4.771513739075E+00,-760.835491759E-03,-844.849311513E-03,-83.312988282E-03
+2.560000E-06,+4.756987985196E+00,-761.228079700E-03,-911.196673842E-03,-149.230957035E-03
+2.562500E-06,+4.721262482398E+00,-788.709235701E-03,-991.677202113E-03,-202.331542969E-03
+2.565000E-06,+4.851209091452E+00,-843.671547682E-03,-988.929086504E-03,-144.348144528E-03
+2.567500E-06,+4.864164493570E+00,-775.753833588E-03,-1.006988131882E+00,-230.407714846E-03
+2.570000E-06,+4.725580949770E+00,-725.895164856E-03,-1.123979338815E+00,-397.033691396E-03
+2.572500E-06,+4.792713487988E+00,-787.924059809E-03,-1.141645796247E+00,-352.783203127E-03
+2.575000E-06,+4.727151301545E+00,-704.695415948E-03,-1.122408987059E+00,-416.564941410E-03
+2.577500E-06,+4.747173286625E+00,-762.013255591E-03,-1.143608735955E+00,-380.554199210E-03
+2.580000E-06,+4.765624919935E+00,-740.813506682E-03,-1.209563510345E+00,-467.834472652E-03
+2.582500E-06,+4.750313990167E+00,-756.124436449E-03,-1.164415896930E+00,-407.409667969E-03
+2.585000E-06,+4.661981703048E+00,-740.813506680E-03,-1.076083609807E+00,-334.167480471E-03
+2.587500E-06,+4.749136226339E+00,-732.176571939E-03,-1.182474942294E+00,-449.218749998E-03
+2.590000E-06,+4.691818386698E+00,-778.501949184E-03,-1.271592405301E+00,-492.248535154E-03
+2.592500E-06,+4.800957834782E+00,-676.036496119E-03,-1.158919665729E+00,-481.567382816E-03
+2.595000E-06,+4.802528186553E+00,-740.813506679E-03,-1.150675318932E+00,-408.630371095E-03
+2.597500E-06,+4.758165749023E+00,-758.872552049E-03,-1.154208610421E+00,-394.287109377E-03
+2.600000E-06,+4.868482960937E+00,-765.153959129E-03,-1.062735619754E+00,-296.936035161E-03
+2.602500E-06,+4.878297659506E+00,-701.947300342E-03,-1.040750694963E+00,-337.829589854E-03
+2.605000E-06,+4.748351050452E+00,-835.819788827E-03,-1.021121297813E+00,-184.631347655E-03
+2.607500E-06,+4.868090373000E+00,-674.858732291E-03,-967.729337601E-03,-292.053222660E-03
+2.610000E-06,+4.755417633425E+00,-661.510742242E-03,-1.041535870840E+00,-379.333496090E-03
+2.612500E-06,+4.672188989558E+00,-719.221169826E-03,-839.353080315E-03,-119.628906251E-03
+2.615000E-06,+4.797031955356E+00,-731.391396058E-03,-922.189136241E-03,-190.124511716E-03
+2.617500E-06,+4.798602307128E+00,-613.222425281E-03,-915.122553271E-03,-300.903320313E-03
+2.620000E-06,+4.654915120080E+00,-629.318530937E-03,-800.486873977E-03,-170.593261711E-03
+2.622500E-06,+4.764839744050E+00,-690.169662068E-03,-743.561622279E-03,-53.100585932E-03
+2.625000E-06,+4.797031955351E+00,-640.310993332E-03,-626.963003281E-03,+13.122558591E-03
+2.627500E-06,+4.696529442011E+00,-625.392651504E-03,-587.704208997E-03,+37.841796876E-03
+2.630000E-06,+4.759343512851E+00,-765.153959130E-03,-669.362501096E-03,+95.520019530E-03
+2.632500E-06,+4.711055195887E+00,-682.317903210E-03,-531.956721127E-03,+150.146484377E-03
+2.635000E-06,+4.669048286018E+00,-690.562250000E-03,-542.164007640E-03,+148.010253899E-03
+2.637500E-06,+4.742069643372E+00,-725.895164856E-03,-542.164007638E-03,+183.715820314E-03
+2.640000E-06,+4.749921402228E+00,-540.593655870E-03,-363.143905742E-03,+177.307128902E-03
+2.642500E-06,+4.754632457538E+00,-647.377576302E-03,-431.846795714E-03,+215.454101570E-03
+2.645000E-06,+4.790750548271E+00,-696.843657085E-03,-444.017021950E-03,+252.380371086E-03
+2.647500E-06,+4.712625547662E+00,-642.273933042E-03,-408.291519157E-03,+233.764648432E-03
+2.650000E-06,+4.862986729739E+00,-652.088631612E-03,-472.283353822E-03,+179.748535157E-03
+2.652500E-06,+4.744425171022E+00,-661.118154290E-03,-412.217398580E-03,+248.413085932E-03
+2.655000E-06,+4.794676427699E+00,-613.615013226E-03,-351.366267453E-03,+262.145996096E-03
+2.657500E-06,+4.773084090847E+00,-584.170917518E-03,-448.728077259E-03,+135.192871097E-03
+2.660000E-06,+4.808024417755E+00,-527.245665816E-03,-390.625061728E-03,+136.413574223E-03
+2.662500E-06,+4.781328437641E+00,-681.532727331E-03,-416.928453892E-03,+264.282226574E-03
+2.665000E-06,+4.749921402223E+00,-578.282098373E-03,-342.729332715E-03,+235.290527340E-03
+2.667500E-06,+4.777402558218E+00,-605.370666428E-03,-416.535865954E-03,+188.598632814E-03
+2.670000E-06,+4.782113613531E+00,-751.805969076E-03,-467.572298510E-03,+284.118652344E-03
+2.672500E-06,+4.859846026204E+00,-605.370666429E-03,-490.342399190E-03,+114.746093757E-03
+2.675000E-06,+4.774261854674E+00,-604.978078481E-03,-495.838630391E-03,+108.947753907E-03
+2.677500E-06,+4.679648160470E+00,-691.347425889E-03,-429.883856002E-03,+261.230468753E-03
+2.680000E-06,+4.642352305908E+00,-666.221797551E-03,-542.164007637E-03,+124.206542968E-03
+2.682500E-06,+4.695744266120E+00,-602.229962885E-03,-473.068529712E-03,+128.784179689E-03
+2.685000E-06,+4.742854819253E+00,-681.925315264E-03,-439.305966635E-03,+242.614746091E-03
+2.687500E-06,+4.679648160469E+00,-585.741269287E-03,-491.127575080E-03,+94.299316406E-03
+2.690000E-06,+4.641567130023E+00,-666.221797550E-03,-489.557223305E-03,+176.696777342E-03
+2.692500E-06,+4.630967255564E+00,-672.503204640E-03,-545.697299124E-03,+126.647949220E-03
+2.695000E-06,+4.744425171025E+00,-635.599938024E-03,-539.023304097E-03,+96.740722662E-03
+2.697500E-06,+4.773476678789E+00,-643.451696880E-03,-585.348681338E-03,+58.288574231E-03
+2.700000E-06,+4.850423915574E+00,-590.059736657E-03,-552.371294154E-03,+37.536621091E-03
+2.702500E-06,+4.709484844115E+00,-685.066018812E-03,-624.214887673E-03,+61.340332041E-03
+2.705000E-06,+4.705951552636E+00,-627.748179167E-03,-539.808479983E-03,+87.585449223E-03
+2.707500E-06,+4.738928939838E+00,-534.312248787E-03,-647.377576303E-03,-112.304687498E-03
+2.710000E-06,+4.759343512849E+00,-711.761998916E-03,-753.376320848E-03,-41.198730467E-03
+2.712500E-06,+4.747958462511E+00,-641.096169214E-03,-732.176571939E-03,-90.332031253E-03
+2.715000E-06,+4.745210346911E+00,-747.094913762E-03,-712.547174802E-03,+34.484863278E-03
+2.717500E-06,+4.725580949775E+00,-759.657727931E-03,-850.345542711E-03,-90.026855468E-03
+2.720000E-06,+4.745210346909E+00,-676.429084064E-03,-791.849939244E-03,-114.440917975E-03
+2.722500E-06,+4.860631202088E+00,-670.932852869E-03,-916.300317098E-03,-244.445800779E-03
+2.725000E-06,+4.699670145551E+00,-732.176571938E-03,-886.856221392E-03,-154.113769534E-03
+2.727500E-06,+4.831972282264E+00,-694.880717375E-03,-849.167778887E-03,-153.503417972E-03
+2.730000E-06,+4.637641250597E+00,-663.081094014E-03,-875.078583109E-03,-210.876464843E-03
+2.732500E-06,+4.846105448206E+00,-807.553456952E-03,-956.736875203E-03,-148.315429686E-03
+2.735000E-06,+4.857490498540E+00,-761.228079708E-03,-1.025832353127E+00,-263.977050774E-03
+2.737500E-06,+4.730684593031E+00,-609.689133797E-03,-938.285241893E-03,-327.758789061E-03
+2.740000E-06,+4.756202809311E+00,-679.569787607E-03,-927.685367442E-03,-247.497558599E-03
+2.742500E-06,+4.694566502287E+00,-733.354335771E-03,-982.255091487E-03,-247.802734376E-03
+2.745000E-06,+4.802528186555E+00,-632.459234477E-03,-939.463005722E-03,-306.091308593E-03
+2.747500E-06,+4.774654442619E+00,-702.732476230E-03,-853.093658315E-03,-149.536132817E-03
+2.750000E-06,+4.708307080299E+00,-728.250692511E-03,-970.084865255E-03,-240.783691404E-03
+2.752500E-06,+4.758558336965E+00,-690.169662058E-03,-826.790266145E-03,-136.108398440E-03
+2.755000E-06,+4.724010598004E+00,-721.969285423E-03,-845.241899460E-03,-122.375488289E-03
+2.757500E-06,+4.685536979608E+00,-713.724938629E-03,-910.411497958E-03,-195.922851564E-03
+2.760000E-06,+4.811950297175E+00,-685.851194690E-03,-926.900191550E-03,-240.173339843E-03
+2.762500E-06,+4.758165749023E+00,-594.378204023E-03,-867.619412200E-03,-272.216796884E-03
+2.765000E-06,+4.767195271704E+00,-712.547174798E-03,-912.767025609E-03,-199.279785155E-03
+2.767500E-06,+4.789572784437E+00,-670.540264930E-03,-859.767653343E-03,-188.293457029E-03
+2.770000E-06,+4.843357332601E+00,-663.081094009E-03,-921.403960354E-03,-257.263183597E-03
+2.772500E-06,+4.632930195280E+00,-718.828581877E-03,-770.257602391E-03,-50.964355479E-03
+2.775000E-06,+4.638426426480E+00,-559.437877132E-03,-744.739386107E-03,-184.631347643E-03
+2.777500E-06,+4.773869266736E+00,-697.236245031E-03,-810.694160490E-03,-112.915039061E-03
+2.780000E-06,+4.731862356856E+00,-739.243154904E-03,-743.954210223E-03,-3.967285161E-03
+2.782500E-06,+4.756595397250E+00,-679.569787611E-03,-727.072928683E-03,-46.691894528E-03
+2.785000E-06,+4.800172658897E+00,-728.250692506E-03,-645.807224532E-03,+82.092285149E-03
+2.787500E-06,+4.798602307132E+00,-644.629460701E-03,-669.362501095E-03,-24.108886719E-03
+2.790000E-06,+4.899104820475E+00,-714.902702458E-03,-738.457979022E-03,-22.888183592E-03
+2.792500E-06,+4.695351678184E+00,-670.932852861E-03,-553.156470035E-03,+117.797851558E-03
+2.795000E-06,+4.751491753992E+00,-560.223053012E-03,-647.377576304E-03,-86.364746091E-03
+2.797500E-06,+4.748743638398E+00,-702.339888287E-03,-682.317903209E-03,+20.446777340E-03
+2.800000E-06,+4.610945270486E+00,-699.199184744E-03,-550.015766497E-03,+149.230957025E-03
+2.802500E-06,+4.820194643976E+00,-591.630088425E-03,-519.786494899E-03,+72.021484375E-03
+2.805000E-06,+4.735788236287E+00,-776.146421525E-03,-418.106217728E-03,+357.971191397E-03
+2.807500E-06,+4.739714115713E+00,-661.118154296E-03,-542.556595581E-03,+118.408203124E-03
+2.810000E-06,+4.914023162296E+00,-509.971796331E-03,-392.195413506E-03,+117.492675775E-03
+2.812500E-06,+4.829224166658E+00,-617.148304699E-03,-517.038379299E-03,+100.097656244E-03
+2.815000E-06,+4.723225422117E+00,-612.044661457E-03,-484.060992111E-03,+127.868652347E-03
+2.817500E-06,+4.760913864620E+00,-631.674058589E-03,-502.120037477E-03,+129.699707030E-03
+2.820000E-06,+4.598382456320E+00,-677.214259946E-03,-414.965514180E-03,+262.145996090E-03
+2.822500E-06,+4.747173286625E+00,-583.385741631E-03,-369.817900762E-03,+213.317871096E-03
+2.825000E-06,+4.637641250592E+00,-582.993153686E-03,-249.293402337E-03,+333.557128901E-03
+2.827500E-06,+4.637641250594E+00,-634.422174189E-03,-525.282726098E-03,+108.947753907E-03
+2.830000E-06,+4.588960345693E+00,-796.560994551E-03,-536.667776439E-03,+259.704589842E-03
+2.832500E-06,+4.678077808701E+00,-630.888882699E-03,-463.646419080E-03,+167.236328125E-03
+2.835000E-06,+4.639211602361E+00,-605.763254366E-03,-559.437877119E-03,+46.081542969E-03
+2.837500E-06,+4.740891879542E+00,-767.509486792E-03,-511.934736047E-03,+255.432128908E-03
+2.840000E-06,+4.754632457537E+00,-673.288380519E-03,-538.238128209E-03,+135.192871091E-03
+2.842500E-06,+4.711447783834E+00,-624.607475619E-03,-557.867525351E-03,+66.528320310E-03
+2.845000E-06,+4.747565874566E+00,-804.412753401E-03,-541.378831753E-03,+262.756347648E-03
+2.847500E-06,+4.727151301542E+00,-658.762626638E-03,-590.059736660E-03,+68.969726556E-03
+2.850000E-06,+4.723225422113E+00,-736.887627252E-03,-544.519535295E-03,+191.955566406E-03
+2.852500E-06,+4.746388110744E+00,-703.125064172E-03,-568.467399803E-03,+134.582519531E-03
+2.855000E-06,+4.733432708626E+00,-647.377576305E-03,-542.164007640E-03,+105.285644534E-03
+2.857500E-06,+4.647848537101E+00,-643.059108937E-03,-659.940390467E-03,-16.479492179E-03
+2.860000E-06,+4.672188989560E+00,-588.489384886E-03,-662.295918122E-03,-72.937011714E-03
+2.862500E-06,+4.668263110129E+00,-697.236245037E-03,-688.206722349E-03,+9.460449223E-03
+2.865000E-06,+4.749136226338E+00,-719.613757770E-03,-608.903957908E-03,+110.778808595E-03
+2.867500E-06,+4.625471024367E+00,-676.429084070E-03,-666.614385497E-03,+10.375976567E-03
+2.870000E-06,+4.773476678794E+00,-711.761998919E-03,-625.392651510E-03,+86.364746094E-03
+2.872500E-06,+4.735395648344E+00,-653.658983386E-03,-765.153959130E-03,-110.778808591E-03
+2.875000E-06,+4.713803311491E+00,-721.969285427E-03,-738.457979028E-03,-15.563964849E-03
+2.877500E-06,+4.757773161081E+00,-722.361873370E-03,-715.295290396E-03,+7.629394536E-03
+2.880000E-06,+4.623508084655E+00,-710.191647145E-03,-749.450441420E-03,-38.757324217E-03
+2.882500E-06,+4.726758713599E+00,-719.613757769E-03,-847.204839171E-03,-126.953125002E-03
+2.885000E-06,+4.749921402225E+00,-709.406471257E-03,-733.746923713E-03,-23.498535161E-03
+2.887500E-06,+4.808809593646E+00,-654.444159269E-03,-807.553456955E-03,-152.282714849E-03
+2.890000E-06,+4.899889996356E+00,-711.761998914E-03,-868.012000136E-03,-155.334472656E-03
+2.892500E-06,+4.815091000719E+00,-661.510742240E-03,-837.390140601E-03,-175.170898438E-03
+2.895000E-06,+4.833935221973E+00,-683.495667040E-03,-875.078583108E-03,-190.734863277E-03
+2.897500E-06,+4.724403185945E+00,-689.777074116E-03,-862.515768936E-03,-171.813964846E-03
+2.900000E-06,+4.638426426482E+00,-597.911495517E-03,-952.025819888E-03,-353.088378898E-03
+2.902500E-06,+4.707521904410E+00,-688.599310295E-03,-923.366900068E-03,-233.764648434E-03
+2.905000E-06,+4.672974165446E+00,-733.746923708E-03,-936.322302174E-03,-201.721191403E-03
+2.907500E-06,+4.685144391671E+00,-699.984360635E-03,-895.885744076E-03,-195.007324218E-03
+2.910000E-06,+4.729506829201E+00,-732.961747824E-03,-926.115015668E-03,-192.565917970E-03
+2.912500E-06,+4.745602934854E+00,-697.236245032E-03,-776.146421536E-03,-78.430175788E-03
+2.915000E-06,+4.663552054816E+00,-640.310993329E-03,-826.397678206E-03,-185.241699222E-03
+2.917500E-06,+4.711447783836E+00,-750.628205244E-03,-793.420291014E-03,-42.419433602E-03
+2.920000E-06,+4.622722908770E+00,-685.851194689E-03,-803.627577520E-03,-116.882324219E-03
+2.922500E-06,+4.777402558211E+00,-681.532727325E-03,-764.761371190E-03,-82.702636717E-03
+2.925000E-06,+4.740499291596E+00,-834.249437048E-03,-824.042150547E-03,+10.070800771E-03
+2.927500E-06,+4.711055195887E+00,-654.836747209E-03,-752.983732905E-03,-97.351074222E-03
+2.930000E-06,+4.775047030559E+00,-674.858732293E-03,-817.760743461E-03,-141.906738282E-03
+2.932500E-06,+4.717729190915E+00,-735.709863417E-03,-726.680340739E-03,+9.155273432E-03
+2.935000E-06,+4.682396276069E+00,-636.385113908E-03,-590.844912548E-03,+45.471191405E-03
+2.937500E-06,+4.708699668239E+00,-732.961747825E-03,-685.851194689E-03,+46.997070315E-03
+2.940000E-06,+4.754632457538E+00,-552.371294154E-03,-631.674058592E-03,-78.430175779E-03
+2.942500E-06,+4.731077180970E+00,-697.236245038E-03,-690.954837946E-03,+6.408691414E-03
+2.945000E-06,+4.749136226338E+00,-733.746923708E-03,-616.755716763E-03,+116.882324218E-03
+2.947500E-06,+4.678470396646E+00,-663.081094010E-03,-637.170289791E-03,+26.245117184E-03
+2.950000E-06,+4.735003060399E+00,-725.109988973E-03,-725.109988962E-03,+305.175793E-06
+2.952500E-06,+4.726366125660E+00,-674.466144356E-03,-615.577952935E-03,+58.898925787E-03
+2.955000E-06,+4.685536979611E+00,-635.599938018E-03,-542.164007640E-03,+93.078613281E-03
+2.957500E-06,+4.585427054204E+00,-726.680340738E-03,-656.014511045E-03,+70.800781244E-03
+2.960000E-06,+4.720869894459E+00,-605.763254368E-03,-593.200440199E-03,+12.512207031E-03
+2.962500E-06,+4.700847909373E+00,-632.851822419E-03,-587.311621061E-03,+45.471191403E-03
+2.965000E-06,+4.633715371162E+00,-669.362501093E-03,-593.985616084E-03,+75.378417966E-03
+2.967500E-06,+4.594456576887E+00,-635.992525958E-03,-529.208605528E-03,+106.506347653E-03
+2.970000E-06,+4.658840999506E+00,-564.934108325E-03,-557.082349463E-03,+7.629394538E-03
+2.972500E-06,+4.669440873958E+00,-681.140139374E-03,-594.770791966E-03,+86.364746092E-03
+2.975000E-06,+4.573256827979E+00,-611.259485574E-03,-541.378831754E-03,+69.885253914E-03
+2.977500E-06,+4.702810849088E+00,-664.258857837E-03,-542.949183524E-03,+121.154785153E-03
+2.980000E-06,+4.592886225119E+00,-648.162752186E-03,-641.096169213E-03,+7.019042972E-03
+2.982500E-06,+4.615263737853E+00,-690.169662069E-03,-501.727449536E-03,+188.293457035E-03
+2.985000E-06,+4.657270647732E+00,-487.201695659E-03,-547.660238837E-03,-59.509277336E-03
+2.987500E-06,+4.679255572529E+00,-608.511369971E-03,-554.726821806E-03,+54.321289068E-03
+2.990000E-06,+4.636856074713E+00,-706.265767720E-03,-568.074811859E-03,+138.244628912E-03
+2.992500E-06,+4.780150673813E+00,-628.140767100E-03,-542.164007638E-03,+86.059570308E-03
+2.995000E-06,+4.742069643368E+00,-715.687878342E-03,-643.451696874E-03,+72.326660154E-03
+2.997500E-06,+4.705951552636E+00,-683.103079091E-03,-602.622550826E-03,+80.261230466E-03
+3.000000E-06,+4.748351050452E+00,-672.503204635E-03,-573.571043061E-03,+98.571777341E-03
+3.002500E-06,+4.619974793166E+00,-616.755716767E-03,-565.719284205E-03,+50.964355471E-03
+3.005000E-06,+4.644707833558E+00,-680.354963489E-03,-617.540892650E-03,+62.561035152E-03
+3.007500E-06,+4.731077180972E+00,-643.451696871E-03,-568.074811861E-03,+75.378417967E-03
+3.010000E-06,+4.654129944193E+00,-641.096169214E-03,-706.265767709E-03,-64.392089839E-03
+3.012500E-06,+4.656092883897E+00,-652.088631614E-03,-701.554712403E-03,-48.828125000E-03
+3.015000E-06,+4.626648788193E+00,-630.888882708E-03,-667.792149321E-03,-36.315917961E-03
+3.017500E-06,+4.771121151132E+00,-615.970540875E-03,-627.355591216E-03,-10.681152344E-03
+3.020000E-06,+4.723225422116E+00,-648.162752183E-03,-614.400189110E-03,+33.874511713E-03
+3.022500E-06,+4.775047030558E+00,-720.398933661E-03,-718.828581885E-03,+1.831054693E-03
+3.025000E-06,+4.604663863402E+00,-658.370038702E-03,-736.102451363E-03,-77.209472649E-03
+3.027500E-06,+4.653344768308E+00,-677.214259950E-03,-733.746923710E-03,-55.847167969E-03
+3.030000E-06,+4.690248034922E+00,-809.123808722E-03,-681.140139378E-03,+127.868652345E-03
+3.032500E-06,+4.636856074709E+00,-720.398933653E-03,-738.065391084E-03,-17.395019537E-03
+3.035000E-06,+4.643922657677E+00,-635.599938016E-03,-575.926570723E-03,+59.509277336E-03
+3.037500E-06,+4.789180196506E+00,-765.546547072E-03,-744.739386107E-03,+21.362304685E-03
+3.040000E-06,+4.714588487374E+00,-698.414008856E-03,-736.887627254E-03,-37.536621100E-03
+3.042500E-06,+4.786432080899E+00,-648.555340133E-03,-727.858104572E-03,-78.735351562E-03
+3.045000E-06,+4.687107331377E+00,-739.243154904E-03,-747.094913763E-03,-7.019042972E-03
+3.047500E-06,+4.895178941047E+00,-615.577952938E-03,-739.635742851E-03,-123.291015623E-03
+3.050000E-06,+4.704381200863E+00,-641.881345102E-03,-791.849939239E-03,-149.230957031E-03
+3.052500E-06,+4.766017507881E+00,-686.243782632E-03,-843.671547685E-03,-156.555175784E-03
+3.055000E-06,+4.709092256175E+00,-733.746923710E-03,-681.925315267E-03,+51.574707029E-03
+3.057500E-06,+4.677292632814E+00,-731.783983996E-03,-814.227451974E-03,-81.787109371E-03
+3.060000E-06,+4.596812104550E+00,-553.941645925E-03,-774.576069754E-03,-220.031738274E-03
+3.062500E-06,+4.656878059791E+00,-738.850566968E-03,-786.353708037E-03,-47.302246088E-03
+3.065000E-06,+4.760913864622E+00,-639.525817448E-03,-737.672803136E-03,-97.351074215E-03
+3.067500E-06,+4.648241125047E+00,-631.674058590E-03,-723.932225136E-03,-91.552734370E-03
+3.070000E-06,+4.778972909983E+00,-755.731848504E-03,-689.777074123E-03,+65.612792964E-03
+3.072500E-06,+4.682396276070E+00,-707.050943599E-03,-721.576697486E-03,-14.343261723E-03
+3.075000E-06,+4.794676427696E+00,-633.244410363E-03,-789.494411580E-03,-155.334472652E-03
+3.077500E-06,+4.728721653317E+00,-823.256974662E-03,-781.642652731E-03,+41.503906248E-03
+3.080000E-06,+4.747565874571E+00,-670.147676980E-03,-739.243154909E-03,-68.664550783E-03
+3.082500E-06,+4.743247407205E+00,-644.236872759E-03,-773.398305937E-03,-128.479003913E-03
+3.085000E-06,+4.751491753993E+00,-827.968029969E-03,-815.405215798E-03,+12.512207033E-03
+3.087500E-06,+4.841394392888E+00,-744.739386111E-03,-689.384486180E-03,+55.236816406E-03
+3.090000E-06,+4.744425171024E+00,-629.318530935E-03,-715.687878339E-03,-85.754394526E-03
+3.092500E-06,+4.718906954740E+00,-686.243782632E-03,-695.273305323E-03,-8.544921883E-03
+3.095000E-06,+4.654129944190E+00,-733.746923710E-03,-578.282098380E-03,+155.334472649E-03
+3.097500E-06,+4.645885597395E+00,-667.399561383E-03,-712.939762741E-03,-45.166015621E-03
+3.100000E-06,+4.646278185338E+00,-677.999435832E-03,-611.259485568E-03,+66.833496087E-03
+3.102500E-06,+4.681218512236E+00,-654.836747218E-03,-610.474309683E-03,+44.250488284E-03
+3.105000E-06,+4.749921402228E+00,-616.755716768E-03,-628.533355047E-03,-11.291503902E-03
+3.107500E-06,+4.736180824231E+00,-637.170289796E-03,-653.266395444E-03,-15.563964839E-03
+3.110000E-06,+4.707521904405E+00,-778.501949184E-03,-676.429084068E-03,+102.233886715E-03
+3.112500E-06,+4.808024417762E+00,-672.895792581E-03,-619.111244423E-03,+53.710937499E-03
+3.115000E-06,+4.745210346907E+00,-637.170289785E-03,-542.164007639E-03,+94.909667965E-03
+3.117500E-06,+4.700847909378E+00,-723.539637199E-03,-680.354963492E-03,+43.334960939E-03
+3.120000E-06,+4.860631202084E+00,-647.377576301E-03,-553.941645921E-03,+93.078613282E-03
+3.122500E-06,+4.808024417751E+00,-592.022676368E-03,-550.800942380E-03,+41.198730466E-03
+3.125000E-06,+4.718514366804E+00,-721.184109534E-03,-606.548430251E-03,+114.440917964E-03
+3.127500E-06,+4.681611100185E+00,-612.829837340E-03,-589.274560769E-03,+23.803710943E-03
+3.130000E-06,+4.683966627840E+00,-491.912750969E-03,-491.127575082E-03,+915.527346E-06
+3.132500E-06,+4.820587231926E+00,-624.214887674E-03,-587.311621057E-03,+37.231445308E-03
+3.135000E-06,+4.831579694317E+00,-611.259485571E-03,-565.719284207E-03,+45.471191409E-03
+3.137500E-06,+4.791143136216E+00,-690.954837951E-03,-567.289635971E-03,+123.291015632E-03
+3.140000E-06,+4.747565874568E+00,-543.734359413E-03,-697.628832969E-03,-152.893066396E-03
+3.142500E-06,+4.778187734105E+00,-703.517652119E-03,-610.866897629E-03,+92.773437496E-03
+3.145000E-06,+4.748351050452E+00,-600.267023171E-03,-591.630088425E-03,+8.850097661E-03
+3.147500E-06,+4.668263110133E+00,-612.829837334E-03,-626.963003278E-03,-13.732910161E-03
+3.150000E-06,+4.677685220756E+00,-755.731848504E-03,-566.504460093E-03,+188.903808589E-03
+3.152500E-06,+4.676114868987E+00,-623.429711787E-03,-570.822927458E-03,+52.490234373E-03
+3.155000E-06,+4.720869894456E+00,-674.858732289E-03,-645.022048647E-03,+29.602050773E-03
+3.157500E-06,+4.699670145545E+00,-734.532099598E-03,-714.510114518E-03,+19.836425780E-03
+3.160000E-06,+4.723225422114E+00,-673.288380519E-03,-628.533355044E-03,+44.860839844E-03
+3.162500E-06,+4.754632457537E+00,-540.201067922E-03,-675.251320242E-03,-134.277343757E-03
+3.165000E-06,+4.762484216393E+00,-813.834864024E-03,-740.028330792E-03,+73.547363272E-03
+3.167500E-06,+4.745602934854E+00,-638.740641557E-03,-726.680340740E-03,-87.280273440E-03
+3.170000E-06,+4.763269392279E+00,-528.816017588E-03,-691.347425887E-03,-162.048339836E-03
+3.172500E-06,+4.732647532737E+00,-643.059108930E-03,-642.666520989E-03,+610.351560E-06
+3.175000E-06,+4.691033210810E+00,-614.400189118E-03,-631.674058594E-03,-16.784667963E-03
+3.177500E-06,+4.713803311493E+00,-628.533355045E-03,-709.013883311E-03,-79.650878904E-03
+3.180000E-06,+4.743639995139E+00,-674.073556405E-03,-758.087376156E-03,-83.312988279E-03
+3.182500E-06,+4.660018763331E+00,-657.977450762E-03,-701.162124457E-03,-42.724609366E-03
+3.185000E-06,+4.772691502900E+00,-582.993153686E-03,-639.525817450E-03,-55.847167974E-03
+3.187500E-06,+4.739714115711E+00,-623.822299732E-03,-676.429084061E-03,-51.879882810E-03
+3.190000E-06,+4.690248034922E+00,-712.547174801E-03,-762.798431475E-03,-49.743652343E-03
+3.192500E-06,+4.714195899432E+00,-584.170917516E-03,-702.732476225E-03,-117.797851555E-03
+3.195000E-06,+4.745210346912E+00,-637.170289785E-03,-643.451696877E-03,-5.798339851E-03
+3.197500E-06,+4.703203437036E+00,-744.739386106E-03,-758.872552048E-03,-13.732910158E-03
+3.200000E-06,+4.612515622259E+00,-667.006973436E-03,-639.525817445E-03,+27.160644528E-03
+3.202500E-06,+4.724795773894E+00,-610.474309679E-03,-732.961747825E-03,-121.765136721E-03
+3.205000E-06,+4.641567130020E+00,-758.872552040E-03,-783.998180383E-03,-24.719238288E-03
+3.207500E-06,+4.634500547049E+00,-640.703581271E-03,-674.073556406E-03,-32.958984374E-03
+3.210000E-06,+4.743639995136E+00,-648.162752189E-03,-863.300944815E-03,-214.538574207E-03
+3.212500E-06,+4.781721025590E+00,-582.600565732E-03,-740.813506681E-03,-157.470703138E-03
+3.215000E-06,+4.723225422117E+00,-617.540892656E-03,-632.459234480E-03,-14.343261717E-03
+3.217500E-06,+4.749921402226E+00,-621.859360018E-03,-748.665265525E-03,-126.037597649E-03
+3.220000E-06,+4.643922657679E+00,-714.117526566E-03,-797.346170433E-03,-82.702636719E-03
+3.222500E-06,+4.742854819248E+00,-727.858104576E-03,-793.812878959E-03,-65.307617185E-03
+3.225000E-06,+4.745210346911E+00,-582.993153688E-03,-638.740641559E-03,-55.236816404E-03
+3.227500E-06,+4.775439618500E+00,-568.074811863E-03,-729.035868398E-03,-160.217285156E-03
+3.230000E-06,+4.570901300333E+00,-762.798431476E-03,-737.672803135E-03,+25.329589848E-03
+3.232500E-06,+4.730292005085E+00,-661.903330191E-03,-611.652073506E-03,+50.659179697E-03
+3.235000E-06,+4.704381200858E+00,-232.804708742E-03,-565.719284205E-03,-331.726074213E-03
+3.237500E-06,+4.723618010058E+00,+260.285747373E-03,-341.944156834E-03,-600.891113279E-03
+3.240000E-06,+4.722440246236E+00,+1.030543291091E+00,+392.529262E-06,-1.028747558595E+00
+3.242500E-06,+4.729899417142E+00,+1.730527593043E+00,+171.168284367E-03,-1.557312011713E+00
+3.245000E-06,+4.718514366797E+00,+2.288395059726E+00,+538.238010860E-03,-1.747741699217E+00
+3.247500E-06,+4.961918891320E+00,+2.891017551878E+00,+921.796430948E-03,-1.966857910154E+00
