x-axis,1,2,4,F1
second,Volt,Volt,Volt,Volt
-1.750000E-06,+4.966629946633E+00,-442.446670175E-03,-470.713002054E-03,-28.228759766E-03
-1.747500E-06,+5.026695901877E+00,-450.298429030E-03,-441.268906347E-03,+9.063720703E-03
-1.745000E-06,+4.951711604808E+00,-412.609986524E-03,-438.520790747E-03,-25.848388672E-03
-1.742500E-06,+5.141331581166E+00,-373.743780190E-03,-487.594283593E-03,-113.800048828E-03
-1.740000E-06,+5.039651303989E+00,-459.720539657E-03,-438.520790747E-03,+21.209716797E-03
-1.737500E-06,+5.042399419588E+00,-387.484358187E-03,-455.402072286E-03,-67.840576172E-03
-1.735000E-06,+5.130731706711E+00,-476.209233253E-03,-405.543403554E-03,+70.648193359E-03
-1.732500E-06,+4.831579694321E+00,-414.572926238E-03,-537.452952325E-03,-122.802734375E-03
-1.730000E-06,+4.916378689959E+00,-369.425312820E-03,-538.238128211E-03,-168.731689453E-03
-1.727500E-06,+5.051036354329E+00,-310.537121404E-03,-426.350564521E-03,-115.753173828E-03
-1.725000E-06,+5.145650048536E+00,-364.714257506E-03,-531.171545241E-03,-166.412353516E-03
-1.722500E-06,+4.949356077152E+00,-360.003202193E-03,-471.498177940E-03,-111.419677734E-03
-1.720000E-06,+4.977622409031E+00,-347.440388025E-03,-444.017021946E-03,-96.527099609E-03
-1.717500E-06,+4.976444645203E+00,-280.307849811E-03,-539.808479982E-03,-259.399414063E-03
-1.715000E-06,+4.977622409031E+00,-428.313504235E-03,-380.417775217E-03,+47.882080078E-03
-1.712500E-06,+4.946607961552E+00,-321.529583802E-03,-564.934108319E-03,-243.316650391E-03
-1.710000E-06,+5.154286983277E+00,-483.275816223E-03,-564.934108319E-03,-81.573486328E-03
-1.707500E-06,+4.934437735326E+00,-451.476192859E-03,-486.416519765E-03,-34.881591797E-03
-1.705000E-06,+5.013740499766E+00,-493.483102735E-03,-546.875062952E-03,-53.314208984E-03
-1.702500E-06,+5.089117384778E+00,-295.618779579E-03,-470.320414111E-03,-174.621582031E-03
-1.700000E-06,+4.946215373609E+00,-363.929081621E-03,-487.201695651E-03,-123.199462891E-03
-1.697500E-06,+4.883793890709E+00,-330.166518543E-03,-507.616268675E-03,-177.368164063E-03
-1.695000E-06,+5.158998038591E+00,-357.647674536E-03,-431.454207777E-03,-73.760986328E-03
-1.692500E-06,+5.051036354329E+00,-434.202323377E-03,-488.379459479E-03,-54.107666016E-03
-1.690000E-06,+5.001177685597E+00,-330.166518543E-03,-385.128830530E-03,-54.901123047E-03
-1.687500E-06,+4.939933966525E+00,-357.255086594E-03,-419.676569494E-03,-62.377929688E-03
-1.685000E-06,+4.952496780694E+00,-339.588629169E-03,-551.586118265E-03,-211.944580078E-03
-1.682500E-06,+4.936793262983E+00,-410.254458868E-03,-400.439760298E-03,+9.857177734E-03
-1.680000E-06,+5.012170147995E+00,-347.440388025E-03,-414.965514181E-03,-67.474365234E-03
-1.677500E-06,+4.932082207670E+00,-334.484985913E-03,-575.141394831E-03,-240.570068359E-03
-1.675000E-06,+4.867697785055E+00,-467.572298512E-03,-425.957976579E-03,+41.595458984E-03
-1.672500E-06,+5.091865500377E+00,-297.581719293E-03,-450.298429030E-03,-152.648925781E-03
-1.670000E-06,+5.005888740911E+00,-352.936619223E-03,-472.283353825E-03,-119.293212890E-03
-1.667500E-06,+4.920304569387E+00,-425.172800693E-03,-371.388252534E-03,+53.802490234E-03
-1.665000E-06,+5.068702811754E+00,-364.714257506E-03,-455.009484344E-03,-90.240478516E-03
-1.662500E-06,+5.087154445064E+00,-403.580463841E-03,-399.261996470E-03,+4.364013672E-03
-1.660000E-06,+5.073413867067E+00,-363.929081621E-03,-419.676569494E-03,-55.694580078E-03
-1.657500E-06,+5.107176430145E+00,-319.959232031E-03,-375.314131961E-03,-55.328369141E-03
-1.655000E-06,+5.128376179055E+00,-357.647674536E-03,-252.434105874E-03,+105.194091797E-03
-1.652500E-06,+5.039258716046E+00,-406.328579440E-03,-498.979333934E-03,-92.620849610E-03
-1.650000E-06,+5.039651303989E+00,-308.966769633E-03,-341.158980940E-03,-32.135009765E-03
-1.647500E-06,+5.076947158552E+00,+180.197807058E-03,-209.642020113E-03,-389.739990234E-03
-1.645000E-06,+5.069487987639E+00,+911.981732380E-03,+189.619917684E-03,-722.259521484E-03
-1.642500E-06,+4.928941504127E+00,+3.215687780552E+00,+1.189148819976E+00,-1.783538818359E+00
-1.640000E-06,+4.881045775110E+00,+6.619425244365E+00,+2.387327221309E+00,-1.984344482422E+00
-1.637500E-06,+5.097361731576E+00,+9.281564084288E+00,+3.283605494653E+00,-1.984344482422E+00
-1.635000E-06,+5.093828440091E+00,+11.271592366188E+00,+4.348696583387E+00,-1.984344482422E+00
-1.632500E-06,+4.830794518435E+00,+13.293812859395E+00,+5.876256268703E+00,-1.984344482422E+00
-1.630000E-06,+5.791064626449E+00,+15.147220537211E+00,+7.498037060285E+00,-1.984344482422E+00
-1.627500E-06,+6.022691512684E+00,+15.700769536517E+00,+8.980841720127E+00,-1.984344482422E+00
-1.625000E-06,+4.391096022534E+00,+16.316347430780E+00,+10.281485574523E+00,-1.984344482422E+00
-1.622500E-06,+4.090373658371E+00,+17.873743799747E+00,+11.992383829113E+00,-1.984344482422E+00
-1.620000E-06,+4.933652559441E+00,+19.093514537933E+00,+13.438677810277E+00,-1.984344482422E+00
-1.617500E-06,+4.615656325798E+00,+19.358118811360E+00,+14.758558473869E+00,-1.984344482422E+00
-1.615000E-06,+3.945116119547E+00,+19.972126353852E+00,+16.041535870841E+00,-1.984344482422E+00
-1.612500E-06,+4.316896901350E+00,+20.961840557574E+00,+17.185144548129E+00,-1.984344482422E+00
-1.610000E-06,+4.044833457010E+00,+21.524419079564E+00,+18.291064782912E+00,-1.984344482422E+00
-1.607500E-06,+3.969849159941E+00,+21.619032773771E+00,+19.354192931932E+00,-1.959411621094E+00
-1.605000E-06,+4.105292000196E+00,+22.297032150934E+00,+20.419676608609E+00,-1.877166748047E+00
-1.602500E-06,+4.446450922463E+00,+22.918498864339E+00,+21.201319202664E+00,-1.716979980469E+00
-1.600000E-06,+5.608118645118E+00,+23.325612560991E+00,+21.935066067701E+00,-1.390350341797E+00
-1.597500E-06,+6.337939630728E+00,+23.220398992329E+00,+22.666064817138E+00,-554.229736328E-03
-1.595000E-06,+6.431768149050E+00,+23.430826129654E+00,+23.334249495732E+00,-96.527099610E-03
-1.592500E-06,+6.299073424394E+00,+23.913316711317E+00,+23.752355654782E+00,-160.888671875E-03
-1.590000E-06,+5.760442766914E+00,+23.958464324736E+00,+24.201868849253E+00,+243.377685547E-03
-1.587500E-06,+5.060458464956E+00,+23.775125755463E+00,+24.389133297955E+00,+613.952636719E-03
-1.585000E-06,+4.864557081513E+00,+24.128062316013E+00,+24.389525885898E+00,+261.444091797E-03
-1.582500E-06,+4.764839744050E+00,+24.376570483786E+00,+24.605449254421E+00,+228.851318359E-03
-1.580000E-06,+4.591315873346E+00,+24.087233169965E+00,+24.733432923764E+00,+646.148681640E-03
-1.577500E-06,+4.453124917491E+00,+24.263112568325E+00,+24.527716841753E+00,+264.587402344E-03
-1.575000E-06,+4.341629941744E+00,+24.485317343933E+00,+24.566975636029E+00,+81.634521484E-03
-1.572500E-06,+4.386384967220E+00,+24.475110057421E+00,+24.713803526625E+00,+238.677978516E-03
-1.570000E-06,+4.452339741605E+00,+24.407584931265E+00,+24.761699255643E+00,+354.095458984E-03
-1.567500E-06,+4.395807077847E+00,+24.420540333376E+00,+24.729899632279E+00,+309.326171875E-03
-1.565000E-06,+4.232490493654E+00,+24.648633928125E+00,+24.685537194746E+00,+36.895751953E-03
-1.562500E-06,+4.132773156191E+00,+24.586212445225E+00,+24.885364457616E+00,+299.133300781E-03
-1.560000E-06,+4.168106071040E+00,+24.570901515457E+00,+24.959563578799E+00,+388.641357422E-03
-1.557500E-06,+4.177528181666E+00,+24.474324881536E+00,+24.932867598691E+00,+458.496093750E-03
-1.555000E-06,+4.366755570081E+00,+24.585819857282E+00,+24.987044734793E+00,+401.214599609E-03
-1.552500E-06,+4.798209719185E+00,+24.569331163686E+00,+25.021985061700E+00,+452.606201172E-03
-1.550000E-06,+4.846498036146E+00,+24.603878902650E+00,+25.056140212721E+00,+452.239990234E-03
-1.547500E-06,+4.863771905628E+00,+24.467258298565E+00,+24.989007674507E+00,+521.697998047E-03
-1.545000E-06,+4.880260599224E+00,+24.478250760964E+00,+24.883401517902E+00,+405.120849609E-03
-1.542500E-06,+5.202967888181E+00,+24.531642721180E+00,+24.936400890176E+00,+404.724121094E-03
-1.540000E-06,+5.822471661871E+00,+24.373822368187E+00,+24.874764583161E+00,+500.885009765E-03
-1.537500E-06,+6.134186488430E+00,+24.607412194135E+00,+24.893216216471E+00,+285.797119140E-03
-1.535000E-06,+6.383872420032E+00,+24.762484431529E+00,+24.988615086564E+00,+226.104736328E-03
-1.532500E-06,+6.278658851370E+00,+24.634108174243E+00,+25.037295991467E+00,+403.167724609E-03
-1.530000E-06,+5.934751813504E+00,+24.594456792023E+00,+25.232019611081E+00,+637.481689453E-03
-1.527500E-06,+5.421639372304E+00,+24.753454908845E+00,+25.417713708011E+00,+664.215087890E-03
-1.525000E-06,+5.038080952218E+00,+24.785254532209E+00,+25.564934186550E+00,+779.632568359E-03
-1.522500E-06,+4.562264365581E+00,+24.767980662727E+00,+25.729428534571E+00,+961.364746094E-03
-1.520000E-06,+4.577967883291E+00,+24.972126392968E+00,+25.865656550711E+00,+893.463134765E-03
-1.517500E-06,+4.488065244397E+00,+24.886149633501E+00,+25.946137078980E+00,+1.059906005860E+00
-1.515000E-06,+4.484531952912E+00,+24.788395235752E+00,+26.149890221277E+00,+1.361358642578E+00
-1.512500E-06,+4.549308963469E+00,+24.869660939905E+00,+26.250392734626E+00,+1.380615234375E+00
-1.510000E-06,+4.504161350051E+00,+24.875549759046E+00,+26.184437960241E+00,+1.308807373047E+00
-1.507500E-06,+4.468828435202E+00,+24.667870737321E+00,+26.214274643892E+00,+1.546295166016E+00
-1.505000E-06,+4.640781954134E+00,+24.745210562047E+00,+26.068231929181E+00,+1.322906494141E+00
-1.502500E-06,+4.633715371165E+00,+24.718907169881E+00,+25.925722505956E+00,+1.206695556641E+00
-1.500000E-06,+4.527716626617E+00,+24.613301013276E+00,+25.540593734099E+00,+927.215576172E-03
-1.497500E-06,+4.976837233145E+00,+24.634108174244E+00,+25.334877652088E+00,+700.714111328E-03
-1.495000E-06,+5.031014369247E+00,+24.686322370631E+00,+25.260285942961E+00,+573.944091797E-03
-1.492500E-06,+5.127591003169E+00,+24.554020233918E+00,+24.802920989634E+00,+248.870849609E-03
-1.490000E-06,+5.166849797446E+00,+24.523005786439E+00,+24.678470611776E+00,+155.426025391E-03
-1.487500E-06,+5.034940248676E+00,+24.555197997747E+00,+24.418184805720E+00,-136.932373047E-03
-1.485000E-06,+4.795461603586E+00,+24.515154027584E+00,+24.208150256338E+00,-306.915283203E-03
-1.482500E-06,+4.708699668234E+00,+24.501413449587E+00,+24.040515204775E+00,-460.815429687E-03
-1.480000E-06,+4.737358588056E+00,+24.444488197885E+00,+23.812421610026E+00,-631.927490234E-03
-1.477500E-06,+4.831579694321E+00,+24.395022117096E+00,+23.821058544767E+00,-573.852539062E-03
-1.475000E-06,+4.943074670067E+00,+24.303156538488E+00,+23.759814825695E+00,-543.243408203E-03
-1.472500E-06,+5.253611732798E+00,+24.356941086647E+00,+23.568231909623E+00,-788.604736328E-03
-1.470000E-06,+5.379632462427E+00,+24.413081162464E+00,+23.469299748045E+00,-943.634033203E-03
-1.467500E-06,+5.366284472373E+00,+24.335348749795E+00,+23.543891457171E+00,-791.320800781E-03
-1.465000E-06,+5.505260604113E+00,+24.340059805109E+00,+23.359375124070E+00,-980.560302734E-03
-1.462500E-06,+5.285018768220E+00,+24.348304151906E+00,+23.412374496344E+00,-935.791015625E-03
-1.460000E-06,+5.364714120602E+00,+24.260757040669E+00,+23.477151506900E+00,-783.477783204E-03
-1.457500E-06,+5.266567134910E+00,+24.349874503678E+00,+23.431611305540E+00,-918.121337890E-03
-1.455000E-06,+5.261856079596E+00,+24.470399002108E+00,+23.749607539182E+00,-720.672607422E-03
-1.452500E-06,+5.205323415838E+00,+24.315326764714E+00,+23.570587437280E+00,-744.628906251E-03
-1.450000E-06,+5.260285727825E+00,+24.332208046253E+00,+23.580009547906E+00,-752.105712891E-03
-1.447500E-06,+4.840609217004E+00,+24.417399629834E+00,+23.727230026445E+00,-690.032958984E-03
-1.445000E-06,+4.749136226339E+00,+24.488458047475E+00,+23.706422865478E+00,-781.890869140E-03
-1.442500E-06,+4.715373663261E+00,+24.384814830584E+00,+23.781014574604E+00,-603.668212891E-03
-1.440000E-06,+4.735003060399E+00,+24.518294731126E+00,+23.781799750490E+00,-736.358642578E-03
-1.437500E-06,+4.733040120686E+00,+24.452732544684E+00,+23.927842465201E+00,-524.780273437E-03
-1.435000E-06,+4.786824668845E+00,+24.404444227722E+00,+23.963960555935E+00,-440.399169921E-03
-1.432500E-06,+4.904208463733E+00,+24.363222493732E+00,+23.962390204164E+00,-400.726318359E-03
-1.430000E-06,+4.800957834785E+00,+24.433495735488E+00,+23.987515832501E+00,-445.892333984E-03
-1.427500E-06,+4.957600423950E+00,+24.425251388690E+00,+24.101758923847E+00,-323.425292969E-03
-1.425000E-06,+4.893608589278E+00,+24.390311061783E+00,+23.993012063700E+00,-397.186279297E-03
-1.422500E-06,+4.986651931715E+00,+24.421718097204E+00,+24.193231914513E+00,-228.393554687E-03
-1.420000E-06,+5.130731706711E+00,+24.343200508651E+00,+24.139839954296E+00,-203.277587891E-03
-1.417500E-06,+5.195116129325E+00,+24.510442972271E+00,+24.126491964242E+00,-383.850097656E-03
-1.415000E-06,+5.283841004391E+00,+24.485317343934E+00,+24.365185433445E+00,-120.086669923E-03
-1.412500E-06,+5.371388115629E+00,+24.459799127654E+00,+24.371466840530E+00,-88.256835938E-03
-1.410000E-06,+5.351366130548E+00,+24.563049756602E+00,+24.384814830584E+00,-178.131103516E-03
-1.407500E-06,+5.342336607864E+00,+24.428392092232E+00,+24.493169102789E+00,+64.788818359E-03
-1.405000E-06,+5.146435224423E+00,+24.584249505512E+00,+24.609375133849E+00,+25.115966797E-03
-1.402500E-06,+4.990970399085E+00,+24.583071741683E+00,+24.744032798218E+00,+160.949707031E-03
-1.400000E-06,+4.830794518435E+00,+24.676900260004E+00,+24.767980662727E+00,+91.094970704E-03
-1.397500E-06,+4.716944015032E+00,+24.539101892093E+00,+24.811557924375E+00,+272.430419922E-03
-1.395000E-06,+4.783683965303E+00,+24.578753274312E+00,+24.984689207136E+00,+405.914306640E-03
-1.392500E-06,+5.010599796224E+00,+24.536746364436E+00,+24.972518980911E+00,+435.729980469E-03
-1.390000E-06,+4.954852308351E+00,+24.571686691343E+00,+25.137798504817E+00,+566.070556641E-03
-1.387500E-06,+5.161746154190E+00,+24.509265208442E+00,+25.137405916874E+00,+628.082275391E-03
-1.385000E-06,+5.270493014338E+00,+24.509657796385E+00,+25.120524635335E+00,+610.809326172E-03
-1.382500E-06,+5.210819647037E+00,+24.521042846725E+00,+25.240263957880E+00,+719.177246094E-03
-1.380000E-06,+5.071843515296E+00,+24.559909053060E+00,+25.155857550184E+00,+595.916748047E-03
-1.377500E-06,+5.036118012504E+00,+24.579145862256E+00,+25.192760816804E+00,+613.555908203E-03
-1.375000E-06,+5.140938993223E+00,+24.427999504290E+00,+25.294048506039E+00,+865.997314452E-03
-1.372500E-06,+5.097754319519E+00,+24.503376389301E+00,+25.138583680702E+00,+635.162353515E-03
-1.370000E-06,+4.987829695543E+00,+24.555197997746E+00,+25.188049761491E+00,+632.781982422E-03
-1.367500E-06,+5.091865500377E+00,+24.508872620500E+00,+25.191583052976E+00,+682.647705077E-03
-1.365000E-06,+4.877119895683E+00,+24.526931665867E+00,+25.188049761491E+00,+661.041259766E-03
-1.362500E-06,+4.856312734715E+00,+24.456658424111E+00,+25.156642726070E+00,+699.920654298E-03
-1.360000E-06,+4.723225422116E+00,+24.627434179216E+00,+25.137798504817E+00,+510.345458985E-03
-1.357500E-06,+4.824905699293E+00,+24.572471867228E+00,+25.129946745961E+00,+557.434082031E-03
-1.355000E-06,+4.987829695542E+00,+24.482176640391E+00,+25.081265841058E+00,+599.029541016E-03
-1.352500E-06,+4.965844770747E+00,+24.471969353879E+00,+24.968985689426E+00,+496.978759766E-03
-1.350000E-06,+5.043577183417E+00,+24.537138952378E+00,+25.137798504816E+00,+600.616455078E-03
-1.347500E-06,+5.219849169720E+00,+24.412688574521E+00,+24.877512698760E+00,+464.782714843E-03
-1.345000E-06,+5.328596029867E+00,+24.384029654699E+00,+24.888112573215E+00,+504.058837891E-03
-1.342500E-06,+5.113457837229E+00,+24.462154655310E+00,+24.858275889565E+00,+396.087646485E-03
-1.340000E-06,+5.010599796224E+00,+24.360474378133E+00,+24.764054783300E+00,+403.533935547E-03
-1.337500E-06,+5.019629318907E+00,+24.453517720569E+00,+24.597990083508E+00,+144.439697265E-03
-1.335000E-06,+4.765624919935E+00,+24.365185433447E+00,+24.519079907012E+00,+153.900146484E-03
-1.332500E-06,+4.676507456927E+00,+24.346341212193E+00,+24.554020233918E+00,+207.672119141E-03
-1.330000E-06,+4.812735473067E+00,+24.318074880314E+00,+24.378533423500E+00,+60.455322266E-03
-1.327500E-06,+4.804098538327E+00,+24.419362569549E+00,+24.351052267506E+00,-68.267822266E-03
-1.325000E-06,+4.823727935465E+00,+24.380888951157E+00,+24.278816086037E+00,-102.020263672E-03
-1.322500E-06,+4.948570901266E+00,+24.312971237057E+00,+24.199513321597E+00,-113.372802734E-03
-1.320000E-06,+5.111887485458E+00,+24.388740710012E+00,+24.117069853616E+00,-271.575927734E-03
-1.317500E-06,+5.118954068428E+00,+24.351837443392E+00,+24.007145229640E+00,-344.604492187E-03
-1.315000E-06,+5.148005576193E+00,+24.250549754157E+00,+23.982804777188E+00,-267.669677734E-03
-1.312500E-06,+5.257145024284E+00,+24.294127015804E+00,+23.795540328487E+00,-498.504638671E-03
-1.310000E-06,+5.319173919241E+00,+24.346341212192E+00,+23.834406534821E+00,-511.810302734E-03
-1.307500E-06,+5.369032587973E+00,+24.164180406747E+00,+23.757066710096E+00,-407.012939452E-03
-1.305000E-06,+5.326240502211E+00,+24.226209301706E+00,+23.593357537961E+00,-632.720947266E-03
-1.302500E-06,+5.168027561275E+00,+24.168106286175E+00,+23.673838066229E+00,-494.140625000E-03
-1.300000E-06,+4.994896278514E+00,+24.087233169965E+00,+23.516410301178E+00,-570.709228515E-03
-1.297500E-06,+4.963489243091E+00,+23.801821735572E+00,+23.294598113512E+00,-507.110595704E-03
-1.295000E-06,+5.002748037369E+00,+23.059437935795E+00,+23.046875121626E+00,-12.481689454E-03
-1.292500E-06,+4.826083463122E+00,+21.935851243590E+00,+22.567132655561E+00,+631.225585935E-03
-1.290000E-06,+4.923445272929E+00,+20.323885150577E+00,+21.971184158437E+00,+1.647186279295E+00
-1.287500E-06,+4.864557081514E+00,+18.287138903489E+00,+21.120838674398E+00,+1.984405517578E+00
-1.285000E-06,+4.975266881374E+00,+15.675643908185E+00,+19.946215549632E+00,+1.984405517578E+00
-1.282500E-06,+4.881438363053E+00,+12.842336725215E+00,+18.735474334130E+00,+1.984405517578E+00
-1.280000E-06,+4.979977936687E+00,+10.593985576972E+00,+17.344142664954E+00,+1.984405517578E+00
-1.277500E-06,+4.973303941661E+00,+9.025204157663E+00,+16.121623811169E+00,+1.984405517578E+00
-1.275000E-06,+4.954067132465E+00,+7.967572239840E+00,+14.773476815698E+00,+1.984405517578E+00
-1.272500E-06,+5.057317761413E+00,+7.235003138632E+00,+13.252198537465E+00,+1.984405517578E+00
-1.270000E-06,+5.094613615976E+00,+6.413709162357E+00,+11.641410208281E+00,+1.984405517578E+00
-1.267500E-06,+5.171168264816E+00,+5.522927120213E+00,+10.386699143188E+00,+1.984405517578E+00
-1.265000E-06,+5.399261859566E+00,+4.778972968664E+00,+9.019707926464E+00,+1.984405517578E+00
-1.262500E-06,+5.616362991917E+00,+3.952575349134E+00,+7.846655153468E+00,+1.984405517578E+00
-1.260000E-06,+5.544519398390E+00,+3.031956623340E+00,+6.770179014393E+00,+1.984405517578E+00
-1.257500E-06,+5.155464747106E+00,+2.791692802363E+00,+5.641488678930E+00,+1.984405517578E+00
-1.255000E-06,+5.143294520880E+00,+2.377119934798E+00,+4.738928998502E+00,+1.984405517578E+00
-1.252500E-06,+5.015310851537E+00,+1.984139404086E+00,+3.899575976860E+00,+1.911956787110E+00
-1.250000E-06,+4.888112358080E+00,+1.511070933048E+00,+3.218828484097E+00,+1.707611083985E+00
-1.247500E-06,+4.382851675736E+00,+1.049780100294E+00,+2.266017546995E+00,+1.216125488281E+00
-1.245000E-06,+3.836761847343E+00,+951.240526658E-03,+1.592729225145E+00,+641.448974610E-03
-1.242500E-06,+3.657349157497E+00,+649.340398668E-03,+1.095712889599E+00,+446.350097658E-03
-1.240000E-06,+3.736259333993E+00,+537.452834978E-03,+827.182736742E-03,+289.703369140E-03
-1.237500E-06,+3.741755565192E+00,+402.795170608E-03,+388.269416727E-03,-14.495849608E-03
-1.235000E-06,+4.280386222671E+00,+184.123686485E-03,+190.405093570E-03,+6.256103516E-03
-1.232500E-06,+4.939933966524E+00,+294.833486347E-03,-31.799682038E-03,-326.568603516E-03
-1.230000E-06,+5.525675177137E+00,+45.932730631E-03,-78.125059284E-03,-123.992919922E-03
-1.227500E-06,+5.466001809837E+00,-96.576692595E-03,-42.792144435E-03,+53.771972657E-03
-1.225000E-06,+5.456579699210E+00,-89.117521682E-03,-133.872547158E-03,-44.708251953E-03
-1.222500E-06,+5.304255577416E+00,-113.457974134E-03,-70.665888372E-03,+42.816162110E-03
-1.220000E-06,+5.349795778776E+00,-125.235612417E-03,+20.807102293E-03,+146.026611327E-03
-1.217500E-06,+5.399654447509E+00,-139.761366299E-03,-10.599933127E-03,+129.150390625E-03
-1.215000E-06,+5.367854824145E+00,-177.842396748E-03,+118.954087986E-03,+296.783447266E-03
-1.212500E-06,+5.427528191446E+00,-251.256342045E-03,+34.547680290E-03,+285.766601562E-03
-1.210000E-06,+5.564933971414E+00,-192.760738574E-03,-49.073551518E-03,+143.646240236E-03
-1.207500E-06,+5.727857967664E+00,-299.544659006E-03,+10.207227839E-03,+309.722900390E-03
-1.205000E-06,+5.645021911740E+00,-319.174056145E-03,-139.368778356E-03,+179.779052734E-03
-1.202500E-06,+5.470712865150E+00,-323.492523517E-03,-144.472421612E-03,+178.985595705E-03
-1.200000E-06,+5.321529446898E+00,-151.931592526E-03,-352.936619223E-03,-200.958251952E-03
-1.197500E-06,+5.202575300239E+00,-284.626317181E-03,-321.529583802E-03,-36.834716797E-03
-1.195000E-06,+5.016096027423E+00,-339.588629169E-03,-366.284609278E-03,-26.641845703E-03
-1.192500E-06,+4.773869266733E+00,-319.566644089E-03,-452.653956688E-03,-132.995605468E-03
-1.190000E-06,+4.594456576889E+00,-304.255714320E-03,-521.749434614E-03,-217.437744140E-03
-1.187500E-06,+4.467650671373E+00,-426.350564522E-03,-634.814762132E-03,-208.374023437E-03
-1.185000E-06,+4.260756825534E+00,-396.121292927E-03,-622.251947963E-03,-226.043701172E-03
-1.182500E-06,+4.089195894544E+00,-364.321669564E-03,-696.843657089E-03,-332.427978515E-03
-1.180000E-06,+3.771592248843E+00,-520.179082843E-03,-866.441648366E-03,-346.160888672E-03
-1.177500E-06,+4.073884964775E+00,-519.786494900E-03,-1.118090519680E+00,-598.175048828E-03
-1.175000E-06,+4.460191500459E+00,-564.148932433E-03,-1.254318535823E+00,-690.032958985E-03
-1.172500E-06,+4.698099793779E+00,-683.888254978E-03,-1.502041527710E+00,-818.023681641E-03
-1.170000E-06,+5.197471656981E+00,-661.510742240E-03,-1.704224318236E+00,-1.042572021484E+00
-1.167500E-06,+5.512327187084E+00,-722.754461312E-03,-1.982176581718E+00,-1.259277343750E+00
-1.165000E-06,+5.838175179581E+00,-845.241899456E-03,-2.115656482260E+00,-1.270233154298E+00
-1.162500E-06,+5.642273796140E+00,-694.880717376E-03,-2.197314774355E+00,-1.502258300780E+00
-1.160000E-06,+5.515467890626E+00,-696.058481204E-03,-2.346498192608E+00,-1.650238037109E+00
-1.157500E-06,+5.570037614671E+00,-721.969285427E-03,-2.467022691039E+00,-1.744873046875E+00
-1.155000E-06,+5.435379950301E+00,-762.798431474E-03,-2.355920303235E+00,-1.592926025391E+00
-1.152500E-06,+5.439698417671E+00,-593.985616084E-03,-2.302920930961E+00,-1.708740234375E+00
-1.150000E-06,+5.464431458065E+00,-507.616268676E-03,-2.175329849561E+00,-1.667510986327E+00
-1.147500E-06,+5.375313995057E+00,-667.792149326E-03,-1.934280852701E+00,-1.266326904297E+00
-1.145000E-06,+5.397691507794E+00,-567.289635975E-03,-1.628062257340E+00,-1.060638427735E+00
-1.142500E-06,+5.059673289070E+00,-462.076067314E-03,-1.440405220696E+00,-978.179931640E-03
-1.140000E-06,+4.895178941049E+00,-639.525817445E-03,-1.237044666341E+00,-597.381591798E-03
-1.137500E-06,+4.941504318296E+00,-433.417147491E-03,-963.018282289E-03,-529.510498048E-03
-1.135000E-06,+5.080480450036E+00,-535.097424667E-03,-662.295918126E-03,-127.105712892E-03
-1.132500E-06,+5.095398791862E+00,-515.468027529E-03,-540.593655868E-03,-25.085449220E-03
-1.130000E-06,+5.324670150439E+00,-370.210488705E-03,-283.055965410E-03,+87.127685547E-03
-1.127500E-06,+5.471498041035E+00,-303.470538434E-03,-166.457346409E-03,+136.993408202E-03
-1.125000E-06,+5.465216633951E+00,-338.803453284E-03,-73.414003971E-03,+265.350341797E-03
-1.122500E-06,+5.279522537021E+00,-301.507598721E-03,+124.450319185E-03,+425.933837891E-03
-1.120000E-06,+5.270493014338E+00,-279.130085983E-03,+298.759365774E-03,+577.850341797E-03
-1.117500E-06,+4.903423287848E+00,-258.715512958E-03,+302.292657260E-03,+560.974121094E-03
-1.115000E-06,+4.745995522797E+00,-423.602448922E-03,+347.440270678E-03,+770.965576173E-03
-1.112500E-06,+4.744032583083E+00,-331.344282372E-03,+410.646929464E-03,+741.912841798E-03
-1.110000E-06,+4.724795773887E+00,-151.931592526E-03,+514.682734297E-03,+666.534423828E-03
-1.107500E-06,+4.633715371164E+00,-279.130085983E-03,+453.439015225E-03,+732.513427734E-03
-1.105000E-06,+4.735003060399E+00,-219.456718682E-03,+462.075949966E-03,+681.488037109E-03
-1.102500E-06,+4.799780070956E+00,-288.944784553E-03,+391.410120268E-03,+680.297851564E-03
-1.100000E-06,+4.831579694321E+00,-461.290891427E-03,+413.395045064E-03,+874.603271484E-03
-1.097500E-06,+5.003140625311E+00,-238.693527877E-03,+431.061502488E-03,+669.708251953E-03
-1.095000E-06,+5.133872410253E+00,-286.981844838E-03,+409.469165635E-03,+696.380615234E-03
-1.092500E-06,+5.162138742133E+00,-316.425940546E-03,+333.307104738E-03,+649.658203124E-03
-1.090000E-06,+5.307396280958E+00,-319.959232031E-03,+397.691527352E-03,+717.620849609E-03
-1.087500E-06,+5.442839121214E+00,-261.856216501E-03,+297.189014003E-03,+558.990478515E-03
-1.085000E-06,+5.379632462428E+00,-276.774558326E-03,+363.143788388E-03,+639.862060546E-03
-1.082500E-06,+5.371388115629E+00,-347.047800083E-03,+352.543913935E-03,+699.523925783E-03
-1.080000E-06,+5.219456581778E+00,-294.048427808E-03,+262.641275040E-03,+556.671142579E-03
-1.077500E-06,+5.111494897516E+00,-276.774558325E-03,+248.115521157E-03,+524.871826172E-03
-1.075000E-06,+4.979192760802E+00,-462.861243199E-03,+360.003084846E-03,+822.784423827E-03
-1.072500E-06,+5.067917635868E+00,-288.944784552E-03,+230.056475790E-03,+518.981933594E-03
-1.070000E-06,+5.086761857120E+00,-211.604959827E-03,+253.219164413E-03,+464.813232423E-03
-1.067500E-06,+5.056139997584E+00,-433.024559548E-03,+223.382480762E-03,+656.372070312E-03
-1.065000E-06,+4.905386227562E+00,-348.225563910E-03,+165.279465232E-03,+513.458251953E-03
-1.062500E-06,+4.920697157330E+00,-331.344282372E-03,+141.331600724E-03,+472.656250001E-03
-1.060000E-06,+4.764839744050E+00,-362.358729850E-03,-52.214255061E-03,+310.089111328E-03
-1.057500E-06,+4.784076553246E+00,-423.209860978E-03,-125.628200359E-03,+297.576904296E-03
-1.055000E-06,+4.987829695541E+00,-460.505715541E-03,-63.991893345E-03,+396.453857421E-03
-1.052500E-06,+4.926585976471E+00,-467.572298511E-03,-324.277699401E-03,+143.310546874E-03
-1.050000E-06,+5.042792007530E+00,-297.189131352E-03,-322.314759687E-03,-25.054931639E-03
-1.047500E-06,+5.271670778166E+00,-465.216770856E-03,-508.794032503E-03,-43.548583983E-03
-1.045000E-06,+5.352151306433E+00,-515.468027530E-03,-565.719284204E-03,-50.201416016E-03
-1.042500E-06,+5.220241757663E+00,-482.490640338E-03,-646.984988357E-03,-164.428710937E-03
-1.040000E-06,+5.267352310795E+00,-403.187875899E-03,-805.983105180E-03,-402.679443359E-03
-1.037500E-06,+5.135442762026E+00,-408.684107096E-03,-958.307226974E-03,-549.530029297E-03
-1.035000E-06,+4.889682709851E+00,-665.436621667E-03,-1.094927831058E+00,-429.412841797E-03
-1.032500E-06,+4.892430825450E+00,-495.446042450E-03,-1.099638886371E+00,-604.064941405E-03
-1.030000E-06,+4.802528186556E+00,-491.127575079E-03,-1.278658988273E+00,-787.384033202E-03
-1.027500E-06,+4.936793262983E+00,-588.881972829E-03,-1.229192907486E+00,-640.197753906E-03
-1.025000E-06,+4.975266881374E+00,-682.710491149E-03,-1.387013260478E+00,-704.193115235E-03
-1.022500E-06,+5.246152561885E+00,-499.371921877E-03,-1.223696676286E+00,-724.212646483E-03
-1.020000E-06,+5.138583465567E+00,-663.866269896E-03,-1.302999440727E+00,-639.007568361E-03
-1.017500E-06,+5.253611732799E+00,-576.711746602E-03,-1.343828586773E+00,-766.998291014E-03
-1.015000E-06,+5.184123666929E+00,-646.592400414E-03,-1.340687883232E+00,-694.000244142E-03
-1.012500E-06,+5.171953440702E+00,-555.904585634E-03,-1.328125069064E+00,-772.125244142E-03
-1.010000E-06,+5.166064621560E+00,-543.734359410E-03,-1.349324817972E+00,-805.450439452E-03
-1.007500E-06,+5.298759346217E+00,-490.342399192E-03,-1.197393284121E+00,-706.939697267E-03
-1.005000E-06,+5.199042008753E+00,-572.000691289E-03,-1.335976827918E+00,-763.824462890E-03
-1.002500E-06,+5.230056456232E+00,-460.898303485E-03,-1.206030218861E+00,-745.025634765E-03
-1.000000E-06,+5.272063366108E+00,-509.971796332E-03,-1.140468032420E+00,-630.401611328E-03
-997.500E-09,+4.950533840980E+00,-464.039007028E-03,-1.247251952853E+00,-783.081054687E-03
-995.000E-09,+4.848068387917E+00,-530.386369356E-03,-1.091787127517E+00,-561.309814453E-03
-992.500E-09,+5.053784469929E+00,-501.334861591E-03,-1.139290268591E+00,-637.847900390E-03
-990.000E-09,+4.964274418977E+00,-533.527072897E-03,-1.086290896316E+00,-552.642822265E-03
-987.500E-09,+4.995288866455E+00,-565.326696262E-03,-946.922176634E-03,-381.500244141E-03
-985.000E-09,+5.144079696765E+00,-509.186620446E-03,-988.929086510E-03,-479.644775390E-03
-982.500E-09,+5.167634973332E+00,-481.312876509E-03,-914.337377384E-03,-432.922363281E-03
-980.000E-09,+5.323884974553E+00,-641.096169215E-03,-788.709235699E-03,-147.552490236E-03
-977.500E-09,+5.360788241174E+00,-457.757599942E-03,-821.686622891E-03,-363.861083986E-03
-975.000E-09,+5.235160099489E+00,-381.988126988E-03,-740.028330795E-03,-357.940673829E-03
-972.500E-09,+5.161746154190E+00,-449.905841087E-03,-675.643908180E-03,-225.677490235E-03
-970.000E-09,+5.104035726603E+00,-364.714257507E-03,-565.719284205E-03,-200.958251952E-03
-967.500E-09,+5.099324671290E+00,-358.432850422E-03,-459.327951714E-03,-100.830078125E-03
-965.000E-09,+5.071058339411E+00,-377.277071674E-03,-367.854961049E-03,+9.429931639E-03
-962.500E-09,+5.063599168499E+00,-366.677197221E-03,-248.115638504E-03,+118.530273438E-03
-960.000E-09,+5.021592258621E+00,-260.285864731E-03,-270.493151241E-03,-10.162353514E-03
-957.500E-09,+4.928156328242E+00,-349.010739795E-03,-55.354958604E-03,+293.640136718E-03
-955.000E-09,+4.873979192140E+00,-338.803453284E-03,+55.354841257E-03,+394.134521485E-03
-952.500E-09,+4.937578438869E+00,-246.152698791E-03,+23.162629950E-03,+269.287109376E-03
-950.000E-09,+5.001177685597E+00,-329.381342657E-03,+224.952832533E-03,+554.290771484E-03
-947.500E-09,+5.037295776331E+00,-462.468655256E-03,+223.775068704E-03,+686.187744139E-03
-945.000E-09,+5.120524420199E+00,-367.069785162E-03,+158.998058149E-03,+526.031494140E-03
-942.500E-09,+5.227308340632E+00,-314.070412890E-03,+264.211626811E-03,+578.216552735E-03
-940.000E-09,+5.332521909294E+00,-403.973051783E-03,+210.819666593E-03,+614.715576170E-03
-937.500E-09,+5.231626808004E+00,-277.559734211E-03,+285.411375721E-03,+562.896728515E-03
-935.000E-09,+5.354506834089E+00,-346.655212139E-03,+207.678963052E-03,+554.290771484E-03
-932.500E-09,+5.219849169721E+00,-376.491895789E-03,+171.168284373E-03,+547.607421873E-03
-930.000E-09,+5.279129949077E+00,-260.285864730E-03,+173.131224088E-03,+433.380126954E-03
-927.500E-09,+5.138583465567E+00,-340.373805055E-03,+204.538259510E-03,+544.860839844E-03
-925.000E-09,+4.910882458760E+00,-383.558478759E-03,+78.910117824E-03,+462.432861328E-03
-922.500E-09,+4.834327809921E+00,-373.351192248E-03,+91.865519935E-03,+465.179443360E-03
-920.000E-09,+5.094613615975E+00,-345.084860368E-03,+39.651323546E-03,+384.735107422E-03
-917.500E-09,+4.905778815504E+00,-382.773302873E-03,+9.422051954E-03,+392.150878906E-03
-915.000E-09,+5.042006831644E+00,-464.431594970E-03,+93.828459648E-03,+558.197021484E-03
-912.500E-09,+5.061636228783E+00,-361.966141907E-03,-61.636365689E-03,+300.323486327E-03
-910.000E-09,+5.024732962163E+00,-351.366267452E-03,-1.962998386E-03,+349.395751954E-03
-907.500E-09,+5.006673916796E+00,-513.505087816E-03,-58.103074203E-03,+455.352783204E-03
-905.000E-09,+5.005888740911E+00,-392.980589386E-03,-189.620035031E-03,+203.338623047E-03
-902.500E-09,+5.175094144245E+00,-400.439760299E-03,-243.011995247E-03,+157.409667971E-03
-900.000E-09,+5.021592258622E+00,-515.468027528E-03,-306.611241976E-03,+208.831787109E-03
-897.500E-09,+5.184908842812E+00,-419.676569494E-03,-355.684734822E-03,+63.995361329E-03
-895.000E-09,+5.178627435729E+00,-536.667776438E-03,-496.623806276E-03,+40.069580078E-03
-892.500E-09,+5.017273791252E+00,-453.046544629E-03,-569.252575689E-03,-116.119384766E-03
-890.000E-09,+4.964274418977E+00,-416.535865953E-03,-539.023304095E-03,-122.406005858E-03
-887.500E-09,+4.910097282876E+00,-369.032724877E-03,-550.800942379E-03,-181.671142579E-03
-885.000E-09,+4.932082207670E+00,-535.097424668E-03,-652.088631613E-03,-116.912841796E-03
-882.500E-09,+4.965452182805E+00,-466.001946739E-03,-654.051571327E-03,-187.957763673E-03
-880.000E-09,+5.015310851537E+00,-531.956721126E-03,-638.740641560E-03,-106.719970704E-03
-877.500E-09,+5.088724796835E+00,-390.625061729E-03,-840.138256201E-03,-449.432373048E-03
-875.000E-09,+5.062421404669E+00,-474.638881483E-03,-666.221797554E-03,-191.497802734E-03
-872.500E-09,+5.293655702961E+00,-413.395162410E-03,-907.270794413E-03,-493.774414061E-03
-870.000E-09,+5.077339746495E+00,-486.416519765E-03,-927.685367437E-03,-441.192626953E-03
-867.500E-09,+5.098932083346E+00,-599.481847284E-03,-1.072157730378E+00,-472.564697265E-03
-865.000E-09,+5.182553315158E+00,-592.415264313E-03,-1.115342404081E+00,-522.796630858E-03
-862.500E-09,+5.164886857732E+00,-478.957348852E-03,-1.083150192774E+00,-604.095458984E-03
-860.000E-09,+5.130731706711E+00,-665.436621667E-03,-1.116127579968E+00,-450.592041018E-03
-857.500E-09,+5.260678315768E+00,-533.527072896E-03,-1.228800319542E+00,-695.129394532E-03
-855.000E-09,+5.194330953440E+00,-492.697926848E-03,-1.045461750270E+00,-552.642822268E-03
-852.500E-09,+5.159783214476E+00,-531.171545241E-03,-1.223696676287E+00,-692.382812500E-03
-850.000E-09,+4.995681454399E+00,-403.973051784E-03,-1.187578585552E+00,-783.477783203E-03
-847.500E-09,+5.104035726603E+00,-421.246921264E-03,-1.136149565050E+00,-714.782714846E-03
-845.000E-09,+5.127591003168E+00,-544.519535295E-03,-1.172660243727E+00,-628.021240235E-03
-842.500E-09,+5.062813992611E+00,-558.652701234E-03,-1.153816022472E+00,-595.062255859E-03
-840.000E-09,+5.264996783137E+00,-352.151443339E-03,-1.120838635280E+00,-768.585205076E-03
-837.500E-09,+5.207678943493E+00,-382.380714931E-03,-979.899563825E-03,-597.412109374E-03
-835.000E-09,+5.153501807391E+00,-526.460489928E-03,-764.368783247E-03,-237.823486329E-03
-832.500E-09,+5.275596657593E+00,-475.424057369E-03,-865.656472480E-03,-390.136718749E-03
-830.000E-09,+5.191190249899E+00,-387.484358187E-03,-820.116271119E-03,-432.525634765E-03
-827.500E-09,+5.184516254870E+00,-502.512625419E-03,-698.021420919E-03,-195.434570313E-03
-825.000E-09,+5.130731706711E+00,-418.891393609E-03,-685.851194692E-03,-266.876220703E-03
-822.500E-09,+5.255574672512E+00,-463.646419085E-03,-556.297173578E-03,-92.559814452E-03
-820.000E-09,+5.111887485459E+00,-465.216770855E-03,-444.017021947E-03,+21.209716795E-03
-817.500E-09,+5.074984218838E+00,-422.032097151E-03,-516.253203416E-03,-94.146728517E-03
-815.000E-09,+5.097754319518E+00,-345.870036253E-03,-361.573553965E-03,-15.655517579E-03
-812.500E-09,+4.896356704878E+00,-438.913378689E-03,-486.023931822E-03,-47.027587891E-03
-810.000E-09,+4.859060850314E+00,-392.980589387E-03,-334.877573856E-03,+58.074951173E-03
-807.500E-09,+4.910882458760E+00,-367.462373106E-03,-261.856216501E-03,+105.590820312E-03
-805.000E-09,+4.950141253037E+00,-385.914006415E-03,-429.098680120E-03,-43.121337890E-03
-802.500E-09,+4.951711604808E+00,-407.898931210E-03,-244.189759076E-03,+163.696289062E-03
-800.000E-09,+5.119739244314E+00,-328.596166772E-03,-259.500688844E-03,+69.061279297E-03
-797.500E-09,+5.192760601670E+00,-340.373805055E-03,-276.774558326E-03,+63.598632813E-03
-795.000E-09,+5.144864872652E+00,-414.965514181E-03,-78.910235169E-03,+336.029052735E-03
-792.500E-09,+5.279129949078E+00,-343.121920655E-03,-126.805964188E-03,+216.308593750E-03
-790.000E-09,+5.178627435730E+00,-407.113755325E-03,+10.599815780E-03,+417.694091795E-03
-787.500E-09,+5.104820902487E+00,-464.824182913E-03,-73.414003970E-03,+391.357421876E-03
-785.000E-09,+5.279915124963E+00,-414.965514180E-03,-139.368778356E-03,+275.604248046E-03
-782.500E-09,+5.113457837229E+00,-309.359357577E-03,-113.065386191E-03,+196.289062501E-03
-780.000E-09,+5.001962861484E+00,-463.646419084E-03,-143.294657785E-03,+320.343017577E-03
-777.500E-09,+4.984296404058E+00,-314.855588774E-03,-175.879457034E-03,+138.977050781E-03
-775.000E-09,+4.968985474290E+00,-458.935363770E-03,-5.888877815E-03,+453.033447264E-03
-772.500E-09,+4.955637484237E+00,-431.846795719E-03,-68.702948659E-03,+363.128662108E-03
-770.000E-09,+4.958778187778E+00,-268.922799471E-03,-111.102446477E-03,+157.806396486E-03
-767.500E-09,+4.989400047314E+00,-357.647674536E-03,-120.917145047E-03,+236.724853515E-03
-765.000E-09,+4.976837233147E+00,-286.196668953E-03,-213.960487483E-03,+72.235107422E-03
-762.500E-09,+4.976444645202E+00,-403.187875899E-03,-61.636365689E-03,+341.522216798E-03
-760.000E-09,+5.246152561884E+00,-345.084860369E-03,-281.485613638E-03,+63.568115236E-03
-757.500E-09,+5.112280073400E+00,-345.084860368E-03,-228.486241366E-03,+116.577148437E-03
-755.000E-09,+5.156642510934E+00,-468.357474398E-03,-136.228074815E-03,+332.122802734E-03
-752.500E-09,+5.153501807391E+00,-363.143905737E-03,-277.952322154E-03,+85.205078127E-03
-750.000E-09,+5.130731706712E+00,-349.795915681E-03,-335.662749740E-03,+14.129638673E-03
-747.500E-09,+5.003925801198E+00,-515.075439588E-03,-316.033352603E-03,+199.035644532E-03
-745.000E-09,+5.044362359302E+00,-391.410237614E-03,-351.366267453E-03,+40.069580078E-03
-742.500E-09,+5.132694646425E+00,-400.832348242E-03,-392.980589383E-03,+7.873535159E-03
-740.000E-09,+4.803313362443E+00,-468.357474397E-03,-435.380087206E-03,+32.989501952E-03
-737.500E-09,+5.146827812366E+00,-357.647674536E-03,-535.490012611E-03,-177.764892579E-03
-735.000E-09,+5.126020651399E+00,-510.756972216E-03,-587.704208999E-03,-76.873779297E-03
-732.500E-09,+5.040829067818E+00,-447.550313429E-03,-606.941018195E-03,-159.301757814E-03
-730.000E-09,+4.983118640230E+00,-407.113755325E-03,-650.518279842E-03,-243.316650391E-03
-727.500E-09,+5.098539495405E+00,-404.758227669E-03,-594.378204027E-03,-189.544677735E-03
-725.000E-09,+5.038080952218E+00,-472.283353825E-03,-842.101195913E-03,-369.720458983E-03
-722.500E-09,+5.078910098264E+00,-475.424057368E-03,-745.524561993E-03,-270.019531249E-03
-720.000E-09,+5.275204069649E+00,-360.788378080E-03,-728.250692513E-03,-367.401123047E-03
-717.500E-09,+5.035725424560E+00,-448.335489317E-03,-881.359990190E-03,-432.922363279E-03
-715.000E-09,+4.983118640230E+00,-525.675314042E-03,-802.057225752E-03,-276.275634765E-03
-712.500E-09,+5.098539495404E+00,-466.787122629E-03,-828.753205860E-03,-361.877441404E-03
-710.000E-09,+5.074199042954E+00,-437.735614863E-03,-873.508231335E-03,-435.699462888E-03
-707.500E-09,+4.956030072179E+00,-509.971796331E-03,-798.523934268E-03,-288.482666017E-03
-705.000E-09,+5.063991756441E+00,-513.897675758E-03,-813.049688151E-03,-299.041748049E-03
-702.500E-09,+5.110317133687E+00,-527.245665814E-03,-770.650190328E-03,-243.316650387E-03
-700.000E-09,+5.043577183416E+00,-640.310993329E-03,-813.049688151E-03,-172.637939455E-03
-697.500E-09,+5.161746154190E+00,-545.697299123E-03,-909.626322070E-03,-363.861083984E-03
-695.000E-09,+5.204538239952E+00,-363.929081622E-03,-853.878834197E-03,-489.837646483E-03
-692.500E-09,+5.124057711685E+00,-447.157725487E-03,-891.567276704E-03,-444.335937502E-03
-690.000E-09,+5.177057083957E+00,-510.756972217E-03,-595.555967857E-03,-84.747314455E-03
-687.500E-09,+5.237908215088E+00,-369.817900762E-03,-704.695415947E-03,-334.777832033E-03
-685.000E-09,+5.232019395945E+00,-415.750690067E-03,-735.317275481E-03,-319.488525390E-03
-682.500E-09,+5.183338491042E+00,-535.490012611E-03,-680.747551436E-03,-145.172119141E-03
-680.000E-09,+5.119739244314E+00,-400.832348242E-03,-744.739386107E-03,-343.841552734E-03
-677.500E-09,+5.070665751468E+00,-413.787750352E-03,-676.429084066E-03,-262.573242188E-03
-675.000E-09,+4.965059594863E+00,-539.808479983E-03,-591.630088427E-03,-51.727294921E-03
-672.500E-09,+5.092650676262E+00,-424.387624807E-03,-547.660238837E-03,-123.199462891E-03
-670.000E-09,+5.045932711074E+00,-358.432850423E-03,-539.808479982E-03,-181.304931639E-03
-667.500E-09,+5.010992384167E+00,-492.305338907E-03,-510.756972217E-03,-18.402099609E-03
-665.000E-09,+5.246937737770E+00,-399.261996470E-03,-540.593655867E-03,-141.265869140E-03
-662.500E-09,+5.119739244314E+00,-391.410237615E-03,-456.579836112E-03,-65.155029294E-03
-660.000E-09,+5.071843515296E+00,-524.890138155E-03,-388.269534074E-03,+136.627197263E-03
-657.500E-09,+5.237908215087E+00,-402.795287955E-03,-449.120665203E-03,-46.264648438E-03
-655.000E-09,+5.155072159164E+00,-353.721795109E-03,-357.647674537E-03,-3.875732421E-03
-652.500E-09,+5.101680198947E+00,-381.202951103E-03,-475.816645309E-03,-94.543457030E-03
-650.000E-09,+5.091472912435E+00,-292.478076039E-03,-386.699182301E-03,-94.146728514E-03
-647.500E-09,+5.172738616587E+00,-367.069785161E-03,-275.204206556E-03,+91.888427731E-03
-645.000E-09,+5.100109847175E+00,-409.469282982E-03,-407.113755325E-03,+2.349853516E-03
-642.500E-09,+5.007459092681E+00,-468.357474398E-03,-294.048427807E-03,+174.316406251E-03
-640.000E-09,+5.191975425783E+00,-254.004457647E-03,-345.084860368E-03,-91.033935546E-03
-637.500E-09,+5.116991128714E+00,-393.373177328E-03,-321.922171744E-03,+71.441650390E-03
-635.000E-09,+5.103250550716E+00,-464.431594969E-03,-232.019532851E-03,+232.391357420E-03
-632.500E-09,+5.122879947856E+00,-369.425312820E-03,-324.277699401E-03,+45.135498047E-03
-630.000E-09,+4.953281956581E+00,-351.366267453E-03,-265.782095928E-03,+85.601806642E-03
-627.500E-09,+5.047110474902E+00,-466.787122627E-03,-240.263879649E-03,+226.531982421E-03
-625.000E-09,+5.120524420199E+00,-414.180338295E-03,-160.568527267E-03,+253.570556640E-03
-622.500E-09,+5.115028189001E+00,-395.728704984E-03,-239.086115819E-03,+156.616210937E-03
-620.000E-09,+5.001962861483E+00,-466.787122626E-03,-254.789633531E-03,+212.005615234E-03
-617.500E-09,+5.062028816727E+00,-396.121292928E-03,-203.360613027E-03,+192.749023438E-03
-615.000E-09,+5.007459092683E+00,-361.573553964E-03,-213.960487483E-03,+147.613525390E-03
-612.500E-09,+5.001570273542E+00,-397.299056754E-03,-327.025815000E-03,+70.312499998E-03
-610.000E-09,+5.028658841589E+00,-392.980589387E-03,-185.694155604E-03,+207.244873047E-03
-607.500E-09,+4.970555826059E+00,-354.114383052E-03,-216.708603084E-03,+137.390136717E-03
-605.000E-09,+4.965844770749E+00,-338.803453284E-03,-385.128830529E-03,-46.234130858E-03
-602.500E-09,+4.905778815504E+00,-514.682851647E-03,-316.033352603E-03,+198.608398440E-03
-600.000E-09,+5.114243013113E+00,-344.299684482E-03,-389.839885843E-03,-45.501708984E-03
-597.500E-09,+5.037295776333E+00,-357.255086594E-03,-319.174056145E-03,+38.116455079E-03
-595.000E-09,+5.100109847176E+00,-471.498177940E-03,-339.588629171E-03,+131.927490233E-03
-592.500E-09,+5.110709721630E+00,-429.098680122E-03,-420.069157437E-03,+9.063720705E-03
-590.000E-09,+4.957993011893E+00,-353.721795110E-03,-463.646419083E-03,-109.832763670E-03
-587.500E-09,+4.931297031784E+00,-517.823555187E-03,-442.054082232E-03,+75.744628907E-03
-585.000E-09,+4.964274418977E+00,-411.824810639E-03,-539.808479982E-03,-127.899169922E-03
-582.500E-09,+4.972911353718E+00,-372.566016362E-03,-537.845540268E-03,-165.191650390E-03
-580.000E-09,+5.021592258621E+00,-491.912750962E-03,-536.667776440E-03,-44.708251955E-03
-577.500E-09,+5.123272535798E+00,-422.817273037E-03,-559.437877120E-03,-136.535644530E-03
-575.000E-09,+5.186479194585E+00,-538.238128209E-03,-533.527072898E-03,+4.730224607E-03
-572.500E-09,+5.045147535187E+00,-442.839258117E-03,-706.658355658E-03,-263.732910156E-03
-570.000E-09,+5.090687736548E+00,-451.083604915E-03,-677.214259952E-03,-226.043701173E-03
-567.500E-09,+5.126805827283E+00,-435.380087203E-03,-617.540892650E-03,-182.067871096E-03
-565.000E-09,+5.076554570609E+00,-481.705464452E-03,-739.243154907E-03,-257.476806639E-03
-562.500E-09,+5.046325299015E+00,-508.401444560E-03,-685.066018806E-03,-176.605224609E-03
-560.000E-09,+5.188049546356E+00,-417.321041838E-03,-635.599938019E-03,-218.170166017E-03
-557.500E-09,+5.045147535188E+00,-481.705464451E-03,-712.154586857E-03,-230.377197266E-03
-555.000E-09,+5.054569645814E+00,-475.424057368E-03,-672.503204638E-03,-196.990966797E-03
-552.500E-09,+5.191190249897E+00,-345.084860368E-03,-657.977450757E-03,-312.805175783E-03
-550.000E-09,+5.000392509714E+00,-428.313504236E-03,-685.066018805E-03,-256.683349607E-03
-547.500E-09,+5.147220400308E+00,-445.979961660E-03,-689.384486178E-03,-243.316650391E-03
-545.000E-09,+5.150361103851E+00,-406.328579441E-03,-710.191647143E-03,-303.802490233E-03
-542.500E-09,+5.149575927964E+00,-416.535865951E-03,-631.281470645E-03,-214.691162108E-03
-540.000E-09,+5.146435224422E+00,-540.593655867E-03,-740.028330794E-03,-199.371337891E-03
-537.500E-09,+5.189619898127E+00,-466.394534682E-03,-706.265767715E-03,-239.807128906E-03
-535.000E-09,+5.126805827283E+00,-354.506970994E-03,-605.763254367E-03,-251.190185547E-03
-532.500E-09,+5.201790124354E+00,-461.290891426E-03,-656.799686928E-03,-195.434570315E-03
-530.000E-09,+5.061636228784E+00,-557.867525349E-03,-543.734359409E-03,+14.129638671E-03
-527.500E-09,+5.216708466178E+00,-443.624434002E-03,-670.540264924E-03,-226.837158205E-03
-525.000E-09,+5.107961606030E+00,-407.898931212E-03,-794.205466895E-03,-386.199951170E-03
-522.500E-09,+5.151146279736E+00,-564.148932434E-03,-608.511369965E-03,-44.311523435E-03
-520.000E-09,+5.098539495404E+00,-351.366267454E-03,-542.949183524E-03,-191.497802732E-03
-517.500E-09,+5.028658841590E+00,-461.290891428E-03,-555.511997692E-03,-94.177246093E-03
-515.000E-09,+5.012170147994E+00,-467.572298513E-03,-503.690389248E-03,-36.041259766E-03
-512.500E-09,+5.182160727213E+00,-358.825438366E-03,-541.771419696E-03,-182.861328124E-03
-510.000E-09,+5.130731706711E+00,-375.706719905E-03,-565.719284204E-03,-189.910888670E-03
-507.500E-09,+5.106783842201E+00,-451.868780802E-03,-491.520163022E-03,-39.581298829E-03
-505.000E-09,+5.166849797446E+00,-406.328579440E-03,-559.437877120E-03,-153.045654297E-03
-502.500E-09,+5.177057083958E+00,-416.928453894E-03,-519.001319014E-03,-102.020263672E-03
-500.000E-09,+5.011384972110E+00,-480.920288566E-03,-541.378831753E-03,-60.394287110E-03
-497.500E-09,+5.111102309575E+00,-413.002574465E-03,-477.779585024E-03,-64.727783205E-03
-495.000E-09,+5.234374923603E+00,-345.870036252E-03,-360.788378079E-03,-14.862060549E-03
-492.500E-09,+5.042006831644E+00,-388.269534072E-03,-473.461117655E-03,-85.113525392E-03
-490.000E-09,+5.075769394723E+00,-295.618779580E-03,-449.513253145E-03,-153.839111327E-03
-487.500E-09,+5.098539495405E+00,-352.151443338E-03,-357.647674536E-03,-5.432128906E-03
-485.000E-09,+5.096183967746E+00,-327.810990887E-03,-401.617524126E-03,-73.760986327E-03
-482.500E-09,+5.019236730964E+00,-367.854961050E-03,-359.610614251E-03,+8.270263673E-03
-480.000E-09,+5.050643766387E+00,-297.974307237E-03,-390.625061728E-03,-92.559814451E-03
-477.500E-09,+5.015310851539E+00,-336.447925627E-03,-323.099935572E-03,+13.366699219E-03
-475.000E-09,+5.001962861483E+00,-421.246921265E-03,-307.396417862E-03,+113.861083984E-03
-472.500E-09,+5.092650676264E+00,-369.425312820E-03,-302.292774606E-03,+67.138671875E-03
-470.000E-09,+5.043577183417E+00,-476.994409137E-03,-185.694155605E-03,+291.290283200E-03
-467.500E-09,+5.035725424562E+00,-469.927826169E-03,-285.411493069E-03,+184.478759764E-03
-465.000E-09,+5.137798289679E+00,-380.417775216E-03,-323.885111459E-03,+56.549072265E-03
-462.500E-09,+5.059673289071E+00,-347.832975968E-03,-245.367522904E-03,+102.447509767E-03
-460.000E-09,+5.059280701128E+00,-615.970540876E-03,-352.151443338E-03,+263.824462887E-03
-457.500E-09,+5.067132459982E+00,-353.721795108E-03,-286.981844837E-03,+66.741943360E-03
-455.000E-09,+5.082835977693E+00,-360.003202194E-03,-213.960487484E-03,+146.026611327E-03
-452.500E-09,+5.083621153579E+00,-437.343026917E-03,-351.758855395E-03,+85.632324216E-03
-450.000E-09,+5.150361103848E+00,-378.847423446E-03,-339.588629169E-03,+39.276123047E-03
-447.500E-09,+5.126020651401E+00,-411.824810639E-03,-321.922171744E-03,+89.904785156E-03
-445.000E-09,+5.060851052898E+00,-345.870036255E-03,-533.527072897E-03,-187.591552732E-03
-442.500E-09,+5.005496152969E+00,-429.491268064E-03,-352.936619223E-03,+76.568603517E-03
-440.000E-09,+5.192760601667E+00,-348.225563911E-03,-349.795915682E-03,-1.495361328E-03
-437.500E-09,+5.103643138660E+00,-275.989382438E-03,-506.045916903E-03,-229.980468751E-03
-435.000E-09,+5.133872410253E+00,-414.965514182E-03,-517.823555186E-03,-102.813720702E-03
-432.500E-09,+5.124057711685E+00,-400.047172357E-03,-409.076695039E-03,-9.002685545E-03
-430.000E-09,+5.031014369249E+00,-382.773302874E-03,-438.520790747E-03,-55.694580078E-03
-427.500E-09,+5.094613615976E+00,-475.031469425E-03,-468.357474399E-03,+6.713867186E-03
-425.000E-09,+5.140938993223E+00,-412.609986525E-03,-535.882600552E-03,-123.199462888E-03
-422.500E-09,+5.021984846564E+00,-398.084232644E-03,-540.986243810E-03,-142.822265623E-03
-420.000E-09,+5.005103565025E+00,-539.808479980E-03,-600.267023168E-03,-60.394287111E-03
-417.500E-09,+5.140938993223E+00,-407.898931212E-03,-520.964258728E-03,-112.976074217E-03
-415.000E-09,+5.085191505349E+00,-410.254458867E-03,-539.808479982E-03,-129.486083985E-03
-412.500E-09,+4.991755574972E+00,-479.742524737E-03,-601.444786997E-03,-121.643066408E-03
-410.000E-09,+5.126805827282E+00,-369.425312821E-03,-539.023304097E-03,-169.525146484E-03
-407.500E-09,+5.143687108822E+00,-499.371921877E-03,-545.697299123E-03,-46.264648437E-03
-405.000E-09,+5.019236730966E+00,-445.587373717E-03,-623.822299733E-03,-178.131103515E-03
-402.500E-09,+5.169597913044E+00,-492.305338906E-03,-548.445414723E-03,-56.091308594E-03
-400.000E-09,+5.126020651398E+00,-372.566016362E-03,-539.808479982E-03,-167.144775391E-03
-397.500E-09,+5.135442762024E+00,-411.039634752E-03,-647.770164241E-03,-236.663818358E-03
-395.000E-09,+5.030229193363E+00,-521.749434614E-03,-542.949183525E-03,-21.148681641E-03
-392.500E-09,+5.186086606641E+00,-502.905213361E-03,-571.215515404E-03,-68.267822266E-03
-390.000E-09,+5.078124922381E+00,-453.439132572E-03,-572.000691289E-03,-118.499755859E-03
-387.500E-09,+5.184516254871E+00,-516.253203416E-03,-596.733731682E-03,-80.413818358E-03
-385.000E-09,+5.044362359303E+00,-520.964258727E-03,-579.067274259E-03,-58.013916018E-03
-382.500E-09,+5.189619898126E+00,-496.623806278E-03,-607.726194079E-03,-111.053466794E-03
-380.000E-09,+5.100109847176E+00,-503.690389246E-03,-593.985616084E-03,-90.240478517E-03
-377.500E-09,+5.091080324490E+00,-440.876318402E-03,-550.015766494E-03,-109.069824221E-03
-375.000E-09,+4.928156328243E+00,-487.986871536E-03,-541.378831755E-03,-53.314208987E-03
-372.500E-09,+4.962704067207E+00,-462.076067312E-03,-649.733103959E-03,-187.591552738E-03
-370.000E-09,+4.963489243090E+00,-504.475565133E-03,-540.593655868E-03,-36.041259765E-03
-367.500E-09,+5.036903188388E+00,-423.995036863E-03,-541.378831753E-03,-117.309570314E-03
-365.000E-09,+5.036510600448E+00,-392.195413501E-03,-567.289635977E-03,-175.018310547E-03
-362.500E-09,+5.080480450037E+00,-420.854333324E-03,-553.549057978E-03,-132.598876952E-03
-360.000E-09,+5.115813364886E+00,-448.728077258E-03,-540.593655867E-03,-91.827392579E-03
-357.500E-09,+5.097361731577E+00,-400.047172354E-03,-603.407726709E-03,-203.277587890E-03
-355.000E-09,+4.989400047316E+00,-465.216770856E-03,-541.378831753E-03,-76.080322265E-03
-352.500E-09,+5.160175802417E+00,-282.663377469E-03,-516.645791359E-03,-233.917236327E-03
-350.000E-09,+5.102465374833E+00,-347.440388027E-03,-540.593655865E-03,-193.084716793E-03
-347.500E-09,+5.069880575584E+00,-460.898303485E-03,-451.476192860E-03,+9.460449217E-03
-345.000E-09,+5.079695274152E+00,-405.543403556E-03,-488.772047421E-03,-83.160400389E-03
-342.500E-09,+5.108746781916E+00,-440.483730461E-03,-449.120665201E-03,-8.605957031E-03
-340.000E-09,+4.933652559443E+00,-414.965514180E-03,-426.743152467E-03,-11.688232425E-03
-337.500E-09,+5.010992384167E+00,-392.588001443E-03,-385.914006415E-03,+6.683349611E-03
-335.000E-09,+4.972126177832E+00,-388.269534071E-03,-220.241894570E-03,+167.999267574E-03
-332.500E-09,+4.995288866456E+00,-427.920916290E-03,-426.350564521E-03,+1.617431638E-03
-330.000E-09,+4.970555826061E+00,-399.261996471E-03,-333.307222086E-03,+65.948486328E-03
-327.500E-09,+5.188049546357E+00,-405.150815609E-03,-345.084860368E-03,+60.119628903E-03
-325.000E-09,+5.063991756441E+00,-440.091142517E-03,-396.121292928E-03,+43.975830077E-03
-322.500E-09,+5.038473540158E+00,-388.269534075E-03,-356.862498650E-03,+31.433105472E-03
-320.000E-09,+5.070273163525E+00,-319.959232031E-03,-357.647674538E-03,-37.628173829E-03
-317.500E-09,+5.071058339408E+00,-420.069157436E-03,-422.032097152E-03,-1.953125001E-03
-315.000E-09,+4.952496780694E+00,-440.876318404E-03,-364.714257506E-03,+76.141357422E-03
-312.500E-09,+5.085191505349E+00,-324.670287345E-03,-466.787122628E-03,-142.028808595E-03
-310.000E-09,+5.115028188999E+00,-458.935363771E-03,-418.106217721E-03,+40.802001956E-03
-307.500E-09,+4.981155700516E+00,-430.276443951E-03,-374.528956076E-03,+55.786132814E-03
-305.000E-09,+5.063206580555E+00,-342.729332712E-03,-312.892649061E-03,+29.815673828E-03
-302.500E-09,+5.049073414617E+00,-361.966141907E-03,-347.440388022E-03,+14.556884769E-03
-300.000E-09,+4.965059594864E+00,-564.934108316E-03,-354.506970997E-03,+210.418701167E-03
-297.500E-09,+5.110709721629E+00,-352.936619221E-03,-389.839885842E-03,-36.834716798E-03
-295.000E-09,+5.088332208893E+00,-361.573553963E-03,-367.069785163E-03,-5.462646485E-03
-292.500E-09,+5.039651303989E+00,-431.454207775E-03,-501.727449534E-03,-70.220947269E-03
-290.000E-09,+5.125235475510E+00,-411.824810640E-03,-425.957976578E-03,-14.068603515E-03
-287.500E-09,+5.097754319520E+00,-431.061619834E-03,-404.758227668E-03,+26.275634766E-03
-285.000E-09,+4.981548288461E+00,-364.714257509E-03,-418.106217725E-03,-53.314208984E-03
-282.500E-09,+5.052999294040E+00,-451.868780804E-03,-384.736242585E-03,+67.138671880E-03
-280.000E-09,+5.093828440092E+00,-363.143905736E-03,-407.113755325E-03,-43.914794921E-03
-277.500E-09,+5.006673916796E+00,-391.802825559E-03,-560.223053004E-03,-168.334960934E-03
-275.000E-09,+5.021592258619E+00,-465.216770855E-03,-538.238128211E-03,-72.967529297E-03
-272.500E-09,+5.168420149215E+00,-383.165890818E-03,-475.816645312E-03,-92.559814454E-03
-270.000E-09,+4.942289494182E+00,-239.086115822E-03,-615.970540877E-03,-376.800537105E-03
-267.500E-09,+5.005103565024E+00,-500.549685706E-03,-525.282726100E-03,-24.688720703E-03
-265.000E-09,+5.020807082735E+00,-392.195413501E-03,-563.363756547E-03,-171.112060545E-03
-262.500E-09,+4.975659469317E+00,-346.655212139E-03,-438.128202802E-03,-91.430664059E-03
-260.000E-09,+4.991755574972E+00,-440.876318404E-03,-438.520790748E-03,+2.349853514E-03
-257.500E-09,+5.093435852147E+00,-387.484358187E-03,-466.394534682E-03,-78.826904295E-03
-255.000E-09,+5.034940248675E+00,-461.290891425E-03,-511.542148103E-03,-50.201416018E-03
-252.500E-09,+5.093435852149E+00,-404.758227667E-03,-571.608103346E-03,-166.748046877E-03
-250.000E-09,+5.184908842812E+00,-387.484358188E-03,-539.023304096E-03,-151.458740233E-03
-247.500E-09,+5.054962233759E+00,-351.366267451E-03,-473.853705595E-03,-122.406005859E-03
-245.000E-09,+4.958778187780E+00,-390.625061730E-03,-638.740641558E-03,-248.016357419E-03
-242.500E-09,+5.021592258620E+00,-447.942901374E-03,-513.897675760E-03,-65.917968750E-03
-240.000E-09,+4.965844770750E+00,-344.299684484E-03,-514.682851645E-03,-170.318603515E-03
-237.500E-09,+4.913630574359E+00,-433.809735435E-03,-520.179082843E-03,-86.303710936E-03
-235.000E-09,+4.959563363663E+00,-466.787122627E-03,-507.616268677E-03,-40.740966800E-03
-232.500E-09,+5.095398791862E+00,-389.447297902E-03,-592.807852257E-03,-203.277587891E-03
-230.000E-09,+4.963489243093E+00,-345.870036254E-03,-527.245665813E-03,-181.304931639E-03
-227.500E-09,+5.080480450037E+00,-470.320414111E-03,-539.023304097E-03,-68.634033204E-03
-225.000E-09,+4.995681454400E+00,-506.831092789E-03,-539.023304096E-03,-32.135009766E-03
-222.500E-09,+4.991362987028E+00,-390.232473787E-03,-508.008856618E-03,-117.706298828E-03
-220.000E-09,+4.958778187778E+00,-490.342399191E-03,-439.305966637E-03,+51.055908198E-03
-217.500E-09,+5.091080324490E+00,-480.920288566E-03,-521.749434614E-03,-40.771484375E-03
-215.000E-09,+5.139368641454E+00,-360.788378079E-03,-407.898931213E-03,-47.027587892E-03
-212.500E-09,+5.024340374221E+00,-402.010112067E-03,-552.371294151E-03,-150.268554690E-03
-210.000E-09,+5.070273163525E+00,-482.490640336E-03,-533.527072896E-03,-50.994873047E-03
-207.500E-09,+5.027088489818E+00,-367.854961048E-03,-487.986871538E-03,-120.056152345E-03
-205.000E-09,+4.983118640230E+00,-364.714257506E-03,-545.304711180E-03,-180.511474609E-03
-202.500E-09,+5.005888740909E+00,-377.277071675E-03,-410.647046812E-03,-33.325195314E-03
-200.000E-09,+5.000392509711E+00,-344.299684483E-03,-521.749434613E-03,-177.398681639E-03
-197.500E-09,+5.010992384165E+00,-411.039634755E-03,-539.808479982E-03,-128.692626951E-03
-195.000E-09,+5.020807082736E+00,-442.446670177E-03,-363.929081623E-03,+78.521728516E-03
-192.500E-09,+5.046325299018E+00,-430.276443951E-03,-417.713629780E-03,+12.573242190E-03
-190.000E-09,+4.910882458764E+00,-439.305966632E-03,-473.853705595E-03,-34.454345702E-03
-187.500E-09,+4.994503690570E+00,-466.001946741E-03,-437.343026919E-03,+28.656005859E-03
-185.000E-09,+5.048288238730E+00,-499.764509818E-03,-436.165263091E-03,+63.568115233E-03
-182.500E-09,+4.954852308351E+00,-338.018277398E-03,-412.609986522E-03,-74.523925779E-03
-180.000E-09,+4.905386227564E+00,-463.646419083E-03,-355.292146882E-03,+108.367919918E-03
-177.500E-09,+5.030621781305E+00,-423.995036865E-03,-379.632599331E-03,+44.372558595E-03
-175.000E-09,+4.925015624701E+00,-358.432850422E-03,-460.505715542E-03,-102.020263671E-03
-172.500E-09,+5.017666379195E+00,-463.646419084E-03,-507.616268675E-03,-43.914794922E-03
-170.000E-09,+4.987829695543E+00,-326.240639117E-03,-447.942901373E-03,-121.612548825E-03
-167.500E-09,+4.973696529602E+00,-405.543403553E-03,-408.291519153E-03,-2.716064453E-03
-165.000E-09,+5.012955323880E+00,-340.373805055E-03,-523.319786385E-03,-182.891845702E-03
-162.500E-09,+5.018451555078E+00,-372.173428421E-03,-484.453580052E-03,-112.182617187E-03
-160.000E-09,+5.222597285317E+00,-290.907724267E-03,-371.780840478E-03,-80.780029297E-03
-157.500E-09,+4.923445272931E+00,-427.135740408E-03,-464.824182913E-03,-37.628173828E-03
-155.000E-09,+4.865342257401E+00,-465.216770855E-03,-434.594911319E-03,+30.609130860E-03
-152.500E-09,+5.096183967747E+00,-357.647674537E-03,-397.299056756E-03,-39.581298828E-03
-150.000E-09,+5.001962861483E+00,-313.677824948E-03,-470.713002053E-03,-156.951904293E-03
-147.500E-09,+4.944252433895E+00,-456.187248171E-03,-375.314131961E-03,+80.871582031E-03
-145.000E-09,+5.117383716657E+00,-382.773302874E-03,-505.260741018E-03,-122.406005859E-03
-142.500E-09,+5.048680826673E+00,-481.312876509E-03,-395.728704983E-03,+85.571289065E-03
-140.000E-09,+4.993325926741E+00,-439.305966632E-03,-433.809735434E-03,+5.523681640E-03
-137.500E-09,+5.024732962160E+00,-429.098680122E-03,-447.942901374E-03,-18.798828124E-03
-135.000E-09,+5.037295776333E+00,-352.936619223E-03,-440.876318404E-03,-87.860107423E-03
-132.500E-09,+5.088332208893E+00,-411.432222694E-03,-426.743152464E-03,-15.289306643E-03
-130.000E-09,+5.062421404669E+00,-399.261996469E-03,-414.180338295E-03,-14.862060548E-03
-127.500E-09,+5.146042636480E+00,-380.810363159E-03,-407.898931211E-03,-27.038574220E-03
-125.000E-09,+5.060851052898E+00,-492.697926847E-03,-419.676569495E-03,+73.028564450E-03
-122.500E-09,+5.086369269179E+00,-407.506343271E-03,-390.232473785E-03,+17.303466801E-03
-120.000E-09,+5.082050801806E+00,-345.870036254E-03,-506.831092789E-03,-160.858154297E-03
-117.500E-09,+4.957600423950E+00,-343.121920654E-03,-535.490012611E-03,-192.291259766E-03
-115.000E-09,+4.914023162303E+00,-440.091142518E-03,-504.475565131E-03,-64.300537107E-03
-112.500E-09,+4.967415122520E+00,-347.440388025E-03,-460.505715544E-03,-113.006591799E-03
-110.000E-09,+4.913237986419E+00,-360.003202194E-03,-520.179082843E-03,-160.125732421E-03
-107.500E-09,+4.977229821088E+00,-449.513253144E-03,-457.757599941E-03,-8.209228514E-03
-105.000E-09,+4.997251806169E+00,-402.402700010E-03,-451.083604917E-03,-48.614501956E-03
-102.500E-09,+4.935222911213E+00,-316.425940547E-03,-482.098052395E-03,-165.588378905E-03
-100.000E-09,+5.021592258621E+00,-464.431594968E-03,-579.852450144E-03,-115.325927736E-03
-97.500E-09,+5.051821530212E+00,-347.440388023E-03,-540.593655867E-03,-193.084716798E-03
-95.000E-09,+5.129161354940E+00,-361.573553964E-03,-538.238128211E-03,-176.605224610E-03
-92.500E-09,+4.939148790640E+00,-378.062247560E-03,-533.134484955E-03,-154.998779298E-03
-90.000E-09,+4.978407584918E+00,-256.359985305E-03,-545.304711179E-03,-288.848876948E-03
-87.500E-09,+5.127198415228E+00,-354.114383051E-03,-539.808479982E-03,-185.607910156E-03
-85.000E-09,+4.950141253037E+00,-341.158980940E-03,-539.023304096E-03,-197.784423828E-03
-82.500E-09,+4.958385599835E+00,-359.610614253E-03,-526.853077870E-03,-167.175292965E-03
-80.000E-09,+5.048288238730E+00,-243.797171135E-03,-514.682851644E-03,-270.782470701E-03
-77.500E-09,+4.956030072179E+00,-342.729332711E-03,-536.275188497E-03,-193.481445313E-03
-75.000E-09,+5.027873665705E+00,-363.929081622E-03,-360.788378081E-03,+3.143310546E-03
-72.500E-09,+5.124842887569E+00,-370.210488706E-03,-481.705464453E-03,-111.419677735E-03
-70.000E-09,+4.894393765167E+00,-370.995664591E-03,-536.667776439E-03,-165.618896484E-03
-67.500E-09,+4.932867383556E+00,-466.394534683E-03,-471.498177939E-03,-5.065917968E-03
-65.000E-09,+5.078910098263E+00,-341.944156825E-03,-513.897675758E-03,-171.905517578E-03
-62.500E-09,+5.076161982668E+00,-419.283981553E-03,-501.334861591E-03,-82.000732421E-03
-60.000E-09,+4.957207836007E+00,-465.216770854E-03,-361.573553966E-03,+103.607177730E-03
-57.500E-09,+5.021592258622E+00,-367.462373105E-03,-486.416519764E-03,-118.896484375E-03
-55.000E-09,+4.875549543912E+00,-452.653956684E-03,-279.130085986E-03,+173.492431634E-03
-52.500E-09,+4.972518765775E+00,-370.603076647E-03,-476.601821195E-03,-105.926513672E-03
-50.000E-09,+5.046717886959E+00,-218.671542800E-03,-385.914006416E-03,-167.144775387E-03
-47.500E-09,+5.035725424561E+00,-283.448553352E-03,-446.372549603E-03,-162.841796877E-03
-45.000E-09,+4.977622409033E+00,-327.025815001E-03,-388.269534073E-03,-61.187744141E-03
-42.500E-09,+5.001177685596E+00,-375.706719906E-03,-434.202323376E-03,-58.441162106E-03
-40.000E-09,+5.150361103848E+00,-344.299684483E-03,-411.824810640E-03,-67.474365235E-03
-37.500E-09,+4.888504946022E+00,-348.618151852E-03,-495.053454506E-03,-146.362304688E-03
-35.000E-09,+5.056139997585E+00,-465.216770855E-03,-348.225563911E-03,+116.973876952E-03
-32.500E-09,+5.013740499767E+00,-367.069785164E-03,-384.736242588E-03,-17.608642578E-03
-30.000E-09,+5.084406329465E+00,-305.826066091E-03,-429.098680119E-03,-123.199462889E-03
-27.500E-09,+5.051036354329E+00,-415.750690068E-03,-378.062247562E-03,+37.689208985E-03
-25.000E-09,+5.056139997585E+00,-420.461745377E-03,-385.128830530E-03,+35.308837889E-03
-22.500E-09,+5.129553942883E+00,-325.455463232E-03,-382.380714927E-03,-56.884765619E-03
-20.000E-09,+5.076554570611E+00,-481.705464450E-03,-371.780840478E-03,+109.893798824E-03
-17.500E-09,+5.098146907461E+00,+146.042656032E-03,-147.613125155E-03,-293.548583980E-03
-15.000E-09,+5.063206580556E+00,+1.237829724873E+00,+363.143788385E-03,-874.542236325E-03
-12.500E-09,+4.953674544523E+00,+3.581972331141E+00,+1.355213519759E+00,-1.954284667968E+00
-10.000E-09,+5.038866128103E+00,+6.903658914913E+00,+2.698256871977E+00,-1.984344482422E+00
-7.500E-09,+5.169597913045E+00,+9.517902025827E+00,+3.460270068894E+00,-1.984344482422E+00
-5.000E-09,+5.147220400308E+00,+11.467886337564E+00,+4.399733015942E+00,-1.984344482422E+00
-2.500E-09,+4.973696529601E+00,+13.601994394458E+00,+6.173837929314E+00,-1.984344482422E+00
-0.0E+00,+5.794990505871E+00,+15.233589884615E+00,+7.648790830304E+00,-1.984344482422E+00
+2.500E-09,+5.927685230540E+00,+15.784390768326E+00,+9.106862449749E+00,-1.984344482422E+00
+5.000E-09,+4.159469136308E+00,+16.411353712927E+00,+10.669362461970E+00,-1.984344482422E+00
+7.500E-09,+4.161824663949E+00,+18.150518299390E+00,+12.126648905532E+00,-1.984344482422E+00
+10.000E-09,+5.044362359298E+00,+19.304726851138E+00,+13.620838615716E+00,-1.984344482422E+00
+12.500E-09,+4.555982958502E+00,+19.307867554684E+00,+14.969378199129E+00,-1.984344482422E+00
+15.000E-09,+4.080166371859E+00,+20.106391430275E+00,+16.281014515923E+00,-1.984344482422E+00
+17.500E-09,+4.276067755302E+00,+21.136149604159E+00,+17.322550328097E+00,-1.984344482422E+00
+20.000E-09,+3.963175164917E+00,+21.449827370438E+00,+18.336604984266E+00,-1.984344482422E+00
+22.500E-09,+3.862672651564E+00,+21.622173477314E+00,+19.403266424775E+00,-1.984344482422E+00
+25.000E-09,+3.999293255649E+00,+22.308809789215E+00,+20.418891432720E+00,-1.889678955079E+00
+27.500E-09,+4.508087229476E+00,+23.012719970601E+00,+21.313599354292E+00,-1.698944091799E+00
+30.000E-09,+5.637170152876E+00,+23.156014569716E+00,+21.972754510204E+00,-1.183074951176E+00
+32.500E-09,+6.441190259677E+00,+23.289101882313E+00,+22.744974993629E+00,-544.036865240E-03
+35.000E-09,+6.478878702181E+00,+23.678156533596E+00,+23.424544722566E+00,-253.509521486E-03
+37.500E-09,+6.070979829647E+00,+23.901931660976E+00,+23.833621358936E+00,-68.267822263E-03
+40.000E-09,+5.651303318827E+00,+23.949042214109E+00,+24.169676637944E+00,+220.611572264E-03
+42.500E-09,+5.019236730969E+00,+23.890154022693E+00,+24.276460558378E+00,+386.291503905E-03
+45.000E-09,+4.813520648952E+00,+24.055040958656E+00,+24.413081162464E+00,+358.001708986E-03
+47.500E-09,+4.778972909993E+00,+24.353800383105E+00,+24.587782796996E+00,+233.978271485E-03
+50.000E-09,+4.600737983974E+00,+24.313363825001E+00,+24.585819857283E+00,+272.430419922E-03
+52.500E-09,+4.428391877096E+00,+24.208935432222E+00,+24.587390209053E+00,+378.417968751E-03
+55.000E-09,+4.336918886430E+00,+24.349481915737E+00,+24.614086189161E+00,+264.556884764E-03
+57.500E-09,+4.370288861567E+00,+24.543812947405E+00,+24.777010185412E+00,+233.184814454E-03
+60.000E-09,+4.421717882070E+00,+24.285097493122E+00,+24.764839959184E+00,+479.705810544E-03
+62.500E-09,+4.309437730440E+00,+24.435458675199E+00,+24.700455536573E+00,+264.953613286E-03
+65.000E-09,+4.202653810004E+00,+24.692603777716E+00,+24.810380160545E+00,+117.767333983E-03
+67.500E-09,+4.188520644064E+00,+24.535568600610E+00,+24.758951140043E+00,+223.358154294E-03
+70.000E-09,+4.118639990251E+00,+24.380888951158E+00,+24.982333679480E+00,+601.409912108E-03
+72.500E-09,+4.278815870898E+00,+24.526931665869E+00,+24.937971241945E+00,+411.010742185E-03
+75.000E-09,+4.646278185332E+00,+24.755417848558E+00,+24.976052272395E+00,+220.611572267E-03
+77.500E-09,+4.662766878929E+00,+24.614871365048E+00,+25.018451770214E+00,+403.564453124E-03
+80.000E-09,+4.807239241869E+00,+24.603093726763E+00,+25.042792222666E+00,+439.666748047E-03
+82.500E-09,+4.915986102018E+00,+24.595241967908E+00,+24.877905286703E+00,+282.623291016E-03
+85.000E-09,+4.888897533965E+00,+24.634500762184E+00,+24.895179156185E+00,+260.650634767E-03
+87.500E-09,+5.256359848394E+00,+24.537924128263E+00,+24.884971869675E+00,+347.015380863E-03
+90.000E-09,+5.739243018002E+00,+24.571686691343E+00,+24.862201768994E+00,+290.496826173E-03
+92.500E-09,+6.154993649396E+00,+24.607019606191E+00,+24.896356920012E+00,+289.306640624E-03
+95.000E-09,+6.226837242925E+00,+24.592101264368E+00,+24.987829910679E+00,+395.721435545E-03
+97.500E-09,+6.200926438703E+00,+24.691426013885E+00,+25.091865715514E+00,+400.390625003E-03
+100.000E-09,+5.788709098799E+00,+24.665907797608E+00,+25.221812324568E+00,+555.877685545E-03
+102.500E-09,+5.389447160999E+00,+24.684359430919E+00,+25.423209939208E+00,+738.800048825E-03
+105.000E-09,+4.976052057263E+00,+24.765625135071E+00,+25.676429162295E+00,+910.736083982E-03
+107.500E-09,+4.599560220145E+00,+24.797424758438E+00,+25.734532177825E+00,+937.042236324E-03
+110.000E-09,+4.453124917491E+00,+24.862986944876E+00,+25.833464339404E+00,+970.428466798E-03
+112.500E-09,+4.377748032480E+00,+24.842964959797E+00,+26.037217481700E+00,+1.194152832029E+00
+115.000E-09,+4.476680194057E+00,+24.820587447059E+00,+26.274733187075E+00,+1.454010009762E+00
+117.500E-09,+4.597204692487E+00,+24.778580537181E+00,+26.257851905541E+00,+1.479156494144E+00
+120.000E-09,+4.590530697460E+00,+24.911667849779E+00,+26.195430422640E+00,+1.283660888675E+00
+122.500E-09,+4.573256827978E+00,+24.757773376216E+00,+26.229192985718E+00,+1.471313476563E+00
+125.000E-09,+4.481391249371E+00,+24.714588702509E+00,+26.124764592940E+00,+1.410064697268E+00
+127.500E-09,+4.647848537103E+00,+24.691818601831E+00,+25.837390218835E+00,+1.145507812502E+00
+130.000E-09,+4.558338486155E+00,+24.615656540932E+00,+25.593985694317E+00,+978.240966799E-03
+132.500E-09,+4.766802683763E+00,+24.543420359462E+00,+25.402795366190E+00,+859.313964848E-03
+135.000E-09,+5.144079696763E+00,+24.467258298567E+00,+25.088332424029E+00,+621.002197266E-03
+137.500E-09,+5.144864872651E+00,+24.552057294203E+00,+24.933260186636E+00,+381.195068363E-03
+140.000E-09,+4.976052057262E+00,+24.448414077313E+00,+24.733432923764E+00,+285.003662110E-03
+142.500E-09,+4.882223538939E+00,+24.417399629834E+00,+24.342022744824E+00,-75.317382811E-03
+145.000E-09,+4.870838488598E+00,+24.387170358241E+00,+24.223068598163E+00,-164.031982422E-03
+147.500E-09,+4.775832206449E+00,+24.437814202860E+00,+23.996545355185E+00,-441.192626954E-03
+150.000E-09,+4.673759341329E+00,+24.351052267507E+00,+23.904287188637E+00,-446.685791014E-03
+152.500E-09,+4.963489243092E+00,+24.380103775271E+00,+23.835976886591E+00,-544.036865236E-03
+155.000E-09,+5.062421404666E+00,+24.384029654700E+00,+23.696215578967E+00,-687.713623047E-03
+157.500E-09,+5.277559597307E+00,+24.361652141962E+00,+23.609061055672E+00,-752.441406250E-03
+160.000E-09,+5.415750553162E+00,+24.401303524178E+00,+23.550958040142E+00,-850.189208982E-03
+162.500E-09,+5.400047035449E+00,+24.360866966076E+00,+23.521121356491E+00,-839.630126953E-03
+165.000E-09,+5.404758090764E+00,+24.365185433444E+00,+23.499136431696E+00,-865.936279295E-03
+167.500E-09,+5.211212234978E+00,+24.385992594413E+00,+23.372723114124E+00,-1.013153076172E+00
+170.000E-09,+5.184123666928E+00,+24.386385182355E+00,+23.435537184968E+00,-950.714111326E-03
+172.500E-09,+5.215923290293E+00,+24.234846236445E+00,+23.518765828833E+00,-715.972900390E-03
+175.000E-09,+5.196686481096E+00,+24.386385182355E+00,+23.481077386328E+00,-905.181884765E-03
+177.500E-09,+5.283841004393E+00,+24.439777142571E+00,+23.537217462144E+00,-902.404785156E-03
+180.000E-09,+5.206893767609E+00,+24.435851263144E+00,+23.617697990412E+00,-818.023681641E-03
+182.500E-09,+4.950141253039E+00,+24.380103775272E+00,+23.701711810165E+00,-678.283691408E-03
+185.000E-09,+4.816661352496E+00,+24.365185433447E+00,+23.711919096678E+00,-653.167724610E-03
+187.500E-09,+4.760913864622E+00,+24.339274629224E+00,+23.781799750490E+00,-557.373046876E-03
+190.000E-09,+4.747565874568E+00,+24.381674127042E+00,+23.694645227197E+00,-686.920166013E-03
+192.500E-09,+4.811557709241E+00,+24.495132042505E+00,+23.875628268810E+00,-619.384765629E-03
+195.000E-09,+4.813520648952E+00,+24.384814830586E+00,+23.905857540406E+00,-478.851318360E-03
+197.500E-09,+4.982726052286E+00,+24.366363197275E+00,+23.947471862340E+00,-418.792724609E-03
+200.000E-09,+5.011384972109E+00,+24.410725634807E+00,+23.931768344629E+00,-478.851318358E-03
+202.500E-09,+5.124842887569E+00,+24.481784052451E+00,+24.071137064311E+00,-410.552978518E-03
+205.000E-09,+5.029444017477E+00,+24.394236941211E+00,+24.204224376908E+00,-189.910888674E-03
+207.500E-09,+4.985474167885E+00,+24.459799127654E+00,+24.168106286174E+00,-291.595458986E-03
+210.000E-09,+5.024732962164E+00,+24.458621363825E+00,+24.250549754157E+00,-207.977294922E-03
+212.500E-09,+5.082050801806E+00,+24.444880785828E+00,+24.212861311651E+00,-231.933593750E-03
+215.000E-09,+5.275989245536E+00,+24.541850007691E+00,+24.190876386856E+00,-350.860595701E-03
+217.500E-09,+5.300329697986E+00,+24.440562318456E+00,+24.343200508652E+00,-97.290039060E-03
+220.000E-09,+5.423602312018E+00,+24.351837443394E+00,+24.387955534126E+00,+36.102294919E-03
+222.500E-09,+5.270493014339E+00,+24.453125132627E+00,+24.487280283647E+00,+34.179687499E-03
+225.000E-09,+5.146435224423E+00,+24.561479404831E+00,+24.568545987800E+00,+7.049560546E-03
+227.500E-09,+4.957207836010E+00,+24.425251388693E+00,+24.715766466338E+00,+290.496826168E-03
+230.000E-09,+4.746780698682E+00,+24.531642721180E+00,+24.778973125125E+00,+247.283935548E-03
+232.500E-09,+4.760128688737E+00,+24.547738826835E+00,+24.844927899507E+00,+297.149658199E-03
+235.000E-09,+4.804098538326E+00,+24.533213072952E+00,+24.933652774577E+00,+400.421142578E-03
+237.500E-09,+4.950141253035E+00,+24.544205535349E+00,+24.982726267423E+00,+438.507080078E-03
+240.000E-09,+5.140938993222E+00,+24.596812319679E+00,+25.098539710539E+00,+501.678466796E-03
+242.500E-09,+5.159390626531E+00,+24.576397746656E+00,+25.067132675117E+00,+490.692138671E-03
+245.000E-09,+5.115028189000E+00,+24.603878902649E+00,+25.045147750324E+00,+441.253662111E-03
+247.500E-09,+5.148790752079E+00,+24.580323626081E+00,+25.116206167966E+00,+535.858154301E-03
+250.000E-09,+5.049858590501E+00,+24.584249505511E+00,+25.235945490510E+00,+651.641845704E-03
+252.500E-09,+5.064384344385E+00,+24.497094982216E+00,+25.185694233835E+00,+688.568115235E-03
+255.000E-09,+5.147220400307E+00,+24.468828650336E+00,+25.162138957269E+00,+693.267822267E-03
+257.500E-09,+5.115028189001E+00,+24.499057921928E+00,+25.247330540851E+00,+748.229980472E-03
+260.000E-09,+4.946215373610E+00,+24.509657796386E+00,+25.235160314623E+00,+725.433349608E-03
+262.500E-09,+5.047895650787E+00,+24.473147117708E+00,+25.185694233835E+00,+712.493896483E-03
+265.000E-09,+4.862201553858E+00,+24.570901515457E+00,+25.199042223887E+00,+628.082275388E-03
+267.500E-09,+4.761699040509E+00,+24.533605660896E+00,+25.112280288537E+00,+578.643798827E-03
+270.000E-09,+4.748351050452E+00,+24.517509555240E+00,+25.155072374297E+00,+637.481689452E-03
+272.500E-09,+4.843357332604E+00,+24.473539705653E+00,+25.059280916261E+00,+585.693359371E-03
+275.000E-09,+4.911667634645E+00,+24.577182922541E+00,+24.995681669535E+00,+418.487548829E-03
+277.500E-09,+4.956030072179E+00,+24.494739454559E+00,+25.043577398554E+00,+548.797607425E-03
+280.000E-09,+5.205323415837E+00,+24.573257043112E+00,+24.980763327711E+00,+407.501220706E-03
+282.500E-09,+5.252433968969E+00,+24.516724379355E+00,+24.872409055503E+00,+355.651855467E-03
+285.000E-09,+5.261856079597E+00,+24.398947996525E+00,+24.901460563268E+00,+502.471923826E-03
+287.500E-09,+5.255574672513E+00,+24.480213700675E+00,+24.824905914432E+00,+344.665527349E-03
+290.000E-09,+5.173916380415E+00,+24.413866338349E+00,+24.639211817503E+00,+225.311279301E-03
+292.500E-09,+4.928941504129E+00,+24.427999504289E+00,+24.662767094063E+00,+234.771728513E-03
+295.000E-09,+4.899889996361E+00,+24.331422870368E+00,+24.586605033167E+00,+255.157470702E-03
+297.500E-09,+4.862201553857E+00,+24.377748247614E+00,+24.574042219000E+00,+196.289062500E-03
+300.000E-09,+4.799387483013E+00,+24.266253271870E+00,+24.385600006470E+00,+119.354248045E-03
+302.500E-09,+4.838646277291E+00,+24.386777770298E+00,+24.342415332766E+00,-44.281005858E-03
+305.000E-09,+4.753062105766E+00,+24.369896488759E+00,+24.316504528543E+00,-53.314208984E-03
+307.500E-09,+4.873194016253E+00,+24.267038447754E+00,+24.198728145711E+00,-68.237304688E-03
+310.000E-09,+5.038080952214E+00,+24.330637694481E+00,+24.047974375689E+00,-282.562255858E-03
+312.500E-09,+5.102072786891E+00,+24.278816086039E+00,+24.023633923239E+00,-255.096435547E-03
+315.000E-09,+5.209249295264E+00,+24.325926639169E+00,+23.930983168743E+00,-394.866943359E-03
+317.500E-09,+5.268530074623E+00,+24.278030910149E+00,+23.864243218474E+00,-413.696289059E-03
+320.000E-09,+5.342729195806E+00,+24.314149000885E+00,+23.750392715069E+00,-563.629150389E-03
+322.500E-09,+5.254004320739E+00,+24.341630156880E+00,+23.748822363300E+00,-592.712402342E-03
+325.000E-09,+5.187264370472E+00,+24.070744476371E+00,+23.758244473924E+00,-312.408447268E-03
+327.500E-09,+5.142901932939E+00,+24.159469351434E+00,+23.523869472089E+00,-635.498046876E-03
+330.000E-09,+5.037295776333E+00,+23.996152767244E+00,+23.474010803360E+00,-522.064208985E-03
+332.500E-09,+4.868875548885E+00,+23.574905904654E+00,+23.357804772299E+00,-217.010498050E-03
+335.000E-09,+4.902245524019E+00,+22.878062306240E+00,+23.077496981162E+00,+199.432373043E-03
+337.500E-09,+4.910882458760E+00,+21.658291568057E+00,+22.622880143439E+00,+964.538574216E-03
+340.000E-09,+4.937578438868E+00,+19.910097458908E+00,+21.994739435006E+00,+1.984405517570E+00
+342.500E-09,+5.023555198335E+00,+17.803863145951E+00,+20.960270205812E+00,+1.984405517578E+00
+345.000E-09,+4.976837233146E+00,+15.042006968567E+00,+19.936793439009E+00,+1.984405517578E+00
+347.500E-09,+4.928548916187E+00,+12.520807200097E+00,+18.534076719493E+00,+1.984405517578E+00
+350.000E-09,+4.907741755216E+00,+10.411824771534E+00,+17.170618794256E+00,+1.984405517578E+00
+352.500E-09,+5.023947786279E+00,+8.873272623817E+00,+16.045069162333E+00,+1.984405517578E+00
+355.000E-09,+4.993325926741E+00,+8.031956662456E+00,+14.689462995949E+00,+1.984405517578E+00
+357.500E-09,+5.040043891930E+00,+7.017902006283E+00,+12.998979314387E+00,+1.984405517578E+00
+360.000E-09,+5.038080952217E+00,+6.292792075985E+00,+11.407427794394E+00,+1.984405517578E+00
+362.500E-09,+5.279129949073E+00,+5.480527622398E+00,+10.001962959278E+00,+1.984405517578E+00
+365.000E-09,+5.702339751383E+00,+4.602308394420E+00,+8.926271996089E+00,+1.984405517578E+00
+367.500E-09,+5.770257465484E+00,+3.785332885517E+00,+7.616991206954E+00,+1.984405517578E+00
+370.000E-09,+5.400832211341E+00,+3.127748081377E+00,+6.537766952279E+00,+1.984405517578E+00
+372.500E-09,+5.110709721629E+00,+2.670383128047E+00,+5.484453501826E+00,+1.984405517578E+00
+375.000E-09,+5.173131204531E+00,+2.300957873904E+00,+4.618011912131E+00,+1.984405517578E+00
+377.500E-09,+5.143687108825E+00,+1.944095433923E+00,+3.775518186949E+00,+1.824829101567E+00
+380.000E-09,+4.694959090241E+00,+1.342258117660E+00,+3.046089789278E+00,+1.703704833982E+00
+382.500E-09,+4.207757453262E+00,+1.102386884629E+00,+2.126648827314E+00,+1.024169921874E+00
+385.000E-09,+3.887798279904E+00,+723.539519855E-03,+1.525204098991E+00,+801.605224609E-03
+387.500E-09,+3.532898779640E+00,+624.214770336E-03,+1.041535753495E+00,+417.297363276E-03
+390.000E-09,+3.629475413556E+00,+469.927708822E-03,+819.330977888E-03,+349.395751955E-03
+392.500E-09,+3.759422022616E+00,+291.300194863E-03,+301.114893429E-03,+9.857177731E-03
+395.000E-09,+4.285882453866E+00,+343.514391250E-03,-6.674053698E-03,-350.128173825E-03
+397.500E-09,+4.931297031781E+00,+191.975445340E-03,-93.043401109E-03,-284.942626951E-03
+400.000E-09,+5.535097287763E+00,-1.962998386E-03,-67.917772773E-03,-65.887451174E-03
+402.500E-09,+5.516645654455E+00,-21.984983467E-03,-41.221792663E-03,-19.165039062E-03
+405.000E-09,+5.398476683681E+00,-89.902697570E-03,-80.480586942E-03,+9.429931641E-03
+407.500E-09,+5.397298919852E+00,-74.199179860E-03,-112.672798249E-03,-38.421630857E-03
+410.000E-09,+5.254789496630E+00,-30.229330266E-03,-52.214255062E-03,-21.942138673E-03
+412.500E-09,+5.272455954050E+00,-217.886366911E-03,+117.383736216E-03,+335.235595704E-03
+415.000E-09,+5.259500551942E+00,-318.388880258E-03,-11.385109012E-03,+306.976318360E-03
+417.500E-09,+5.459327814810E+00,-155.857471953E-03,+25.518157608E-03,+181.335449221E-03
+420.000E-09,+5.646592263509E+00,-289.337372492E-03,+55.354841255E-03,+344.635009761E-03
+422.500E-09,+5.678784474819E+00,-268.137623583E-03,+8.244288127E-03,+276.367187500E-03
+425.000E-09,+5.772220405196E+00,-244.582347018E-03,-119.739381219E-03,+124.847412108E-03
+427.500E-09,+5.453046407730E+00,-290.122548380E-03,-314.070412890E-03,-23.864746094E-03
+430.000E-09,+5.257930200170E+00,-208.464256288E-03,-266.567271814E-03,-58.013916011E-03
+432.500E-09,+4.976837233147E+00,-274.026442724E-03,-277.559734214E-03,-3.479003911E-03
+435.000E-09,+5.007459092682E+00,-323.885111456E-03,-401.617524126E-03,-77.667236330E-03
+437.500E-09,+4.767980447593E+00,-309.751945520E-03,-411.824810639E-03,-101.989746093E-03
+440.000E-09,+4.681611100183E+00,-346.655212139E-03,-553.156470036E-03,-206.451416016E-03
+442.500E-09,+4.446450922465E+00,-307.003829918E-03,-577.496922487E-03,-270.416259766E-03
+445.000E-09,+4.245053307826E+00,-465.216770856E-03,-568.859987748E-03,-103.546142579E-03
+447.500E-09,+3.944723531604E+00,-395.336117046E-03,-659.155214582E-03,-263.732910151E-03
+450.000E-09,+3.823413857289E+00,-466.001946740E-03,-903.344914985E-03,-437.225341797E-03
+452.500E-09,+3.995367376221E+00,-664.258857838E-03,-1.086290896317E+00,-421.936035158E-03
+455.000E-09,+4.471183962855E+00,-550.015766494E-03,-1.302214264841E+00,-752.105712890E-03
+457.500E-09,+4.800957834782E+00,-582.993153687E-03,-1.593907106316E+00,-1.010772705075E+00
+460.000E-09,+5.391410100706E+00,-704.695415945E-03,-1.816504469867E+00,-1.111663818358E+00
+462.500E-09,+5.546874926046E+00,-761.228079703E-03,-2.028109371021E+00,-1.266723632812E+00
+465.000E-09,+5.677999298932E+00,-677.214259951E-03,-2.086604974495E+00,-1.409210205078E+00
+467.500E-09,+5.670540128019E+00,-771.435366214E-03,-2.305669046561E+00,-1.534057617191E+00
+470.000E-09,+5.583778192669E+00,-608.118782026E-03,-2.429726836473E+00,-1.821380615229E+00
+472.500E-09,+5.522141885657E+00,-582.993153685E-03,-2.364164650033E+00,-1.780975341798E+00
+475.000E-09,+5.479349799890E+00,-615.185364994E-03,-2.515311007998E+00,-1.899932861326E+00
+477.500E-09,+5.517038242397E+00,-662.295918127E-03,-2.230684749490E+00,-1.568206787107E+00
+480.000E-09,+5.407113618423E+00,-661.510742241E-03,-2.139211758828E+00,-1.477508544923E+00
+482.500E-09,+5.372958467400E+00,-490.734987137E-03,-1.923680978248E+00,-1.432769775392E+00
+485.000E-09,+5.232019395948E+00,-553.941645923E-03,-1.524419040451E+00,-970.367431642E-03
+487.500E-09,+5.058102937297E+00,-512.327323988E-03,-1.456893914294E+00,-944.427490237E-03
+490.000E-09,+4.890467885737E+00,-353.721795111E-03,-1.116127579969E+00,-762.298583984E-03
+492.500E-09,+4.803313362439E+00,-493.875690677E-03,-827.968029977E-03,-334.014892581E-03
+495.000E-09,+4.979192760802E+00,-394.550941159E-03,-770.650190332E-03,-376.007080078E-03
+497.500E-09,+5.238693390971E+00,-340.373805059E-03,-500.157097762E-03,-159.729003902E-03
+500.000E-09,+5.360003065288E+00,-441.661494287E-03,-85.191642260E-03,+356.414794915E-03
+502.500E-09,+5.562971031700E+00,-383.951066702E-03,-149.183476926E-03,+234.741210938E-03
+505.000E-09,+5.506830955885E+00,-451.083604913E-03,+83.621173135E-03,+534.637451167E-03
+507.500E-09,+5.374921407116E+00,-352.544031280E-03,+31.406976748E-03,+383.911132811E-03
+510.000E-09,+5.021592258622E+00,-244.582347020E-03,+257.930219725E-03,+502.471923828E-03
+512.500E-09,+4.982333464347E+00,-303.470538433E-03,+255.182104126E-03,+558.624267576E-03
+515.000E-09,+4.754632457537E+00,-307.396417862E-03,+290.907606920E-03,+598.236083985E-03
+517.500E-09,+4.661981703043E+00,-286.589256896E-03,+456.579718768E-03,+743.103027345E-03
+520.000E-09,+4.640781954136E+00,-224.167773995E-03,+338.018160052E-03,+562.164306641E-03
+522.500E-09,+4.763269392278E+00,-236.338000221E-03,+361.180848676E-03,+597.473144533E-03
+525.000E-09,+4.742854819254E+00,-275.989382441E-03,+467.572181166E-03,+743.499755860E-03
+527.500E-09,+4.936400675037E+00,-247.723050564E-03,+413.787633009E-03,+661.468505864E-03
+530.000E-09,+4.987044519658E+00,-167.635110239E-03,+489.557105960E-03,+657.135009768E-03
+532.500E-09,+4.979192760802E+00,-356.469910709E-03,+505.653211613E-03,+862.030029296E-03
+535.000E-09,+5.219456581775E+00,-308.181593747E-03,+439.305849287E-03,+747.406005859E-03
+537.500E-09,+5.281878064680E+00,-253.611869703E-03,+415.750572721E-03,+669.311523438E-03
+540.000E-09,+5.345084723462E+00,-284.626317182E-03,+330.166401196E-03,+614.715576173E-03
+542.500E-09,+5.448727940352E+00,-329.381342655E-03,+352.543913936E-03,+681.884765625E-03
+545.000E-09,+5.450298292127E+00,-320.744407915E-03,+264.211626813E-03,+584.930419922E-03
+547.500E-09,+5.363143768831E+00,-329.773930600E-03,+356.469793360E-03,+686.187744138E-03
+550.000E-09,+5.314462863928E+00,-288.552196612E-03,+261.856099157E-03,+550.384521490E-03
+552.500E-09,+5.097361731577E+00,-211.997547767E-03,+224.167656648E-03,+436.126708983E-03
+555.000E-09,+5.024732962163E+00,-317.603704372E-03,+255.574692071E-03,+573.150634764E-03
+557.500E-09,+4.941111730350E+00,-381.595539048E-03,+204.930847454E-03,+586.456298832E-03
+560.000E-09,+5.012955323880E+00,-187.264507378E-03,+264.211626810E-03,+451.446533206E-03
+562.500E-09,+4.970163238118E+00,-314.463000831E-03,+233.982355218E-03,+548.400878906E-03
+565.000E-09,+4.804883714213E+00,-318.388880262E-03,+169.205344662E-03,+487.579345707E-03
+567.500E-09,+4.959170775722E+00,-388.662122019E-03,+75.376826339E-03,+463.989257817E-03
+570.000E-09,+4.816661352497E+00,-433.024559549E-03,-50.643903287E-03,+382.354736333E-03
+572.500E-09,+4.748743638394E+00,-464.824182913E-03,+16.096046981E-03,+480.865478517E-03
+575.000E-09,+5.063206580552E+00,-342.729332712E-03,-163.709230807E-03,+178.985595705E-03
+577.500E-09,+5.057317761413E+00,-378.454835505E-03,-220.634482508E-03,+157.806396488E-03
+580.000E-09,+4.952496780697E+00,-571.215515399E-03,-370.210488706E-03,+201.019287105E-03
+582.500E-09,+5.171560852757E+00,-389.447297900E-03,-546.089887065E-03,-156.555175781E-03
+585.000E-09,+5.400832211335E+00,-387.484358186E-03,-540.593655868E-03,-153.045654298E-03
+587.500E-09,+5.239085978918E+00,-556.689761519E-03,-736.102451367E-03,-179.351806643E-03
+590.000E-09,+5.191975425782E+00,-535.882600555E-03,-922.189136236E-03,-386.199951168E-03
+592.500E-09,+5.089509972723E+00,-486.416519766E-03,-969.299689371E-03,-482.757568358E-03
+595.000E-09,+4.914023162305E+00,-476.994409139E-03,-1.044676574381E+00,-567.596435544E-03
+597.500E-09,+4.947000549494E+00,-528.423429642E-03,-1.112986876426E+00,-584.442138672E-03
+600.000E-09,+4.959563363663E+00,-517.038379299E-03,-1.177371299039E+00,-660.247802736E-03
+602.500E-09,+5.043184595472E+00,-488.772047422E-03,-1.233118786914E+00,-744.232177736E-03
+605.000E-09,+4.980763112574E+00,-652.873807499E-03,-1.148319791277E+00,-495.330810549E-03
+607.500E-09,+5.191975425782E+00,-523.712374330E-03,-1.287688510956E+00,-763.854980465E-03
+610.000E-09,+5.140938993223E+00,-499.764509820E-03,-1.338332355574E+00,-838.409423825E-03
+612.500E-09,+5.230841632116E+00,-669.362501095E-03,-1.264133234390E+00,-594.665527342E-03
+615.000E-09,+5.155072159166E+00,-572.000691287E-03,-1.404287129959E+00,-832.183837891E-03
+617.500E-09,+5.204145652010E+00,-556.297173578E-03,-1.242540897540E+00,-686.126708985E-03
+620.000E-09,+5.263426431366E+00,-659.155214583E-03,-1.248037128741E+00,-588.775634769E-03
+622.500E-09,+5.237123039200E+00,-584.170917514E-03,-1.204067279148E+00,-619.781494141E-03
+625.000E-09,+5.311322160386E+00,-579.852450141E-03,-1.186008233781E+00,-606.048583988E-03
+627.500E-09,+5.135050174083E+00,-546.482475007E-03,-1.238222430170E+00,-691.619873050E-03
+630.000E-09,+5.155072159163E+00,-587.704208998E-03,-1.144393911848E+00,-556.610107425E-03
+632.500E-09,+5.106391254259E+00,-551.586118265E-03,-1.175800947268E+00,-624.084472656E-03
+635.000E-09,+4.978407584917E+00,-641.096169214E-03,-1.160097429558E+00,-518.890380861E-03
+637.500E-09,+4.930119267955E+00,-533.134484955E-03,-1.068231850952E+00,-535.003662110E-03
+640.000E-09,+5.124450299627E+00,-365.499433395E-03,-1.014054714849E+00,-648.468017577E-03
+642.500E-09,+5.020807082735E+00,-486.416519765E-03,-1.010914011306E+00,-524.383544922E-03
+645.000E-09,+5.082050801808E+00,-530.386369355E-03,-911.196673842E-03,-380.706787110E-03
+647.500E-09,+5.283841004392E+00,-519.786494901E-03,-924.544663897E-03,-404.663085937E-03
+650.000E-09,+5.292477939132E+00,-531.171545242E-03,-875.863758992E-03,-344.573974608E-03
+652.500E-09,+5.347047663179E+00,-544.519535294E-03,-747.880089651E-03,-203.277587893E-03
+655.000E-09,+5.345084723463E+00,-509.971796331E-03,-837.390140600E-03,-327.301025389E-03
+657.500E-09,+5.297188994446E+00,-442.446670175E-03,-633.244410360E-03,-190.734863281E-03
+660.000E-09,+5.030229193366E+00,-462.076067313E-03,-591.630088429E-03,-129.486083987E-03
+662.500E-09,+5.001570273539E+00,-320.744407914E-03,-520.964258728E-03,-200.134277346E-03
+665.000E-09,+4.968200298405E+00,-348.225563911E-03,-317.603704375E-03,+30.609130860E-03
+667.500E-09,+5.018451555080E+00,-436.165263089E-03,-225.345537828E-03,+210.815429681E-03
+670.000E-09,+4.961918891319E+00,-358.432850424E-03,-141.724306014E-03,+216.705322267E-03
+672.500E-09,+4.907349167278E+00,-386.699182299E-03,-108.354330881E-03,+278.320312494E-03
+675.000E-09,+4.795461603588E+00,-326.240639112E-03,-114.243150019E-03,+212.005615232E-03
+677.500E-09,+4.866127433284E+00,-371.388252534E-03,+163.316525516E-03,+534.667968748E-03
+680.000E-09,+4.892823413392E+00,-190.405210919E-03,+57.710368913E-03,+248.077392580E-03
+682.500E-09,+5.104428314544E+00,-305.040890206E-03,+133.479841868E-03,+438.476562500E-03
+685.000E-09,+5.082050801808E+00,-465.216770855E-03,+257.930219725E-03,+723.114013671E-03
+687.500E-09,+5.210034471152E+00,-261.071040618E-03,+213.175194248E-03,+474.212646485E-03
+690.000E-09,+5.288552059704E+00,-153.501944299E-03,+136.227957470E-03,+289.703369145E-03
+692.500E-09,+5.321922034839E+00,-362.358729851E-03,+287.766903377E-03,+650.085449220E-03
+695.000E-09,+5.312107336273E+00,-355.292146878E-03,+224.167656652E-03,+579.437255861E-03
+697.500E-09,+5.178627435731E+00,-404.758227667E-03,+283.055848063E-03,+687.774658201E-03
+700.000E-09,+5.093828440092E+00,-442.446670173E-03,+226.523184305E-03,+668.914794920E-03
+702.500E-09,+5.063991756442E+00,-341.158980940E-03,+229.271299904E-03,+570.373535156E-03
+705.000E-09,+4.878690247453E+00,-352.936619222E-03,+101.680218504E-03,+454.559326170E-03
+707.500E-09,+4.946607961553E+00,-393.765765269E-03,+95.398811420E-03,+489.135742185E-03
+710.000E-09,+5.074199042950E+00,-261.071040617E-03,+104.820922046E-03,+365.875244142E-03
+712.500E-09,+5.089902560668E+00,-353.721795109E-03,+90.687756105E-03,+444.366455077E-03
+715.000E-09,+4.925015624700E+00,-304.255714320E-03,+63.991775998E-03,+368.194580078E-03
+717.500E-09,+5.040829067819E+00,-376.884483736E-03,+27.088509380E-03,+403.930664068E-03
+720.000E-09,+5.228878692400E+00,-294.048427812E-03,-30.229330269E-03,+263.824462892E-03
+722.500E-09,+5.143294520880E+00,-423.995036863E-03,-188.442271204E-03,+235.534667966E-03
+725.000E-09,+5.005103565026E+00,-464.431594970E-03,-110.317270592E-03,+354.095458984E-03
+727.500E-09,+5.225737988859E+00,-432.631971607E-03,-279.130085984E-03,+153.503417968E-03
+730.000E-09,+5.150361103851E+00,-359.218026309E-03,-308.966769632E-03,+50.262451174E-03
+732.500E-09,+5.084798917405E+00,-546.482475011E-03,-413.787750351E-03,+132.659912114E-03
+735.000E-09,+5.129946530827E+00,-388.269534071E-03,-454.224308458E-03,-65.887451174E-03
+737.500E-09,+4.979585348746E+00,-434.987499265E-03,-523.712374326E-03,-88.684082027E-03
+740.000E-09,+4.863771905630E+00,-652.873807495E-03,-536.667776439E-03,+116.180419917E-03
+742.500E-09,+4.882616126883E+00,-418.106217724E-03,-597.911495509E-03,-179.748535153E-03
+745.000E-09,+4.843357332604E+00,-436.165263089E-03,-550.015766496E-03,-113.800048832E-03
+747.500E-09,+5.022770022449E+00,-522.927198444E-03,-692.917777662E-03,-169.921874999E-03
+750.000E-09,+5.092258088317E+00,-405.543403557E-03,-856.234361851E-03,-450.592041010E-03
+752.500E-09,+5.095398791864E+00,-464.039007024E-03,-674.858732297E-03,-210.754394537E-03
+755.000E-09,+5.235945275372E+00,-520.964258728E-03,-838.960492373E-03,-317.901611329E-03
+757.500E-09,+4.986259343768E+00,-584.956093402E-03,-874.293407222E-03,-289.245605467E-03
+760.000E-09,+5.175486732185E+00,-520.964258729E-03,-967.729337601E-03,-446.685791016E-03
+762.500E-09,+5.169990500989E+00,-509.186620445E-03,-995.210493594E-03,-485.931396484E-03
+765.000E-09,+5.141724169109E+00,-564.148932435E-03,-1.080009489231E+00,-515.777587888E-03
+767.500E-09,+5.277167009362E+00,-475.816645309E-03,-1.139290268591E+00,-663.360595704E-03
+770.000E-09,+5.151146279737E+00,-535.097424669E-03,-1.115342404083E+00,-580.108642578E-03
+772.500E-09,+5.182945903098E+00,-640.310993332E-03,-1.228800319542E+00,-588.378906249E-03
+775.000E-09,+5.145650048536E+00,-545.304711181E-03,-1.178941650812E+00,-633.514404298E-03
+777.500E-09,+5.154286983277E+00,-532.349309070E-03,-1.227229967770E+00,-694.763183591E-03
+780.000E-09,+4.953281956582E+00,-638.740641558E-03,-1.197785872065E+00,-558.929443362E-03
+782.500E-09,+5.119739244309E+00,-568.467399804E-03,-1.178941650812E+00,-610.382080079E-03
+785.000E-09,+5.155857335050E+00,-536.667776437E-03,-1.116127579969E+00,-579.376220706E-03
+787.500E-09,+5.004318389140E+00,-566.504460087E-03,-1.115734992028E+00,-549.133300787E-03
+790.000E-09,+5.199042008750E+00,-435.380087208E-03,-965.373809946E-03,-529.876708983E-03
+792.500E-09,+5.237123039201E+00,-465.609358798E-03,-908.055970303E-03,-442.321777347E-03
+795.000E-09,+5.235160099486E+00,-539.023304093E-03,-967.729337597E-03,-428.619384765E-03
+797.500E-09,+5.211997410863E+00,-464.824182915E-03,-772.613130043E-03,-307.708740231E-03
+800.000E-09,+5.241441506573E+00,-451.868780802E-03,-809.123808723E-03,-357.147216798E-03
+802.500E-09,+5.283841004388E+00,-498.194158048E-03,-739.243154909E-03,-240.966796876E-03
+805.000E-09,+5.263426431368E+00,-389.054709961E-03,-557.082349465E-03,-167.938232420E-03
+807.500E-09,+5.239085978914E+00,-380.810363161E-03,-659.155214586E-03,-278.259277344E-03
+810.000E-09,+5.195116129326E+00,-455.009484344E-03,-528.816017584E-03,-73.760986328E-03
+812.500E-09,+5.062421404671E+00,-505.653328962E-03,-475.424057370E-03,+30.242919921E-03
+815.000E-09,+4.965059594865E+00,-307.396417864E-03,-413.395162411E-03,-105.926513671E-03
+817.500E-09,+5.031014369250E+00,-442.054082233E-03,-354.899558933E-03,+87.158203130E-03
+820.000E-09,+4.797817131244E+00,-449.513253143E-03,-343.514508600E-03,+105.987548823E-03
+822.500E-09,+4.948963489213E+00,-389.839885844E-03,-277.952322155E-03,+111.877441405E-03
+825.000E-09,+4.928156328245E+00,-362.358729849E-03,-145.650185444E-03,+216.705322262E-03
+827.500E-09,+4.926978564413E+00,-420.854333321E-03,-206.501316571E-03,+214.355468748E-03
+830.000E-09,+5.128376179052E+00,-271.278327129E-03,-127.591140073E-03,+143.646240236E-03
+832.500E-09,+5.163709093905E+00,-343.121920652E-03,-121.702320933E-03,+221.405029294E-03
+835.000E-09,+5.103250550718E+00,-308.181593748E-03,-137.013250698E-03,+171.173095706E-03
+837.500E-09,+5.220634345606E+00,-377.277071675E-03,-73.806591914E-03,+303.436279297E-03
+840.000E-09,+5.286981707931E+00,-344.299684485E-03,-31.799682040E-03,+312.469482422E-03
+842.500E-09,+5.149183340023E+00,-358.825438365E-03,-80.087999000E-03,+278.717041014E-03
+845.000E-09,+5.001177685599E+00,-447.942901373E-03,-73.414003969E-03,+374.481201174E-03
+847.500E-09,+5.112672661343E+00,-336.840513570E-03,-84.013878429E-03,+252.807617186E-03
+850.000E-09,+5.096183967747E+00,-352.936619226E-03,+13.740519321E-03,+366.668701171E-03
+852.500E-09,+5.020807082736E+00,-515.075439589E-03,-118.169029447E-03,+396.881103518E-03
+855.000E-09,+4.990970399082E+00,-339.588629169E-03,-151.931592525E-03,+187.652587891E-03
+857.500E-09,+5.096183967748E+00,-354.899558937E-03,-107.961742934E-03,+246.917724610E-03
+860.000E-09,+4.888112358080E+00,-612.829837334E-03,-31.799682041E-03,+580.963134759E-03
+862.500E-09,+5.093435852149E+00,-426.743152466E-03,-132.694783330E-03,+294.036865236E-03
+865.000E-09,+4.925015624703E+00,-460.505715540E-03,-1.177822504E-03,+459.320068354E-03
+867.500E-09,+5.007851680627E+00,-396.513880868E-03,-151.146416644E-03,+245.330810540E-03
+870.000E-09,+4.989400047314E+00,-387.484358188E-03,-138.583602470E-03,+248.870849611E-03
+872.500E-09,+5.110709721631E+00,-366.677197220E-03,-126.020788304E-03,+240.631103513E-03
+875.000E-09,+5.062421404669E+00,-375.706719904E-03,-318.388880258E-03,+57.342529298E-03
+877.500E-09,+5.116205952831E+00,-432.239383664E-03,-127.591140072E-03,+304.595947269E-03
+880.000E-09,+5.114243013116E+00,-368.640136935E-03,-337.233101509E-03,+31.402587894E-03
+882.500E-09,+5.120524420199E+00,-385.521418473E-03,-371.388252534E-03,+14.160156249E-03
+885.000E-09,+5.033369896903E+00,-515.468027529E-03,-337.233101513E-03,+178.192138671E-03
+887.500E-09,+5.102857962775E+00,-371.780840477E-03,-414.572926240E-03,-42.724609376E-03
+890.000E-09,+4.977622409034E+00,-376.491895790E-03,-470.713002054E-03,-94.146728515E-03
+892.500E-09,+5.028266253651E+00,-551.586118268E-03,-498.586745992E-03,+53.009033205E-03
+895.000E-09,+5.121309596083E+00,-496.623806275E-03,-663.866269894E-03,-167.144775390E-03
+897.500E-09,+5.069487987641E+00,-485.631343880E-03,-526.460489926E-03,-40.771484373E-03
+900.000E-09,+4.963489243093E+00,-518.608731070E-03,-636.385113904E-03,-117.706298831E-03
+902.500E-09,+5.201790124353E+00,-452.261368742E-03,-628.140767107E-03,-175.781250004E-03
+905.000E-09,+5.027088489825E+00,-488.772047420E-03,-661.510742242E-03,-172.637939456E-03
+907.500E-09,+5.141331581167E+00,-476.994409138E-03,-751.020793192E-03,-273.956298829E-03
+910.000E-09,+5.150361103848E+00,-539.023304095E-03,-745.524561993E-03,-206.451416016E-03
+912.500E-09,+5.098539495405E+00,-422.817273036E-03,-735.317275485E-03,-312.408447270E-03
+915.000E-09,+5.124450299625E+00,-360.788378079E-03,-788.709235698E-03,-427.825927735E-03
+917.500E-09,+5.087547033006E+00,-494.660866562E-03,-850.738130655E-03,-355.987548829E-03
+920.000E-09,+4.913237986422E+00,-399.261996472E-03,-911.981849725E-03,-512.603759761E-03
+922.500E-09,+5.016881203308E+00,-473.853705599E-03,-986.573558852E-03,-512.634277339E-03
+925.000E-09,+4.968200298403E+00,-592.415264314E-03,-739.243154912E-03,-146.759033205E-03
+927.500E-09,+4.944252433894E+00,-500.942273649E-03,-878.611874595E-03,-377.593994142E-03
+930.000E-09,+5.130731706709E+00,-409.469282985E-03,-824.042150546E-03,-414.459228512E-03
+932.500E-09,+5.050643766389E+00,-502.905213362E-03,-815.012627864E-03,-312.042236328E-03
+935.000E-09,+5.175486732186E+00,-541.378831751E-03,-810.694160494E-03,-269.256591800E-03
+937.500E-09,+5.166457209504E+00,-484.060992110E-03,-795.775818665E-03,-311.614990231E-03
+940.000E-09,+4.987044519663E+00,-497.408982161E-03,-805.197929296E-03,-307.708740238E-03
+942.500E-09,+5.180982963387E+00,-455.402072285E-03,-793.027703066E-03,-337.554931640E-03
+945.000E-09,+5.191975425784E+00,-385.128830529E-03,-608.903957912E-03,-223.724365239E-03
+947.500E-09,+5.243797034229E+00,-491.520163021E-03,-653.658983387E-03,-162.048339845E-03
+950.000E-09,+5.127591003169E+00,-495.053454506E-03,-650.518279841E-03,-155.364990232E-03
+952.500E-09,+5.153501807391E+00,-383.558478760E-03,-603.015138768E-03,-219.390869141E-03
+955.000E-09,+5.014525675653E+00,-491.127575077E-03,-612.829837336E-03,-121.612548828E-03
+957.500E-09,+5.058495525240E+00,-474.638881485E-03,-597.911495510E-03,-123.199462886E-03
+960.000E-09,+4.981548288459E+00,-393.765765272E-03,-544.519535297E-03,-150.665283205E-03
+962.500E-09,+4.942682082128E+00,-338.803453281E-03,-554.726821807E-03,-215.820312503E-03
+965.000E-09,+4.953281956580E+00,-471.498177941E-03,-540.593655868E-03,-69.000244141E-03
+967.500E-09,+5.100895023059E+00,-427.528328352E-03,-488.379459481E-03,-60.791015624E-03
+970.000E-09,+4.956422660125E+00,-467.572298512E-03,-365.499433393E-03,+102.081298827E-03
+972.500E-09,+5.116205952827E+00,-473.461117654E-03,-395.336117044E-03,+78.094482421E-03
+975.000E-09,+5.136227937910E+00,-346.655212141E-03,-518.608731071E-03,-171.905517575E-03
+977.500E-09,+5.123665123742E+00,-409.861870927E-03,-405.543403554E-03,+4.364013675E-03
+980.000E-09,+5.021592258623E+00,-531.171545238E-03,-398.476820585E-03,+132.659912106E-03
+982.500E-09,+5.161746154192E+00,-388.269534072E-03,-479.742524737E-03,-91.400146484E-03
+985.000E-09,+5.188049546355E+00,-363.929081622E-03,-316.818528489E-03,+47.088623047E-03
+987.500E-09,+5.061243640843E+00,-442.446670173E-03,-376.099307848E-03,+66.375732419E-03
+990.000E-09,+5.130731706710E+00,-364.714257509E-03,-341.944156825E-03,+22.796630862E-03
+992.500E-09,+5.224952812976E+00,-357.255086592E-03,-262.641392388E-03,+94.635009761E-03
+995.000E-09,+5.120524420197E+00,-390.625061731E-03,-466.787122625E-03,-76.080322263E-03
+997.500E-09,+5.062813992612E+00,-367.462373110E-03,-183.338627948E-03,+184.112548831E-03
+1.000000E-06,+5.104035726602E+00,-350.581091568E-03,-234.375060506E-03,+116.180419924E-03
+1.002500E-06,+5.113065249291E+00,-358.040262479E-03,-188.049683260E-03,+169.982910156E-03
+1.005000E-06,+4.952496780697E+00,-370.995664593E-03,-81.265762832E-03,+289.703369137E-03
+1.007500E-06,+5.146042636479E+00,-332.129458258E-03,-250.863754104E-03,+81.237792970E-03
+1.010000E-06,+5.131516882598E+00,-297.189131352E-03,-268.137623583E-03,+29.022216801E-03
+1.012500E-06,+4.985474167887E+00,-465.609358798E-03,-209.642020111E-03,+255.950927735E-03
+1.015000E-06,+5.146435224421E+00,-444.802197829E-03,-272.848678896E-03,+171.966552734E-03
+1.017500E-06,+5.061243640843E+00,-368.247548992E-03,-279.915261866E-03,+88.348388675E-03
+1.020000E-06,+5.109531957799E+00,-462.076067310E-03,-221.812246340E-03,+240.264892574E-03
+1.022500E-06,+5.075376806779E+00,-392.980589385E-03,-260.678452670E-03,+132.293701173E-03
+1.025000E-06,+5.081265625921E+00,-487.201695648E-03,-163.709230812E-03,+323.455810540E-03
+1.027500E-06,+5.001962861484E+00,-405.935991495E-03,-328.988754713E-03,+76.965332030E-03
+1.030000E-06,+4.962704067205E+00,-292.478076041E-03,-467.572298509E-03,-175.018310540E-03
+1.032500E-06,+5.071058339410E+00,-327.810990885E-03,-319.566644091E-03,+8.270263667E-03
+1.035000E-06,+5.047503062844E+00,-381.202951101E-03,-411.824810640E-03,-30.548095706E-03
+1.037500E-06,+5.003140625310E+00,-373.351192251E-03,-319.174056146E-03,+54.199218753E-03
+1.040000E-06,+5.080480450036E+00,-297.189131352E-03,-383.558478759E-03,-86.273193357E-03
+1.042500E-06,+5.094221028035E+00,-398.084232644E-03,-459.327951715E-03,-61.157226561E-03
+1.045000E-06,+5.056139997584E+00,-465.216770856E-03,-433.809735435E-03,+31.402587890E-03
+1.047500E-06,+5.113850425171E+00,-427.528328353E-03,-489.164635367E-03,-61.584472655E-03
+1.050000E-06,+5.080480450039E+00,-452.653956686E-03,-664.651445776E-03,-211.944580073E-03
+1.052500E-06,+5.103643138659E+00,-519.393906960E-03,-597.126319624E-03,-77.667236324E-03
+1.055000E-06,+5.144079696767E+00,-414.965514180E-03,-633.244410358E-03,-218.170166014E-03
+1.057500E-06,+5.029444017477E+00,-489.949811251E-03,-630.888882703E-03,-140.869140622E-03
+1.060000E-06,+5.133872410254E+00,-469.927826168E-03,-683.495667036E-03,-213.470458985E-03
+1.062500E-06,+5.091472912433E+00,-404.758227669E-03,-713.724938629E-03,-308.868408204E-03
+1.065000E-06,+5.085191505350E+00,-486.416519762E-03,-601.052199054E-03,-114.593505862E-03
+1.067500E-06,+5.015310851539E+00,-410.647046808E-03,-765.546547075E-03,-354.797363285E-03
+1.070000E-06,+5.028658841590E+00,-419.676569495E-03,-579.067274262E-03,-159.332275393E-03
+1.072500E-06,+5.054177057872E+00,-448.728077257E-03,-615.970540882E-03,-167.144775396E-03
+1.075000E-06,+4.993325926742E+00,-330.951694429E-03,-776.931597413E-03,-445.892333981E-03
+1.077500E-06,+4.976837233142E+00,-473.461117656E-03,-712.154586858E-03,-238.616943358E-03
+1.080000E-06,+5.166849797446E+00,-348.225563910E-03,-583.778329575E-03,-235.443115238E-03
+1.082500E-06,+5.206893767606E+00,-387.091770244E-03,-751.805969076E-03,-364.624023437E-03
+1.085000E-06,+4.976052057263E+00,-462.861243200E-03,-605.763254369E-03,-142.852783204E-03
+1.087500E-06,+5.191975425781E+00,-428.706092183E-03,-736.495039309E-03,-307.678222651E-03
+1.090000E-06,+5.162923918019E+00,-511.542148102E-03,-573.571043061E-03,-61.981201173E-03
+1.092500E-06,+5.010599796224E+00,-505.260741019E-03,-681.532727324E-03,-176.208496095E-03
+1.095000E-06,+5.130731706710E+00,-475.424057368E-03,-636.385113905E-03,-160.858154297E-03
+1.097500E-06,+5.187656958415E+00,-349.795915686E-03,-668.184737262E-03,-318.298339834E-03
+1.100000E-06,+5.063206580556E+00,-619.896420301E-03,-600.267023171E-03,+19.622802725E-03
+1.102500E-06,+5.142509344994E+00,-444.017021943E-03,-686.243782636E-03,-242.156982427E-03
+1.105000E-06,+5.106391254259E+00,-384.343654644E-03,-554.726821807E-03,-170.318603517E-03
+1.107500E-06,+5.001962861481E+00,-498.194158043E-03,-651.303455730E-03,-153.045654304E-03
+1.110000E-06,+5.071843515294E+00,-393.765765273E-03,-546.875062952E-03,-153.045654295E-03
+1.112500E-06,+5.075769394722E+00,-404.758227669E-03,-551.978706208E-03,-147.155761719E-03
+1.115000E-06,+4.956422660125E+00,-391.410237616E-03,-540.593655867E-03,-149.139404296E-03
+1.117500E-06,+4.981548288460E+00,-519.393906958E-03,-547.267650895E-03,-27.832031250E-03
+1.120000E-06,+5.177057083957E+00,-451.083604916E-03,-517.823555188E-03,-66.680908205E-03
+1.122500E-06,+5.095006203919E+00,-470.320414111E-03,-616.363128824E-03,-145.965576175E-03
+1.125000E-06,+4.989400047319E+00,-466.787122628E-03,-416.535865956E-03,+50.262451169E-03
+1.127500E-06,+5.106783842203E+00,-440.091142522E-03,-478.172172970E-03,-38.024902343E-03
+1.130000E-06,+5.239871154797E+00,-447.942901375E-03,-496.623806274E-03,-48.614501949E-03
+1.132500E-06,+5.067525047924E+00,-416.928453897E-03,-468.357474400E-03,-51.361083985E-03
+1.135000E-06,+5.046717886963E+00,-568.859987741E-03,-414.965514181E-03,+153.900146479E-03
+1.137500E-06,+4.984296404057E+00,-400.832348239E-03,-405.150815609E-03,-4.302978515E-03
+1.140000E-06,+5.106391254260E+00,-529.601193467E-03,-394.550941160E-03,+135.040283197E-03
+1.142500E-06,+5.126805827283E+00,-380.417775217E-03,-423.602448917E-03,-43.151855464E-03
+1.145000E-06,+5.169205325103E+00,-363.143905735E-03,-418.106217723E-03,-54.901123047E-03
+1.147500E-06,+5.058888113182E+00,-399.261996467E-03,-342.729332711E-03,+56.549072263E-03
+1.150000E-06,+4.928156328244E+00,-367.854961050E-03,-263.426568273E-03,+104.400634766E-03
+1.152500E-06,+5.054569645811E+00,-323.492523514E-03,-279.522673928E-03,+43.975830074E-03
+1.155000E-06,+5.011384972112E+00,-293.263251921E-03,-345.084860367E-03,-51.727294923E-03
+1.157500E-06,+5.087547033006E+00,-480.920288565E-03,-253.611869699E-03,+227.294921877E-03
+1.160000E-06,+5.222597285319E+00,-366.284609280E-03,-365.499433391E-03,+762.939457E-06
+1.162500E-06,+5.035725424564E+00,-368.247548990E-03,-332.914634140E-03,+35.308837891E-03
+1.165000E-06,+4.987044519659E+00,-471.498177940E-03,-161.353703155E-03,+310.089111325E-03
+1.167500E-06,+5.226915752690E+00,-369.032724878E-03,-273.241266840E-03,+95.794677737E-03
+1.170000E-06,+5.052214118158E+00,-326.240639115E-03,-279.130085981E-03,+47.088623049E-03
+1.172500E-06,+4.968985474290E+00,-467.179710570E-03,-289.337372497E-03,+177.825927733E-03
+1.175000E-06,+5.003533213253E+00,-405.543403556E-03,-357.647674535E-03,+47.882080082E-03
+1.177500E-06,+5.120524420198E+00,-480.527700624E-03,-259.500688843E-03,+221.008300783E-03
+1.180000E-06,+5.035725424563E+00,-363.929081621E-03,-330.166518545E-03,+33.782958983E-03
+1.182500E-06,+5.188442134301E+00,-439.305966631E-03,-335.270161797E-03,+104.034423827E-03
+1.185000E-06,+5.079695274152E+00,-358.432850421E-03,-340.373805055E-03,+18.035888671E-03
+1.187500E-06,+5.101680198948E+00,-428.706092176E-03,-396.513880872E-03,+32.226562497E-03
+1.190000E-06,+5.142509344994E+00,-298.759483123E-03,-473.068529709E-03,-174.224853512E-03
+1.192500E-06,+5.145257460598E+00,-329.773930596E-03,-429.883856005E-03,-100.036621096E-03
+1.195000E-06,+5.133872410249E+00,-352.936619224E-03,-534.312248782E-03,-181.304931639E-03
+1.197500E-06,+4.930119267953E+00,-379.240011393E-03,-400.439760300E-03,-21.148681638E-03
+1.200000E-06,+5.191975425782E+00,-347.440388026E-03,-432.239383662E-03,-84.747314451E-03
+1.202500E-06,+5.095791379806E+00,-432.631971607E-03,-502.512625417E-03,-69.824218747E-03
+1.205000E-06,+5.082835977695E+00,-485.631343879E-03,-430.669031894E-03,+54.962158200E-03
+1.207500E-06,+5.111887485459E+00,-383.558478760E-03,-513.505087815E-03,-129.852294920E-03
+1.210000E-06,+5.096969143632E+00,-387.484358191E-03,-539.023304094E-03,-151.458740229E-03
+1.212500E-06,+4.975266881374E+00,-466.787122631E-03,-503.690389249E-03,-36.865234372E-03
+1.215000E-06,+5.119739244311E+00,-509.186620443E-03,-582.993153688E-03,-73.760986332E-03
+1.217500E-06,+5.045540123131E+00,-434.987499260E-03,-548.838002665E-03,-113.800048830E-03
+1.220000E-06,+5.006673916796E+00,-528.030841695E-03,-536.667776443E-03,-8.575439460E-03
+1.222500E-06,+4.997251806167E+00,-406.721167383E-03,-589.667148716E-03,-182.891845705E-03
+1.225000E-06,+5.122094771973E+00,-462.076067312E-03,-539.808479982E-03,-77.667236330E-03
+1.227500E-06,+5.077732334437E+00,-403.580463838E-03,-593.200440197E-03,-189.544677736E-03
+1.230000E-06,+5.062421404666E+00,-381.988126990E-03,-564.934108319E-03,-182.891845701E-03
+1.232500E-06,+4.964667006916E+00,-328.988754713E-03,-549.230590608E-03,-220.153808595E-03
+1.235000E-06,+4.871623664487E+00,-396.906468813E-03,-674.858732294E-03,-277.862548828E-03
+1.237500E-06,+4.971733589887E+00,-420.854333325E-03,-613.615013220E-03,-192.687988276E-03
+1.240000E-06,+5.074984218839E+00,-347.440388028E-03,-602.622550825E-03,-255.096435543E-03
+1.242500E-06,+5.043184595474E+00,-427.135740408E-03,-686.636370576E-03,-259.399414059E-03
+1.245000E-06,+5.105606078372E+00,-526.460489930E-03,-619.111244420E-03,-92.559814450E-03
+1.247500E-06,+5.069487987637E+00,-403.580463841E-03,-650.518279843E-03,-246.856689453E-03
+1.250000E-06,+5.011384972110E+00,-466.001946738E-03,-641.881345098E-03,-175.811767578E-03
+1.252500E-06,+4.991362987026E+00,-557.474937408E-03,-569.252575691E-03,-11.718750000E-03
+1.255000E-06,+4.926585976472E+00,-399.261996470E-03,-598.696671396E-03,-199.371337889E-03
+1.257500E-06,+4.931297031785E+00,-433.024559552E-03,-614.400189105E-03,-181.304931633E-03
+1.260000E-06,+5.046717886958E+00,-517.038379298E-03,-556.297173581E-03,-39.215087896E-03
+1.262500E-06,+5.052999294043E+00,-478.957348851E-03,-567.289635974E-03,-88.287353516E-03
+1.265000E-06,+5.010599796226E+00,-536.667776436E-03,-541.378831753E-03,-4.669189456E-03
+1.267500E-06,+5.086761857123E+00,-510.756972211E-03,-581.815389856E-03,-71.014404300E-03
+1.270000E-06,+4.932867383558E+00,-381.988126990E-03,-551.586118265E-03,-169.525146483E-03
+1.272500E-06,+5.071450927355E+00,-366.284609277E-03,-528.030841699E-03,-161.682128908E-03
+1.275000E-06,+4.953281956580E+00,-365.499433394E-03,-616.755716763E-03,-251.190185543E-03
+1.277500E-06,+4.983903816118E+00,-356.862498655E-03,-539.808479982E-03,-182.861328121E-03
+1.280000E-06,+4.976837233146E+00,-294.048427809E-03,-433.809735436E-03,-139.678955080E-03
+1.282500E-06,+5.066739872039E+00,-375.706719901E-03,-532.741897012E-03,-156.951904300E-03
+1.285000E-06,+4.921089745273E+00,-477.779585024E-03,-412.609986527E-03,+65.155029294E-03
+1.287500E-06,+5.083621153581E+00,-372.173428420E-03,-386.306594360E-03,-14.068603516E-03
+1.290000E-06,+5.023162610395E+00,-347.440388027E-03,-471.498177934E-03,-123.992919914E-03
+1.292500E-06,+4.964274418977E+00,-467.179710569E-03,-378.454835505E-03,+88.714599608E-03
+1.295000E-06,+5.107961606026E+00,-367.854961048E-03,-469.142650282E-03,-101.226806640E-03
+1.297500E-06,+5.074984218838E+00,-387.484358185E-03,-409.469282980E-03,-21.911621093E-03
+1.300000E-06,+5.074984218834E+00,-461.290891425E-03,-458.150187885E-03,+3.143310544E-03
+1.302500E-06,+5.097754319517E+00,-440.091142517E-03,-429.098680117E-03,+11.016845706E-03
+1.305000E-06,+5.089117384781E+00,-357.647674535E-03,-218.671542800E-03,+138.946533198E-03
+1.307500E-06,+5.032584721019E+00,-418.498805664E-03,-383.165890818E-03,+35.369873043E-03
+1.310000E-06,+5.016096027422E+00,-392.980589390E-03,-284.626317182E-03,+108.367919926E-03
+1.312500E-06,+5.015703439483E+00,-352.151443335E-03,-314.855588777E-03,+37.322998042E-03
+1.315000E-06,+5.020021906850E+00,-340.373805057E-03,-517.038379296E-03,-176.605224603E-03
+1.317500E-06,+5.000785097652E+00,-434.594911322E-03,-333.699810028E-03,+100.891113283E-03
+1.320000E-06,+5.251648793078E+00,-281.485613642E-03,-440.876318405E-03,-159.332275389E-03
+1.322500E-06,+5.001177685596E+00,-358.432850424E-03,-408.684107099E-03,-50.170898438E-03
+1.325000E-06,+5.096969143632E+00,-466.001946741E-03,-349.010739800E-03,+116.973876949E-03
+1.327500E-06,+5.096969143631E+00,-438.128202809E-03,-330.951694424E-03,+107.208251962E-03
+1.330000E-06,+5.006673916798E+00,-331.736870314E-03,-372.566016362E-03,-40.740966796E-03
+1.332500E-06,+5.015310851537E+00,-493.875690677E-03,-446.765137549E-03,+47.119140620E-03
+1.335000E-06,+5.111887485458E+00,-493.483102732E-03,-435.380087204E-03,+58.074951170E-03
+1.337500E-06,+5.057317761418E+00,-413.002574464E-03,-482.490640337E-03,-69.427490237E-03
+1.340000E-06,+5.027873665708E+00,-360.788378079E-03,-392.980589389E-03,-32.135009769E-03
+1.342500E-06,+5.132694646423E+00,-342.729332708E-03,-493.875690677E-03,-151.092529300E-03
+1.345000E-06,+5.089117384780E+00,-411.039634751E-03,-343.514508599E-03,+67.535400387E-03
+1.347500E-06,+5.072628691184E+00,-442.054082228E-03,-561.793404776E-03,-119.659423831E-03
+1.350000E-06,+5.096969143632E+00,-314.463000836E-03,-388.269534074E-03,-73.760986325E-03
+1.352500E-06,+5.052606706101E+00,-356.862498651E-03,-378.454835504E-03,-21.514892579E-03
+1.355000E-06,+4.950141253040E+00,-364.714257506E-03,-526.460489929E-03,-161.651611330E-03
+1.357500E-06,+5.071843515293E+00,-410.647046813E-03,-463.646419083E-03,-52.947998043E-03
+1.360000E-06,+4.966629946635E+00,-444.802197831E-03,-537.452952324E-03,-92.559814452E-03
+1.362500E-06,+5.047110474899E+00,-423.209860975E-03,-520.179082842E-03,-96.893310550E-03
+1.365000E-06,+4.907741755220E+00,-440.876318405E-03,-412.609986525E-03,+28.289794923E-03
+1.367500E-06,+4.988614871427E+00,-406.328579445E-03,-480.920288569E-03,-74.523925779E-03
+1.370000E-06,+4.988614871430E+00,-378.062247564E-03,-626.963003274E-03,-248.809814448E-03
+1.372500E-06,+5.023947786275E+00,-460.505715543E-03,-481.312876507E-03,-20.782470700E-03
+1.375000E-06,+5.055354821699E+00,-506.045916901E-03,-553.156470035E-03,-47.027587893E-03
+1.377500E-06,+5.005103565024E+00,-384.736242584E-03,-470.713002055E-03,-85.906982426E-03
+1.380000E-06,+4.979192760801E+00,-465.216770854E-03,-564.934108319E-03,-99.639892580E-03
+1.382500E-06,+4.940719142408E+00,-456.972424058E-03,-543.341771466E-03,-86.273193359E-03
+1.385000E-06,+5.015310851537E+00,-460.505715539E-03,-538.238128211E-03,-77.667236331E-03
+1.387500E-06,+5.021984846566E+00,-441.661494287E-03,-589.274560770E-03,-147.552490236E-03
+1.390000E-06,+5.094613615972E+00,-405.543403555E-03,-495.838630393E-03,-90.240478516E-03
+1.392500E-06,+5.129946530829E+00,-359.610614250E-03,-528.816017585E-03,-169.128417969E-03
+1.395000E-06,+5.138583465567E+00,-393.765765268E-03,-696.058481203E-03,-302.215576175E-03
+1.397500E-06,+5.004710977082E+00,-363.929081621E-03,-538.238128211E-03,-174.224853516E-03
+1.400000E-06,+5.114243013115E+00,-344.299684482E-03,-552.371294150E-03,-207.977294922E-03
+1.402500E-06,+4.976052057261E+00,-396.513880871E-03,-605.370666422E-03,-208.770751951E-03
+1.405000E-06,+4.855134970890E+00,-441.661494291E-03,-534.312248783E-03,-92.559814451E-03
+1.407500E-06,+5.044362359302E+00,-349.795915684E-03,-537.845540268E-03,-187.988281247E-03
+1.410000E-06,+4.906171403449E+00,-345.870036256E-03,-623.822299732E-03,-277.862548822E-03
+1.412500E-06,+4.894393765158E+00,-465.216770855E-03,-469.927826175E-03,-4.669189459E-03
+1.415000E-06,+4.960348539549E+00,-391.410237615E-03,-540.593655867E-03,-149.139404297E-03
+1.417500E-06,+5.085191505352E+00,-435.772675152E-03,-509.186620445E-03,-73.364257807E-03
+1.420000E-06,+4.860631202093E+00,-508.401444558E-03,-517.038379302E-03,-8.575439456E-03
+1.422500E-06,+4.935222911214E+00,-384.343654644E-03,-497.408982163E-03,-113.006591798E-03
+1.425000E-06,+4.975266881374E+00,-347.440388023E-03,-458.150187884E-03,-110.626220703E-03
+1.427500E-06,+4.986651931716E+00,-411.824810636E-03,-511.542148104E-03,-99.639892582E-03
+1.430000E-06,+4.950926428923E+00,-391.410237617E-03,-498.979333931E-03,-107.513427729E-03
+1.432500E-06,+5.083621153578E+00,-403.187875895E-03,-447.550313431E-03,-44.342041018E-03
+1.435000E-06,+5.045932711074E+00,-305.040890207E-03,-502.905213362E-03,-197.784423827E-03
+1.437500E-06,+5.031406957191E+00,-445.587373717E-03,-369.032724876E-03,+76.538085939E-03
+1.440000E-06,+5.109531957798E+00,-347.440388026E-03,-509.971796332E-03,-162.445068359E-03
+1.442500E-06,+5.055354821696E+00,-400.047172358E-03,-509.971796335E-03,-109.832763673E-03
+1.445000E-06,+4.936008087100E+00,-310.537121408E-03,-494.268278617E-03,-183.685302727E-03
+1.447500E-06,+5.115420776944E+00,-369.817900764E-03,-449.905841089E-03,-80.017089845E-03
+1.450000E-06,+4.863771905633E+00,-418.891393607E-03,-466.787122625E-03,-47.821044922E-03
+1.452500E-06,+4.997644394114E+00,-389.054709955E-03,-385.914006418E-03,+3.173828119E-03
+1.455000E-06,+5.049858590497E+00,-343.514508596E-03,-353.721795109E-03,-10.162353516E-03
+1.457500E-06,+5.038866128107E+00,-367.462373107E-03,-426.350564519E-03,-58.807373044E-03
+1.460000E-06,+5.038866128102E+00,-412.609986524E-03,-519.393906958E-03,-106.719970704E-03
+1.462500E-06,+5.026695901875E+00,-469.927826170E-03,-380.025187270E-03,+89.904785163E-03
+1.465000E-06,+4.870838488598E+00,-360.003202192E-03,-341.944156830E-03,+18.035888666E-03
+1.467500E-06,+4.939148790642E+00,-420.069157435E-03,-482.098052397E-03,-62.011718755E-03
+1.470000E-06,+5.044362359300E+00,-239.086115826E-03,-360.003202193E-03,-120.819091791E-03
+1.472500E-06,+5.003533213255E+00,-355.292146880E-03,-362.358729852E-03,-7.049560550E-03
+1.475000E-06,+4.932867383556E+00,-383.558478758E-03,-420.461745381E-03,-36.834716799E-03
+1.477500E-06,+5.118561480483E+00,-427.135740409E-03,-427.528328345E-03,-366.210931E-06
+1.480000E-06,+5.034940248674E+00,-344.299684484E-03,-425.172800696E-03,-80.780029299E-03
+1.482500E-06,+5.111494897515E+00,-350.188503623E-03,-466.787122626E-03,-116.516113282E-03
+1.485000E-06,+5.018451555075E+00,-466.787122626E-03,-494.268278619E-03,-27.435302734E-03
+1.487500E-06,+5.064384344380E+00,-316.818528490E-03,-438.913378690E-03,-122.039794921E-03
+1.490000E-06,+4.893608589282E+00,-453.439132569E-03,-415.750690065E-03,+37.689208982E-03
+1.492500E-06,+5.030229193359E+00,-469.535238226E-03,-418.891393607E-03,+50.628662111E-03
+1.495000E-06,+4.971341001950E+00,-392.980589386E-03,-448.728077260E-03,-55.694580079E-03
+1.497500E-06,+5.058102937305E+00,-331.344282372E-03,-398.869408524E-03,-67.504882807E-03
+1.500000E-06,+4.955637484240E+00,-520.179082839E-03,-437.735614864E-03,+82.427978508E-03
+1.502500E-06,+5.029836605421E+00,-355.684734820E-03,-444.017021941E-03,-88.256835935E-03
+1.505000E-06,+4.961133715433E+00,-425.957976575E-03,-348.225563913E-03,+77.728271478E-03
+1.507500E-06,+5.038080952222E+00,-429.883856004E-03,-494.268278622E-03,-64.361572269E-03
+1.510000E-06,+5.063206580552E+00,-305.040890207E-03,-384.343654645E-03,-79.254150389E-03
+1.512500E-06,+4.996466630287E+00,-301.900186660E-03,-488.772047424E-03,-186.798095708E-03
+1.515000E-06,+5.013740499764E+00,-402.402700014E-03,-535.882600555E-03,-133.392333984E-03
+1.517500E-06,+4.922660097042E+00,-386.306594363E-03,-372.173428420E-03,+14.160156253E-03
+1.520000E-06,+5.016096027423E+00,-402.402700012E-03,-459.720539657E-03,-57.281494141E-03
+1.522500E-06,+5.060851052901E+00,-396.121292931E-03,-506.438504845E-03,-110.229492184E-03
+1.525000E-06,+5.032584721016E+00,-470.713002056E-03,-374.136368137E-03,+96.588134763E-03
+1.527500E-06,+4.970555826061E+00,-316.425940551E-03,-519.786494901E-03,-203.308105464E-03
+1.530000E-06,+5.096183967744E+00,-355.292146880E-03,-538.238128204E-03,-182.891845697E-03
+1.532500E-06,+5.029444017475E+00,-376.491895794E-03,-516.253203416E-03,-139.678955075E-03
+1.535000E-06,+5.148005576191E+00,-396.121292925E-03,-528.816017583E-03,-132.598876954E-03
+1.537500E-06,+5.012170147993E+00,-408.291519157E-03,-447.157725486E-03,-38.848876948E-03
+1.540000E-06,+5.013740499766E+00,-477.779585020E-03,-513.897675760E-03,-36.041259770E-03
+1.542500E-06,+5.006673916794E+00,-304.648302261E-03,-537.845540268E-03,-233.123779299E-03
+1.545000E-06,+5.111102309570E+00,-385.128830529E-03,-363.929081624E-03,+21.209716793E-03
+1.547500E-06,+5.004710977082E+00,-401.224936181E-03,-535.490012611E-03,-134.185791019E-03
+1.550000E-06,+5.138583465561E+00,-379.632599334E-03,-539.023304096E-03,-159.332275388E-03
+1.552500E-06,+5.032192133079E+00,-308.574181688E-03,-521.749434614E-03,-213.073730471E-03
+1.555000E-06,+5.038866128099E+00,-334.092397969E-03,-539.023304095E-03,-204.864501953E-03
+1.557500E-06,+4.928156328241E+00,-427.528328352E-03,-533.919660841E-03,-106.323242186E-03
+1.560000E-06,+5.051428942270E+00,-442.446670174E-03,-438.520790750E-03,+3.936767574E-03
+1.562500E-06,+4.871623664485E+00,-360.788378078E-03,-539.023304096E-03,-178.161621094E-03
+1.565000E-06,+4.947785725378E+00,-465.216770855E-03,-437.735614864E-03,+27.496337888E-03
+1.567500E-06,+4.961133715435E+00,-336.447925628E-03,-526.460489934E-03,-189.941406255E-03
+1.570000E-06,+4.955637484239E+00,-434.594911317E-03,-476.209233254E-03,-41.534423831E-03
+1.572500E-06,+4.861023790027E+00,-415.750690070E-03,-436.950438980E-03,-21.118164063E-03
+1.575000E-06,+5.093043264202E+00,-392.980589386E-03,-529.601193470E-03,-136.566162109E-03
+1.577500E-06,+5.074984218840E+00,-360.788378080E-03,-468.357474395E-03,-107.513427731E-03
+1.580000E-06,+4.849638739693E+00,-426.743152463E-03,-575.926570716E-03,-149.139404297E-03
+1.582500E-06,+4.889682709849E+00,-318.781468201E-03,-401.224936182E-03,-82.366943359E-03
+1.585000E-06,+4.847283212032E+00,-295.618779581E-03,-458.150187883E-03,-162.445068355E-03
+1.587500E-06,+4.941111730353E+00,-394.550941153E-03,-523.712374329E-03,-129.089355473E-03
+1.590000E-06,+5.013740499764E+00,-424.387624808E-03,-351.366267455E-03,+73.028564451E-03
+1.592500E-06,+4.868090372999E+00,-317.996292315E-03,-321.136995864E-03,-3.112792975E-03
+1.595000E-06,+4.985474167886E+00,-490.342399187E-03,-564.148932430E-03,-73.760986329E-03
+1.597500E-06,+4.911275046703E+00,-281.878201585E-03,-372.173428418E-03,-90.270996089E-03
+1.600000E-06,+5.119739244313E+00,-297.974307238E-03,-362.358729853E-03,-64.300537110E-03
+1.602500E-06,+5.055354821699E+00,-285.804081007E-03,-516.253203416E-03,-230.377197268E-03
+1.605000E-06,+4.903030699902E+00,-464.431594970E-03,-445.587373716E-03,+18.829345704E-03
+1.607500E-06,+4.980763112575E+00,-328.596166772E-03,-383.558478759E-03,-54.901123046E-03
+1.610000E-06,+5.038866128101E+00,-162.138879042E-03,-293.263251923E-03,-131.072998043E-03
+1.612500E-06,+4.931297031784E+00,+340.766275640E-03,-17.273928157E-03,-357.940673820E-03
+1.615000E-06,+5.063991756439E+00,+1.753690281663E+00,+416.535748601E-03,-1.337005615222E+00
+1.617500E-06,+4.817053940441E+00,+4.593278871700E+00,+1.786667668859E+00,-1.984344482422E+00
+1.620000E-06,+4.923445272928E+00,+7.659783292680E+00,+2.811322199491E+00,-1.984344482422E+00
+1.622500E-06,+5.181375551326E+00,+10.052999391811E+00,+3.663630623247E+00,-1.984344482422E+00
+1.625000E-06,+4.859846026208E+00,+12.086604935360E+00,+4.932867442208E+00,-1.984344482422E+00
+1.627500E-06,+5.022770022444E+00,+14.111180956224E+00,+6.595477379841E+00,-1.984344482422E+00
+1.630000E-06,+6.069802065805E+00,+15.518608731057E+00,+8.174073497720E+00,-1.984344482422E+00
+1.632500E-06,+5.535489875722E+00,+15.937892653951E+00,+9.464510065603E+00,-1.984344482422E+00
+1.635000E-06,+3.976523154982E+00,+16.953910249826E+00,+10.961447891385E+00,-1.984344482422E+00
+1.637500E-06,+4.621545144925E+00,+18.433574206122E+00,+12.571843632627E+00,-1.984344482422E+00
+1.640000E-06,+5.138583465568E+00,+19.281956750456E+00,+14.009500679048E+00,-1.984344482422E+00
+1.642500E-06,+4.232097905722E+00,+19.512405872864E+00,+15.344692272411E+00,-1.984344482422E+00
+1.645000E-06,+4.102936472538E+00,+20.400832387343E+00,+16.623351202009E+00,-1.984344482422E+00
+1.647500E-06,+4.392273786368E+00,+21.321843701088E+00,+17.655857491499E+00,-1.984344482422E+00
+1.650000E-06,+3.949827174862E+00,+21.644550990050E+00,+18.539965538621E+00,-1.984344482422E+00
+1.652500E-06,+3.846969133851E+00,+21.728957397739E+00,+19.705166552757E+00,-1.967254638673E+00
+1.655000E-06,+4.176743005777E+00,+22.531799740705E+00,+20.842101235014E+00,-1.689483642586E+00
+1.657500E-06,+4.808024417744E+00,+23.114792835722E+00,+21.483589933508E+00,-1.631011962896E+00
+1.660000E-06,+5.916692768123E+00,+23.140311052006E+00,+22.213018331174E+00,-927.154541026E-03
+1.662500E-06,+6.417242395167E+00,+23.268294721346E+00,+22.874921602687E+00,-393.280029301E-03
+1.665000E-06,+6.173445282712E+00,+23.565091206079E+00,+23.638897739314E+00,+73.822021479E-03
+1.667500E-06,+6.025439628293E+00,+23.864635806420E+00,+23.891331786520E+00,+26.702880850E-03
+1.670000E-06,+5.445587236818E+00,+23.817132665340E+00,+24.032270857978E+00,+215.118408203E-03
+1.672500E-06,+4.925015624701E+00,+23.905857540405E+00,+24.270571739237E+00,+364.685058593E-03
+1.675000E-06,+4.786039492962E+00,+24.239557291759E+00,+24.547346238887E+00,+307.769775388E-03
+1.677500E-06,+4.636856074706E+00,+24.350267091622E+00,+24.645885812529E+00,+295.593261720E-03
+1.680000E-06,+4.479035721719E+00,+24.300801010832E+00,+24.497880158105E+00,+197.052001955E-03
+1.682500E-06,+4.405621776415E+00,+24.374214956129E+00,+24.586997621111E+00,+212.768554688E-03
+1.685000E-06,+4.285097277983E+00,+24.588960560819E+00,+24.735788451419E+00,+146.820068364E-03
+1.687500E-06,+4.470006199028E+00,+24.480998876558E+00,+24.670618852916E+00,+189.605712892E-03
+1.690000E-06,+4.592886225117E+00,+24.438991966685E+00,+24.811950512318E+00,+372.955322267E-03
+1.692500E-06,+4.310222906323E+00,+24.497487570157E+00,+24.730684808162E+00,+233.154296875E-03
+1.695000E-06,+4.142980442703E+00,+24.438206790807E+00,+24.755417848559E+00,+317.169189447E-03
+1.697500E-06,+4.176350417838E+00,+24.528894605583E+00,+24.933260186633E+00,+404.327392575E-03
+1.700000E-06,+3.998508079767E+00,+24.346341212197E+00,+24.932082422806E+00,+585.723876950E-03
+1.702500E-06,+4.374214740990E+00,+24.526539077923E+00,+24.929726895152E+00,+403.167724613E-03
+1.705000E-06,+4.654129944184E+00,+24.567760811916E+00,+25.094613831109E+00,+526.824951168E-03
+1.707500E-06,+4.655307708013E+00,+24.592493852310E+00,+25.087939836087E+00,+495.391845705E-03
+1.710000E-06,+4.800957834786E+00,+24.578753274310E+00,+25.038866343238E+00,+460.052490236E-03
+1.712500E-06,+4.837468513464E+00,+24.623900887729E+00,+24.993718729821E+00,+369.781494144E-03
+1.715000E-06,+4.936793262981E+00,+24.620367596245E+00,+24.862986944882E+00,+242.584228521E-03
+1.717500E-06,+5.403187738988E+00,+24.468043474448E+00,+24.954067347600E+00,+485.961914066E-03
+1.720000E-06,+5.860160104373E+00,+24.596812319675E+00,+24.972911568851E+00,+376.068115237E-03
+1.722500E-06,+6.281014379025E+00,+24.665907797605E+00,+24.871231291675E+00,+205.291748049E-03
+1.725000E-06,+6.308495535022E+00,+24.603093726762E+00,+24.994111317764E+00,+390.960693362E-03
+1.727500E-06,+6.160882468541E+00,+24.634893350127E+00,+25.049858805633E+00,+414.916992186E-03
+1.730000E-06,+5.896278195113E+00,+24.760128903870E+00,+25.191190465032E+00,+430.999755860E-03
+1.732500E-06,+5.324670150448E+00,+24.778973125123E+00,+25.415750768294E+00,+636.718749998E-03
+1.735000E-06,+4.922660097048E+00,+24.788395235754E+00,+25.571215593629E+00,+782.745361320E-03
+1.737500E-06,+4.643137481794E+00,+24.869660939899E+00,+25.789887077756E+00,+920.135498051E-03
+1.740000E-06,+4.502590998281E+00,+24.721655285486E+00,+25.939463083947E+00,+1.217681884755E+00
+1.742500E-06,+4.538709089014E+00,+24.807632044953E+00,+26.125942356768E+00,+1.318206787103E+00
+1.745000E-06,+4.500235470624E+00,+24.811165336432E+00,+26.178156553156E+00,+1.366851806641E+00
+1.747500E-06,+4.578360471241E+00,+24.841002020088E+00,+26.176586201385E+00,+1.335479736322E+00
+1.750000E-06,+4.637641250589E+00,+24.839431668312E+00,+26.191504543211E+00,+1.351959228516E+00
+1.752500E-06,+4.522612983360E+00,+24.799387698153E+00,+26.171875146072E+00,+1.372375488277E+00
+1.755000E-06,+4.541064616671E+00,+24.786039708096E+00,+26.006203034224E+00,+1.220062255859E+00
+1.757500E-06,+4.653344768299E+00,+24.692603777714E+00,+25.811479414611E+00,+1.118774414066E+00
+1.760000E-06,+4.724010598001E+00,+24.620367596246E+00,+25.603407804944E+00,+982.940673831E-03
+1.762500E-06,+4.924623036757E+00,+24.670226264983E+00,+25.361181044254E+00,+690.917968747E-03
+1.765000E-06,+4.888897533963E+00,+24.610945485618E+00,+25.011385187250E+00,+400.421142585E-03
+1.767500E-06,+5.135835349965E+00,+24.535176012662E+00,+24.749136441475E+00,+213.958740238E-03
+1.770000E-06,+4.972911353723E+00,+24.582679153739E+00,+24.602308550880E+00,+19.622802737E-03
+1.772500E-06,+4.924230448816E+00,+24.396985056810E+00,+24.331030282429E+00,-65.917968746E-03
+1.775000E-06,+4.798602307126E+00,+24.429569856058E+00,+24.155543472004E+00,-273.956298829E-03
+1.777500E-06,+4.671796401615E+00,+24.490813575132E+00,+23.965530907710E+00,-525.177001949E-03
+1.780000E-06,+4.602308335743E+00,+24.394236941211E+00,+23.896435429778E+00,-497.711181642E-03
+1.782500E-06,+4.899497408417E+00,+24.391096237668E+00,+23.773555403692E+00,-617.431640624E-03
+1.785000E-06,+5.115028188997E+00,+24.378533423501E+00,+23.612986935099E+00,-765.411376954E-03
+1.787500E-06,+5.321136858952E+00,+24.390703649732E+00,+23.576083668485E+00,-814.483642578E-03
+1.790000E-06,+5.354506834086E+00,+24.369111312873E+00,+23.528187939462E+00,-840.789794920E-03
+1.792500E-06,+5.366677060320E+00,+24.340844980996E+00,+23.487751381351E+00,-852.966308600E-03
+1.795000E-06,+5.239085978919E+00,+24.329067342714E+00,+23.354664068761E+00,-974.273681639E-03
+1.797500E-06,+5.137013113794E+00,+24.451162192909E+00,+23.459092461538E+00,-991.943359367E-03
+1.800000E-06,+5.185694018699E+00,+24.426429152517E+00,+23.367226882929E+00,-1.059051513667E+00
+1.802500E-06,+5.157820274762E+00,+24.421718097209E+00,+23.491284672838E+00,-930.297851569E-03
+1.805000E-06,+5.132302058483E+00,+24.259186688899E+00,+23.614557286867E+00,-644.500732425E-03
+1.807500E-06,+5.184516254870E+00,+24.455480660279E+00,+23.553706155740E+00,-901.641845700E-03
+1.810000E-06,+5.135442762029E+00,+24.537138952374E+00,+23.696215578966E+00,-840.789794917E-03
+1.812500E-06,+4.924230448816E+00,+24.435851263142E+00,+23.731155905873E+00,-704.559326169E-03
+1.815000E-06,+4.803313362441E+00,+24.388740710012E+00,+23.720556031418E+00,-668.060302734E-03
+1.817500E-06,+4.751884341935E+00,+24.504161565184E+00,+23.914494475144E+00,-589.569091797E-03
+1.820000E-06,+4.686322155496E+00,+24.418577393662E+00,+23.810066082369E+00,-608.428955078E-03
+1.822500E-06,+4.767980447588E+00,+24.456658424113E+00,+23.869346861729E+00,-587.188720703E-03
+1.825000E-06,+5.001177685593E+00,+24.510442972270E+00,+24.083307290531E+00,-427.032470709E-03
+1.827500E-06,+4.937971026814E+00,+24.448806665260E+00,+24.011071109066E+00,-437.622070319E-03
+1.830000E-06,+4.789180196501E+00,+24.519079907005E+00,+24.149262064922E+00,-369.720458979E-03
+1.832500E-06,+5.039651303990E+00,+24.521828022613E+00,+24.094692340873E+00,-427.062988288E-03
+1.835000E-06,+5.047503062848E+00,+24.423288448975E+00,+24.045618848033E+00,-377.593994139E-03
+1.837500E-06,+5.084406329463E+00,+24.457836187938E+00,+24.146513949327E+00,-311.218261713E-03
+1.840000E-06,+5.144079696765E+00,+24.399733172410E+00,+24.186950507428E+00,-212.677001953E-03
+1.842500E-06,+5.237515627145E+00,+24.501806037528E+00,+24.228564829362E+00,-273.132324216E-03
+1.845000E-06,+5.377276934766E+00,+24.457836187935E+00,+24.371466840529E+00,-86.273193356E-03
+1.847500E-06,+5.334092261065E+00,+24.570901515458E+00,+24.289808548430E+00,-281.036376958E-03
+1.850000E-06,+5.444016885038E+00,+24.468828650340E+00,+24.466473122679E+00,-2.288818364E-03
+1.852500E-06,+5.265389371083E+00,+24.501806037527E+00,+24.448021489369E+00,-53.741455076E-03
+1.855000E-06,+5.035725424561E+00,+24.479035936850E+00,+24.570901515454E+00,+91.888427730E-03
+1.857500E-06,+4.735003060401E+00,+24.573257043113E+00,+24.637248877782E+00,+63.995361326E-03
+1.860000E-06,+4.789965372388E+00,+24.559909053057E+00,+24.765625135068E+00,+205.718994140E-03
+1.862500E-06,+4.830009342549E+00,+24.549701766549E+00,+24.789965587523E+00,+240.234374999E-03
+1.865000E-06,+4.755417633426E+00,+24.513583675815E+00,+24.918734432752E+00,+405.120849609E-03
+1.867500E-06,+4.853172031168E+00,+24.515939203473E+00,+24.966237573827E+00,+450.256347653E-03
+1.870000E-06,+4.994111102626E+00,+24.556768349517E+00,+25.137013328930E+00,+580.169677733E-03
+1.872500E-06,+5.158212862702E+00,+24.590923500543E+00,+25.102073002024E+00,+511.108398432E-03
+1.875000E-06,+5.149575927960E+00,+24.552842470094E+00,+25.170775892006E+00,+617.889404288E-03
+1.877500E-06,+5.128376179053E+00,+24.611730661505E+00,+25.146042851614E+00,+534.240722655E-03
+1.880000E-06,+5.177057083957E+00,+24.745210562042E+00,+25.178627650865E+00,+433.380126958E-03
+1.882500E-06,+5.030621781306E+00,+24.596812319679E+00,+25.190405289148E+00,+593.566894532E-03
+1.885000E-06,+5.037295776326E+00,+24.559909053056E+00,+25.239086194050E+00,+679.107666017E-03
+1.887500E-06,+5.115813364888E+00,+24.573257043114E+00,+25.109924760881E+00,+536.621093752E-03
+1.890000E-06,+5.010599796226E+00,+24.659626390518E+00,+25.232019611084E+00,+572.357177742E-03
+1.892500E-06,+4.847283212033E+00,+24.453517720569E+00,+25.267352525932E+00,+813.781738282E-03
+1.895000E-06,+4.788395020619E+00,+24.556768349517E+00,+25.188049761491E+00,+631.256103516E-03
+1.897500E-06,+4.773084090848E+00,+24.543420359462E+00,+25.168812952296E+00,+625.335693362E-03
+1.900000E-06,+4.673759341331E+00,+24.470399002111E+00,+25.185694233833E+00,+715.240478511E-03
+1.902500E-06,+4.873586604192E+00,+24.490420987192E+00,+25.028266468785E+00,+537.780761718E-03
+1.905000E-06,+4.956422660116E+00,+24.563834932488E+00,+25.094613831113E+00,+530.731201173E-03
+1.907500E-06,+4.927763740300E+00,+24.388348122072E+00,+24.923052900121E+00,+534.637451169E-03
+1.910000E-06,+5.047503062844E+00,+24.514368851695E+00,+24.987829910678E+00,+473.419189456E-03
+1.912500E-06,+5.261463491657E+00,+24.408370107151E+00,+24.928549131318E+00,+520.141601560E-03
+1.915000E-06,+5.220241757662E+00,+24.422503273091E+00,+24.782899004556E+00,+360.382080080E-03
+1.917500E-06,+5.138976053511E+00,+24.378533423500E+00,+24.785254532209E+00,+406.707763672E-03
+1.920000E-06,+5.118954068426E+00,+24.555983173627E+00,+24.738929154963E+00,+182.952880865E-03
+1.922500E-06,+4.811557709239E+00,+24.497880158106E+00,+24.672189204692E+00,+174.316406246E-03
+1.925000E-06,+4.887327182193E+00,+24.359689202246E+00,+24.667478149375E+00,+307.769775387E-03
+1.927500E-06,+4.777009970276E+00,+24.384029654699E+00,+24.482176640390E+00,+98.144531248E-03
+1.930000E-06,+4.736573412172E+00,+24.391096237667E+00,+24.481391464507E+00,+90.301513675E-03
+1.932500E-06,+4.880260599223E+00,+24.308652769684E+00,+24.326319227111E+00,+17.669677737E-03
+1.935000E-06,+5.030229193360E+00,+24.280386437809E+00,+24.285882669004E+00,+5.523681637E-03
+1.937500E-06,+4.925800800583E+00,+24.367148373159E+00,+24.130810431612E+00,-236.267089843E-03
+1.940000E-06,+4.906956579336E+00,+24.226994477595E+00,+24.111573622416E+00,-115.325927739E-03
+1.942500E-06,+5.181375551329E+00,+24.303941714374E+00,+23.967493847420E+00,-336.364746094E-03
+1.945000E-06,+5.310536984498E+00,+24.302371362604E+00,+23.974953018333E+00,-327.301025392E-03
+1.947500E-06,+5.172346028645E+00,+24.307475005863E+00,+23.854428519899E+00,-452.941894538E-03
+1.950000E-06,+5.323884974548E+00,+24.291378900203E+00,+23.777088695180E+00,-514.190673823E-03
+1.952500E-06,+5.241834094520E+00,+24.295304779637E+00,+23.710741332842E+00,-584.442138682E-03
+1.955000E-06,+5.145650048538E+00,+24.158684175554E+00,+23.601994472704E+00,-556.610107424E-03
+1.957500E-06,+5.132302058484E+00,+24.230527769075E+00,+23.627905276928E+00,-602.508544917E-03
+1.960000E-06,+5.075769394725E+00,+24.249764578265E+00,+23.578439196135E+00,-671.234130853E-03
+1.962500E-06,+4.823335347523E+00,+23.715452388172E+00,+23.312264570938E+00,-403.106689463E-03
+1.965000E-06,+4.897534468706E+00,+22.779130144668E+00,+23.006831151467E+00,+227.691650383E-03
+1.967500E-06,+4.963489243094E+00,+21.595870085162E+00,+22.503533408837E+00,+907.592773429E-03
+1.970000E-06,+4.899889996366E+00,+19.877120071718E+00,+21.859689182698E+00,+1.982391357414E+00
+1.972500E-06,+4.922660097039E+00,+17.412060379080E+00,+21.013662166030E+00,+1.984405517578E+00
+1.975000E-06,+4.892823413394E+00,+14.822942896517E+00,+19.639996954286E+00,+1.984405517578E+00
+1.977500E-06,+4.921089745274E+00,+12.217336720350E+00,+18.364086140287E+00,+1.984405517578E+00
+1.980000E-06,+5.082050801803E+00,+9.913238084233E+00,+17.055197939086E+00,+1.984405517578E+00
+1.982500E-06,+5.053784469927E+00,+8.751962949505E+00,+15.828753205877E+00,+1.984405517578E+00
+1.985000E-06,+4.983903816121E+00,+7.664494348036E+00,+14.362829827576E+00,+1.984405517578E+00
+1.987500E-06,+4.992148162911E+00,+6.999450372982E+00,+12.695901422576E+00,+1.984405517578E+00
+1.990000E-06,+5.138583465561E+00,+6.232333532799E+00,+11.268451662664E+00,+1.984405517578E+00
+1.992500E-06,+5.432239246753E+00,+5.414180260072E+00,+10.014525773457E+00,+1.984405517578E+00
+1.995000E-06,+5.736887490346E+00,+4.549701610099E+00,+8.701711692836E+00,+1.984405517578E+00
+1.997500E-06,+5.598696534501E+00,+3.655778864407E+00,+7.617776382847E+00,+1.984405517578E+00
+2.000000E-06,+5.256359848400E+00,+3.089274462985E+00,+6.293577251886E+00,+1.984405517578E+00
+2.002500E-06,+5.024340374221E+00,+2.726523203868E+00,+5.290122470158E+00,+1.984405517578E+00
+2.005000E-06,+5.207678943486E+00,+2.193388777585E+00,+4.592886283795E+00,+1.984405517578E+00
+2.007500E-06,+5.215138114407E+00,+1.849481739718E+00,+3.622016301334E+00,+1.772369384777E+00
+2.010000E-06,+4.721655070353E+00,+1.508715405395E+00,+2.782270691748E+00,+1.273468017586E+00
+2.012500E-06,+4.170069010756E+00,+1.010521306020E+00,+2.035568424592E+00,+1.024963378907E+00
+2.015000E-06,+3.803784460153E+00,+753.376203505E-03,+1.461604852264E+00,+708.160400393E-03
+2.017500E-06,+3.604349785228E+00,+626.570297985E-03,+1.057239271214E+00,+430.633544933E-03
+2.020000E-06,+3.399418879097E+00,+374.136250793E-03,+652.873690157E-03,+278.717041013E-03
+2.022500E-06,+3.682867373772E+00,+312.107355832E-03,+268.530094185E-03,-43.518066406E-03
+2.025000E-06,+4.386384967213E+00,+272.848561553E-03,+23.162629955E-03,-249.603271481E-03
+2.027500E-06,+5.143294520874E+00,+136.620545417E-03,-42.399556497E-03,-178.924560558E-03
+2.030000E-06,+5.404758090763E+00,+99.324690845E-03,+19.236750523E-03,-80.047607419E-03
+2.032500E-06,+5.363536356774E+00,-42.792144430E-03,+35.725444117E-03,+78.552246086E-03
+2.035000E-06,+5.261856079600E+00,+11.384991663E-03,-232.804708735E-03,-244.110107417E-03
+2.037500E-06,+5.270885602276E+00,-47.503199750E-03,-69.095536599E-03,-21.545410153E-03
+2.040000E-06,+5.332521909298E+00,-23.947923184E-03,+33.369916460E-03,+57.342529297E-03
+2.042500E-06,+5.199434596699E+00,-62.421541575E-03,+31.014388810E-03,+93.444824225E-03
+2.045000E-06,+5.350580954658E+00,-273.633854779E-03,+191.975445338E-03,+465.545654288E-03
+2.047500E-06,+5.579067137352E+00,-191.975562690E-03,+15.310871095E-03,+207.275390628E-03
+2.050000E-06,+5.688991761328E+00,-278.344910094E-03,+55.354841258E-03,+333.648681639E-03
+2.052500E-06,+5.782820279654E+00,-356.077322770E-03,+51.428961829E-03,+407.501220707E-03
+2.055000E-06,+5.734531962695E+00,-357.647674532E-03,-113.457974134E-03,+244.171142573E-03
+2.057500E-06,+5.404365502824E+00,-263.819156220E-03,-191.582974741E-03,+72.265625009E-03
+2.060000E-06,+5.320744271011E+00,-273.633854782E-03,-452.653956683E-03,-178.924560544E-03
+2.062500E-06,+5.137405701741E+00,-251.648929988E-03,-316.033352599E-03,-64.300537107E-03
+2.065000E-06,+4.850423915580E+00,-314.463000829E-03,-278.344910101E-03,+36.102294915E-03
+2.067500E-06,+4.669048286013E+00,-319.566644082E-03,-452.261368746E-03,-132.629394539E-03
+2.070000E-06,+4.511227933024E+00,-286.196668955E-03,-451.083604915E-03,-164.825439451E-03
+2.072500E-06,+4.346340997065E+00,-325.848051170E-03,-575.141394833E-03,-249.206542973E-03
+2.075000E-06,+4.106077176085E+00,-390.625061727E-03,-732.961747820E-03,-342.254638669E-03
+2.077500E-06,+3.918027551499E+00,-489.164635363E-03,-740.813506680E-03,-251.556396486E-03
+2.080000E-06,+3.881516872816E+00,-373.351192253E-03,-1.009343659532E+00,-635.894775382E-03
+2.082500E-06,+4.159469136294E+00,-528.816017585E-03,-1.250785244335E+00,-721.832275388E-03
+2.085000E-06,+4.405229188471E+00,-770.650190326E-03,-1.325769541406E+00,-555.023193362E-03
+2.087500E-06,+4.992540750849E+00,-590.059736660E-03,-1.711290901203E+00,-1.121063232415E+00
+2.090000E-06,+5.312892512151E+00,-626.963003279E-03,-1.821215525178E+00,-1.194122314446E+00
+2.092500E-06,+5.544126810447E+00,-729.821044285E-03,-1.958228717205E+00,-1.228240966791E+00
+2.095000E-06,+5.847597290208E+00,-735.317275481E-03,-2.243640151596E+00,-1.508148193353E+00
+2.097500E-06,+5.699199047845E+00,-675.643908185E-03,-2.377120052144E+00,-1.701263427729E+00
+2.100000E-06,+5.581422665010E+00,-790.279587467E-03,-2.321372564272E+00,-1.530914306643E+00
+2.102500E-06,+5.527638116851E+00,-689.384486174E-03,-2.459170932183E+00,-1.769561767582E+00
+2.105000E-06,+5.442446533270E+00,-665.436621666E-03,-2.416378846419E+00,-1.750762939454E+00
+2.107500E-06,+5.463253694240E+00,-705.088003890E-03,-2.298209875652E+00,-1.592926025393E+00
+2.110000E-06,+5.392195276597E+00,-509.186620449E-03,-2.028501958966E+00,-1.519134521482E+00
+2.112500E-06,+5.342729195806E+00,-528.030841696E-03,-1.891488766945E+00,-1.363311767587E+00
+2.115000E-06,+5.190405074016E+00,-527.245665809E-03,-1.685380096989E+00,-1.157989501963E+00
+2.117500E-06,+4.886149418370E+00,-490.342399196E-03,-1.366598687458E+00,-876.098632813E-03
+2.120000E-06,+4.693388738470E+00,-363.929081626E-03,-1.065091147415E+00,-701.019287111E-03
+2.122500E-06,+4.846890624090E+00,-350.581091567E-03,-869.189763965E-03,-518.493652343E-03
+2.125000E-06,+5.016096027417E+00,-374.136368135E-03,-528.030841706E-03,-153.839111333E-03
+2.127500E-06,+5.220634345599E+00,-376.491895788E-03,-399.654584414E-03,-23.132324222E-03
+2.130000E-06,+5.276774421422E+00,-294.048427813E-03,-243.011995249E-03,+51.055908207E-03
+2.132500E-06,+5.367854824150E+00,-438.520790747E-03,-38.866265010E-03,+399.627685545E-03
+2.135000E-06,+5.491912614056E+00,-392.980589382E-03,+41.221675317E-03,+434.173583979E-03
+2.137500E-06,+5.327810853984E+00,-269.707975352E-03,+169.990520544E-03,+439.666748041E-03
+2.140000E-06,+5.082050801812E+00,-317.603704374E-03,+335.662632386E-03,+653.228759757E-03
+2.142500E-06,+4.877905071568E+00,-256.752573242E-03,+354.114265707E-03,+610.839843749E-03
+2.145000E-06,+4.650989240650E+00,-270.493151243E-03,+472.283236474E-03,+742.706298824E-03
+2.147500E-06,+4.703203437034E+00,-327.418402941E-03,+391.410120267E-03,+718.749999996E-03
+2.150000E-06,+4.691818386694E+00,-308.966769634E-03,+464.431477623E-03,+773.345947266E-03
+2.152500E-06,+4.692210974639E+00,-277.952322150E-03,+438.913261337E-03,+716.796874989E-03
+2.155000E-06,+4.822942759577E+00,-220.241894571E-03,+463.646301734E-03,+683.807373047E-03
+2.157500E-06,+4.806454065980E+00,-290.515136325E-03,+443.231728712E-03,+733.703613281E-03
+2.160000E-06,+5.097754319512E+00,-268.922799472E-03,+376.491778446E-03,+645.355224613E-03
+2.162500E-06,+5.002355449422E+00,-288.944784546E-03,+416.535748605E-03,+705.444335932E-03
+2.165000E-06,+4.948570901269E+00,-438.520790744E-03,+488.771930073E-03,+927.215576166E-03
+2.167500E-06,+5.334484849012E+00,-255.967397366E-03,+385.913889071E-03,+641.845703133E-03
+2.170000E-06,+5.491912614057E+00,-265.782095929E-03,+252.433988533E-03,+518.157958991E-03
+2.172500E-06,+5.365891884430E+00,-303.863126376E-03,+376.099190505E-03,+679.901123050E-03
+2.175000E-06,+5.491912614061E+00,-388.269534069E-03,+399.261879120E-03,+787.445068353E-03
+2.177500E-06,+5.249293265428E+00,-253.611869708E-03,+305.825948744E-03,+559.387207036E-03
+2.180000E-06,+5.140938993230E+00,-284.626317180E-03,+283.841023946E-03,+568.450927730E-03
+2.182500E-06,+5.038866128105E+00,-346.655212136E-03,+291.300194861E-03,+637.878417966E-03
+2.185000E-06,+5.075769394722E+00,-352.151443335E-03,+258.715395609E-03,+610.809326166E-03
+2.187500E-06,+4.843749920547E+00,-392.195413498E-03,+245.367405558E-03,+637.512207029E-03
+2.190000E-06,+4.894393765163E+00,-287.767020724E-03,+352.936501873E-03,+640.655517575E-03
+2.192500E-06,+4.972126177833E+00,-315.248176715E-03,+219.849189276E-03,+535.064697261E-03
+2.195000E-06,+4.996466630282E+00,-373.351192246E-03,+91.472931994E-03,+464.813232422E-03
+2.197500E-06,+4.820979819867E+00,-395.728704990E-03,+88.724816395E-03,+484.405517585E-03
+2.200000E-06,+4.851994267344E+00,-341.944156826E-03,-99.324808192E-03,+242.584228518E-03
+2.202500E-06,+4.755810221366E+00,-352.151443339E-03,-155.857471952E-03,+196.258544924E-03
+2.205000E-06,+4.888112358076E+00,-515.468027530E-03,-288.552196603E-03,+226.898193365E-03
+2.207500E-06,+4.914808338188E+00,-367.069785165E-03,-305.433478148E-03,+61.645507814E-03
+2.210000E-06,+5.064776932326E+00,-352.936619227E-03,-417.321041831E-03,-64.300537099E-03
+2.212500E-06,+5.102857962768E+00,-484.453580051E-03,-630.496294763E-03,-145.965576174E-03
+2.215000E-06,+5.303470401529E+00,-563.363756543E-03,-689.777074118E-03,-126.312255863E-03
+2.217500E-06,+5.215530702348E+00,-385.914006417E-03,-726.287752789E-03,-340.301513662E-03
+2.220000E-06,+5.100895023062E+00,-506.831092785E-03,-743.169034342E-03,-236.236572274E-03
+2.222500E-06,+4.951319016868E+00,-585.741269286E-03,-959.484990800E-03,-373.657226560E-03
+2.225000E-06,+4.870838488605E+00,-548.445414720E-03,-1.028187880785E+00,-479.644775391E-03
+2.227500E-06,+4.870838488592E+00,-549.230590601E-03,-1.196608108237E+00,-647.277832040E-03
+2.230000E-06,+4.942289494181E+00,-592.415264310E-03,-1.141253208304E+00,-548.736572268E-03
+2.232500E-06,+5.091080324494E+00,-514.290263702E-03,-1.232333611030E+00,-717.926025392E-03
+2.235000E-06,+5.096183967746E+00,-539.808479981E-03,-1.202496927379E+00,-662.567138674E-03
+2.237500E-06,+5.171953440701E+00,-582.600565743E-03,-1.270022053532E+00,-687.316894531E-03
+2.240000E-06,+5.301114873868E+00,-496.623806279E-03,-1.302214264842E+00,-805.450439453E-03
+2.242500E-06,+5.113850425175E+00,-533.919660841E-03,-1.396827959045E+00,-862.762451168E-03
+2.245000E-06,+5.105606078371E+00,-665.436621668E-03,-1.315562254896E+00,-649.993896485E-03
+2.247500E-06,+5.159783214472E+00,-516.645791359E-03,-1.298680973352E+00,-781.890869136E-03
+2.250000E-06,+5.065562108216E+00,-502.905213365E-03,-1.310851199582E+00,-807.830810544E-03
+2.252500E-06,+5.221419521495E+00,-591.630088426E-03,-1.250000068458E+00,-658.264160164E-03
+2.255000E-06,+5.220241757664E+00,-590.844912540E-03,-1.235474314571E+00,-644.500732425E-03
+2.257500E-06,+5.264604195192E+00,-500.157097762E-03,-1.161275193385E+00,-661.010742187E-03
+2.260000E-06,+5.090687736554E+00,-563.363756543E-03,-1.238615018112E+00,-675.140380864E-03
+2.262500E-06,+5.040043891928E+00,-576.711746599E-03,-1.231155847203E+00,-654.327392584E-03
+2.265000E-06,+4.851209091466E+00,-546.875062951E-03,-1.142038384192E+00,-595.062255861E-03
+2.267500E-06,+4.913237986422E+00,-585.741269281E-03,-1.164023308987E+00,-578.186035163E-03
+2.270000E-06,+4.945430197724E+00,-490.342399195E-03,-987.358734739E-03,-496.917724607E-03
+2.272500E-06,+5.065954696157E+00,-417.321041836E-03,-919.833608587E-03,-502.410888678E-03
+2.275000E-06,+5.262641255478E+00,-539.808479980E-03,-947.314764581E-03,-407.440185553E-03
+2.277500E-06,+5.242619270394E+00,-517.823555187E-03,-865.656472479E-03,-347.747802733E-03
+2.280000E-06,+5.376491758883E+00,-374.921544020E-03,-943.388885149E-03,-568.389892576E-03
+2.282500E-06,+5.317996155419E+00,-403.187875896E-03,-818.938507291E-03,-415.679931642E-03
+2.285000E-06,+5.340373668149E+00,-545.304711183E-03,-733.746923711E-03,-188.385009764E-03
+2.287500E-06,+5.371780703571E+00,-345.477448314E-03,-603.800314654E-03,-258.239746092E-03
+2.290000E-06,+5.341158844035E+00,-453.439132573E-03,-559.437877120E-03,-105.926513670E-03
+2.292500E-06,+4.981548288458E+00,-497.016394222E-03,-486.023931826E-03,+11.016845702E-03
+2.295000E-06,+5.112672661342E+00,-342.729332710E-03,-378.062247561E-03,-35.247802736E-03
+2.297500E-06,+5.024340374218E+00,-299.937246952E-03,-286.196668949E-03,+13.763427741E-03
+2.300000E-06,+4.958778187778E+00,-440.091142515E-03,-281.485613641E-03,+158.599853510E-03
+2.302500E-06,+4.898712232534E+00,-312.500061123E-03,-91.473049335E-03,+221.008300790E-03
+2.305000E-06,+4.803313362444E+00,-360.003202187E-03,+133.872429807E-03,+493.865966787E-03
+2.307500E-06,+4.826083463123E+00,-342.336744767E-03,+40.436499431E-03,+382.751464842E-03
+2.310000E-06,+4.961918891319E+00,-267.352447702E-03,+248.508109093E-03,+515.838623042E-03
+2.312500E-06,+5.120524420200E+00,-246.545286732E-03,+237.515646701E-03,+484.039306638E-03
+2.315000E-06,+5.060065877013E+00,-319.174056142E-03,+253.219164413E-03,+572.357177731E-03
+2.317500E-06,+5.186479194584E+00,-334.484985911E-03,+300.329717545E-03,+634.765624997E-03
+2.320000E-06,+5.254789496626E+00,-317.603704376E-03,+264.211626811E-03,+581.756591799E-03
+2.322500E-06,+5.341551431973E+00,-217.493778964E-03,+250.471048816E-03,+467.926025388E-03
+2.325000E-06,+5.164494269790E+00,-448.728077259E-03,+311.322179940E-03,+759.979248044E-03
+2.327500E-06,+5.109924545743E+00,-367.854961050E-03,+197.864264485E-03,+565.673828129E-03
+2.330000E-06,+5.147220400307E+00,-316.818528494E-03,+286.196551606E-03,+602.996826178E-03
+2.332500E-06,+5.008636856510E+00,-401.224936181E-03,+198.649440367E-03,+599.822998043E-03
+2.335000E-06,+5.104820902484E+00,-392.195413500E-03,-23.947923175E-03,+368.194580085E-03
+2.337500E-06,+4.826476051066E+00,-329.773930601E-03,+115.420796500E-03,+445.159912109E-03
+2.340000E-06,+5.089117384773E+00,-367.069785162E-03,+86.761876678E-03,+453.765869139E-03
+2.342500E-06,+4.992540750853E+00,-336.055337680E-03,+25.910745554E-03,+361.938476563E-03
+2.345000E-06,+4.936008087101E+00,-359.218026304E-03,+38.080971776E-03,+397.247314450E-03
+2.347500E-06,+5.078517510321E+00,-458.150187882E-03,-12.170284901E-03,+445.922851557E-03
+2.350000E-06,+5.164494269782E+00,-457.365012001E-03,-122.880084755E-03,+334.442138678E-03
+2.352500E-06,+5.108746781916E+00,-361.966141907E-03,-157.035235781E-03,+204.925537109E-03
+2.355000E-06,+5.027088489823E+00,-349.795915682E-03,-305.040890204E-03,+44.769287112E-03
+2.357500E-06,+5.140153817337E+00,-341.551568885E-03,-264.604332103E-03,+76.934814452E-03
+2.360000E-06,+5.302685225641E+00,-253.219281769E-03,-337.233101511E-03,-83.953857411E-03
+2.362500E-06,+5.116205952833E+00,-377.277071673E-03,-456.187248171E-03,-78.857421876E-03
+2.365000E-06,+4.995681454396E+00,-518.608731071E-03,-473.068529708E-03,+45.562744142E-03
+2.367500E-06,+5.093435852147E+00,-427.135740412E-03,-521.356846673E-03,-94.146728511E-03
+2.370000E-06,+4.990185223194E+00,-426.743152466E-03,-664.651445776E-03,-237.823486320E-03
+2.372500E-06,+4.873979192145E+00,-465.609358799E-03,-602.622550822E-03,-136.932373043E-03
+2.375000E-06,+5.002748037363E+00,-507.616268675E-03,-702.339888285E-03,-194.671630855E-03
+2.377500E-06,+4.927763740300E+00,-480.920288567E-03,-688.991898228E-03,-208.007812493E-03
+2.380000E-06,+4.968985474294E+00,-465.216770857E-03,-752.591144966E-03,-287.261962892E-03
+2.382500E-06,+4.957600423944E+00,-476.994409136E-03,-892.352452586E-03,-415.252685546E-03
+2.385000E-06,+5.123665123742E+00,-539.808479982E-03,-743.954210222E-03,-204.071044922E-03
+2.387500E-06,+5.051821530212E+00,-495.446042445E-03,-1.042713634670E+00,-547.180175785E-03
+2.390000E-06,+5.100109847175E+00,-489.557223307E-03,-878.219286648E-03,-388.580322265E-03
+2.392500E-06,+5.156642510935E+00,-497.408982158E-03,-960.662754631E-03,-463.165283207E-03
+2.395000E-06,+5.151931455621E+00,-437.735614865E-03,-1.189934113207E+00,-752.105712886E-03
+2.397500E-06,+5.089117384777E+00,-564.934108326E-03,-1.137327328877E+00,-572.296142571E-03
+2.400000E-06,+5.281485476733E+00,-546.089887068E-03,-1.125549690596E+00,-579.376220703E-03
+2.402500E-06,+5.113065249290E+00,-466.787122629E-03,-1.286510747128E+00,-819.610595699E-03
+2.405000E-06,+5.257930200165E+00,-666.221797550E-03,-1.179726826696E+00,-513.397216800E-03
+2.407500E-06,+5.104035726607E+00,-541.771419703E-03,-1.209563510344E+00,-667.694091787E-03
+2.410000E-06,+5.123665123740E+00,-484.846167996E-03,-1.167949188413E+00,-683.013916013E-03
+2.412500E-06,+5.012170147991E+00,-584.956093405E-03,-1.101209238147E+00,-516.143798827E-03
+2.415000E-06,+5.112672661340E+00,-593.200440196E-03,-1.046246926154E+00,-452.972412111E-03
+2.417500E-06,+5.091080324496E+00,-436.950438979E-03,-1.019550946041E+00,-582.489013664E-03
+2.420000E-06,+5.021592258624E+00,-533.527072894E-03,-1.119268283510E+00,-585.662841801E-03
+2.422500E-06,+5.261856079596E+00,-453.439132568E-03,-951.633231947E-03,-498.107910160E-03
+2.425000E-06,+5.300329697986E+00,-491.912750961E-03,-671.718028757E-03,-179.718017585E-03
+2.427500E-06,+5.276774421419E+00,-460.113127595E-03,-833.856849116E-03,-373.657226567E-03
+2.430000E-06,+5.289337235588E+00,-413.395162412E-03,-772.220542104E-03,-358.734130860E-03
+2.432500E-06,+5.241441506577E+00,-470.320414106E-03,-675.643908185E-03,-205.230712900E-03
+2.435000E-06,+5.151146279739E+00,-396.906468816E-03,-732.961747824E-03,-335.968017575E-03
+2.437500E-06,+5.225737988859E+00,-519.001319019E-03,-499.764509816E-03,+19.287109382E-03
+2.440000E-06,+5.148790752080E+00,-447.942901372E-03,-553.941645922E-03,-105.926513674E-03
+2.442500E-06,+5.084798917412E+00,-374.528956076E-03,-516.645791358E-03,-142.059326171E-03
+2.445000E-06,+5.002748037369E+00,-365.499433396E-03,-357.647674539E-03,+7.843017579E-03
+2.447500E-06,+4.992933338802E+00,-387.876946133E-03,-423.602448923E-03,-35.675048826E-03
+2.450000E-06,+4.951711604807E+00,-226.523301658E-03,-456.579836107E-03,-229.949951158E-03
+2.452500E-06,+5.068702811756E+00,-489.949811252E-03,-292.478076044E-03,+197.448730464E-03
+2.455000E-06,+4.991755574972E+00,-390.625061730E-03,-286.981844838E-03,+103.607177735E-03
+2.457500E-06,+5.089117384777E+00,-349.010739796E-03,-230.449181077E-03,+118.560791019E-03
+2.460000E-06,+4.843357332609E+00,-439.305966631E-03,-193.545914460E-03,+245.758056638E-03
+2.462500E-06,+5.128376179053E+00,-341.944156822E-03,-128.376315957E-03,+213.562011717E-03
+2.465000E-06,+5.122879947855E+00,-354.506970992E-03,+4.318408692E-03,+358.795166008E-03
+2.467500E-06,+5.146042636482E+00,-399.654584409E-03,-192.760738575E-03,+206.878662104E-03
+2.470000E-06,+5.115813364886E+00,-207.679080407E-03,-9.029581361E-03,+198.638916019E-03
+2.472500E-06,+5.292477939134E+00,-368.247548990E-03,-147.220537215E-03,+221.008300777E-03
+2.475000E-06,+5.172346028644E+00,-341.944156826E-03,-140.153954240E-03,+201.751708986E-03
+2.477500E-06,+5.133479822313E+00,-396.906468820E-03,-95.791516707E-03,+301.086425790E-03
+2.480000E-06,+4.996466630288E+00,-295.618779583E-03,-142.509481899E-03,+153.106689457E-03
+2.482500E-06,+4.978014996979E+00,-325.455463226E-03,-74.984355745E-03,+250.457763666E-03
+2.485000E-06,+4.918734217612E+00,-327.810990891E-03,-140.939130124E-03,+186.859130868E-03
+2.487500E-06,+4.949748665095E+00,-330.559106488E-03,-142.902069841E-03,+187.652587894E-03
+2.490000E-06,+5.063991756438E+00,-425.172800690E-03,-140.153954236E-03,+285.003662113E-03
+2.492500E-06,+4.837861101400E+00,-412.609986528E-03,-111.102446479E-03,+301.483154299E-03
+2.495000E-06,+5.108746781912E+00,-377.277071676E-03,-36.510737354E-03,+340.728759763E-03
+2.497500E-06,+5.092258088325E+00,-436.557851038E-03,-148.005713099E-03,+288.513183598E-03
+2.500000E-06,+5.093828440092E+00,-469.142650280E-03,-139.368778359E-03,+329.742431635E-03
+2.502500E-06,+5.144864872651E+00,-311.322297284E-03,-133.872547157E-03,+177.429199213E-03
+2.505000E-06,+5.026303313941E+00,-429.098680117E-03,-126.805964189E-03,+302.276611324E-03
+2.507500E-06,+5.049466002559E+00,-396.121292923E-03,-244.189759081E-03,+151.916503896E-03
+2.510000E-06,+5.096969143629E+00,-345.870036259E-03,-198.256969772E-03,+147.613525396E-03
+2.512500E-06,+5.122094771968E+00,-330.166518541E-03,-259.500688848E-03,+70.709228510E-03
+2.515000E-06,+5.074199042955E+00,-492.697926844E-03,-491.912750960E-03,+762.939452E-06
+2.517500E-06,+4.972911353718E+00,-399.261996469E-03,-386.306594362E-03,+13.000488277E-03
+2.520000E-06,+5.025518138044E+00,-334.877573858E-03,-498.194158045E-03,-163.238525385E-03
+2.522500E-06,+5.095791379803E+00,-462.861243199E-03,-644.629460700E-03,-181.701660155E-03
+2.525000E-06,+5.081265625918E+00,-488.772047423E-03,-513.897675761E-03,-25.054931642E-03
+2.527500E-06,+5.047503062849E+00,-403.580463848E-03,-617.933480588E-03,-214.294433581E-03
+2.530000E-06,+5.151931455617E+00,-373.351192251E-03,-766.724310895E-03,-393.280029286E-03
+2.532500E-06,+5.098932083347E+00,-577.104334549E-03,-722.754461312E-03,-145.568847652E-03
+2.535000E-06,+5.150361103848E+00,-550.015766493E-03,-839.745668256E-03,-289.642333983E-03
+2.537500E-06,+5.243797034225E+00,-386.306594361E-03,-775.361245639E-03,-388.946533197E-03
+2.540000E-06,+5.086761857132E+00,-537.452952320E-03,-793.420291015E-03,-255.889892587E-03
+2.542500E-06,+5.197471656986E+00,-500.942273650E-03,-776.146421529E-03,-275.115966794E-03
+2.545000E-06,+5.138583465568E+00,-438.520790747E-03,-805.197929294E-03,-366.607666016E-03
+2.547500E-06,+5.021984846565E+00,-579.459862198E-03,-901.381975275E-03,-321.838378913E-03
+2.550000E-06,+5.046717886960E+00,-408.684107099E-03,-823.256974660E-03,-414.459228512E-03
+2.552500E-06,+5.115420776944E+00,-502.905213358E-03,-893.530216417E-03,-390.533447268E-03
+2.555000E-06,+5.069487987635E+00,-425.172800692E-03,-940.248181605E-03,-514.984130859E-03
+2.557500E-06,+5.121702184024E+00,-584.956093402E-03,-841.708607969E-03,-256.683349606E-03
+2.560000E-06,+5.138583465565E+00,-374.136368139E-03,-838.960492377E-03,-464.752197264E-03
+2.562500E-06,+5.165672033620E+00,-449.905841090E-03,-874.293407221E-03,-424.285888669E-03
+2.565000E-06,+5.109531957803E+00,-620.681596194E-03,-781.642652730E-03,-160.858154298E-03
+2.567500E-06,+5.259893139882E+00,-492.697926851E-03,-746.309737878E-03,-253.540039060E-03
+2.570000E-06,+5.151146279733E+00,-492.697926848E-03,-767.509486787E-03,-274.749755859E-03
+2.572500E-06,+5.158605450642E+00,-586.133857232E-03,-777.716773302E-03,-191.497802732E-03
+2.575000E-06,+5.196686481097E+00,-581.422801910E-03,-752.591144962E-03,-171.112060551E-03
+2.577500E-06,+5.133087234366E+00,-422.424685097E-03,-651.303455724E-03,-228.790283196E-03
+2.580000E-06,+5.025518138054E+00,-481.705464450E-03,-625.392651510E-03,-143.585205084E-03
+2.582500E-06,+5.111887485457E+00,-473.853705601E-03,-603.407726708E-03,-129.486083977E-03
+2.585000E-06,+5.137013113795E+00,-482.490640334E-03,-553.941645927E-03,-71.380615243E-03
+2.587500E-06,+5.120131832257E+00,-475.031469421E-03,-646.984988364E-03,-171.875000010E-03
+2.590000E-06,+5.052999294041E+00,-438.520790751E-03,-538.238128211E-03,-99.639892575E-03
+2.592500E-06,+5.129553942886E+00,-429.883856000E-03,-501.334861590E-03,-71.411132818E-03
+2.595000E-06,+5.252433968965E+00,-503.690389242E-03,-543.734359409E-03,-40.008544927E-03
+2.597500E-06,+5.116991128715E+00,-386.699182307E-03,-470.320414108E-03,-83.587646475E-03
+2.600000E-06,+5.238300803029E+00,-373.351192248E-03,-453.439132576E-03,-80.047607424E-03
+2.602500E-06,+5.181768139275E+00,-342.336744769E-03,-504.868153073E-03,-162.445068357E-03
+2.605000E-06,+5.199042008751E+00,-472.283353827E-03,-389.054709960E-03,+83.221435547E-03
+2.607500E-06,+5.056532585530E+00,-455.402072288E-03,-376.099307848E-03,+79.284667970E-03
+2.610000E-06,+5.085976681235E+00,-365.499433392E-03,-470.713002046E-03,-105.133056633E-03
+2.612500E-06,+5.107961606028E+00,-467.179710569E-03,-446.765137550E-03,+20.446777338E-03
+2.615000E-06,+5.162923918017E+00,-393.765765267E-03,-372.566016359E-03,+21.209716795E-03
+2.617500E-06,+5.025125550101E+00,-372.958604304E-03,-345.084860360E-03,+27.923583991E-03
+2.620000E-06,+5.129161354934E+00,-461.290891425E-03,-344.299684484E-03,+116.973876949E-03
+2.622500E-06,+5.085976681235E+00,-392.980589386E-03,-296.796543411E-03,+96.191406246E-03
+2.625000E-06,+5.004318389143E+00,-460.505715537E-03,-206.893904518E-03,+253.570556631E-03
+2.627500E-06,+4.959955951609E+00,-422.424685091E-03,-340.373805055E-03,+82.061767575E-03
+2.630000E-06,+5.012170147994E+00,-392.195413506E-03,-249.293402334E-03,+142.913818363E-03
+2.632500E-06,+5.087154445069E+00,-382.380714929E-03,-275.989382445E-03,+106.384277337E-03
+2.635000E-06,+5.036510600450E+00,-393.765765270E-03,-226.523301654E-03,+167.205810543E-03
+2.637500E-06,+5.053391881983E+00,-383.951066708E-03,-243.011995246E-03,+140.930175789E-03
+2.640000E-06,+5.088332208898E+00,-397.691644700E-03,-260.285864726E-03,+137.420654301E-03
+2.642500E-06,+5.016881203302E+00,-418.106217720E-03,-290.515136319E-03,+127.563476563E-03
+2.645000E-06,+5.012170147993E+00,-490.342399190E-03,-202.968025086E-03,+287.322998043E-03
+2.647500E-06,+5.138976053505E+00,-354.506970997E-03,-275.989382436E-03,+78.552246101E-03
+2.650000E-06,+4.981548288459E+00,-382.773302876E-03,-189.620035032E-03,+193.145751955E-03
+2.652500E-06,+4.998036982057E+00,-496.231218333E-03,-222.597422225E-03,+273.590087888E-03
+2.655000E-06,+4.978407584917E+00,-393.765765274E-03,-338.803453283E-03,+54.962158206E-03
+2.657500E-06,+5.101287611001E+00,-297.581719297E-03,-243.797171131E-03,+53.802490241E-03
+2.660000E-06,+5.119739244314E+00,-439.305966629E-03,-389.839885845E-03,+49.468994136E-03
+2.662500E-06,+5.130339118767E+00,-374.528956077E-03,-396.513880865E-03,-21.942138665E-03
+2.665000E-06,+5.130731706711E+00,-358.432850420E-03,-364.714257509E-03,-6.195068364E-03
+2.667500E-06,+5.061243640836E+00,-441.268906343E-03,-451.476192863E-03,-10.162353524E-03
+2.670000E-06,+5.127591003165E+00,-405.543403557E-03,-458.150187882E-03,-52.520751947E-03
+2.672500E-06,+5.175486732190E+00,-355.684734822E-03,-473.461117649E-03,-117.706298824E-03
+2.675000E-06,+5.110317133684E+00,-334.877573857E-03,-538.238128208E-03,-203.277587887E-03
+2.677500E-06,+5.114243013114E+00,-425.565388639E-03,-500.942273645E-03,-75.317382807E-03
+2.680000E-06,+5.223382461198E+00,-372.566016365E-03,-414.180338300E-03,-41.534423830E-03
+2.682500E-06,+5.064776932327E+00,-425.957976581E-03,-702.732476236E-03,-276.672363284E-03
+2.685000E-06,+5.147220400304E+00,-551.586118262E-03,-542.164007638E-03,+9.429931637E-03
+2.687500E-06,+5.148398164134E+00,-394.943529103E-03,-608.903957907E-03,-213.897705072E-03
+2.690000E-06,+5.111887485457E+00,-332.522046210E-03,-791.849939233E-03,-459.259033186E-03
+2.692500E-06,+4.971733589891E+00,-530.386369359E-03,-652.088631611E-03,-121.643066400E-03
+2.695000E-06,+5.107961606024E+00,-496.623806279E-03,-637.170289788E-03,-140.472412107E-03
+2.697500E-06,+5.001570273540E+00,-439.698554577E-03,-648.162752178E-03,-208.404541006E-03
+2.700000E-06,+5.004318389142E+00,-478.564760907E-03,-637.170289798E-03,-158.538818371E-03
+2.702500E-06,+5.113457837229E+00,-533.134484956E-03,-708.228707431E-03,-175.018310547E-03
+2.705000E-06,+5.053784469932E+00,-407.113755324E-03,-562.578580665E-03,-155.364990239E-03
+2.707500E-06,+5.034940248677E+00,-520.964258727E-03,-778.894537133E-03,-257.843017584E-03
+2.710000E-06,+5.096183967744E+00,-563.363756545E-03,-749.450441416E-03,-186.004638670E-03
+2.712500E-06,+5.066347284100E+00,-498.586745987E-03,-620.681596197E-03,-122.039794930E-03
+2.715000E-06,+5.025518138052E+00,-399.261996474E-03,-765.153959125E-03,-365.814208975E-03
+2.717500E-06,+5.069880575575E+00,-429.883856006E-03,-621.466772081E-03,-191.497802738E-03
+2.720000E-06,+5.138583465569E+00,-365.499433398E-03,-734.532099590E-03,-368.927001941E-03
+2.722500E-06,+5.071058339408E+00,-487.986871535E-03,-671.718028755E-03,-183.654785160E-03
+2.725000E-06,+5.238300803023E+00,-470.713002056E-03,-590.059736662E-03,-119.293212895E-03
+2.727500E-06,+5.066739872038E+00,-468.357474403E-03,-648.555340136E-03,-180.145263673E-03
+2.730000E-06,+5.148005576191E+00,-372.566016367E-03,-630.888882701E-03,-258.270263663E-03
+2.732500E-06,+5.014133087709E+00,-546.875062957E-03,-599.874435228E-03,-52.917480466E-03
+2.735000E-06,+5.082835977696E+00,-543.734359408E-03,-562.578580662E-03,-18.768310548E-03
+2.737500E-06,+4.994111102626E+00,-365.892021333E-03,-555.904585635E-03,-189.941406251E-03
+2.740000E-06,+4.955637484238E+00,-484.060992106E-03,-603.407726711E-03,-119.293212894E-03
+2.742500E-06,+5.036118012498E+00,-458.935363774E-03,-568.859987745E-03,-109.832763667E-03
+2.745000E-06,+4.996466630291E+00,-359.218026308E-03,-540.593655867E-03,-181.304931641E-03
+2.747500E-06,+4.996466630289E+00,-382.773302871E-03,-554.334233865E-03,-171.478271488E-03
+2.750000E-06,+5.042006831642E+00,-392.980589390E-03,-540.593655866E-03,-147.552490229E-03
+2.752500E-06,+5.192760601673E+00,-433.809735432E-03,-547.660238838E-03,-113.769531252E-03
+2.755000E-06,+5.138583465567E+00,-378.062247560E-03,-526.460489928E-03,-148.345947266E-03
+2.757500E-06,+5.070273163519E+00,-418.498805668E-03,-484.060992104E-03,-65.521240228E-03
+2.760000E-06,+5.118954068429E+00,-347.440388029E-03,-425.957976579E-03,-78.460693355E-03
+2.762500E-06,+5.050251178444E+00,-343.514508597E-03,-520.571670786E-03,-176.971435547E-03
+2.765000E-06,+4.970555826063E+00,-357.647674541E-03,-509.186620443E-03,-151.458740227E-03
+2.767500E-06,+5.164494269786E+00,-373.351192249E-03,-365.106845450E-03,+8.270263673E-03
+2.770000E-06,+5.007459092678E+00,-447.157725489E-03,-392.980589388E-03,+54.168701171E-03
+2.772500E-06,+5.019236730963E+00,-393.765765277E-03,-367.069785165E-03,+26.733398441E-03
+2.775000E-06,+4.921089745273E+00,-345.084860370E-03,-354.506970994E-03,-9.368896482E-03
+2.777500E-06,+5.071450927358E+00,-381.988126990E-03,-327.025814992E-03,+54.992675792E-03
+2.780000E-06,+4.952496780694E+00,-465.216770851E-03,-343.514508601E-03,+121.673583976E-03
+2.782500E-06,+5.134264998197E+00,-471.498177936E-03,-332.129458258E-03,+139.343261714E-03
+2.785000E-06,+4.851209091464E+00,-520.179082837E-03,-263.426568275E-03,+256.744384756E-03
+2.787500E-06,+5.034547660728E+00,-399.654584409E-03,-403.187875904E-03,-3.509521494E-03
+2.790000E-06,+5.061636228782E+00,-342.729332714E-03,-254.789633529E-03,+87.921142583E-03
+2.792500E-06,+5.005888740911E+00,-364.714257505E-03,-347.440388028E-03,+17.303466792E-03
+2.795000E-06,+4.889682709854E+00,-330.166518543E-03,-377.277071676E-03,-47.027587891E-03
+2.797500E-06,+5.023555198334E+00,-371.388252541E-03,-301.115010780E-03,+70.281982427E-03
+2.800000E-06,+5.162923918016E+00,-396.121292928E-03,-340.373805050E-03,+55.755615239E-03
+2.802500E-06,+5.062813992608E+00,-289.337372492E-03,-363.536493680E-03,-74.127197270E-03
+2.805000E-06,+4.961133715433E+00,-466.787122627E-03,-313.677824947E-03,+153.106689453E-03
+2.807500E-06,+4.973303941665E+00,-402.402700013E-03,-395.728704982E-03,+6.713867191E-03
+2.810000E-06,+5.042006831640E+00,-340.373805059E-03,-424.387624807E-03,-83.953857417E-03
+2.812500E-06,+5.061636228781E+00,-494.660866565E-03,-367.854961051E-03,+126.800537108E-03
+2.815000E-06,+5.034940248674E+00,-457.365011994E-03,-534.312248776E-03,-76.873779296E-03
+2.817500E-06,+5.138583465565E+00,-407.506343272E-03,-325.455463229E-03,+82.061767583E-03
+2.820000E-06,+5.007459092683E+00,-490.342399191E-03,-392.195413505E-03,+98.114013665E-03
+2.822500E-06,+5.065562108206E+00,-387.091770241E-03,-421.639509207E-03,-34.515380862E-03
+2.825000E-06,+5.111102309580E+00,-386.699182299E-03,-407.898931213E-03,-21.148681645E-03
+2.827500E-06,+5.071843515299E+00,-417.713629777E-03,-522.927198444E-03,-105.163574223E-03
+2.830000E-06,+4.965059594867E+00,-419.676569498E-03,-459.720539654E-03,-40.008544916E-03
+2.832500E-06,+5.183338491047E+00,-354.114383051E-03,-483.275816219E-03,-129.089355465E-03
+2.835000E-06,+4.974481705493E+00,-378.062247565E-03,-539.023304096E-03,-160.858154292E-03
+2.837500E-06,+5.031406957185E+00,-385.521418472E-03,-513.112499875E-03,-127.532958988E-03
+2.840000E-06,+5.056139997585E+00,-397.691644700E-03,-433.024559552E-03,-35.247802738E-03
+2.842500E-06,+4.941504318305E+00,-437.343026915E-03,-599.874435223E-03,-162.445068361E-03
+2.845000E-06,+4.959563363661E+00,-491.127575083E-03,-492.697926852E-03,-1.495361326E-03
+2.847500E-06,+5.074984218837E+00,-436.557851040E-03,-558.260113290E-03,-121.643066398E-03
+2.850000E-06,+5.012170147999E+00,-440.876318402E-03,-539.023304096E-03,-98.052978517E-03
+2.852500E-06,+5.073806455010E+00,-467.572298512E-03,-568.074811864E-03,-100.433349613E-03
+2.855000E-06,+5.129161354938E+00,-413.395162409E-03,-555.511997696E-03,-142.059326176E-03
+2.857500E-06,+5.022770022443E+00,-442.839258117E-03,-536.667776439E-03,-93.750000000E-03
+2.860000E-06,+5.035725424560E+00,-539.808479982E-03,-608.118782023E-03,-68.267822265E-03
+2.862500E-06,+5.090687736552E+00,-429.883856009E-03,-559.437877121E-03,-129.455566405E-03
+2.865000E-06,+5.085976681236E+00,-488.772047412E-03,-583.778329573E-03,-94.940185557E-03
+2.867500E-06,+5.041221655760E+00,-431.061619832E-03,-606.941018196E-03,-175.811767582E-03
+2.870000E-06,+5.144079696760E+00,-290.907724273E-03,-573.571043060E-03,-282.562255852E-03
+2.872500E-06,+5.125235475513E+00,-374.528956075E-03,-617.148304702E-03,-242.553710933E-03
+2.875000E-06,+4.937578438875E+00,-393.765765270E-03,-727.465516624E-03,-333.587646484E-03
+2.877500E-06,+5.128376179050E+00,-451.868780807E-03,-544.912123237E-03,-92.956542963E-03
+2.880000E-06,+5.059280701133E+00,-344.299684492E-03,-593.200440201E-03,-248.809814446E-03
+2.882500E-06,+5.010599796227E+00,-399.654584417E-03,-656.407098983E-03,-256.683349604E-03
+2.885000E-06,+4.974481705491E+00,-541.378831750E-03,-541.378831756E-03,+30.517572E-06
+2.887500E-06,+5.033369896900E+00,-427.528328356E-03,-572.393279231E-03,-144.805908197E-03
+2.890000E-06,+5.140153817332E+00,-480.135112679E-03,-541.378831753E-03,-61.187744142E-03
+2.892500E-06,+5.016488615366E+00,-423.995036868E-03,-580.245038090E-03,-156.158447265E-03
+2.895000E-06,+5.205323415833E+00,-497.408982155E-03,-548.445414722E-03,-50.994873054E-03
+2.897500E-06,+5.135050174083E+00,-495.446042450E-03,-557.474937405E-03,-61.981201169E-03
+2.900000E-06,+5.024732962168E+00,-467.572298509E-03,-593.985616082E-03,-126.312255860E-03
+2.902500E-06,+5.162531330074E+00,-402.795287958E-03,-529.208605526E-03,-126.342773434E-03
+2.905000E-06,+5.188049546356E+00,-410.254458863E-03,-541.378831753E-03,-131.072998051E-03
+2.907500E-06,+5.068702811751E+00,-431.061619828E-03,-530.778957299E-03,-99.639892586E-03
+2.910000E-06,+5.036510600445E+00,-400.047172357E-03,-527.245665813E-03,-127.105712889E-03
+2.912500E-06,+5.073021279125E+00,-390.625061724E-03,-485.631343884E-03,-94.940185557E-03
+2.915000E-06,+5.138583465567E+00,-330.951694425E-03,-438.520790751E-03,-107.513427742E-03
+2.917500E-06,+5.072236103234E+00,-418.106217727E-03,-378.847423446E-03,+39.276123051E-03
+2.920000E-06,+5.211604822918E+00,-297.189131353E-03,-407.113755331E-03,-109.832763674E-03
+2.922500E-06,+5.072236103234E+00,-390.232473791E-03,-445.194785769E-03,-54.931640615E-03
+2.925000E-06,+4.980763112577E+00,-466.787122629E-03,-488.772047421E-03,-21.942138669E-03
+2.927500E-06,+5.020807082741E+00,-369.032724882E-03,-374.921544019E-03,-5.859374995E-03
+2.930000E-06,+5.141724169105E+00,-296.403955468E-03,-359.218026303E-03,-62.774658195E-03
+2.932500E-06,+5.072628691181E+00,-442.054082232E-03,-422.817273043E-03,+19.256591791E-03
+2.935000E-06,+5.126805827281E+00,-402.402700010E-03,-243.011995252E-03,+159.393310541E-03
+2.937500E-06,+5.113457837231E+00,-450.691016974E-03,-434.202323378E-03,+16.479492187E-03
+2.940000E-06,+5.112672661346E+00,-520.964258721E-03,-494.268278618E-03,+26.702880855E-03
+2.942500E-06,+5.032977308969E+00,-392.195413500E-03,-350.973679509E-03,+41.229248047E-03
+2.945000E-06,+5.003533213250E+00,-360.788378071E-03,-342.729332711E-03,+18.035888664E-03
+2.947500E-06,+5.028266253643E+00,-426.743152457E-03,-405.935991498E-03,+20.812988274E-03
+2.950000E-06,+5.115813364884E+00,-394.550941162E-03,-346.655212139E-03,+47.882080083E-03
+2.952500E-06,+5.105998666311E+00,-408.684107096E-03,-343.514508597E-03,+65.155029297E-03
+2.955000E-06,+5.094613615972E+00,-496.623806275E-03,-438.520790744E-03,+58.074951173E-03
+2.957500E-06,+5.097361731574E+00,-417.713629782E-03,-366.284609279E-03,+51.452636719E-03
+2.960000E-06,+5.254789496619E+00,-347.440388027E-03,-385.914006417E-03,-38.421630859E-03
+2.962500E-06,+5.033369896910E+00,-361.573553970E-03,-512.719911931E-03,-151.092529291E-03
+2.965000E-06,+5.070273163524E+00,-473.068529713E-03,-405.543403554E-03,+67.535400393E-03
+2.967500E-06,+5.113850425173E+00,-402.010112074E-03,-436.950438976E-03,-34.912109370E-03
+2.970000E-06,+5.082835977695E+00,-354.506970998E-03,-517.038379295E-03,-162.445068350E-03
+2.972500E-06,+5.057710349352E+00,-516.645791362E-03,-353.721795109E-03,+162.902832035E-03
+2.975000E-06,+5.224167637088E+00,-480.920288559E-03,-540.593655864E-03,-59.600830082E-03
+2.977500E-06,+5.132302058482E+00,-353.329207167E-03,-471.890765883E-03,-118.499755859E-03
+2.980000E-06,+4.966629946638E+00,-460.505715537E-03,-429.883856011E-03,+30.609130850E-03
+2.982500E-06,+5.085976681234E+00,-358.040262476E-03,-535.097424669E-03,-177.001953129E-03
+2.985000E-06,+5.144079696762E+00,-432.239383656E-03,-448.728077262E-03,-16.448974618E-03
+2.987500E-06,+5.004318389146E+00,-427.920916285E-03,-484.453580056E-03,-56.488037121E-03
+2.990000E-06,+5.043577183415E+00,-506.045916902E-03,-535.882600547E-03,-29.754638666E-03
+2.992500E-06,+4.926193388538E+00,-377.277071669E-03,-462.468655262E-03,-85.144042981E-03
+2.995000E-06,+5.058495525240E+00,-451.868780801E-03,-539.023304096E-03,-87.066650390E-03
+2.997500E-06,+4.944645021833E+00,-455.794660234E-03,-473.853705595E-03,-18.035888665E-03
+3.000000E-06,+5.111887485458E+00,-345.084860374E-03,-590.059736654E-03,-244.903564445E-03
+3.002500E-06,+5.049858590498E+00,-410.254458871E-03,-531.171545241E-03,-120.849609372E-03
+3.005000E-06,+4.996466630288E+00,-414.180338298E-03,-476.994409143E-03,-62.774658205E-03
+3.007500E-06,+5.114635601059E+00,-321.529583800E-03,-539.023304096E-03,-217.437744143E-03
+3.010000E-06,+5.145650048528E+00,-345.870036254E-03,-527.245665813E-03,-181.304931640E-03
+3.012500E-06,+5.062028816734E+00,-476.209233245E-03,-526.460489931E-03,-50.231933605E-03
+3.015000E-06,+5.137798289678E+00,-392.980589385E-03,-547.660238837E-03,-154.632568361E-03
+3.017500E-06,+5.042792007535E+00,-464.039007029E-03,-536.667776440E-03,-72.540283202E-03
+3.020000E-06,+5.005888740909E+00,-427.528328348E-03,-637.170289789E-03,-209.564208986E-03
+3.022500E-06,+4.985474167885E+00,-537.452952323E-03,-625.392651503E-03,-87.890625000E-03
+3.025000E-06,+5.140938993223E+00,-464.431594965E-03,-539.808479982E-03,-75.286865239E-03
+3.027500E-06,+4.984688992007E+00,-422.817273034E-03,-656.014511046E-03,-233.123779304E-03
+3.030000E-06,+4.972911353715E+00,-386.699182304E-03,-545.304711180E-03,-158.538818357E-03
+3.032500E-06,+4.926978564420E+00,-381.595539039E-03,-527.245665814E-03,-145.599365242E-03
+3.035000E-06,+4.891253061622E+00,-415.750690068E-03,-641.881345098E-03,-226.043701166E-03
+3.037500E-06,+4.937185850928E+00,-363.143905736E-03,-477.386997076E-03,-114.166259760E-03
+3.040000E-06,+5.088332208889E+00,-297.189131354E-03,-602.622550819E-03,-305.328369131E-03
+3.042500E-06,+5.066347284100E+00,-388.269534069E-03,-538.238128211E-03,-149.902343754E-03
+3.045000E-06,+5.012170147992E+00,-364.714257516E-03,-389.054709964E-03,-24.261474606E-03
+3.047500E-06,+5.031799545135E+00,-351.366267452E-03,-489.164635368E-03,-137.725830083E-03
+3.050000E-06,+5.013740499770E+00,-345.084860369E-03,-552.371294147E-03,-207.183837887E-03
+3.052500E-06,+4.978800172861E+00,-460.113127600E-03,-486.416519769E-03,-26.275634769E-03
+3.055000E-06,+5.122094771970E+00,-506.045916900E-03,-539.808479977E-03,-33.721923827E-03
+3.057500E-06,+5.046717886963E+00,-403.580463836E-03,-389.839885841E-03,+13.763427732E-03
+3.060000E-06,+5.010599796222E+00,-464.431594965E-03,-425.172800697E-03,+39.276123038E-03
+3.062500E-06,+5.101680198944E+00,-312.107473173E-03,-512.719911929E-03,-200.531005860E-03
+3.065000E-06,+5.155857335051E+00,-360.003202189E-03,-345.870036254E-03,+14.129638667E-03
+3.067500E-06,+5.023555198333E+00,-385.128830527E-03,-470.320414108E-03,-85.113525390E-03
+3.070000E-06,+5.240656330685E+00,-320.744407921E-03,-350.581091567E-03,-29.754638668E-03
+3.072500E-06,+5.067917635873E+00,-304.255714317E-03,-412.609986526E-03,-108.276367192E-03
+3.075000E-06,+4.918734217623E+00,-389.839885842E-03,-539.808479976E-03,-149.871826168E-03
+3.077500E-06,+5.030621781299E+00,-369.032724884E-03,-336.840513572E-03,+32.196044926E-03
+3.080000E-06,+5.104035726603E+00,-359.218026309E-03,-447.157725490E-03,-87.860107422E-03
+3.082500E-06,+5.049073414620E+00,-349.403327739E-03,-497.801570103E-03,-148.315429685E-03
+3.085000E-06,+4.994111102627E+00,-471.498177939E-03,-390.625061734E-03,+80.841064448E-03
+3.087500E-06,+5.027481077761E+00,-332.522046201E-03,-365.499433394E-03,-32.928466797E-03
+3.090000E-06,+5.074199042948E+00,-345.870036256E-03,-440.876318396E-03,-94.940185537E-03
+3.092500E-06,+5.003925801195E+00,-502.120037473E-03,-402.402700013E-03,+99.700927731E-03
+3.095000E-06,+5.107961606029E+00,-380.417775217E-03,-373.351192250E-03,+7.049560543E-03
+3.097500E-06,+5.031406957193E+00,-381.595539052E-03,-464.431594965E-03,-82.794189441E-03
+3.100000E-06,+5.008244268571E+00,-467.572298507E-03,-365.499433399E-03,+102.081298816E-03
+3.102500E-06,+5.081658213866E+00,-364.714257508E-03,-436.950438978E-03,-72.174072266E-03
+3.105000E-06,+5.057710349357E+00,-502.905213355E-03,-315.248176719E-03,+187.652587883E-03
+3.107500E-06,+4.977229821085E+00,-414.180338292E-03,-460.505715548E-03,-46.295166025E-03
+3.110000E-06,+5.020021906845E+00,-392.980589384E-03,-433.809735430E-03,-40.740966795E-03
+3.112500E-06,+5.077732334443E+00,-403.187875893E-03,-379.632599333E-03,+23.590087885E-03
+3.115000E-06,+5.147220400302E+00,-389.054709957E-03,-419.676569495E-03,-30.548095706E-03
+3.117500E-06,+5.027873665702E+00,-429.098680124E-03,-334.877573856E-03,+94.207763675E-03
+3.120000E-06,+5.159783214473E+00,-218.671542803E-03,-390.625061729E-03,-171.905517571E-03
+3.122500E-06,+4.950926428922E+00,-293.263251919E-03,-406.328579433E-03,-113.006591793E-03
+3.125000E-06,+4.875549543910E+00,-462.861243200E-03,-351.366267458E-03,+111.480712886E-03
+3.127500E-06,+5.068310223806E+00,-286.981844835E-03,-424.387624813E-03,-137.329101571E-03
+3.130000E-06,+5.052214118154E+00,-348.225563910E-03,-518.608731062E-03,-170.318603505E-03
+3.132500E-06,+5.018058967132E+00,-468.357474397E-03,-407.898931209E-03,+60.455322268E-03
+3.135000E-06,+4.985474167889E+00,-383.558478756E-03,-438.520790744E-03,-54.901123047E-03
+3.137500E-06,+4.975266881374E+00,-344.299684486E-03,-371.780840469E-03,-27.465820301E-03
+3.140000E-06,+4.900675172256E+00,-558.652701224E-03,-381.988126994E-03,+176.666259750E-03
+3.142500E-06,+5.023947786274E+00,-397.691644699E-03,-433.809735427E-03,-36.102294916E-03
+3.145000E-06,+4.877119895685E+00,-352.936619221E-03,-480.135112676E-03,-127.105712888E-03
+3.147500E-06,+4.956815248069E+00,-430.669031889E-03,-477.779585021E-03,-47.058105468E-03
+3.150000E-06,+5.067132459983E+00,-279.915261875E-03,-459.720539658E-03,-179.718017573E-03
+3.152500E-06,+5.078517510319E+00,-352.936619223E-03,-407.898931211E-03,-54.901123047E-03
+3.155000E-06,+5.001962861483E+00,-390.625061723E-03,-539.808479979E-03,-149.139404301E-03
+3.157500E-06,+4.974481705490E+00,-394.550941159E-03,-448.335489309E-03,-53.771972647E-03
+3.160000E-06,+4.969770650178E+00,-293.263251926E-03,-539.808479980E-03,-246.490478509E-03
+3.162500E-06,+5.014918263594E+00,-361.180966023E-03,-482.883228276E-03,-121.643066401E-03
+3.165000E-06,+5.066347284094E+00,-363.929081625E-03,-391.410237621E-03,-27.435302736E-03
+3.167500E-06,+4.959955951610E+00,-307.003829922E-03,-488.772047417E-03,-181.701660149E-03
+3.170000E-06,+4.994896278511E+00,-352.151443339E-03,-511.542148102E-03,-159.332275389E-03
+3.172500E-06,+4.982333464342E+00,-451.476192859E-03,-457.365011996E-03,-5.859374995E-03
+3.175000E-06,+5.053784469926E+00,-340.373805057E-03,-551.586118263E-03,-211.151123043E-03
+3.177500E-06,+4.953674544517E+00,-370.210488706E-03,-549.623178550E-03,-179.321289061E-03
+3.180000E-06,+4.889682709855E+00,-528.030841692E-03,-539.808479982E-03,-11.688232428E-03
+3.182500E-06,+5.016881203309E+00,-361.966141909E-03,-526.067901984E-03,-164.031982419E-03
+3.185000E-06,+5.022377434508E+00,-375.706719901E-03,-495.838630392E-03,-120.086669926E-03
+3.187500E-06,+4.909312106985E+00,-472.675941769E-03,-539.415892039E-03,-66.680908203E-03
+3.190000E-06,+4.956422660121E+00,-308.181593754E-03,-435.380087204E-03,-127.105712883E-03
+3.192500E-06,+4.887719770139E+00,-353.721795104E-03,-411.039634751E-03,-57.250976565E-03
+3.195000E-06,+4.987829695542E+00,-392.980589386E-03,-539.023304096E-03,-145.965576171E-03
+3.197500E-06,+5.013347911827E+00,-370.603076655E-03,-433.417147491E-03,-62.774658196E-03
+3.200000E-06,+5.024732962160E+00,-268.137623591E-03,-406.328579443E-03,-138.092041013E-03
+3.202500E-06,+4.986651931714E+00,-393.373177325E-03,-478.957348848E-03,-85.540771484E-03
+3.205000E-06,+5.001962861476E+00,-371.780840482E-03,-506.045916904E-03,-134.185791010E-03
+3.207500E-06,+5.028266253648E+00,-361.573553970E-03,-460.505715549E-03,-98.876953126E-03
+3.210000E-06,+4.965844770755E+00,-369.425312819E-03,-374.921544020E-03,-5.462646486E-03
+3.212500E-06,+5.021984846566E+00,-435.380087203E-03,-449.513253150E-03,-14.099121101E-03
+3.215000E-06,+5.060851052900E+00,-392.980589386E-03,-438.520790751E-03,-45.501708988E-03
+3.217500E-06,+5.035725424564E+00,-343.907096541E-03,-453.439132569E-03,-109.466552730E-03
+3.220000E-06,+4.850423915575E+00,-458.150187881E-03,-491.127575080E-03,-32.928466803E-03
+3.222500E-06,+4.959955951607E+00,-315.640764654E-03,-479.349936790E-03,-163.635253908E-03
+3.225000E-06,+4.958778187783E+00,-460.505715536E-03,-466.001946743E-03,-5.462646492E-03
+3.227500E-06,+4.911667634652E+00,-370.210488706E-03,-476.209233251E-03,-105.957031248E-03
+3.230000E-06,+5.038080952211E+00,-316.818528491E-03,-448.728077257E-03,-131.866455074E-03
+3.232500E-06,+5.027088489817E+00,-366.284609272E-03,-402.795287957E-03,-36.468505867E-03
+3.235000E-06,+4.802528186566E+00,-378.062247559E-03,-401.617524132E-03,-23.468017585E-03
+3.237500E-06,+5.058888113185E+00,-348.225563918E-03,-373.743780192E-03,-25.482177728E-03
+3.240000E-06,+5.088332208886E+00,-49.858727415E-03,-352.936619226E-03,-303.009033195E-03
+3.242500E-06,+4.840609217004E+00,+634.029468880E-03,-3.533350163E-03,-637.451171860E-03
+3.245000E-06,+5.010599796220E+00,+2.041064655760E+00,+732.961630458E-03,-1.307952880853E+00
+3.247500E-06,+4.897141880763E+00,+5.065169578888E+00,+1.891488649573E+00,-1.984344482422E+00
