x-axis,1,2,4,F1
second,Volt,Volt,Volt,Volt
-250.00E-09,+4.74874363840E+00,-592.96475351E-03,-512.56274432E-03,+80.26123047E-03
-249.00E-09,+4.94974866509E+00,-673.36676270E-03,-512.56274432E-03,+160.21728516E-03
-248.00E-09,+4.94974866509E+00,-512.56274432E-03,-512.56274432E-03,+305.17578E-06
-247.00E-09,+4.94974866509E+00,-592.96475351E-03,-512.56274432E-03,+80.26123047E-03
-246.00E-09,+5.15075369179E+00,-592.96475351E-03,-512.56274432E-03,+80.26123047E-03
-245.00E-09,+4.94974866509E+00,-592.96475351E-03,-432.16073513E-03,+160.21728516E-03
-244.00E-09,+4.94974866509E+00,-592.96475351E-03,-592.96475351E-03,+305.17578E-06
-243.00E-09,+4.74874363840E+00,-592.96475351E-03,-512.56274432E-03,+80.26123047E-03
-242.00E-09,+4.74874363840E+00,-673.36676270E-03,-432.16073513E-03,+240.17333984E-03
-241.00E-09,+4.94974866509E+00,-592.96475351E-03,-512.56274432E-03,+80.26123047E-03
-240.00E-09,+5.15075369179E+00,-512.56274432E-03,-512.56274432E-03,+305.17578E-06
-239.00E-09,+4.94974866509E+00,-592.96475351E-03,-512.56274432E-03,+80.26123047E-03
-238.00E-09,+4.94974866509E+00,-592.96475351E-03,-512.56274432E-03,+80.26123047E-03
-237.00E-09,+4.94974866509E+00,-592.96475351E-03,-512.56274432E-03,+80.26123047E-03
-236.00E-09,+4.94974866509E+00,-592.96475351E-03,-592.96475351E-03,+305.17578E-06
-235.00E-09,+4.74874363840E+00,-592.96475351E-03,-673.36676270E-03,-79.65087891E-03
-234.00E-09,+4.74874363840E+00,-673.36676270E-03,-592.96475351E-03,+80.26123047E-03
-233.00E-09,+4.74874363840E+00,-592.96475351E-03,-592.96475351E-03,+305.17578E-06
-232.00E-09,+4.74874363840E+00,-512.56274432E-03,-592.96475351E-03,-79.65087891E-03
-231.00E-09,+4.94974866509E+00,-592.96475351E-03,-592.96475351E-03,+305.17578E-06
-230.00E-09,+4.94974866509E+00,-592.96475351E-03,-592.96475351E-03,+305.17578E-06
-229.00E-09,+4.94974866509E+00,-592.96475351E-03,-512.56274432E-03,+80.26123047E-03
-228.00E-09,+4.94974866509E+00,-592.96475351E-03,-673.36676270E-03,-79.65087891E-03
-227.00E-09,+4.94974866509E+00,-592.96475351E-03,-592.96475351E-03,+305.17578E-06
-226.00E-09,+4.94974866509E+00,-673.36676270E-03,-592.96475351E-03,+80.26123047E-03
-225.00E-09,+4.94974866509E+00,-592.96475351E-03,-673.36676270E-03,-79.65087891E-03
-224.00E-09,+4.94974866509E+00,-592.96475351E-03,-592.96475351E-03,+305.17578E-06
-223.00E-09,+4.94974866509E+00,-592.96475351E-03,-592.96475351E-03,+305.17578E-06
-222.00E-09,+5.15075369179E+00,-512.56274432E-03,-673.36676270E-03,-159.60693359E-03
-221.00E-09,+4.74874363840E+00,-592.96475351E-03,-592.96475351E-03,+305.17578E-06
-220.00E-09,+4.74874363840E+00,-592.96475351E-03,-673.36676270E-03,-79.65087891E-03
-219.00E-09,+4.94974866509E+00,-592.96475351E-03,-673.36676270E-03,-79.65087891E-03
-218.00E-09,+4.74874363840E+00,-673.36676270E-03,-592.96475351E-03,+80.26123047E-03
-217.00E-09,+4.94974866509E+00,-673.36676270E-03,-592.96475351E-03,+80.26123047E-03
-216.00E-09,+4.74874363840E+00,-592.96475351E-03,-592.96475351E-03,+305.17578E-06
-215.00E-09,+4.94974866509E+00,-592.96475351E-03,-592.96475351E-03,+305.17578E-06
-214.00E-09,+4.94974866509E+00,-592.96475351E-03,-592.96475351E-03,+305.17578E-06
-213.00E-09,+4.94974866509E+00,-592.96475351E-03,-512.56274432E-03,+80.26123047E-03
-212.00E-09,+4.74874363840E+00,-592.96475351E-03,-673.36676270E-03,-79.65087891E-03
-211.00E-09,+4.94974866509E+00,-592.96475351E-03,-592.96475351E-03,+305.17578E-06
-210.00E-09,+4.74874363840E+00,-673.36676270E-03,-592.96475351E-03,+80.26123047E-03
-209.00E-09,+4.94974866509E+00,-673.36676270E-03,-592.96475351E-03,+80.26123047E-03
-208.00E-09,+4.94974866509E+00,-592.96475351E-03,-673.36676270E-03,-79.65087891E-03
-207.00E-09,+5.15075369179E+00,-592.96475351E-03,-592.96475351E-03,+305.17578E-06
-206.00E-09,+5.15075369179E+00,-592.96475351E-03,-592.96475351E-03,+305.17578E-06
-205.00E-09,+5.15075369179E+00,-673.36676270E-03,-673.36676270E-03,+305.17578E-06
-204.00E-09,+4.94974866509E+00,-592.96475351E-03,-673.36676270E-03,-79.65087891E-03
-203.00E-09,+4.94974866509E+00,-592.96475351E-03,-673.36676270E-03,-79.65087891E-03
-202.00E-09,+4.94974866509E+00,-753.76877189E-03,-673.36676270E-03,+80.26123047E-03
-201.00E-09,+4.94974866509E+00,-673.36676270E-03,-673.36676270E-03,+305.17578E-06
-200.00E-09,+4.94974866509E+00,-592.96475351E-03,-673.36676270E-03,-79.65087891E-03
-199.00E-09,+4.94974866509E+00,-592.96475351E-03,-753.76877189E-03,-159.60693359E-03
-198.00E-09,+4.74874363840E+00,-592.96475351E-03,-753.76877189E-03,-159.60693359E-03
-197.00E-09,+4.74874363840E+00,-592.96475351E-03,-753.76877189E-03,-159.60693359E-03
-196.00E-09,+4.74874363840E+00,-592.96475351E-03,-834.17078108E-03,-239.56298828E-03
-195.00E-09,+4.74874363840E+00,-592.96475351E-03,-834.17078108E-03,-239.56298828E-03
-194.00E-09,+4.74874363840E+00,-673.36676270E-03,-673.36676270E-03,+305.17578E-06
-193.00E-09,+4.94974866509E+00,-673.36676270E-03,-753.76877189E-03,-79.65087891E-03
-192.00E-09,+4.94974866509E+00,-673.36676270E-03,-753.76877189E-03,-79.65087891E-03
-191.00E-09,+4.94974866509E+00,-673.36676270E-03,-753.76877189E-03,-79.65087891E-03
-190.00E-09,+4.94974866509E+00,-673.36676270E-03,-753.76877189E-03,-79.65087891E-03
-189.00E-09,+4.94974866509E+00,-592.96475351E-03,-753.76877189E-03,-159.60693359E-03
-188.00E-09,+4.74874363840E+00,-673.36676270E-03,-834.17078108E-03,-159.60693359E-03
-187.00E-09,+4.74874363840E+00,-592.96475351E-03,-753.76877189E-03,-159.60693359E-03
-186.00E-09,+4.74874363840E+00,-673.36676270E-03,-753.76877189E-03,-79.65087891E-03
-185.00E-09,+4.74874363840E+00,-673.36676270E-03,-834.17078108E-03,-159.60693359E-03
-184.00E-09,+4.54773861170E+00,-673.36676270E-03,-753.76877189E-03,-79.65087891E-03
-183.00E-09,+4.74874363840E+00,-592.96475351E-03,-753.76877189E-03,-159.60693359E-03
-182.00E-09,+4.94974866509E+00,-592.96475351E-03,-753.76877189E-03,-159.60693359E-03
-181.00E-09,+4.74874363840E+00,-673.36676270E-03,-673.36676270E-03,+305.17578E-06
-180.00E-09,+4.54773861170E+00,-592.96475351E-03,-753.76877189E-03,-159.60693359E-03
-179.00E-09,+4.54773861170E+00,-592.96475351E-03,-673.36676270E-03,-79.65087891E-03
-178.00E-09,+4.74874363840E+00,-673.36676270E-03,-753.76877189E-03,-79.65087891E-03
-177.00E-09,+4.74874363840E+00,-673.36676270E-03,-753.76877189E-03,-79.65087891E-03
-176.00E-09,+4.94974866509E+00,-512.56274432E-03,-753.76877189E-03,-239.56298828E-03
-175.00E-09,+4.94974866509E+00,-592.96475351E-03,-753.76877189E-03,-159.60693359E-03
-174.00E-09,+4.94974866509E+00,-592.96475351E-03,-673.36676270E-03,-79.65087891E-03
-173.00E-09,+4.94974866509E+00,-592.96475351E-03,-673.36676270E-03,-79.65087891E-03
-172.00E-09,+4.94974866509E+00,-673.36676270E-03,-753.76877189E-03,-79.65087891E-03
-171.00E-09,+4.94974866509E+00,-512.56274432E-03,-673.36676270E-03,-159.60693359E-03
-170.00E-09,+4.94974866509E+00,-673.36676270E-03,-673.36676270E-03,+305.17578E-06
-169.00E-09,+5.15075369179E+00,-673.36676270E-03,-753.76877189E-03,-79.65087891E-03
-168.00E-09,+4.94974866509E+00,-592.96475351E-03,-673.36676270E-03,-79.65087891E-03
-167.00E-09,+4.94974866509E+00,-592.96475351E-03,-753.76877189E-03,-159.60693359E-03
-166.00E-09,+4.94974866509E+00,-592.96475351E-03,-753.76877189E-03,-159.60693359E-03
-165.00E-09,+4.94974866509E+00,-592.96475351E-03,-673.36676270E-03,-79.65087891E-03
-164.00E-09,+4.74874363840E+00,-592.96475351E-03,-753.76877189E-03,-159.60693359E-03
-163.00E-09,+4.94974866509E+00,-592.96475351E-03,-673.36676270E-03,-79.65087891E-03
-162.00E-09,+4.74874363840E+00,-673.36676270E-03,-753.76877189E-03,-79.65087891E-03
-161.00E-09,+4.74874363840E+00,-673.36676270E-03,-673.36676270E-03,+305.17578E-06
-160.00E-09,+4.74874363840E+00,-592.96475351E-03,-673.36676270E-03,-79.65087891E-03
-159.00E-09,+4.94974866509E+00,-592.96475351E-03,-753.76877189E-03,-159.60693359E-03
-158.00E-09,+4.74874363840E+00,-512.56274432E-03,-673.36676270E-03,-159.60693359E-03
-157.00E-09,+4.74874363840E+00,-592.96475351E-03,-673.36676270E-03,-79.65087891E-03
-156.00E-09,+4.94974866509E+00,-592.96475351E-03,-753.76877189E-03,-159.60693359E-03
-155.00E-09,+4.74874363840E+00,-673.36676270E-03,-753.76877189E-03,-79.65087891E-03
-154.00E-09,+4.74874363840E+00,-673.36676270E-03,-592.96475351E-03,+80.26123047E-03
-153.00E-09,+4.94974866509E+00,-673.36676270E-03,-673.36676270E-03,+305.17578E-06
-152.00E-09,+4.74874363840E+00,-592.96475351E-03,-673.36676270E-03,-79.65087891E-03
-151.00E-09,+5.15075369179E+00,-592.96475351E-03,-673.36676270E-03,-79.65087891E-03
-150.00E-09,+5.15075369179E+00,-592.96475351E-03,-673.36676270E-03,-79.65087891E-03
-149.00E-09,+5.15075369179E+00,-592.96475351E-03,-753.76877189E-03,-159.60693359E-03
-148.00E-09,+4.94974866509E+00,-592.96475351E-03,-753.76877189E-03,-159.60693359E-03
-147.00E-09,+4.74874363840E+00,-592.96475351E-03,-673.36676270E-03,-79.65087891E-03
-146.00E-09,+4.94974866509E+00,-753.76877189E-03,-592.96475351E-03,+160.21728516E-03
-145.00E-09,+4.94974866509E+00,-673.36676270E-03,-592.96475351E-03,+80.26123047E-03
-144.00E-09,+4.94974866509E+00,-592.96475351E-03,-592.96475351E-03,+305.17578E-06
-143.00E-09,+4.94974866509E+00,-592.96475351E-03,-592.96475351E-03,+305.17578E-06
-142.00E-09,+4.94974866509E+00,-592.96475351E-03,-673.36676270E-03,-79.65087891E-03
-141.00E-09,+4.74874363840E+00,-592.96475351E-03,-592.96475351E-03,+305.17578E-06
-140.00E-09,+4.94974866509E+00,-592.96475351E-03,-673.36676270E-03,-79.65087891E-03
-139.00E-09,+4.74874363840E+00,-592.96475351E-03,-592.96475351E-03,+305.17578E-06
-138.00E-09,+4.94974866509E+00,-673.36676270E-03,-592.96475351E-03,+80.26123047E-03
-137.00E-09,+4.94974866509E+00,-673.36676270E-03,-512.56274432E-03,+160.21728516E-03
-136.00E-09,+4.94974866509E+00,-592.96475351E-03,-592.96475351E-03,+305.17578E-06
-135.00E-09,+4.94974866509E+00,-592.96475351E-03,-592.96475351E-03,+305.17578E-06
-134.00E-09,+4.94974866509E+00,-512.56274432E-03,-512.56274432E-03,+305.17578E-06
-133.00E-09,+4.74874363840E+00,-592.96475351E-03,-512.56274432E-03,+80.26123047E-03
-132.00E-09,+4.94974866509E+00,-592.96475351E-03,-592.96475351E-03,+305.17578E-06
-131.00E-09,+4.94974866509E+00,-592.96475351E-03,-512.56274432E-03,+80.26123047E-03
-130.00E-09,+4.94974866509E+00,-673.36676270E-03,-512.56274432E-03,+160.21728516E-03
-129.00E-09,+4.74874363840E+00,-673.36676270E-03,-512.56274432E-03,+160.21728516E-03
-128.00E-09,+4.94974866509E+00,-592.96475351E-03,-512.56274432E-03,+80.26123047E-03
-127.00E-09,+4.74874363840E+00,-592.96475351E-03,-592.96475351E-03,+305.17578E-06
-126.00E-09,+4.94974866509E+00,-592.96475351E-03,-512.56274432E-03,+80.26123047E-03
-125.00E-09,+4.94974866509E+00,-592.96475351E-03,-512.56274432E-03,+80.26123047E-03
-124.00E-09,+4.94974866509E+00,-673.36676270E-03,-592.96475351E-03,+80.26123047E-03
-123.00E-09,+4.94974866509E+00,-592.96475351E-03,-512.56274432E-03,+80.26123047E-03
-122.00E-09,+4.94974866509E+00,-673.36676270E-03,-512.56274432E-03,+160.21728516E-03
-121.00E-09,+4.94974866509E+00,-753.76877189E-03,-512.56274432E-03,+240.17333984E-03
-120.00E-09,+4.94974866509E+00,-673.36676270E-03,-512.56274432E-03,+160.21728516E-03
-119.00E-09,+4.94974866509E+00,-673.36676270E-03,-512.56274432E-03,+160.21728516E-03
-118.00E-09,+4.74874363840E+00,-592.96475351E-03,-592.96475351E-03,+305.17578E-06
-117.00E-09,+4.94974866509E+00,-592.96475351E-03,-512.56274432E-03,+80.26123047E-03
-116.00E-09,+4.94974866509E+00,-592.96475351E-03,-673.36676270E-03,-79.65087891E-03
-115.00E-09,+4.74874363840E+00,-592.96475351E-03,-512.56274432E-03,+80.26123047E-03
-114.00E-09,+4.74874363840E+00,-673.36676270E-03,-512.56274432E-03,+160.21728516E-03
-113.00E-09,+4.94974866509E+00,-673.36676270E-03,-592.96475351E-03,+80.26123047E-03
-112.00E-09,+4.94974866509E+00,-512.56274432E-03,-512.56274432E-03,+305.17578E-06
-111.00E-09,+4.94974866509E+00,-592.96475351E-03,-592.96475351E-03,+305.17578E-06
-110.00E-09,+4.94974866509E+00,-512.56274432E-03,-512.56274432E-03,+305.17578E-06
-109.00E-09,+5.15075369179E+00,-592.96475351E-03,-512.56274432E-03,+80.26123047E-03
-108.00E-09,+4.94974866509E+00,-592.96475351E-03,-592.96475351E-03,+305.17578E-06
-107.00E-09,+4.94974866509E+00,-592.96475351E-03,-592.96475351E-03,+305.17578E-06
-106.00E-09,+4.74874363840E+00,-673.36676270E-03,-512.56274432E-03,+160.21728516E-03
-105.00E-09,+4.74874363840E+00,-673.36676270E-03,-432.16073513E-03,+240.17333984E-03
-104.00E-09,+4.74874363840E+00,-592.96475351E-03,-432.16073513E-03,+160.21728516E-03
-103.00E-09,+4.94974866509E+00,-592.96475351E-03,-592.96475351E-03,+305.17578E-06
-102.00E-09,+5.15075369179E+00,-512.56274432E-03,-512.56274432E-03,+305.17578E-06
-101.00E-09,+4.94974866509E+00,-592.96475351E-03,-432.16073513E-03,+160.21728516E-03
-100.00E-09,+4.94974866509E+00,-673.36676270E-03,-592.96475351E-03,+80.26123047E-03
-99.00E-09,+4.74874363840E+00,-592.96475351E-03,-512.56274432E-03,+80.26123047E-03
-98.00E-09,+4.74874363840E+00,-673.36676270E-03,-512.56274432E-03,+160.21728516E-03
-97.00E-09,+4.74874363840E+00,-673.36676270E-03,-432.16073513E-03,+240.17333984E-03
-96.00E-09,+4.74874363840E+00,-592.96475351E-03,-512.56274432E-03,+80.26123047E-03
-95.00E-09,+4.94974866509E+00,-592.96475351E-03,-592.96475351E-03,+305.17578E-06
-94.00E-09,+4.94974866509E+00,-673.36676270E-03,-512.56274432E-03,+160.21728516E-03
-93.00E-09,+5.15075369179E+00,-592.96475351E-03,-432.16073513E-03,+160.21728516E-03
-92.00E-09,+4.94974866509E+00,-592.96475351E-03,-512.56274432E-03,+80.26123047E-03
-91.00E-09,+4.94974866509E+00,-592.96475351E-03,-512.56274432E-03,+80.26123047E-03
-90.00E-09,+4.94974866509E+00,-592.96475351E-03,-592.96475351E-03,+305.17578E-06
-89.00E-09,+4.74874363840E+00,-592.96475351E-03,-512.56274432E-03,+80.26123047E-03
-88.00E-09,+4.74874363840E+00,-512.56274432E-03,-512.56274432E-03,+305.17578E-06
-87.00E-09,+4.94974866509E+00,-592.96475351E-03,-512.56274432E-03,+80.26123047E-03
-86.00E-09,+4.94974866509E+00,-592.96475351E-03,-512.56274432E-03,+80.26123047E-03
-85.00E-09,+4.74874363840E+00,-592.96475351E-03,-512.56274432E-03,+80.26123047E-03
-84.00E-09,+4.74874363840E+00,-592.96475351E-03,-592.96475351E-03,+305.17578E-06
-83.00E-09,+4.74874363840E+00,-592.96475351E-03,-512.56274432E-03,+80.26123047E-03
-82.00E-09,+4.74874363840E+00,-592.96475351E-03,-512.56274432E-03,+80.26123047E-03
-81.00E-09,+4.94974866509E+00,-673.36676270E-03,-512.56274432E-03,+160.21728516E-03
-80.00E-09,+4.94974866509E+00,-512.56274432E-03,-592.96475351E-03,-79.65087891E-03
-79.00E-09,+4.94974866509E+00,-592.96475351E-03,-592.96475351E-03,+305.17578E-06
-78.00E-09,+4.94974866509E+00,-592.96475351E-03,-592.96475351E-03,+305.17578E-06
-77.00E-09,+4.74874363840E+00,-512.56274432E-03,-512.56274432E-03,+305.17578E-06
-76.00E-09,+4.94974866509E+00,-592.96475351E-03,-592.96475351E-03,+305.17578E-06
-75.00E-09,+4.94974866509E+00,-673.36676270E-03,-512.56274432E-03,+160.21728516E-03
-74.00E-09,+4.94974866509E+00,-673.36676270E-03,-512.56274432E-03,+160.21728516E-03
-73.00E-09,+4.74874363840E+00,-673.36676270E-03,-592.96475351E-03,+80.26123047E-03
-72.00E-09,+4.74874363840E+00,-512.56274432E-03,-592.96475351E-03,-79.65087891E-03
-71.00E-09,+4.74874363840E+00,-592.96475351E-03,-673.36676270E-03,-79.65087891E-03
-70.00E-09,+4.94974866509E+00,-592.96475351E-03,-592.96475351E-03,+305.17578E-06
-69.00E-09,+4.74874363840E+00,-592.96475351E-03,-592.96475351E-03,+305.17578E-06
-68.00E-09,+4.94974866509E+00,-673.36676270E-03,-673.36676270E-03,+305.17578E-06
-67.00E-09,+4.74874363840E+00,-512.56274432E-03,-592.96475351E-03,-79.65087891E-03
-66.00E-09,+4.74874363840E+00,-592.96475351E-03,-592.96475351E-03,+305.17578E-06
-65.00E-09,+4.94974866509E+00,-673.36676270E-03,-592.96475351E-03,+80.26123047E-03
-64.00E-09,+4.74874363840E+00,-592.96475351E-03,-673.36676270E-03,-79.65087891E-03
-63.00E-09,+4.74874363840E+00,-592.96475351E-03,-753.76877189E-03,-159.60693359E-03
-62.00E-09,+4.94974866509E+00,-592.96475351E-03,-673.36676270E-03,-79.65087891E-03
-61.00E-09,+4.94974866509E+00,-592.96475351E-03,-673.36676270E-03,-79.65087891E-03
-60.00E-09,+4.94974866509E+00,-592.96475351E-03,-673.36676270E-03,-79.65087891E-03
-59.00E-09,+4.94974866509E+00,-592.96475351E-03,-673.36676270E-03,-79.65087891E-03
-58.00E-09,+4.94974866509E+00,-673.36676270E-03,-592.96475351E-03,+80.26123047E-03
-57.00E-09,+4.94974866509E+00,-673.36676270E-03,-592.96475351E-03,+80.26123047E-03
-56.00E-09,+4.94974866509E+00,-512.56274432E-03,-673.36676270E-03,-159.60693359E-03
-55.00E-09,+4.94974866509E+00,-592.96475351E-03,-592.96475351E-03,+305.17578E-06
-54.00E-09,+5.15075369179E+00,-512.56274432E-03,-673.36676270E-03,-159.60693359E-03
-53.00E-09,+4.94974866509E+00,-592.96475351E-03,-673.36676270E-03,-79.65087891E-03
-52.00E-09,+4.74874363840E+00,-673.36676270E-03,-753.76877189E-03,-79.65087891E-03
-51.00E-09,+4.94974866509E+00,-592.96475351E-03,-673.36676270E-03,-79.65087891E-03
-50.00E-09,+4.94974866509E+00,-673.36676270E-03,-592.96475351E-03,+80.26123047E-03
-49.00E-09,+4.94974866509E+00,-673.36676270E-03,-673.36676270E-03,+305.17578E-06
-48.00E-09,+5.15075369179E+00,-592.96475351E-03,-673.36676270E-03,-79.65087891E-03
-47.00E-09,+4.74874363840E+00,-592.96475351E-03,-753.76877189E-03,-159.60693359E-03
-46.00E-09,+5.15075369179E+00,-512.56274432E-03,-673.36676270E-03,-159.60693359E-03
-45.00E-09,+4.94974866509E+00,-592.96475351E-03,-673.36676270E-03,-79.65087891E-03
-44.00E-09,+4.94974866509E+00,-592.96475351E-03,-834.17078108E-03,-239.56298828E-03
-43.00E-09,+4.74874363840E+00,-592.96475351E-03,-834.17078108E-03,-239.56298828E-03
-42.00E-09,+4.74874363840E+00,-673.36676270E-03,-673.36676270E-03,+305.17578E-06
-41.00E-09,+4.74874363840E+00,-673.36676270E-03,-673.36676270E-03,+305.17578E-06
-40.00E-09,+4.94974866509E+00,-592.96475351E-03,-673.36676270E-03,-79.65087891E-03
-39.00E-09,+4.94974866509E+00,-592.96475351E-03,-753.76877189E-03,-159.60693359E-03
-38.00E-09,+4.74874363840E+00,-592.96475351E-03,-673.36676270E-03,-79.65087891E-03
-37.00E-09,+4.74874363840E+00,-592.96475351E-03,-592.96475351E-03,+305.17578E-06
-36.00E-09,+4.54773861170E+00,-592.96475351E-03,-753.76877189E-03,-159.60693359E-03
-35.00E-09,+4.74874363840E+00,-592.96475351E-03,-753.76877189E-03,-159.60693359E-03
-34.00E-09,+4.74874363840E+00,-673.36676270E-03,-673.36676270E-03,+305.17578E-06
-33.00E-09,+4.74874363840E+00,-592.96475351E-03,-673.36676270E-03,-79.65087891E-03
-32.00E-09,+5.15075369179E+00,-592.96475351E-03,-673.36676270E-03,-79.65087891E-03
-31.00E-09,+4.94974866509E+00,-592.96475351E-03,-673.36676270E-03,-79.65087891E-03
-30.00E-09,+4.74874363840E+00,-592.96475351E-03,-673.36676270E-03,-79.65087891E-03
-29.00E-09,+4.74874363840E+00,-592.96475351E-03,-592.96475351E-03,+305.17578E-06
-28.00E-09,+4.74874363840E+00,-592.96475351E-03,-753.76877189E-03,-159.60693359E-03
-27.00E-09,+4.94974866509E+00,-592.96475351E-03,-673.36676270E-03,-79.65087891E-03
-26.00E-09,+4.74874363840E+00,-673.36676270E-03,-673.36676270E-03,+305.17578E-06
-25.00E-09,+4.94974866509E+00,-592.96475351E-03,-673.36676270E-03,-79.65087891E-03
-24.00E-09,+4.94974866509E+00,-432.16073513E-03,-592.96475351E-03,-159.60693359E-03
-23.00E-09,+4.74874363840E+00,-271.35671675E-03,-512.56274432E-03,-239.56298828E-03
-22.00E-09,+4.74874363840E+00,-30.15068918E-03,-351.75872594E-03,-319.51904297E-03
-21.00E-09,+4.74874363840E+00,+291.45734757E-03,-271.35671675E-03,-559.38720703E-03
-20.00E-09,+4.54773861170E+00,+693.46739352E-03,-190.95470756E-03,-879.21142578E-03
-19.00E-09,+4.74874363840E+00,+1.01507543027E+00,+50.25132000E-03,-959.16748047E-03
-18.00E-09,+4.74874363840E+00,+1.41708547622E+00,+211.05533838E-03,-1.19903564453E+00
-17.00E-09,+4.94974866509E+00,+1.65829150379E+00,+291.45734757E-03,-1.35894775391E+00
-16.00E-09,+4.94974866509E+00,+2.06030154973E+00,+371.85935676E-03,-1.67877197266E+00
-15.00E-09,+4.74874363840E+00,+2.30150757730E+00,+532.66337514E-03,-1.75872802734E+00
-14.00E-09,+4.74874363840E+00,+2.70351762325E+00,+693.46739352E-03,-1.99859619141E+00
-13.00E-09,+4.94974866509E+00,+3.18592967838E+00,+934.67342108E-03,-2.23846435547E+00
-12.00E-09,+4.74874363840E+00,+3.90954776108E+00,+1.41708547622E+00,-2.47833251953E+00
-11.00E-09,+4.94974866509E+00,+5.03517588973E+00,+2.06030154973E+00,-2.95806884766E+00
-10.00E-09,+4.94974866509E+00,+6.32160803676E+00,+3.02512566000E+00,-3.27789306641E+00
-9.00E-09,+4.94974866509E+00,+7.84924621135E+00,+3.74874374270E+00,-4.07745361328E+00
-8.00E-09,+4.94974866509E+00,+9.29648237675E+00,+4.15075378865E+00,-5.11688232422E+00
-7.00E-09,+5.15075369179E+00,+10.42211050540E+00,+4.63316584378E+00,-5.75653076172E+00
-6.00E-09,+5.35175871849E+00,+11.38693461567E+00,+4.95477388054E+00,-6.39617919922E+00
-5.00E-09,+5.35175871849E+00,+12.03015068918E+00,+5.35678392649E+00,-6.63604736328E+00
-4.00E-09,+5.15075369179E+00,+12.51256274432E+00,+5.75879397243E+00,-6.71600341797E+00
-3.00E-09,+4.74874363840E+00,+13.07537680864E+00,+6.24120602757E+00,-6.79595947266E+00
-2.00E-09,+4.14572855830E+00,+13.55778886378E+00,+7.04522611946E+00,-6.47613525391E+00
-1.00E-09,+4.34673358500E+00,+14.36180895567E+00,+8.09045223892E+00,-6.23626708984E+00
-0.0E+00,+4.54773861170E+00,+15.40703507513E+00,+9.05527634919E+00,-6.31622314453E+00
+1.00E-09,+5.15075369179E+00,+16.13065315783E+00,+9.85929644108E+00,-6.23626708984E+00
+2.00E-09,+5.95477379858E+00,+16.21105516702E+00,+10.50251251459E+00,-5.67657470703E+00
+3.00E-09,+6.15577882528E+00,+16.21105516702E+00,+11.14572858810E+00,-5.03692626953E+00
+4.00E-09,+6.15577882528E+00,+16.21105516702E+00,+11.62814064324E+00,-4.55718994141E+00
+5.00E-09,+5.55276374519E+00,+16.21105516702E+00,+12.27135671675E+00,-3.91754150391E+00
+6.00E-09,+4.34673358500E+00,+16.21105516702E+00,+12.91457279026E+00,-3.27789306641E+00
+7.00E-09,+3.54271347821E+00,+16.21105516702E+00,+13.71859288216E+00,-2.47833251953E+00
+8.00E-09,+3.14070342481E+00,+16.21105516702E+00,+14.36180895567E+00,-1.83868408203E+00
+9.00E-09,+3.14070342481E+00,+16.21105516702E+00,+15.16582904756E+00,-1.03912353516E+00
+10.00E-09,+3.34170845151E+00,+16.21105516702E+00,+15.80904512107E+00,-399.47509766E-03
+11.00E-09,+3.94472353160E+00,+16.21105516702E+00,+16.21105516702E+00,+305.17578E-06
+12.00E-09,+4.34673358500E+00,+16.21105516702E+00,+16.21105516702E+00,+305.17578E-06
+13.00E-09,+4.74874363840E+00,+16.21105516702E+00,+16.21105516702E+00,+305.17578E-06
+14.00E-09,+4.34673358500E+00,+16.21105516702E+00,+16.21105516702E+00,+305.17578E-06
+15.00E-09,+3.94472353160E+00,+16.21105516702E+00,+16.21105516702E+00,+305.17578E-06
+16.00E-09,+3.34170845151E+00,+16.21105516702E+00,+16.21105516702E+00,+305.17578E-06
+17.00E-09,+2.93969839811E+00,+16.21105516702E+00,+16.21105516702E+00,+305.17578E-06
+18.00E-09,+2.93969839811E+00,+16.21105516702E+00,+16.21105516702E+00,+305.17578E-06
+19.00E-09,+3.14070342481E+00,+16.21105516702E+00,+16.21105516702E+00,+305.17578E-06
+20.00E-09,+3.54271347821E+00,+16.21105516702E+00,+16.21105516702E+00,+305.17578E-06
+21.00E-09,+3.94472353160E+00,+16.21105516702E+00,+16.21105516702E+00,+305.17578E-06
+22.00E-09,+3.74371850491E+00,+16.21105516702E+00,+16.21105516702E+00,+305.17578E-06
+23.00E-09,+3.54271347821E+00,+16.21105516702E+00,+16.21105516702E+00,+305.17578E-06
+24.00E-09,+3.34170845151E+00,+16.21105516702E+00,+16.21105516702E+00,+305.17578E-06
+25.00E-09,+2.93969839811E+00,+16.21105516702E+00,+16.21105516702E+00,+305.17578E-06
+26.00E-09,+2.93969839811E+00,+16.21105516702E+00,+16.21105516702E+00,+305.17578E-06
+27.00E-09,+2.93969839811E+00,+16.21105516702E+00,+16.21105516702E+00,+305.17578E-06
+28.00E-09,+3.34170845151E+00,+16.21105516702E+00,+16.21105516702E+00,+305.17578E-06
+29.00E-09,+3.74371850491E+00,+16.21105516702E+00,+16.21105516702E+00,+305.17578E-06
+30.00E-09,+3.94472353160E+00,+16.21105516702E+00,+16.21105516702E+00,+305.17578E-06
+31.00E-09,+4.54773861170E+00,+16.21105516702E+00,+16.21105516702E+00,+305.17578E-06
+32.00E-09,+4.74874363840E+00,+16.21105516702E+00,+16.21105516702E+00,+305.17578E-06
+33.00E-09,+5.15075369179E+00,+16.21105516702E+00,+16.21105516702E+00,+305.17578E-06
+34.00E-09,+5.55276374519E+00,+16.21105516702E+00,+16.21105516702E+00,+305.17578E-06
+35.00E-09,+5.55276374519E+00,+16.21105516702E+00,+16.21105516702E+00,+305.17578E-06
+36.00E-09,+5.55276374519E+00,+16.21105516702E+00,+16.21105516702E+00,+305.17578E-06
+37.00E-09,+5.55276374519E+00,+16.21105516702E+00,+16.21105516702E+00,+305.17578E-06
+38.00E-09,+5.55276374519E+00,+16.21105516702E+00,+16.21105516702E+00,+305.17578E-06
+39.00E-09,+5.55276374519E+00,+16.21105516702E+00,+16.21105516702E+00,+305.17578E-06
+40.00E-09,+5.35175871849E+00,+16.21105516702E+00,+16.21105516702E+00,+305.17578E-06
+41.00E-09,+5.35175871849E+00,+16.21105516702E+00,+16.21105516702E+00,+305.17578E-06
+42.00E-09,+5.35175871849E+00,+16.21105516702E+00,+16.21105516702E+00,+305.17578E-06
+43.00E-09,+4.94974866509E+00,+16.21105516702E+00,+16.21105516702E+00,+305.17578E-06
+44.00E-09,+4.74874363840E+00,+16.21105516702E+00,+16.21105516702E+00,+305.17578E-06
+45.00E-09,+4.34673358500E+00,+16.21105516702E+00,+16.21105516702E+00,+305.17578E-06
+46.00E-09,+4.34673358500E+00,+16.21105516702E+00,+16.21105516702E+00,+305.17578E-06
+47.00E-09,+4.54773861170E+00,+16.21105516702E+00,+16.21105516702E+00,+305.17578E-06
+48.00E-09,+4.54773861170E+00,+16.21105516702E+00,+16.21105516702E+00,+305.17578E-06
+49.00E-09,+4.54773861170E+00,+16.21105516702E+00,+16.21105516702E+00,+305.17578E-06
+50.00E-09,+4.54773861170E+00,+16.21105516702E+00,+16.21105516702E+00,+305.17578E-06
+51.00E-09,+4.54773861170E+00,+16.21105516702E+00,+16.21105516702E+00,+305.17578E-06
+52.00E-09,+4.54773861170E+00,+16.21105516702E+00,+16.21105516702E+00,+305.17578E-06
+53.00E-09,+4.14572855830E+00,+16.21105516702E+00,+16.21105516702E+00,+305.17578E-06
+54.00E-09,+4.14572855830E+00,+16.21105516702E+00,+16.21105516702E+00,+305.17578E-06
+55.00E-09,+4.14572855830E+00,+16.21105516702E+00,+16.21105516702E+00,+305.17578E-06
+56.00E-09,+4.34673358500E+00,+16.21105516702E+00,+16.21105516702E+00,+305.17578E-06
+57.00E-09,+4.54773861170E+00,+16.21105516702E+00,+16.21105516702E+00,+305.17578E-06
+58.00E-09,+4.34673358500E+00,+16.21105516702E+00,+16.21105516702E+00,+305.17578E-06
+59.00E-09,+4.34673358500E+00,+16.21105516702E+00,+16.21105516702E+00,+305.17578E-06
+60.00E-09,+4.34673358500E+00,+16.21105516702E+00,+16.21105516702E+00,+305.17578E-06
+61.00E-09,+4.14572855830E+00,+16.21105516702E+00,+16.21105516702E+00,+305.17578E-06
+62.00E-09,+4.14572855830E+00,+16.21105516702E+00,+16.21105516702E+00,+305.17578E-06
+63.00E-09,+3.94472353160E+00,+16.21105516702E+00,+16.21105516702E+00,+305.17578E-06
+64.00E-09,+3.94472353160E+00,+16.21105516702E+00,+16.21105516702E+00,+305.17578E-06
+65.00E-09,+3.94472353160E+00,+16.21105516702E+00,+16.21105516702E+00,+305.17578E-06
+66.00E-09,+3.94472353160E+00,+16.21105516702E+00,+16.21105516702E+00,+305.17578E-06
+67.00E-09,+3.74371850491E+00,+16.21105516702E+00,+16.21105516702E+00,+305.17578E-06
+68.00E-09,+3.74371850491E+00,+16.21105516702E+00,+16.21105516702E+00,+305.17578E-06
+69.00E-09,+3.94472353160E+00,+16.21105516702E+00,+16.21105516702E+00,+305.17578E-06
+70.00E-09,+3.74371850491E+00,+16.21105516702E+00,+16.21105516702E+00,+305.17578E-06
+71.00E-09,+3.94472353160E+00,+16.21105516702E+00,+16.21105516702E+00,+305.17578E-06
+72.00E-09,+3.74371850491E+00,+16.21105516702E+00,+16.21105516702E+00,+305.17578E-06
+73.00E-09,+3.94472353160E+00,+16.21105516702E+00,+16.21105516702E+00,+305.17578E-06
+74.00E-09,+3.94472353160E+00,+16.21105516702E+00,+16.21105516702E+00,+305.17578E-06
+75.00E-09,+3.94472353160E+00,+16.21105516702E+00,+16.21105516702E+00,+305.17578E-06
+76.00E-09,+4.14572855830E+00,+16.21105516702E+00,+16.21105516702E+00,+305.17578E-06
+77.00E-09,+4.14572855830E+00,+16.21105516702E+00,+16.21105516702E+00,+305.17578E-06
+78.00E-09,+4.54773861170E+00,+16.21105516702E+00,+16.21105516702E+00,+305.17578E-06
+79.00E-09,+4.94974866509E+00,+16.21105516702E+00,+16.21105516702E+00,+305.17578E-06
+80.00E-09,+5.15075369179E+00,+16.21105516702E+00,+16.21105516702E+00,+305.17578E-06
+81.00E-09,+5.15075369179E+00,+16.21105516702E+00,+16.21105516702E+00,+305.17578E-06
+82.00E-09,+5.15075369179E+00,+16.21105516702E+00,+16.21105516702E+00,+305.17578E-06
+83.00E-09,+5.15075369179E+00,+16.21105516702E+00,+16.21105516702E+00,+305.17578E-06
+84.00E-09,+5.15075369179E+00,+16.21105516702E+00,+16.21105516702E+00,+305.17578E-06
+85.00E-09,+5.15075369179E+00,+16.21105516702E+00,+16.21105516702E+00,+305.17578E-06
+86.00E-09,+5.15075369179E+00,+16.21105516702E+00,+16.21105516702E+00,+305.17578E-06
+87.00E-09,+5.35175871849E+00,+16.21105516702E+00,+16.21105516702E+00,+305.17578E-06
+88.00E-09,+5.35175871849E+00,+16.21105516702E+00,+16.21105516702E+00,+305.17578E-06
+89.00E-09,+5.55276374519E+00,+16.21105516702E+00,+16.21105516702E+00,+305.17578E-06
+90.00E-09,+5.55276374519E+00,+16.21105516702E+00,+16.21105516702E+00,+305.17578E-06
+91.00E-09,+5.75376877189E+00,+16.21105516702E+00,+16.21105516702E+00,+305.17578E-06
+92.00E-09,+5.75376877189E+00,+16.21105516702E+00,+16.21105516702E+00,+305.17578E-06
+93.00E-09,+5.95477379858E+00,+16.21105516702E+00,+16.21105516702E+00,+305.17578E-06
+94.00E-09,+6.15577882528E+00,+16.21105516702E+00,+16.21105516702E+00,+305.17578E-06
+95.00E-09,+5.95477379859E+00,+16.21105516702E+00,+16.21105516702E+00,+305.17578E-06
+96.00E-09,+5.95477379858E+00,+16.21105516702E+00,+16.21105516702E+00,+305.17578E-06
+97.00E-09,+5.95477379858E+00,+16.21105516702E+00,+16.21105516702E+00,+305.17578E-06
+98.00E-09,+5.95477379858E+00,+16.21105516702E+00,+16.21105516702E+00,+305.17578E-06
+99.00E-09,+5.75376877189E+00,+16.21105516702E+00,+16.21105516702E+00,+305.17578E-06
+100.00E-09,+5.55276374519E+00,+16.21105516702E+00,+16.21105516702E+00,+305.17578E-06
+101.00E-09,+5.55276374519E+00,+16.21105516702E+00,+16.21105516702E+00,+305.17578E-06
+102.00E-09,+5.15075369179E+00,+16.21105516702E+00,+16.21105516702E+00,+305.17578E-06
+103.00E-09,+4.94974866509E+00,+16.21105516702E+00,+16.21105516702E+00,+305.17578E-06
+104.00E-09,+4.74874363840E+00,+16.21105516702E+00,+16.21105516702E+00,+305.17578E-06
+105.00E-09,+4.94974866509E+00,+16.21105516702E+00,+16.21105516702E+00,+305.17578E-06
+106.00E-09,+4.74874363840E+00,+16.21105516702E+00,+16.21105516702E+00,+305.17578E-06
+107.00E-09,+4.74874363840E+00,+16.21105516702E+00,+16.21105516702E+00,+305.17578E-06
+108.00E-09,+4.74874363840E+00,+16.21105516702E+00,+16.21105516702E+00,+305.17578E-06
+109.00E-09,+4.74874363840E+00,+16.21105516702E+00,+16.21105516702E+00,+305.17578E-06
+110.00E-09,+4.54773861170E+00,+16.21105516702E+00,+16.21105516702E+00,+305.17578E-06
+111.00E-09,+4.74874363840E+00,+16.21105516702E+00,+16.21105516702E+00,+305.17578E-06
+112.00E-09,+4.74874363840E+00,+16.21105516702E+00,+16.21105516702E+00,+305.17578E-06
+113.00E-09,+4.94974866509E+00,+16.21105516702E+00,+16.21105516702E+00,+305.17578E-06
+114.00E-09,+4.94974866509E+00,+16.21105516702E+00,+16.21105516702E+00,+305.17578E-06
+115.00E-09,+4.94974866509E+00,+16.21105516702E+00,+16.21105516702E+00,+305.17578E-06
+116.00E-09,+4.94974866509E+00,+16.21105516702E+00,+16.21105516702E+00,+305.17578E-06
+117.00E-09,+4.94974866509E+00,+16.21105516702E+00,+16.21105516702E+00,+305.17578E-06
+118.00E-09,+4.54773861170E+00,+16.21105516702E+00,+16.21105516702E+00,+305.17578E-06
+119.00E-09,+4.74874363840E+00,+16.21105516702E+00,+16.21105516702E+00,+305.17578E-06
+120.00E-09,+4.54773861170E+00,+16.21105516702E+00,+16.21105516702E+00,+305.17578E-06
+121.00E-09,+4.74874363840E+00,+16.21105516702E+00,+16.21105516702E+00,+305.17578E-06
+122.00E-09,+4.54773861170E+00,+16.21105516702E+00,+16.21105516702E+00,+305.17578E-06
+123.00E-09,+4.74874363840E+00,+16.21105516702E+00,+16.21105516702E+00,+305.17578E-06
+124.00E-09,+4.54773861170E+00,+16.21105516702E+00,+16.21105516702E+00,+305.17578E-06
+125.00E-09,+4.54773861170E+00,+16.21105516702E+00,+16.21105516702E+00,+305.17578E-06
+126.00E-09,+4.34673358500E+00,+16.21105516702E+00,+16.21105516702E+00,+305.17578E-06
+127.00E-09,+4.34673358500E+00,+16.21105516702E+00,+16.21105516702E+00,+305.17578E-06
+128.00E-09,+4.14572855830E+00,+16.21105516702E+00,+16.21105516702E+00,+305.17578E-06
+129.00E-09,+4.54773861170E+00,+16.21105516702E+00,+16.21105516702E+00,+305.17578E-06
+130.00E-09,+4.74874363840E+00,+16.21105516702E+00,+16.21105516702E+00,+305.17578E-06
+131.00E-09,+4.54773861170E+00,+16.21105516702E+00,+16.21105516702E+00,+305.17578E-06
+132.00E-09,+4.34673358500E+00,+16.21105516702E+00,+16.21105516702E+00,+305.17578E-06
+133.00E-09,+4.54773861170E+00,+16.21105516702E+00,+16.21105516702E+00,+305.17578E-06
+134.00E-09,+4.54773861170E+00,+16.21105516702E+00,+16.21105516702E+00,+305.17578E-06
+135.00E-09,+4.74874363840E+00,+16.21105516702E+00,+16.21105516702E+00,+305.17578E-06
+136.00E-09,+4.74874363840E+00,+16.21105516702E+00,+16.21105516702E+00,+305.17578E-06
+137.00E-09,+4.74874363840E+00,+16.21105516702E+00,+16.21105516702E+00,+305.17578E-06
+138.00E-09,+4.54773861170E+00,+16.21105516702E+00,+16.21105516702E+00,+305.17578E-06
+139.00E-09,+4.54773861170E+00,+16.21105516702E+00,+16.21105516702E+00,+305.17578E-06
+140.00E-09,+4.54773861170E+00,+16.21105516702E+00,+16.21105516702E+00,+305.17578E-06
+141.00E-09,+4.54773861170E+00,+16.21105516702E+00,+16.21105516702E+00,+305.17578E-06
+142.00E-09,+4.34673358500E+00,+16.21105516702E+00,+16.21105516702E+00,+305.17578E-06
+143.00E-09,+4.34673358500E+00,+16.21105516702E+00,+16.21105516702E+00,+305.17578E-06
+144.00E-09,+4.34673358500E+00,+16.21105516702E+00,+16.21105516702E+00,+305.17578E-06
+145.00E-09,+4.54773861170E+00,+16.21105516702E+00,+16.21105516702E+00,+305.17578E-06
+146.00E-09,+4.34673358500E+00,+16.21105516702E+00,+16.21105516702E+00,+305.17578E-06
+147.00E-09,+4.74874363840E+00,+16.21105516702E+00,+16.21105516702E+00,+305.17578E-06
+148.00E-09,+4.54773861170E+00,+16.21105516702E+00,+16.21105516702E+00,+305.17578E-06
+149.00E-09,+4.74874363840E+00,+16.21105516702E+00,+16.21105516702E+00,+305.17578E-06
+150.00E-09,+4.74874363840E+00,+16.21105516702E+00,+16.21105516702E+00,+305.17578E-06
+151.00E-09,+4.94974866509E+00,+16.21105516702E+00,+16.21105516702E+00,+305.17578E-06
+152.00E-09,+4.94974866509E+00,+16.21105516702E+00,+16.21105516702E+00,+305.17578E-06
+153.00E-09,+5.15075369179E+00,+16.21105516702E+00,+16.21105516702E+00,+305.17578E-06
+154.00E-09,+5.35175871849E+00,+16.21105516702E+00,+16.21105516702E+00,+305.17578E-06
+155.00E-09,+5.15075369179E+00,+16.21105516702E+00,+16.21105516702E+00,+305.17578E-06
+156.00E-09,+4.94974866509E+00,+16.21105516702E+00,+16.21105516702E+00,+305.17578E-06
+157.00E-09,+5.15075369179E+00,+16.21105516702E+00,+16.21105516702E+00,+305.17578E-06
+158.00E-09,+5.35175871849E+00,+16.21105516702E+00,+16.21105516702E+00,+305.17578E-06
+159.00E-09,+5.35175871849E+00,+16.21105516702E+00,+16.21105516702E+00,+305.17578E-06
+160.00E-09,+5.15075369179E+00,+16.21105516702E+00,+16.21105516702E+00,+305.17578E-06
+161.00E-09,+4.94974866509E+00,+16.21105516702E+00,+16.21105516702E+00,+305.17578E-06
+162.00E-09,+5.35175871849E+00,+16.21105516702E+00,+16.21105516702E+00,+305.17578E-06
+163.00E-09,+5.15075369179E+00,+16.21105516702E+00,+16.21105516702E+00,+305.17578E-06
+164.00E-09,+4.94974866509E+00,+16.21105516702E+00,+16.21105516702E+00,+305.17578E-06
+165.00E-09,+4.94974866509E+00,+16.21105516702E+00,+16.21105516702E+00,+305.17578E-06
+166.00E-09,+4.94974866509E+00,+16.21105516702E+00,+16.21105516702E+00,+305.17578E-06
+167.00E-09,+4.94974866509E+00,+16.21105516702E+00,+16.21105516702E+00,+305.17578E-06
+168.00E-09,+5.15075369179E+00,+16.21105516702E+00,+16.21105516702E+00,+305.17578E-06
+169.00E-09,+5.35175871849E+00,+16.21105516702E+00,+16.21105516702E+00,+305.17578E-06
+170.00E-09,+5.35175871849E+00,+16.21105516702E+00,+16.21105516702E+00,+305.17578E-06
+171.00E-09,+5.35175871849E+00,+16.21105516702E+00,+16.21105516702E+00,+305.17578E-06
+172.00E-09,+4.94974866509E+00,+16.21105516702E+00,+16.21105516702E+00,+305.17578E-06
+173.00E-09,+5.15075369179E+00,+16.21105516702E+00,+16.21105516702E+00,+305.17578E-06
+174.00E-09,+5.15075369179E+00,+16.21105516702E+00,+16.21105516702E+00,+305.17578E-06
+175.00E-09,+5.15075369179E+00,+16.21105516702E+00,+16.21105516702E+00,+305.17578E-06
+176.00E-09,+5.15075369179E+00,+16.21105516702E+00,+16.21105516702E+00,+305.17578E-06
+177.00E-09,+5.15075369179E+00,+16.21105516702E+00,+16.21105516702E+00,+305.17578E-06
+178.00E-09,+5.35175871849E+00,+16.21105516702E+00,+16.21105516702E+00,+305.17578E-06
+179.00E-09,+5.15075369179E+00,+16.21105516702E+00,+16.21105516702E+00,+305.17578E-06
+180.00E-09,+4.94974866509E+00,+16.21105516702E+00,+16.21105516702E+00,+305.17578E-06
+181.00E-09,+4.94974866509E+00,+16.21105516702E+00,+16.21105516702E+00,+305.17578E-06
+182.00E-09,+4.94974866509E+00,+16.21105516702E+00,+16.21105516702E+00,+305.17578E-06
+183.00E-09,+4.94974866509E+00,+16.21105516702E+00,+16.21105516702E+00,+305.17578E-06
+184.00E-09,+4.94974866509E+00,+16.21105516702E+00,+16.21105516702E+00,+305.17578E-06
+185.00E-09,+4.74874363840E+00,+16.21105516702E+00,+16.21105516702E+00,+305.17578E-06
+186.00E-09,+4.54773861170E+00,+16.21105516702E+00,+16.21105516702E+00,+305.17578E-06
+187.00E-09,+4.94974866509E+00,+16.21105516702E+00,+16.21105516702E+00,+305.17578E-06
+188.00E-09,+4.94974866509E+00,+16.21105516702E+00,+16.21105516702E+00,+305.17578E-06
+189.00E-09,+4.94974866509E+00,+16.21105516702E+00,+16.21105516702E+00,+305.17578E-06
+190.00E-09,+4.74874363840E+00,+16.21105516702E+00,+16.21105516702E+00,+305.17578E-06
+191.00E-09,+4.94974866509E+00,+16.21105516702E+00,+16.21105516702E+00,+305.17578E-06
+192.00E-09,+5.15075369179E+00,+16.21105516702E+00,+16.21105516702E+00,+305.17578E-06
+193.00E-09,+4.94974866509E+00,+16.21105516702E+00,+16.21105516702E+00,+305.17578E-06
+194.00E-09,+4.94974866509E+00,+16.21105516702E+00,+16.21105516702E+00,+305.17578E-06
+195.00E-09,+4.74874363840E+00,+16.21105516702E+00,+16.21105516702E+00,+305.17578E-06
+196.00E-09,+4.94974866509E+00,+16.21105516702E+00,+16.21105516702E+00,+305.17578E-06
+197.00E-09,+4.94974866509E+00,+16.21105516702E+00,+16.21105516702E+00,+305.17578E-06
+198.00E-09,+4.74874363840E+00,+16.21105516702E+00,+16.21105516702E+00,+305.17578E-06
+199.00E-09,+4.74874363840E+00,+16.21105516702E+00,+16.21105516702E+00,+305.17578E-06
+200.00E-09,+4.74874363840E+00,+16.21105516702E+00,+16.21105516702E+00,+305.17578E-06
+201.00E-09,+4.74874363840E+00,+16.21105516702E+00,+16.21105516702E+00,+305.17578E-06
+202.00E-09,+4.54773861170E+00,+16.21105516702E+00,+16.21105516702E+00,+305.17578E-06
+203.00E-09,+4.74874363840E+00,+16.21105516702E+00,+16.21105516702E+00,+305.17578E-06
+204.00E-09,+4.74874363840E+00,+16.21105516702E+00,+16.21105516702E+00,+305.17578E-06
+205.00E-09,+4.74874363840E+00,+16.21105516702E+00,+16.21105516702E+00,+305.17578E-06
+206.00E-09,+4.74874363840E+00,+16.21105516702E+00,+16.21105516702E+00,+305.17578E-06
+207.00E-09,+4.74874363840E+00,+16.21105516702E+00,+16.21105516702E+00,+305.17578E-06
+208.00E-09,+4.74874363840E+00,+16.21105516702E+00,+16.21105516702E+00,+305.17578E-06
+209.00E-09,+4.74874363840E+00,+16.21105516702E+00,+16.21105516702E+00,+305.17578E-06
+210.00E-09,+4.94974866509E+00,+16.21105516702E+00,+16.21105516702E+00,+305.17578E-06
+211.00E-09,+4.94974866509E+00,+16.21105516702E+00,+16.21105516702E+00,+305.17578E-06
+212.00E-09,+4.94974866509E+00,+16.21105516702E+00,+16.21105516702E+00,+305.17578E-06
+213.00E-09,+4.94974866509E+00,+16.21105516702E+00,+16.21105516702E+00,+305.17578E-06
+214.00E-09,+4.94974866509E+00,+16.21105516702E+00,+16.21105516702E+00,+305.17578E-06
+215.00E-09,+4.94974866509E+00,+16.21105516702E+00,+16.21105516702E+00,+305.17578E-06
+216.00E-09,+4.74874363840E+00,+16.21105516702E+00,+16.21105516702E+00,+305.17578E-06
+217.00E-09,+4.94974866509E+00,+16.21105516702E+00,+16.21105516702E+00,+305.17578E-06
+218.00E-09,+4.94974866509E+00,+16.21105516702E+00,+16.21105516702E+00,+305.17578E-06
+219.00E-09,+4.74874363840E+00,+16.21105516702E+00,+16.21105516702E+00,+305.17578E-06
+220.00E-09,+5.15075369179E+00,+16.21105516702E+00,+16.21105516702E+00,+305.17578E-06
+221.00E-09,+4.94974866509E+00,+16.21105516702E+00,+16.21105516702E+00,+305.17578E-06
+222.00E-09,+4.94974866509E+00,+16.21105516702E+00,+16.21105516702E+00,+305.17578E-06
+223.00E-09,+4.74874363840E+00,+16.21105516702E+00,+16.21105516702E+00,+305.17578E-06
+224.00E-09,+4.94974866509E+00,+16.21105516702E+00,+16.21105516702E+00,+305.17578E-06
+225.00E-09,+4.94974866509E+00,+16.21105516702E+00,+16.21105516702E+00,+305.17578E-06
+226.00E-09,+4.94974866509E+00,+16.21105516702E+00,+16.21105516702E+00,+305.17578E-06
+227.00E-09,+5.15075369179E+00,+16.21105516702E+00,+16.21105516702E+00,+305.17578E-06
+228.00E-09,+5.15075369179E+00,+16.21105516702E+00,+16.21105516702E+00,+305.17578E-06
+229.00E-09,+5.15075369179E+00,+16.21105516702E+00,+16.21105516702E+00,+305.17578E-06
+230.00E-09,+4.94974866509E+00,+16.21105516702E+00,+16.21105516702E+00,+305.17578E-06
+231.00E-09,+4.94974866509E+00,+16.21105516702E+00,+16.21105516702E+00,+305.17578E-06
+232.00E-09,+5.15075369179E+00,+16.21105516702E+00,+16.21105516702E+00,+305.17578E-06
+233.00E-09,+5.15075369179E+00,+16.21105516702E+00,+16.21105516702E+00,+305.17578E-06
+234.00E-09,+5.35175871849E+00,+16.21105516702E+00,+16.21105516702E+00,+305.17578E-06
+235.00E-09,+4.94974866509E+00,+16.21105516702E+00,+16.21105516702E+00,+305.17578E-06
+236.00E-09,+4.94974866509E+00,+16.21105516702E+00,+16.21105516702E+00,+305.17578E-06
+237.00E-09,+4.94974866509E+00,+16.21105516702E+00,+16.21105516702E+00,+305.17578E-06
+238.00E-09,+4.94974866509E+00,+16.21105516702E+00,+16.21105516702E+00,+305.17578E-06
+239.00E-09,+4.94974866509E+00,+16.21105516702E+00,+16.21105516702E+00,+305.17578E-06
+240.00E-09,+5.15075369179E+00,+16.21105516702E+00,+16.21105516702E+00,+305.17578E-06
+241.00E-09,+4.94974866509E+00,+16.21105516702E+00,+16.21105516702E+00,+305.17578E-06
+242.00E-09,+5.15075369179E+00,+16.21105516702E+00,+16.21105516702E+00,+305.17578E-06
+243.00E-09,+5.15075369179E+00,+16.21105516702E+00,+16.21105516702E+00,+305.17578E-06
+244.00E-09,+5.15075369179E+00,+16.21105516702E+00,+16.21105516702E+00,+305.17578E-06
+245.00E-09,+5.15075369179E+00,+16.21105516702E+00,+16.21105516702E+00,+305.17578E-06
+246.00E-09,+4.94974866509E+00,+16.21105516702E+00,+16.21105516702E+00,+305.17578E-06
+247.00E-09,+5.15075369179E+00,+16.21105516702E+00,+16.21105516702E+00,+305.17578E-06
+248.00E-09,+5.15075369179E+00,+16.21105516702E+00,+16.21105516702E+00,+305.17578E-06
+249.00E-09,+4.94974866509E+00,+16.21105516702E+00,+16.21105516702E+00,+305.17578E-06
+250.00E-09,+4.94974866509E+00,+16.21105516702E+00,+16.21105516702E+00,+305.17578E-06
+251.00E-09,+5.15075369179E+00,+16.21105516702E+00,+16.21105516702E+00,+305.17578E-06
+252.00E-09,+5.15075369179E+00,+16.21105516702E+00,+16.21105516702E+00,+305.17578E-06
+253.00E-09,+5.15075369179E+00,+16.21105516702E+00,+16.21105516702E+00,+305.17578E-06
+254.00E-09,+4.94974866509E+00,+16.21105516702E+00,+16.21105516702E+00,+305.17578E-06
+255.00E-09,+5.15075369179E+00,+16.21105516702E+00,+16.21105516702E+00,+305.17578E-06
+256.00E-09,+5.15075369179E+00,+16.21105516702E+00,+16.21105516702E+00,+305.17578E-06
+257.00E-09,+5.15075369179E+00,+16.21105516702E+00,+16.21105516702E+00,+305.17578E-06
+258.00E-09,+5.15075369179E+00,+16.21105516702E+00,+16.21105516702E+00,+305.17578E-06
+259.00E-09,+4.74874363840E+00,+16.21105516702E+00,+16.21105516702E+00,+305.17578E-06
+260.00E-09,+4.74874363840E+00,+16.21105516702E+00,+16.21105516702E+00,+305.17578E-06
+261.00E-09,+4.74874363840E+00,+16.21105516702E+00,+16.21105516702E+00,+305.17578E-06
+262.00E-09,+4.74874363840E+00,+16.21105516702E+00,+16.21105516702E+00,+305.17578E-06
+263.00E-09,+4.94974866509E+00,+16.21105516702E+00,+16.21105516702E+00,+305.17578E-06
+264.00E-09,+4.74874363840E+00,+16.21105516702E+00,+16.21105516702E+00,+305.17578E-06
+265.00E-09,+4.94974866509E+00,+16.21105516702E+00,+16.21105516702E+00,+305.17578E-06
+266.00E-09,+4.74874363840E+00,+16.21105516702E+00,+16.21105516702E+00,+305.17578E-06
+267.00E-09,+4.94974866509E+00,+16.21105516702E+00,+16.21105516702E+00,+305.17578E-06
+268.00E-09,+4.94974866509E+00,+16.21105516702E+00,+16.21105516702E+00,+305.17578E-06
+269.00E-09,+4.74874363840E+00,+16.21105516702E+00,+16.21105516702E+00,+305.17578E-06
+270.00E-09,+4.74874363840E+00,+16.21105516702E+00,+16.21105516702E+00,+305.17578E-06
+271.00E-09,+4.94974866509E+00,+16.21105516702E+00,+16.21105516702E+00,+305.17578E-06
+272.00E-09,+4.74874363840E+00,+16.21105516702E+00,+16.21105516702E+00,+305.17578E-06
+273.00E-09,+4.74874363840E+00,+16.21105516702E+00,+16.21105516702E+00,+305.17578E-06
+274.00E-09,+4.74874363840E+00,+16.21105516702E+00,+16.21105516702E+00,+305.17578E-06
+275.00E-09,+4.74874363840E+00,+16.21105516702E+00,+16.21105516702E+00,+305.17578E-06
+276.00E-09,+4.74874363840E+00,+16.21105516702E+00,+16.21105516702E+00,+305.17578E-06
+277.00E-09,+4.74874363840E+00,+16.21105516702E+00,+16.21105516702E+00,+305.17578E-06
+278.00E-09,+4.54773861170E+00,+16.21105516702E+00,+16.21105516702E+00,+305.17578E-06
+279.00E-09,+4.54773861170E+00,+16.21105516702E+00,+16.21105516702E+00,+305.17578E-06
+280.00E-09,+4.74874363840E+00,+16.21105516702E+00,+16.21105516702E+00,+305.17578E-06
+281.00E-09,+4.74874363840E+00,+16.21105516702E+00,+16.21105516702E+00,+305.17578E-06
+282.00E-09,+4.74874363840E+00,+16.21105516702E+00,+16.21105516702E+00,+305.17578E-06
+283.00E-09,+4.74874363840E+00,+16.21105516702E+00,+16.21105516702E+00,+305.17578E-06
+284.00E-09,+4.74874363840E+00,+16.21105516702E+00,+16.21105516702E+00,+305.17578E-06
+285.00E-09,+4.74874363840E+00,+16.21105516702E+00,+16.21105516702E+00,+305.17578E-06
+286.00E-09,+4.74874363840E+00,+16.21105516702E+00,+16.21105516702E+00,+305.17578E-06
+287.00E-09,+4.94974866509E+00,+16.21105516702E+00,+16.21105516702E+00,+305.17578E-06
+288.00E-09,+4.94974866509E+00,+16.21105516702E+00,+16.21105516702E+00,+305.17578E-06
+289.00E-09,+5.15075369179E+00,+16.21105516702E+00,+16.21105516702E+00,+305.17578E-06
+290.00E-09,+4.94974866509E+00,+16.21105516702E+00,+16.21105516702E+00,+305.17578E-06
+291.00E-09,+4.94974866509E+00,+16.21105516702E+00,+16.21105516702E+00,+305.17578E-06
+292.00E-09,+4.94974866509E+00,+16.21105516702E+00,+16.21105516702E+00,+305.17578E-06
+293.00E-09,+4.94974866509E+00,+16.21105516702E+00,+16.21105516702E+00,+305.17578E-06
+294.00E-09,+4.94974866509E+00,+16.21105516702E+00,+16.21105516702E+00,+305.17578E-06
+295.00E-09,+4.94974866509E+00,+16.21105516702E+00,+16.21105516702E+00,+305.17578E-06
+296.00E-09,+4.94974866509E+00,+16.21105516702E+00,+16.21105516702E+00,+305.17578E-06
+297.00E-09,+4.94974866509E+00,+16.21105516702E+00,+16.21105516702E+00,+305.17578E-06
+298.00E-09,+4.94974866509E+00,+16.21105516702E+00,+16.21105516702E+00,+305.17578E-06
+299.00E-09,+5.15075369179E+00,+16.21105516702E+00,+16.21105516702E+00,+305.17578E-06
+300.00E-09,+4.94974866509E+00,+16.21105516702E+00,+16.21105516702E+00,+305.17578E-06
+301.00E-09,+4.74874363840E+00,+16.21105516702E+00,+16.21105516702E+00,+305.17578E-06
+302.00E-09,+4.74874363840E+00,+16.21105516702E+00,+16.21105516702E+00,+305.17578E-06
+303.00E-09,+4.94974866509E+00,+16.21105516702E+00,+16.21105516702E+00,+305.17578E-06
+304.00E-09,+4.94974866509E+00,+16.21105516702E+00,+16.21105516702E+00,+305.17578E-06
+305.00E-09,+4.94974866509E+00,+16.21105516702E+00,+16.21105516702E+00,+305.17578E-06
+306.00E-09,+4.94974866509E+00,+16.21105516702E+00,+16.21105516702E+00,+305.17578E-06
+307.00E-09,+4.74874363840E+00,+16.21105516702E+00,+16.21105516702E+00,+305.17578E-06
+308.00E-09,+4.94974866509E+00,+16.21105516702E+00,+16.21105516702E+00,+305.17578E-06
+309.00E-09,+5.15075369179E+00,+16.21105516702E+00,+16.21105516702E+00,+305.17578E-06
+310.00E-09,+4.94974866509E+00,+16.21105516702E+00,+16.21105516702E+00,+305.17578E-06
+311.00E-09,+4.94974866509E+00,+16.21105516702E+00,+16.21105516702E+00,+305.17578E-06
+312.00E-09,+4.74874363840E+00,+16.21105516702E+00,+16.21105516702E+00,+305.17578E-06
+313.00E-09,+4.94974866509E+00,+16.21105516702E+00,+16.21105516702E+00,+305.17578E-06
+314.00E-09,+4.94974866509E+00,+16.21105516702E+00,+16.21105516702E+00,+305.17578E-06
+315.00E-09,+4.94974866509E+00,+16.21105516702E+00,+16.21105516702E+00,+305.17578E-06
+316.00E-09,+5.15075369179E+00,+16.21105516702E+00,+16.21105516702E+00,+305.17578E-06
+317.00E-09,+4.94974866509E+00,+16.21105516702E+00,+16.21105516702E+00,+305.17578E-06
+318.00E-09,+4.94974866509E+00,+16.21105516702E+00,+16.21105516702E+00,+305.17578E-06
+319.00E-09,+4.94974866509E+00,+16.21105516702E+00,+16.21105516702E+00,+305.17578E-06
+320.00E-09,+4.94974866509E+00,+16.21105516702E+00,+16.21105516702E+00,+305.17578E-06
+321.00E-09,+4.94974866509E+00,+16.21105516702E+00,+16.21105516702E+00,+305.17578E-06
+322.00E-09,+5.35175871849E+00,+16.21105516702E+00,+16.21105516702E+00,+305.17578E-06
+323.00E-09,+5.15075369179E+00,+16.21105516702E+00,+16.21105516702E+00,+305.17578E-06
+324.00E-09,+5.15075369179E+00,+16.21105516702E+00,+16.21105516702E+00,+305.17578E-06
+325.00E-09,+4.94974866509E+00,+16.21105516702E+00,+16.21105516702E+00,+305.17578E-06
+326.00E-09,+4.94974866509E+00,+16.21105516702E+00,+16.21105516702E+00,+305.17578E-06
+327.00E-09,+4.94974866509E+00,+16.21105516702E+00,+16.21105516702E+00,+305.17578E-06
+328.00E-09,+5.35175871849E+00,+16.21105516702E+00,+16.21105516702E+00,+305.17578E-06
+329.00E-09,+5.35175871849E+00,+16.21105516702E+00,+16.21105516702E+00,+305.17578E-06
+330.00E-09,+5.15075369179E+00,+16.21105516702E+00,+16.21105516702E+00,+305.17578E-06
+331.00E-09,+5.15075369179E+00,+16.21105516702E+00,+16.21105516702E+00,+305.17578E-06
+332.00E-09,+5.15075369179E+00,+16.21105516702E+00,+16.21105516702E+00,+305.17578E-06
+333.00E-09,+4.94974866509E+00,+16.21105516702E+00,+16.21105516702E+00,+305.17578E-06
+334.00E-09,+4.94974866509E+00,+16.21105516702E+00,+16.21105516702E+00,+305.17578E-06
+335.00E-09,+4.94974866509E+00,+16.21105516702E+00,+16.21105516702E+00,+305.17578E-06
+336.00E-09,+5.15075369179E+00,+16.21105516702E+00,+16.21105516702E+00,+305.17578E-06
+337.00E-09,+5.15075369179E+00,+16.21105516702E+00,+16.21105516702E+00,+305.17578E-06
+338.00E-09,+4.94974866509E+00,+16.21105516702E+00,+16.21105516702E+00,+305.17578E-06
+339.00E-09,+4.94974866509E+00,+16.21105516702E+00,+16.21105516702E+00,+305.17578E-06
+340.00E-09,+4.74874363840E+00,+16.21105516702E+00,+16.21105516702E+00,+305.17578E-06
+341.00E-09,+4.74874363840E+00,+16.21105516702E+00,+16.21105516702E+00,+305.17578E-06
+342.00E-09,+4.94974866509E+00,+16.21105516702E+00,+16.21105516702E+00,+305.17578E-06
+343.00E-09,+4.94974866509E+00,+16.21105516702E+00,+16.21105516702E+00,+305.17578E-06
+344.00E-09,+4.94974866509E+00,+16.21105516702E+00,+16.21105516702E+00,+305.17578E-06
+345.00E-09,+4.74874363840E+00,+16.21105516702E+00,+16.21105516702E+00,+305.17578E-06
+346.00E-09,+4.94974866509E+00,+16.21105516702E+00,+16.21105516702E+00,+305.17578E-06
+347.00E-09,+4.74874363840E+00,+16.21105516702E+00,+16.21105516702E+00,+305.17578E-06
+348.00E-09,+4.74874363840E+00,+16.21105516702E+00,+16.21105516702E+00,+305.17578E-06
+349.00E-09,+4.74874363840E+00,+16.21105516702E+00,+16.21105516702E+00,+305.17578E-06
+350.00E-09,+4.74874363840E+00,+16.21105516702E+00,+16.21105516702E+00,+305.17578E-06
+351.00E-09,+4.74874363840E+00,+16.21105516702E+00,+16.21105516702E+00,+305.17578E-06
+352.00E-09,+4.74874363840E+00,+16.21105516702E+00,+16.21105516702E+00,+305.17578E-06
+353.00E-09,+5.15075369179E+00,+16.21105516702E+00,+16.21105516702E+00,+305.17578E-06
+354.00E-09,+4.94974866509E+00,+16.21105516702E+00,+16.21105516702E+00,+305.17578E-06
+355.00E-09,+4.94974866509E+00,+16.21105516702E+00,+16.21105516702E+00,+305.17578E-06
+356.00E-09,+4.94974866509E+00,+16.21105516702E+00,+16.21105516702E+00,+305.17578E-06
+357.00E-09,+4.74874363840E+00,+16.21105516702E+00,+16.21105516702E+00,+305.17578E-06
+358.00E-09,+4.74874363840E+00,+16.21105516702E+00,+16.21105516702E+00,+305.17578E-06
+359.00E-09,+4.94974866509E+00,+16.21105516702E+00,+16.21105516702E+00,+305.17578E-06
+360.00E-09,+4.94974866509E+00,+16.21105516702E+00,+16.21105516702E+00,+305.17578E-06
+361.00E-09,+4.94974866509E+00,+16.21105516702E+00,+16.21105516702E+00,+305.17578E-06
+362.00E-09,+4.74874363840E+00,+16.21105516702E+00,+16.21105516702E+00,+305.17578E-06
+363.00E-09,+4.74874363840E+00,+16.21105516702E+00,+16.21105516702E+00,+305.17578E-06
+364.00E-09,+4.94974866509E+00,+16.21105516702E+00,+16.21105516702E+00,+305.17578E-06
+365.00E-09,+5.15075369179E+00,+16.21105516702E+00,+16.21105516702E+00,+305.17578E-06
+366.00E-09,+4.94974866509E+00,+16.21105516702E+00,+16.21105516702E+00,+305.17578E-06
+367.00E-09,+4.94974866509E+00,+15.88944713026E+00,+16.21105516702E+00,+320.12939453E-03
+368.00E-09,+4.94974866509E+00,+14.68341699242E+00,+16.21105516702E+00,+1.51947021485E+00
+369.00E-09,+4.94974866509E+00,+13.23618082702E+00,+16.21105516702E+00,+2.95867919922E+00
+370.00E-09,+4.94974866509E+00,+11.94974867999E+00,+16.21105516702E+00,+4.23797607422E+00
+371.00E-09,+4.74874363840E+00,+10.34170849621E+00,+16.21105516702E+00,+5.83709716797E+00
+372.00E-09,+4.74874363840E+00,+8.97487434000E+00,+16.13065315783E+00,+7.11639404297E+00
+373.00E-09,+4.74874363840E+00,+7.52763817459E+00,+15.40703507513E+00,+7.83599853516E+00
+374.00E-09,+4.74874363840E+00,+6.32160803675E+00,+14.68341699242E+00,+8.31573486328E+00
+375.00E-09,+4.54773861170E+00,+5.11557789892E+00,+13.87939690053E+00,+8.71551513672E+00
+376.00E-09,+4.54773861170E+00,+4.39195981622E+00,+13.15577881783E+00,+8.71551513672E+00
+377.00E-09,+4.54773861170E+00,+3.74874374270E+00,+12.51256274432E+00,+8.71551513672E+00
+378.00E-09,+4.54773861170E+00,+3.50753771514E+00,+11.94974867999E+00,+8.39569091797E+00
+379.00E-09,+4.54773861170E+00,+3.58793972433E+00,+11.54773863405E+00,+7.91595458984E+00
+380.00E-09,+4.54773861170E+00,+3.82914575189E+00,+10.90452256054E+00,+7.03643798828E+00
+381.00E-09,+4.74874363840E+00,+4.23115579784E+00,+10.42211050540E+00,+6.15692138672E+00
+382.00E-09,+4.54773861170E+00,+4.55276383460E+00,+9.77889443189E+00,+5.19744873047E+00
+383.00E-09,+4.54773861170E+00,+4.63316584378E+00,+8.81407032162E+00,+4.15802001953E+00
+384.00E-09,+4.74874363840E+00,+4.55276383460E+00,+7.92964822054E+00,+3.35845947266E+00
+385.00E-09,+5.15075369179E+00,+4.31155780703E+00,+7.20603013784E+00,+2.87872314453E+00
+386.00E-09,+5.35175871849E+00,+3.90954776108E+00,+6.48241205513E+00,+2.55889892578E+00
+387.00E-09,+5.35175871849E+00,+3.42713570595E+00,+5.75879397243E+00,+2.31903076172E+00
+388.00E-09,+4.94974866510E+00,+2.94472365081E+00,+5.03517588973E+00,+2.07916259766E+00
+389.00E-09,+5.35175871849E+00,+2.38190958649E+00,+4.71356785297E+00,+2.31903076172E+00
+390.00E-09,+5.55276374519E+00,+2.06030154973E+00,+4.23115579784E+00,+2.15911865234E+00
+391.00E-09,+5.95477379859E+00,+1.97989954054E+00,+3.82914575189E+00,+1.83929443359E+00
+392.00E-09,+6.35678385198E+00,+1.81909552216E+00,+3.34673369676E+00,+1.51947021484E+00
+393.00E-09,+6.15577882528E+00,+1.65829150379E+00,+3.02512566000E+00,+1.35955810547E+00
+394.00E-09,+6.15577882528E+00,+1.49748748541E+00,+2.62311561406E+00,+1.11968994141E+00
+395.00E-09,+5.75376877189E+00,+1.17587944865E+00,+2.14070355892E+00,+959.77783203E-03
+396.00E-09,+5.35175871849E+00,+854.27141190E-03,+1.57788949460E+00,+719.90966797E-03
+397.00E-09,+4.74874363840E+00,+693.46739352E-03,+1.17587944865E+00,+480.04150391E-03
+398.00E-09,+4.34673358500E+00,+452.26136595E-03,+693.46739352E-03,+240.17333984E-03
+399.00E-09,+4.54773861170E+00,+371.85935676E-03,+291.45734757E-03,-79.65087891E-03
+400.00E-09,+4.94974866509E+00,+452.26136595E-03,-30.15068919E-03,-479.43115234E-03
+401.00E-09,+5.15075369179E+00,+452.26136595E-03,-351.75872594E-03,-799.25537109E-03
+402.00E-09,+5.35175871849E+00,+452.26136595E-03,-512.56274432E-03,-959.16748047E-03
+403.00E-09,+5.55276374519E+00,+371.85935676E-03,-673.36676270E-03,-1.03912353516E+00
+404.00E-09,+5.75376877189E+00,+291.45734757E-03,-1.07537680864E+00,-1.35894775391E+00
+405.00E-09,+5.55276374519E+00,+211.05533838E-03,-1.31658283621E+00,-1.51885986328E+00
+406.00E-09,+4.94974866509E+00,-110.55269837E-03,-1.55778886378E+00,-1.43890380859E+00
+407.00E-09,+4.54773861170E+00,-351.75872594E-03,-1.95979890972E+00,-1.59881591797E+00
+408.00E-09,+4.14572855830E+00,-432.16073513E-03,-2.28140694648E+00,-1.83868408203E+00
+409.00E-09,+3.54271347821E+00,-753.76877189E-03,-2.60301498324E+00,-1.83868408203E+00
+410.00E-09,+2.93969839811E+00,-673.36676270E-03,-2.84422101080E+00,-2.15850830078E+00
+411.00E-09,+2.33668331802E+00,-673.36676270E-03,-2.92462301999E+00,-2.23846435547E+00
+412.00E-09,+1.73366823792E+00,-592.96475351E-03,-3.08542703837E+00,-2.47833251953E+00
+413.00E-09,+1.73366823792E+00,-512.56274432E-03,-3.16582904756E+00,-2.63824462891E+00
+414.00E-09,+1.53266321123E+00,-512.56274432E-03,-3.08542703837E+00,-2.55828857422E+00
+415.00E-09,+1.53266321123E+00,-432.16073513E-03,-3.08542703837E+00,-2.63824462891E+00
+416.00E-09,+1.73366823793E+00,-351.75872594E-03,-3.16582904756E+00,-2.79815673828E+00
+417.00E-09,+2.13567829132E+00,-432.16073513E-03,-3.16582904756E+00,-2.71820068359E+00
+418.00E-09,+2.13567829132E+00,-512.56274432E-03,-3.16582904756E+00,-2.63824462891E+00
+419.00E-09,+2.33668331802E+00,-592.96475351E-03,-3.16582904756E+00,-2.55828857422E+00
+420.00E-09,+2.93969839811E+00,-673.36676270E-03,-3.32663306594E+00,-2.63824462891E+00
+421.00E-09,+3.34170845151E+00,-592.96475351E-03,-3.24623105675E+00,-2.63824462891E+00
+422.00E-09,+3.94472353161E+00,-753.76877189E-03,-3.24623105675E+00,-2.47833251953E+00
+423.00E-09,+4.74874363840E+00,-753.76877189E-03,-3.24623105675E+00,-2.47833251953E+00
+424.00E-09,+5.35175871849E+00,-592.96475351E-03,-3.00502502918E+00,-2.39837646484E+00
+425.00E-09,+5.75376877189E+00,-592.96475351E-03,-2.92462301999E+00,-2.31842041016E+00
+426.00E-09,+6.15577882528E+00,-592.96475351E-03,-2.68341699243E+00,-2.07855224609E+00
+427.00E-09,+6.15577882528E+00,-673.36676270E-03,-2.52261297405E+00,-1.83868408203E+00
+428.00E-09,+6.15577882528E+00,-673.36676270E-03,-2.44221096486E+00,-1.75872802734E+00
+429.00E-09,+5.55276374519E+00,-673.36676270E-03,-2.44221096486E+00,-1.75872802734E+00
+430.00E-09,+5.35175871849E+00,-673.36676270E-03,-2.20100493729E+00,-1.51885986328E+00
+431.00E-09,+5.15075369179E+00,-673.36676270E-03,-2.20100493729E+00,-1.51885986328E+00
+432.00E-09,+4.74874363839E+00,-592.96475351E-03,-2.12060292810E+00,-1.51885986328E+00
+433.00E-09,+4.34673358500E+00,-592.96475351E-03,-2.04020091891E+00,-1.43890380859E+00
+434.00E-09,+4.54773861170E+00,-512.56274432E-03,-1.95979890972E+00,-1.43890380859E+00
+435.00E-09,+4.54773861170E+00,-512.56274432E-03,-1.79899489135E+00,-1.27899169922E+00
+436.00E-09,+4.74874363840E+00,-512.56274432E-03,-1.79899489134E+00,-1.27899169922E+00
+437.00E-09,+4.74874363840E+00,-512.56274432E-03,-1.63819087297E+00,-1.11907958984E+00
+438.00E-09,+4.94974866510E+00,-592.96475351E-03,-1.39698484540E+00,-799.25537109E-03
+439.00E-09,+5.15075369179E+00,-592.96475351E-03,-1.23618082702E+00,-639.34326172E-03
+440.00E-09,+5.15075369179E+00,-592.96475351E-03,-1.23618082702E+00,-639.34326172E-03
+441.00E-09,+5.55276374519E+00,-592.96475351E-03,-1.23618082702E+00,-639.34326172E-03
+442.00E-09,+5.75376877189E+00,-673.36676270E-03,-1.31658283621E+00,-639.34326172E-03
+443.00E-09,+5.95477379859E+00,-673.36676270E-03,-1.31658283621E+00,-639.34326172E-03
+444.00E-09,+6.15577882528E+00,-592.96475351E-03,-1.47738685459E+00,-879.21142578E-03
+445.00E-09,+6.55778887868E+00,-592.96475351E-03,-1.47738685459E+00,-879.21142578E-03
+446.00E-09,+6.55778887868E+00,-673.36676270E-03,-1.39698484540E+00,-719.29931641E-03
+447.00E-09,+6.75879390538E+00,-673.36676270E-03,-1.39698484540E+00,-719.29931641E-03
+448.00E-09,+6.95979893207E+00,-512.56274432E-03,-1.39698484540E+00,-879.21142578E-03
+449.00E-09,+6.75879390538E+00,-592.96475351E-03,-1.31658283621E+00,-719.29931641E-03
+450.00E-09,+6.55778887868E+00,-673.36676270E-03,-1.23618082702E+00,-559.38720703E-03
+451.00E-09,+6.15577882528E+00,-592.96475351E-03,-1.23618082702E+00,-639.34326172E-03
+452.00E-09,+6.15577882528E+00,-592.96475351E-03,-1.31658283621E+00,-719.29931641E-03
+453.00E-09,+5.55276374519E+00,-592.96475351E-03,-1.31658283621E+00,-719.29931641E-03
+454.00E-09,+5.15075369179E+00,-673.36676270E-03,-1.31658283621E+00,-639.34326172E-03
+455.00E-09,+4.74874363840E+00,-592.96475351E-03,-1.39698484540E+00,-799.25537109E-03
+456.00E-09,+4.74874363840E+00,-432.16073513E-03,-1.31658283621E+00,-879.21142578E-03
+457.00E-09,+4.74874363840E+00,-512.56274432E-03,-1.31658283621E+00,-799.25537109E-03
+458.00E-09,+4.54773861170E+00,-432.16073513E-03,-1.31658283621E+00,-879.21142578E-03
+459.00E-09,+4.54773861170E+00,-512.56274432E-03,-1.07537680864E+00,-559.38720703E-03
+460.00E-09,+4.54773861170E+00,-512.56274432E-03,-1.07537680864E+00,-559.38720703E-03
+461.00E-09,+4.54773861170E+00,-512.56274432E-03,-994.97479945E-03,-479.43115234E-03
+462.00E-09,+4.34673358500E+00,-673.36676270E-03,-994.97479945E-03,-319.51904297E-03
+463.00E-09,+4.14572855830E+00,-673.36676270E-03,-1.07537680864E+00,-399.47509766E-03
+464.00E-09,+3.94472353160E+00,-512.56274432E-03,-994.97479945E-03,-479.43115234E-03
+465.00E-09,+4.14572855830E+00,-512.56274432E-03,-994.97479945E-03,-479.43115234E-03
+466.00E-09,+3.94472353160E+00,-512.56274432E-03,-1.07537680864E+00,-559.38720703E-03
+467.00E-09,+3.94472353160E+00,-432.16073513E-03,-994.97479945E-03,-559.38720703E-03
+468.00E-09,+3.94472353160E+00,-432.16073513E-03,-1.07537680864E+00,-639.34326172E-03
+469.00E-09,+3.74371850490E+00,-432.16073513E-03,-994.97479945E-03,-559.38720703E-03
+470.00E-09,+3.34170845151E+00,-512.56274432E-03,-834.17078108E-03,-319.51904297E-03
+471.00E-09,+3.54271347821E+00,-512.56274432E-03,-834.17078108E-03,-319.51904297E-03
+472.00E-09,+3.34170845151E+00,-512.56274432E-03,-834.17078108E-03,-319.51904297E-03
+473.00E-09,+3.14070342481E+00,-592.96475351E-03,-914.57279027E-03,-319.51904297E-03
+474.00E-09,+3.14070342481E+00,-592.96475351E-03,-914.57279027E-03,-319.51904297E-03
+475.00E-09,+3.14070342481E+00,-592.96475351E-03,-914.57279027E-03,-319.51904297E-03
+476.00E-09,+3.34170845151E+00,-673.36676270E-03,-1.07537680864E+00,-399.47509766E-03
+477.00E-09,+3.54271347821E+00,-673.36676270E-03,-994.97479945E-03,-319.51904297E-03
+478.00E-09,+3.74371850491E+00,-834.17078108E-03,-1.07537680864E+00,-239.56298828E-03
+479.00E-09,+4.34673358500E+00,-753.76877189E-03,-1.15577881783E+00,-399.47509766E-03
+480.00E-09,+4.94974866510E+00,-753.76877189E-03,-1.23618082702E+00,-479.43115234E-03
+481.00E-09,+5.35175871849E+00,-753.76877189E-03,-1.23618082702E+00,-479.43115234E-03
+482.00E-09,+5.55276374519E+00,-673.36676270E-03,-1.31658283621E+00,-639.34326172E-03
+483.00E-09,+5.75376877189E+00,-834.17078108E-03,-1.39698484540E+00,-559.38720703E-03
+484.00E-09,+5.55276374519E+00,-753.76877189E-03,-1.55778886378E+00,-799.25537109E-03
+485.00E-09,+5.55276374519E+00,-834.17078108E-03,-1.55778886378E+00,-719.29931641E-03
+486.00E-09,+5.55276374519E+00,-834.17078108E-03,-1.63819087297E+00,-799.25537109E-03
+487.00E-09,+5.35175871849E+00,-914.57279026E-03,-1.87939690053E+00,-959.16748047E-03
+488.00E-09,+4.94974866509E+00,-834.17078108E-03,-1.95979890972E+00,-1.11907958984E+00
+489.00E-09,+4.94974866509E+00,-914.57279027E-03,-2.12060292810E+00,-1.19903564453E+00
+490.00E-09,+4.74874363839E+00,-914.57279027E-03,-2.20100493729E+00,-1.27899169922E+00
+491.00E-09,+4.34673358500E+00,-914.57279027E-03,-2.20100493729E+00,-1.27899169922E+00
+492.00E-09,+4.34673358500E+00,-914.57279027E-03,-2.36180895567E+00,-1.43890380859E+00
+493.00E-09,+4.34673358500E+00,-914.57279027E-03,-2.44221096486E+00,-1.51885986328E+00
+494.00E-09,+4.14572855830E+00,-994.97479945E-03,-2.44221096486E+00,-1.43890380859E+00
+495.00E-09,+4.34673358500E+00,-914.57279026E-03,-2.52261297405E+00,-1.59881591797E+00
+496.00E-09,+4.34673358500E+00,-753.76877189E-03,-2.44221096486E+00,-1.67877197266E+00
+497.00E-09,+4.54773861170E+00,-834.17078108E-03,-2.52261297405E+00,-1.67877197266E+00
+498.00E-09,+4.94974866509E+00,-753.76877189E-03,-2.52261297405E+00,-1.75872802734E+00
+499.00E-09,+4.94974866510E+00,-753.76877189E-03,-2.52261297405E+00,-1.75872802734E+00
+500.00E-09,+5.35175871849E+00,-753.76877189E-03,-2.52261297405E+00,-1.75872802734E+00
+501.00E-09,+5.55276374519E+00,-834.17078108E-03,-2.44221096486E+00,-1.59881591797E+00
+502.00E-09,+5.75376877189E+00,-834.17078108E-03,-2.28140694648E+00,-1.43890380859E+00
+503.00E-09,+5.75376877189E+00,-914.57279026E-03,-2.20100493729E+00,-1.27899169922E+00
+504.00E-09,+5.95477379858E+00,-753.76877189E-03,-2.12060292810E+00,-1.35894775391E+00
+505.00E-09,+5.95477379858E+00,-753.76877189E-03,-2.04020091891E+00,-1.27899169922E+00
+506.00E-09,+5.95477379858E+00,-753.76877189E-03,-1.87939690053E+00,-1.11907958984E+00
+507.00E-09,+5.75376877189E+00,-673.36676270E-03,-1.71859288216E+00,-1.03912353516E+00
+508.00E-09,+5.55276374519E+00,-673.36676270E-03,-1.71859288216E+00,-1.03912353516E+00
+509.00E-09,+5.55276374519E+00,-592.96475351E-03,-1.55778886378E+00,-959.16748047E-03
+510.00E-09,+5.15075369179E+00,-673.36676270E-03,-1.39698484540E+00,-719.29931641E-03
+511.00E-09,+5.15075369179E+00,-592.96475351E-03,-1.23618082702E+00,-639.34326172E-03
+512.00E-09,+5.15075369179E+00,-432.16073513E-03,-1.15577881783E+00,-719.29931641E-03
+513.00E-09,+5.35175871849E+00,-592.96475351E-03,-994.97479945E-03,-399.47509766E-03
+514.00E-09,+5.35175871849E+00,-512.56274432E-03,-834.17078108E-03,-319.51904297E-03
+515.00E-09,+5.55276374519E+00,-512.56274432E-03,-673.36676270E-03,-159.60693359E-03
+516.00E-09,+5.15075369179E+00,-512.56274432E-03,-592.96475351E-03,-79.65087891E-03
+517.00E-09,+5.35175871849E+00,-512.56274432E-03,-351.75872594E-03,+160.21728516E-03
+518.00E-09,+5.75376877189E+00,-592.96475351E-03,-190.95470756E-03,+400.08544922E-03
+519.00E-09,+5.75376877189E+00,-512.56274432E-03,-110.55269837E-03,+400.08544922E-03
+520.00E-09,+5.75376877189E+00,-432.16073513E-03,+50.25132000E-03,+480.04150391E-03
+521.00E-09,+5.95477379858E+00,-432.16073513E-03,+130.65332919E-03,+559.99755859E-03
+522.00E-09,+5.95477379858E+00,-351.75872594E-03,+211.05533838E-03,+559.99755859E-03
+523.00E-09,+5.55276374519E+00,-351.75872594E-03,+371.85935676E-03,+719.90966797E-03
+524.00E-09,+5.55276374519E+00,-351.75872594E-03,+452.26136595E-03,+799.86572266E-03
+525.00E-09,+5.55276374519E+00,-271.35671675E-03,+693.46739352E-03,+959.77783203E-03
+526.00E-09,+5.15075369179E+00,-432.16073513E-03,+693.46739352E-03,+1.11968994141E+00
+527.00E-09,+4.94974866509E+00,-351.75872594E-03,+854.27141190E-03,+1.19964599609E+00
+528.00E-09,+4.74874363840E+00,-271.35671675E-03,+1.01507543027E+00,+1.27960205078E+00
+529.00E-09,+4.54773861170E+00,-351.75872594E-03,+934.67342109E-03,+1.27960205078E+00
+530.00E-09,+4.54773861170E+00,-351.75872594E-03,+1.01507543027E+00,+1.35955810547E+00
+531.00E-09,+4.14572855830E+00,-271.35671675E-03,+1.09547743946E+00,+1.35955810547E+00
+532.00E-09,+4.14572855830E+00,-190.95470756E-03,+1.17587944865E+00,+1.35955810547E+00
+533.00E-09,+4.14572855830E+00,-190.95470756E-03,+1.17587944865E+00,+1.35955810547E+00
+534.00E-09,+3.94472353160E+00,-271.35671675E-03,+1.33668346703E+00,+1.59942626953E+00
+535.00E-09,+4.34673358500E+00,-351.75872594E-03,+1.33668346703E+00,+1.67938232422E+00
+536.00E-09,+4.34673358500E+00,-190.95470756E-03,+1.41708547622E+00,+1.59942626953E+00
+537.00E-09,+4.34673358500E+00,-190.95470756E-03,+1.41708547622E+00,+1.59942626953E+00
+538.00E-09,+4.54773861170E+00,-110.55269837E-03,+1.41708547622E+00,+1.51947021484E+00
+539.00E-09,+4.74874363840E+00,-190.95470756E-03,+1.41708547622E+00,+1.59942626953E+00
+540.00E-09,+4.54773861170E+00,-190.95470756E-03,+1.41708547622E+00,+1.59942626953E+00
+541.00E-09,+4.74874363840E+00,-190.95470756E-03,+1.49748748541E+00,+1.67938232422E+00
+542.00E-09,+4.54773861170E+00,-271.35671675E-03,+1.49748748541E+00,+1.75933837891E+00
+543.00E-09,+4.74874363840E+00,-271.35671675E-03,+1.57788949460E+00,+1.83929443359E+00
+544.00E-09,+4.74874363840E+00,-190.95470756E-03,+1.49748748541E+00,+1.67938232422E+00
+545.00E-09,+4.94974866509E+00,-190.95470756E-03,+1.57788949460E+00,+1.75933837891E+00
+546.00E-09,+4.74874363840E+00,-190.95470756E-03,+1.41708547622E+00,+1.59942626953E+00
+547.00E-09,+4.74874363840E+00,-190.95470756E-03,+1.41708547622E+00,+1.59942626953E+00
+548.00E-09,+4.34673358500E+00,-190.95470756E-03,+1.33668346703E+00,+1.51947021484E+00
+549.00E-09,+4.54773861170E+00,-271.35671675E-03,+1.33668346703E+00,+1.59942626953E+00
+550.00E-09,+4.34673358500E+00,-351.75872594E-03,+1.33668346703E+00,+1.67938232422E+00
+551.00E-09,+4.34673358500E+00,-432.16073513E-03,+1.17587944865E+00,+1.59942626953E+00
+552.00E-09,+4.34673358500E+00,-351.75872594E-03,+1.09547743946E+00,+1.43951416016E+00
+553.00E-09,+4.54773861170E+00,-432.16073513E-03,+1.01507543027E+00,+1.43951416016E+00
+554.00E-09,+4.34673358500E+00,-351.75872594E-03,+934.67342108E-03,+1.27960205078E+00
+555.00E-09,+4.54773861170E+00,-351.75872594E-03,+934.67342108E-03,+1.27960205078E+00
+556.00E-09,+4.54773861170E+00,-432.16073513E-03,+773.86940271E-03,+1.19964599609E+00
+557.00E-09,+4.74874363840E+00,-351.75872594E-03,+693.46739352E-03,+1.03973388672E+00
+558.00E-09,+4.74874363840E+00,-432.16073513E-03,+693.46739352E-03,+1.11968994141E+00
+559.00E-09,+4.94974866509E+00,-432.16073513E-03,+613.06538433E-03,+1.03973388672E+00
+560.00E-09,+5.15075369179E+00,-351.75872594E-03,+452.26136595E-03,+799.86572266E-03
+561.00E-09,+5.15075369179E+00,-432.16073513E-03,+371.85935676E-03,+799.86572266E-03
+562.00E-09,+5.35175871849E+00,-432.16073513E-03,+211.05533838E-03,+639.95361328E-03
+563.00E-09,+5.15075369179E+00,-512.56274432E-03,+211.05533838E-03,+719.90966797E-03
+564.00E-09,+5.35175871849E+00,-512.56274432E-03,+50.25132000E-03,+559.99755859E-03
+565.00E-09,+5.15075369179E+00,-512.56274432E-03,+50.25132000E-03,+559.99755859E-03
+566.00E-09,+4.94974866509E+00,-592.96475351E-03,-30.15068918E-03,+559.99755859E-03
+567.00E-09,+4.94974866509E+00,-673.36676270E-03,-110.55269837E-03,+559.99755859E-03
+568.00E-09,+4.94974866509E+00,-592.96475351E-03,-190.95470756E-03,+400.08544922E-03
+569.00E-09,+4.74874363840E+00,-592.96475351E-03,-271.35671675E-03,+320.12939453E-03
+570.00E-09,+4.74874363840E+00,-512.56274432E-03,-351.75872594E-03,+160.21728516E-03
+571.00E-09,+4.74874363840E+00,-592.96475351E-03,-351.75872594E-03,+240.17333984E-03
+572.00E-09,+4.74874363840E+00,-512.56274432E-03,-512.56274432E-03,+305.17578E-06
+573.00E-09,+4.94974866509E+00,-512.56274432E-03,-512.56274432E-03,+305.17578E-06
+574.00E-09,+4.94974866509E+00,-592.96475351E-03,-512.56274432E-03,+80.26123047E-03
+575.00E-09,+5.15075369179E+00,-673.36676270E-03,-592.96475351E-03,+80.26123047E-03
+576.00E-09,+5.15075369179E+00,-512.56274432E-03,-592.96475351E-03,-79.65087891E-03
+577.00E-09,+5.35175871849E+00,-512.56274432E-03,-673.36676270E-03,-159.60693359E-03
+578.00E-09,+5.35175871849E+00,-512.56274432E-03,-673.36676270E-03,-159.60693359E-03
+579.00E-09,+5.15075369179E+00,-592.96475351E-03,-673.36676270E-03,-79.65087891E-03
+580.00E-09,+5.15075369179E+00,-592.96475351E-03,-753.76877189E-03,-159.60693359E-03
+581.00E-09,+5.35175871849E+00,-592.96475351E-03,-834.17078108E-03,-239.56298828E-03
+582.00E-09,+5.55276374519E+00,-673.36676270E-03,-753.76877189E-03,-79.65087891E-03
+583.00E-09,+5.35175871849E+00,-673.36676270E-03,-753.76877189E-03,-79.65087891E-03
+584.00E-09,+5.35175871849E+00,-512.56274432E-03,-834.17078108E-03,-319.51904297E-03
+585.00E-09,+5.15075369179E+00,-512.56274432E-03,-834.17078108E-03,-319.51904297E-03
+586.00E-09,+5.15075369179E+00,-592.96475351E-03,-834.17078108E-03,-239.56298828E-03
+587.00E-09,+5.15075369179E+00,-592.96475351E-03,-834.17078108E-03,-239.56298828E-03
+588.00E-09,+4.94974866509E+00,-592.96475351E-03,-914.57279026E-03,-319.51904297E-03
+589.00E-09,+4.74874363840E+00,-592.96475351E-03,-753.76877189E-03,-159.60693359E-03
+590.00E-09,+4.54773861170E+00,-673.36676270E-03,-753.76877189E-03,-79.65087891E-03
+591.00E-09,+4.54773861170E+00,-592.96475351E-03,-834.17078108E-03,-239.56298828E-03
+592.00E-09,+4.54773861170E+00,-512.56274432E-03,-834.17078108E-03,-319.51904297E-03
+593.00E-09,+4.74874363840E+00,-592.96475351E-03,-834.17078108E-03,-239.56298828E-03
+594.00E-09,+4.74874363840E+00,-592.96475351E-03,-834.17078108E-03,-239.56298828E-03
+595.00E-09,+4.54773861170E+00,-592.96475351E-03,-834.17078108E-03,-239.56298828E-03
+596.00E-09,+4.74874363840E+00,-592.96475351E-03,-834.17078108E-03,-239.56298828E-03
+597.00E-09,+4.94974866509E+00,-592.96475351E-03,-834.17078108E-03,-239.56298828E-03
+598.00E-09,+4.94974866509E+00,-673.36676270E-03,-673.36676270E-03,+305.17578E-06
+599.00E-09,+4.94974866509E+00,-592.96475351E-03,-753.76877189E-03,-159.60693359E-03
+600.00E-09,+5.15075369179E+00,-512.56274432E-03,-753.76877189E-03,-239.56298828E-03
+601.00E-09,+5.15075369179E+00,-592.96475351E-03,-753.76877189E-03,-159.60693359E-03
+602.00E-09,+5.15075369179E+00,-592.96475351E-03,-914.57279027E-03,-319.51904297E-03
+603.00E-09,+5.15075369179E+00,-592.96475351E-03,-753.76877189E-03,-159.60693359E-03
+604.00E-09,+4.94974866509E+00,-592.96475351E-03,-914.57279027E-03,-319.51904297E-03
+605.00E-09,+4.74874363840E+00,-673.36676270E-03,-914.57279027E-03,-239.56298828E-03
+606.00E-09,+4.74874363840E+00,-673.36676270E-03,-914.57279027E-03,-239.56298828E-03
+607.00E-09,+4.74874363840E+00,-673.36676270E-03,-834.17078108E-03,-159.60693359E-03
+608.00E-09,+4.74874363840E+00,-592.96475351E-03,-914.57279027E-03,-319.51904297E-03
+609.00E-09,+4.94974866509E+00,-673.36676270E-03,-994.97479945E-03,-319.51904297E-03
+610.00E-09,+5.15075369179E+00,-592.96475351E-03,-1.07537680864E+00,-479.43115234E-03
+611.00E-09,+4.94974866509E+00,-673.36676270E-03,-1.07537680864E+00,-399.47509766E-03
+612.00E-09,+4.94974866509E+00,-673.36676270E-03,-1.07537680864E+00,-399.47509766E-03
+613.00E-09,+4.94974866509E+00,-673.36676270E-03,-1.15577881783E+00,-479.43115234E-03
+614.00E-09,+4.94974866509E+00,-753.76877189E-03,-1.07537680864E+00,-319.51904297E-03
+615.00E-09,+4.94974866509E+00,-753.76877189E-03,-1.15577881783E+00,-399.47509766E-03
+616.00E-09,+5.15075369179E+00,-673.36676270E-03,-1.23618082702E+00,-559.38720703E-03
+617.00E-09,+5.15075369179E+00,-673.36676270E-03,-1.31658283621E+00,-639.34326172E-03
+618.00E-09,+5.35175871849E+00,-673.36676270E-03,-1.31658283621E+00,-639.34326172E-03
+619.00E-09,+4.94974866509E+00,-592.96475351E-03,-1.31658283621E+00,-719.29931641E-03
+620.00E-09,+5.15075369179E+00,-673.36676270E-03,-1.39698484540E+00,-719.29931641E-03
+621.00E-09,+4.94974866509E+00,-673.36676270E-03,-1.47738685459E+00,-799.25537109E-03
+622.00E-09,+4.74874363840E+00,-753.76877189E-03,-1.39698484540E+00,-639.34326172E-03
+623.00E-09,+4.74874363840E+00,-753.76877189E-03,-1.31658283621E+00,-559.38720703E-03
+624.00E-09,+4.74874363840E+00,-673.36676270E-03,-1.39698484540E+00,-719.29931641E-03
+625.00E-09,+4.74874363840E+00,-753.76877189E-03,-1.47738685459E+00,-719.29931641E-03
+626.00E-09,+4.74874363840E+00,-673.36676270E-03,-1.47738685459E+00,-799.25537109E-03
+627.00E-09,+4.54773861170E+00,-753.76877189E-03,-1.47738685459E+00,-719.29931641E-03
+628.00E-09,+4.54773861170E+00,-673.36676270E-03,-1.47738685459E+00,-799.25537109E-03
+629.00E-09,+4.74874363840E+00,-673.36676270E-03,-1.47738685459E+00,-799.25537109E-03
+630.00E-09,+4.74874363840E+00,-834.17078108E-03,-1.47738685459E+00,-639.34326172E-03
+631.00E-09,+4.74874363840E+00,-753.76877189E-03,-1.47738685459E+00,-719.29931641E-03
+632.00E-09,+4.74874363840E+00,-673.36676270E-03,-1.55778886378E+00,-879.21142578E-03
+633.00E-09,+4.94974866509E+00,-753.76877189E-03,-1.47738685459E+00,-719.29931641E-03
+634.00E-09,+4.94974866509E+00,-673.36676270E-03,-1.55778886378E+00,-879.21142578E-03
+635.00E-09,+4.94974866509E+00,-673.36676270E-03,-1.47738685459E+00,-799.25537109E-03
+636.00E-09,+5.15075369179E+00,-673.36676270E-03,-1.55778886378E+00,-879.21142578E-03
+637.00E-09,+5.35175871849E+00,-673.36676270E-03,-1.47738685459E+00,-799.25537109E-03
+638.00E-09,+5.15075369179E+00,-753.76877189E-03,-1.39698484540E+00,-639.34326172E-03
+639.00E-09,+5.35175871849E+00,-834.17078108E-03,-1.39698484540E+00,-559.38720703E-03
+640.00E-09,+5.35175871849E+00,-673.36676270E-03,-1.39698484540E+00,-719.29931641E-03
+641.00E-09,+5.35175871849E+00,-753.76877189E-03,-1.31658283621E+00,-559.38720703E-03
+642.00E-09,+5.35175871849E+00,-673.36676270E-03,-1.31658283621E+00,-639.34326172E-03
+643.00E-09,+5.15075369179E+00,-753.76877189E-03,-1.31658283621E+00,-559.38720703E-03
+644.00E-09,+4.94974866509E+00,-753.76877189E-03,-1.47738685459E+00,-719.29931641E-03
+645.00E-09,+5.15075369179E+00,-673.36676270E-03,-1.31658283621E+00,-639.34326172E-03
+646.00E-09,+4.94974866509E+00,-834.17078108E-03,-1.31658283621E+00,-479.43115234E-03
+647.00E-09,+5.15075369179E+00,-753.76877189E-03,-1.31658283621E+00,-559.38720703E-03
+648.00E-09,+5.15075369179E+00,-673.36676270E-03,-1.31658283621E+00,-639.34326172E-03
+649.00E-09,+5.15075369179E+00,-673.36676270E-03,-1.31658283621E+00,-639.34326172E-03
+650.00E-09,+4.94974866509E+00,-673.36676270E-03,-1.23618082702E+00,-559.38720703E-03
+651.00E-09,+4.74874363840E+00,-673.36676270E-03,-1.23618082702E+00,-559.38720703E-03
+652.00E-09,+4.94974866509E+00,-673.36676270E-03,-1.31658283621E+00,-639.34326172E-03
+653.00E-09,+4.94974866509E+00,-673.36676270E-03,-1.31658283621E+00,-639.34326172E-03
+654.00E-09,+4.94974866509E+00,-673.36676270E-03,-1.23618082702E+00,-559.38720703E-03
+655.00E-09,+5.15075369179E+00,-753.76877189E-03,-1.23618082702E+00,-479.43115234E-03
+656.00E-09,+5.15075369179E+00,-673.36676270E-03,-1.23618082702E+00,-559.38720703E-03
+657.00E-09,+5.35175871849E+00,-673.36676270E-03,-1.15577881783E+00,-479.43115234E-03
+658.00E-09,+5.35175871849E+00,-673.36676270E-03,-1.15577881783E+00,-479.43115234E-03
+659.00E-09,+5.35175871849E+00,-673.36676270E-03,-1.07537680864E+00,-399.47509766E-03
+660.00E-09,+5.35175871849E+00,-592.96475351E-03,-1.15577881783E+00,-559.38720703E-03
+661.00E-09,+5.35175871849E+00,-592.96475351E-03,-994.97479945E-03,-399.47509766E-03
+662.00E-09,+5.15075369179E+00,-673.36676270E-03,-994.97479945E-03,-319.51904297E-03
+663.00E-09,+5.15075369179E+00,-673.36676270E-03,-914.57279027E-03,-239.56298828E-03
+664.00E-09,+5.15075369179E+00,-512.56274432E-03,-914.57279027E-03,-399.47509766E-03
+665.00E-09,+4.94974866509E+00,-592.96475351E-03,-914.57279027E-03,-319.51904297E-03
+666.00E-09,+5.15075369179E+00,-512.56274432E-03,-834.17078108E-03,-319.51904297E-03
+667.00E-09,+4.74874363840E+00,-592.96475351E-03,-834.17078108E-03,-239.56298828E-03
+668.00E-09,+4.74874363840E+00,-592.96475351E-03,-753.76877189E-03,-159.60693359E-03
+669.00E-09,+4.54773861170E+00,-512.56274432E-03,-673.36676270E-03,-159.60693359E-03
+670.00E-09,+4.34673358500E+00,-673.36676270E-03,-592.96475351E-03,+80.26123047E-03
+671.00E-09,+4.54773861170E+00,-673.36676270E-03,-592.96475351E-03,+80.26123047E-03
+672.00E-09,+4.74874363840E+00,-512.56274432E-03,-512.56274432E-03,+305.17578E-06
+673.00E-09,+4.74874363840E+00,-592.96475351E-03,-512.56274432E-03,+80.26123047E-03
+674.00E-09,+4.94974866509E+00,-512.56274432E-03,-512.56274432E-03,+305.17578E-06
+675.00E-09,+4.94974866509E+00,-512.56274432E-03,-432.16073513E-03,+80.26123047E-03
+676.00E-09,+4.94974866509E+00,-512.56274432E-03,-432.16073513E-03,+80.26123047E-03
+677.00E-09,+4.74874363840E+00,-512.56274432E-03,-271.35671675E-03,+240.17333984E-03
+678.00E-09,+4.94974866509E+00,-512.56274432E-03,-190.95470756E-03,+320.12939453E-03
+679.00E-09,+5.15075369179E+00,-673.36676270E-03,-190.95470756E-03,+480.04150391E-03
+680.00E-09,+5.15075369179E+00,-512.56274432E-03,-190.95470756E-03,+320.12939453E-03
+681.00E-09,+5.15075369179E+00,-512.56274432E-03,-190.95470756E-03,+320.12939453E-03
+682.00E-09,+4.94974866509E+00,-512.56274432E-03,-110.55269837E-03,+400.08544922E-03
+683.00E-09,+4.94974866509E+00,-512.56274432E-03,-110.55269837E-03,+400.08544922E-03
+684.00E-09,+4.74874363840E+00,-432.16073513E-03,-110.55269837E-03,+320.12939453E-03
+685.00E-09,+4.94974866509E+00,-512.56274432E-03,-110.55269837E-03,+400.08544922E-03
+686.00E-09,+4.94974866509E+00,-592.96475351E-03,-30.15068918E-03,+559.99755859E-03
+687.00E-09,+4.94974866509E+00,-592.96475351E-03,-30.15068918E-03,+559.99755859E-03
+688.00E-09,+4.94974866509E+00,-432.16073513E-03,-30.15068918E-03,+400.08544922E-03
+689.00E-09,+4.94974866509E+00,-592.96475351E-03,-110.55269837E-03,+480.04150391E-03
+690.00E-09,+4.94974866509E+00,-512.56274432E-03,-30.15068918E-03,+480.04150391E-03
+691.00E-09,+4.74874363840E+00,-512.56274432E-03,+50.25132000E-03,+559.99755859E-03
+692.00E-09,+4.94974866509E+00,-432.16073513E-03,-30.15068918E-03,+400.08544922E-03
+693.00E-09,+5.15075369179E+00,-432.16073513E-03,-30.15068918E-03,+400.08544922E-03
+694.00E-09,+4.94974866509E+00,-592.96475351E-03,+50.25132000E-03,+639.95361328E-03
+695.00E-09,+5.35175871849E+00,-592.96475351E-03,+50.25132000E-03,+639.95361328E-03
+696.00E-09,+5.35175871849E+00,-432.16073513E-03,+50.25132000E-03,+480.04150391E-03
+697.00E-09,+5.15075369179E+00,-512.56274432E-03,+50.25132000E-03,+559.99755859E-03
+698.00E-09,+4.94974866509E+00,-512.56274432E-03,+50.25132000E-03,+559.99755859E-03
+699.00E-09,+4.74874363840E+00,-432.16073513E-03,+50.25132000E-03,+480.04150391E-03
+700.00E-09,+5.15075369179E+00,-432.16073513E-03,-30.15068918E-03,+400.08544922E-03
+701.00E-09,+4.94974866509E+00,-432.16073513E-03,+50.25132000E-03,+480.04150391E-03
+702.00E-09,+4.74874363840E+00,-592.96475351E-03,+50.25132000E-03,+639.95361328E-03
+703.00E-09,+4.74874363840E+00,-592.96475351E-03,+50.25132000E-03,+639.95361328E-03
+704.00E-09,+4.74874363840E+00,-432.16073513E-03,+50.25132000E-03,+480.04150391E-03
+705.00E-09,+4.94974866509E+00,-512.56274432E-03,+50.25132000E-03,+559.99755859E-03
+706.00E-09,+4.74874363840E+00,-512.56274432E-03,+130.65332919E-03,+639.95361328E-03
+707.00E-09,+4.74874363840E+00,-512.56274432E-03,+130.65332919E-03,+639.95361328E-03
+708.00E-09,+4.74874363840E+00,-432.16073513E-03,+130.65332919E-03,+559.99755859E-03
+709.00E-09,+4.74874363840E+00,-432.16073513E-03,+130.65332919E-03,+559.99755859E-03
+710.00E-09,+4.74874363840E+00,-512.56274432E-03,+130.65332919E-03,+639.95361328E-03
+711.00E-09,+4.74874363840E+00,-432.16073513E-03,+211.05533838E-03,+639.95361328E-03
+712.00E-09,+4.74874363840E+00,-351.75872594E-03,+130.65332919E-03,+480.04150391E-03
+713.00E-09,+4.94974866509E+00,-432.16073513E-03,+130.65332919E-03,+559.99755859E-03
+714.00E-09,+5.15075369179E+00,-512.56274432E-03,+130.65332919E-03,+639.95361328E-03
+715.00E-09,+5.15075369179E+00,-432.16073513E-03,+130.65332919E-03,+559.99755859E-03
+716.00E-09,+5.15075369179E+00,-432.16073513E-03,+130.65332919E-03,+559.99755859E-03
+717.00E-09,+5.15075369179E+00,-512.56274432E-03,+130.65332919E-03,+639.95361328E-03
+718.00E-09,+5.15075369179E+00,-512.56274432E-03,+130.65332919E-03,+639.95361328E-03
+719.00E-09,+4.94974866510E+00,-592.96475351E-03,+50.25132000E-03,+639.95361328E-03
+720.00E-09,+5.15075369179E+00,-432.16073513E-03,+50.25132000E-03,+480.04150391E-03
+721.00E-09,+5.35175871849E+00,-512.56274432E-03,+50.25132000E-03,+559.99755859E-03
+722.00E-09,+5.15075369179E+00,-432.16073513E-03,+130.65332919E-03,+559.99755859E-03
+723.00E-09,+5.15075369179E+00,-432.16073513E-03,+130.65332919E-03,+559.99755859E-03
+724.00E-09,+5.15075369179E+00,-432.16073513E-03,-30.15068918E-03,+400.08544922E-03
+725.00E-09,+5.15075369179E+00,-512.56274432E-03,+50.25132000E-03,+559.99755859E-03
+726.00E-09,+4.94974866510E+00,-592.96475351E-03,-30.15068918E-03,+559.99755859E-03
+727.00E-09,+4.94974866509E+00,-592.96475351E-03,+50.25132000E-03,+639.95361328E-03
+728.00E-09,+5.15075369179E+00,-512.56274432E-03,+50.25132000E-03,+559.99755859E-03
+729.00E-09,+4.94974866510E+00,-512.56274432E-03,-110.55269837E-03,+400.08544922E-03
+730.00E-09,+5.35175871849E+00,-512.56274432E-03,-110.55269837E-03,+400.08544922E-03
+731.00E-09,+4.94974866510E+00,-512.56274432E-03,-110.55269837E-03,+400.08544922E-03
+732.00E-09,+4.94974866509E+00,-512.56274432E-03,-110.55269837E-03,+400.08544922E-03
+733.00E-09,+4.94974866509E+00,-512.56274432E-03,-190.95470756E-03,+320.12939453E-03
+734.00E-09,+4.94974866509E+00,-592.96475351E-03,-110.55269837E-03,+480.04150391E-03
+735.00E-09,+5.15075369179E+00,-592.96475351E-03,-190.95470756E-03,+400.08544922E-03
+736.00E-09,+4.94974866510E+00,-512.56274432E-03,-190.95470756E-03,+320.12939453E-03
+737.00E-09,+4.94974866509E+00,-512.56274432E-03,-271.35671675E-03,+240.17333984E-03
+738.00E-09,+4.94974866509E+00,-512.56274432E-03,-271.35671675E-03,+240.17333984E-03
+739.00E-09,+5.15075369179E+00,-592.96475351E-03,-190.95470756E-03,+400.08544922E-03
+740.00E-09,+4.94974866510E+00,-592.96475351E-03,-351.75872594E-03,+240.17333984E-03
+741.00E-09,+4.74874363840E+00,-592.96475351E-03,-351.75872594E-03,+240.17333984E-03
+742.00E-09,+4.74874363840E+00,-592.96475351E-03,-351.75872594E-03,+240.17333984E-03
+743.00E-09,+4.74874363840E+00,-673.36676270E-03,-351.75872594E-03,+320.12939453E-03
+744.00E-09,+4.74874363840E+00,-592.96475351E-03,-351.75872594E-03,+240.17333984E-03
+745.00E-09,+4.74874363840E+00,-592.96475351E-03,-432.16073513E-03,+160.21728516E-03
+746.00E-09,+4.94974866509E+00,-592.96475351E-03,-432.16073513E-03,+160.21728516E-03
+747.00E-09,+4.74874363840E+00,-512.56274432E-03,-351.75872594E-03,+160.21728516E-03
+748.00E-09,+4.74874363840E+00,-592.96475351E-03,-592.96475351E-03,+305.17578E-06
+749.00E-09,+4.74874363840E+00,-592.96475351E-03,-512.56274432E-03,+80.26123047E-03
+750.00E-09,+4.94974866509E+00,-753.76877189E-03,-512.56274432E-03,+240.17333984E-03
+751.00E-09,+4.94974866509E+00,-673.36676270E-03,-512.56274432E-03,+160.21728516E-03
+752.00E-09,+4.94974866509E+00,-673.36676270E-03,-592.96475351E-03,+80.26123047E-03
+753.00E-09,+4.94974866509E+00,-673.36676270E-03,-592.96475351E-03,+80.26123047E-03
+754.00E-09,+5.15075369179E+00,-592.96475351E-03,-673.36676270E-03,-79.65087891E-03
+755.00E-09,+4.94974866510E+00,-673.36676270E-03,-673.36676270E-03,+305.17578E-06
+756.00E-09,+4.94974866509E+00,-592.96475351E-03,-753.76877189E-03,-159.60693359E-03
+757.00E-09,+4.94974866509E+00,-592.96475351E-03,-673.36676270E-03,-79.65087891E-03
+758.00E-09,+4.74874363840E+00,-673.36676270E-03,-673.36676270E-03,+305.17578E-06
+759.00E-09,+4.74874363840E+00,-673.36676270E-03,-753.76877189E-03,-79.65087891E-03
+760.00E-09,+4.94974866509E+00,-592.96475351E-03,-834.17078108E-03,-239.56298828E-03
+761.00E-09,+4.94974866509E+00,-673.36676270E-03,-914.57279026E-03,-239.56298828E-03
+762.00E-09,+4.74874363840E+00,-673.36676270E-03,-914.57279027E-03,-239.56298828E-03
+763.00E-09,+4.74874363840E+00,-673.36676270E-03,-834.17078108E-03,-159.60693359E-03
+764.00E-09,+4.74874363840E+00,-673.36676270E-03,-994.97479945E-03,-319.51904297E-03
+765.00E-09,+4.74874363840E+00,-673.36676270E-03,-914.57279027E-03,-239.56298828E-03
+766.00E-09,+4.74874363840E+00,-753.76877189E-03,-914.57279027E-03,-159.60693359E-03
+767.00E-09,+4.94974866509E+00,-753.76877189E-03,-834.17078108E-03,-79.65087891E-03
+768.00E-09,+4.74874363840E+00,-673.36676270E-03,-994.97479945E-03,-319.51904297E-03
+769.00E-09,+4.94974866509E+00,-592.96475351E-03,-1.07537680864E+00,-479.43115234E-03
+770.00E-09,+4.74874363840E+00,-592.96475351E-03,-1.07537680864E+00,-479.43115234E-03
+771.00E-09,+4.74874363840E+00,-673.36676270E-03,-1.07537680864E+00,-399.47509766E-03
+772.00E-09,+4.74874363840E+00,-673.36676270E-03,-1.07537680864E+00,-399.47509766E-03
+773.00E-09,+4.94974866509E+00,-673.36676270E-03,-1.07537680864E+00,-399.47509766E-03
+774.00E-09,+4.74874363840E+00,-753.76877189E-03,-1.07537680864E+00,-319.51904297E-03
+775.00E-09,+4.94974866509E+00,-673.36676270E-03,-1.15577881783E+00,-479.43115234E-03
+776.00E-09,+5.15075369179E+00,-592.96475351E-03,-1.15577881783E+00,-559.38720703E-03
+777.00E-09,+5.15075369179E+00,-673.36676270E-03,-1.15577881783E+00,-479.43115234E-03
+778.00E-09,+5.35175871849E+00,-592.96475351E-03,-1.15577881783E+00,-559.38720703E-03
+779.00E-09,+5.35175871849E+00,-673.36676270E-03,-1.15577881783E+00,-479.43115234E-03
+780.00E-09,+5.15075369179E+00,-673.36676270E-03,-1.23618082702E+00,-559.38720703E-03
+781.00E-09,+5.15075369179E+00,-673.36676270E-03,-1.15577881783E+00,-479.43115234E-03
+782.00E-09,+4.94974866510E+00,-753.76877189E-03,-1.15577881783E+00,-399.47509766E-03
+783.00E-09,+4.94974866509E+00,-753.76877189E-03,-1.15577881783E+00,-399.47509766E-03
+784.00E-09,+5.15075369179E+00,-673.36676270E-03,-1.31658283621E+00,-639.34326172E-03
+785.00E-09,+4.94974866510E+00,-753.76877189E-03,-1.23618082702E+00,-479.43115234E-03
+786.00E-09,+5.15075369179E+00,-753.76877189E-03,-1.23618082702E+00,-479.43115234E-03
+787.00E-09,+5.15075369179E+00,-753.76877189E-03,-1.23618082702E+00,-479.43115234E-03
+788.00E-09,+5.15075369179E+00,-753.76877189E-03,-1.39698484540E+00,-639.34326172E-03
+789.00E-09,+5.15075369179E+00,-673.36676270E-03,-1.23618082702E+00,-559.38720703E-03
+790.00E-09,+5.15075369179E+00,-753.76877189E-03,-1.23618082702E+00,-479.43115234E-03
+791.00E-09,+5.15075369179E+00,-753.76877189E-03,-1.31658283621E+00,-559.38720703E-03
+792.00E-09,+5.15075369179E+00,-753.76877189E-03,-1.23618082702E+00,-479.43115234E-03
+793.00E-09,+5.15075369179E+00,-753.76877189E-03,-1.31658283621E+00,-559.38720703E-03
+794.00E-09,+5.15075369179E+00,-673.36676270E-03,-1.23618082702E+00,-559.38720703E-03
+795.00E-09,+4.74874363840E+00,-673.36676270E-03,-1.31658283621E+00,-639.34326172E-03
+796.00E-09,+4.94974866509E+00,-673.36676270E-03,-1.31658283621E+00,-639.34326172E-03
+797.00E-09,+4.94974866509E+00,-673.36676270E-03,-1.31658283621E+00,-639.34326172E-03
+798.00E-09,+4.74874363840E+00,-753.76877189E-03,-1.23618082702E+00,-479.43115234E-03
+799.00E-09,+4.94974866509E+00,-753.76877189E-03,-1.23618082702E+00,-479.43115234E-03
+800.00E-09,+4.94974866509E+00,-673.36676270E-03,-1.31658283621E+00,-639.34326172E-03
+801.00E-09,+4.94974866509E+00,-753.76877189E-03,-1.31658283621E+00,-559.38720703E-03
+802.00E-09,+4.94974866509E+00,-592.96475351E-03,-1.31658283621E+00,-719.29931641E-03
+803.00E-09,+4.74874363840E+00,-673.36676270E-03,-1.23618082702E+00,-559.38720703E-03
+804.00E-09,+4.94974866509E+00,-753.76877189E-03,-1.31658283621E+00,-559.38720703E-03
+805.00E-09,+4.94974866509E+00,-673.36676270E-03,-1.23618082702E+00,-559.38720703E-03
+806.00E-09,+4.94974866509E+00,-753.76877189E-03,-1.15577881783E+00,-399.47509766E-03
+807.00E-09,+4.94974866509E+00,-673.36676270E-03,-1.15577881783E+00,-479.43115234E-03
+808.00E-09,+5.15075369179E+00,-592.96475351E-03,-1.15577881783E+00,-559.38720703E-03
+809.00E-09,+5.15075369179E+00,-753.76877189E-03,-1.15577881783E+00,-399.47509766E-03
+810.00E-09,+5.15075369179E+00,-592.96475351E-03,-1.15577881783E+00,-559.38720703E-03
+811.00E-09,+4.74874363840E+00,-673.36676270E-03,-1.07537680864E+00,-399.47509766E-03
+812.00E-09,+5.15075369179E+00,-673.36676270E-03,-1.07537680864E+00,-399.47509766E-03
+813.00E-09,+5.15075369179E+00,-592.96475351E-03,-994.97479945E-03,-399.47509766E-03
+814.00E-09,+4.94974866510E+00,-753.76877189E-03,-994.97479945E-03,-239.56298828E-03
+815.00E-09,+5.15075369179E+00,-673.36676270E-03,-914.57279027E-03,-239.56298828E-03
+816.00E-09,+5.15075369179E+00,-592.96475351E-03,-914.57279027E-03,-319.51904297E-03
+817.00E-09,+5.15075369179E+00,-592.96475351E-03,-914.57279027E-03,-319.51904297E-03
+818.00E-09,+5.15075369179E+00,-592.96475351E-03,-834.17078108E-03,-239.56298828E-03
+819.00E-09,+5.15075369179E+00,-592.96475351E-03,-753.76877189E-03,-159.60693359E-03
+820.00E-09,+4.94974866510E+00,-592.96475351E-03,-914.57279026E-03,-319.51904297E-03
+821.00E-09,+4.94974866509E+00,-592.96475351E-03,-834.17078108E-03,-239.56298828E-03
+822.00E-09,+4.94974866509E+00,-673.36676270E-03,-753.76877189E-03,-79.65087891E-03
+823.00E-09,+4.74874363840E+00,-673.36676270E-03,-753.76877189E-03,-79.65087891E-03
+824.00E-09,+4.94974866509E+00,-592.96475351E-03,-753.76877189E-03,-159.60693359E-03
+825.00E-09,+4.74874363840E+00,-592.96475351E-03,-753.76877189E-03,-159.60693359E-03
+826.00E-09,+4.94974866509E+00,-592.96475351E-03,-673.36676270E-03,-79.65087891E-03
+827.00E-09,+4.74874363840E+00,-592.96475351E-03,-592.96475351E-03,+305.17578E-06
+828.00E-09,+4.94974866509E+00,-592.96475351E-03,-592.96475351E-03,+305.17578E-06
+829.00E-09,+4.74874363840E+00,-673.36676270E-03,-512.56274432E-03,+160.21728516E-03
+830.00E-09,+4.74874363840E+00,-673.36676270E-03,-512.56274432E-03,+160.21728516E-03
+831.00E-09,+4.94974866509E+00,-673.36676270E-03,-512.56274432E-03,+160.21728516E-03
+832.00E-09,+4.94974866509E+00,-512.56274432E-03,-592.96475351E-03,-79.65087890E-03
+833.00E-09,+4.94974866509E+00,-592.96475351E-03,-512.56274432E-03,+80.26123047E-03
+834.00E-09,+4.74874363840E+00,-592.96475351E-03,-512.56274432E-03,+80.26123047E-03
+835.00E-09,+5.15075369179E+00,-592.96475351E-03,-432.16073513E-03,+160.21728516E-03
+836.00E-09,+4.94974866510E+00,-592.96475351E-03,-512.56274432E-03,+80.26123047E-03
+837.00E-09,+4.94974866509E+00,-512.56274432E-03,-432.16073513E-03,+80.26123047E-03
+838.00E-09,+4.94974866509E+00,-673.36676270E-03,-432.16073513E-03,+240.17333984E-03
+839.00E-09,+4.94974866509E+00,-673.36676270E-03,-432.16073513E-03,+240.17333984E-03
+840.00E-09,+5.15075369179E+00,-512.56274432E-03,-432.16073513E-03,+80.26123047E-03
+841.00E-09,+5.15075369179E+00,-592.96475351E-03,-351.75872594E-03,+240.17333984E-03
+842.00E-09,+5.15075369179E+00,-512.56274432E-03,-351.75872594E-03,+160.21728516E-03
+843.00E-09,+5.15075369179E+00,-592.96475351E-03,-351.75872594E-03,+240.17333984E-03
+844.00E-09,+4.94974866510E+00,-592.96475351E-03,-432.16073513E-03,+160.21728516E-03
+845.00E-09,+4.94974866509E+00,-512.56274432E-03,-351.75872594E-03,+160.21728516E-03
+846.00E-09,+4.94974866509E+00,-673.36676270E-03,-351.75872594E-03,+320.12939453E-03
+847.00E-09,+5.15075369179E+00,-592.96475351E-03,-271.35671675E-03,+320.12939453E-03
+848.00E-09,+4.94974866510E+00,-512.56274432E-03,-271.35671675E-03,+240.17333984E-03
+849.00E-09,+4.94974866509E+00,-512.56274432E-03,-351.75872594E-03,+160.21728516E-03
+850.00E-09,+4.94974866509E+00,-512.56274432E-03,-271.35671675E-03,+240.17333984E-03
+851.00E-09,+4.94974866509E+00,-512.56274432E-03,-271.35671675E-03,+240.17333984E-03
+852.00E-09,+4.94974866509E+00,-592.96475351E-03,-351.75872594E-03,+240.17333984E-03
+853.00E-09,+4.94974866509E+00,-512.56274432E-03,-271.35671675E-03,+240.17333984E-03
+854.00E-09,+4.74874363840E+00,-592.96475351E-03,-190.95470756E-03,+400.08544922E-03
+855.00E-09,+4.94974866509E+00,-592.96475351E-03,-190.95470756E-03,+400.08544922E-03
+856.00E-09,+4.74874363840E+00,-512.56274432E-03,-271.35671675E-03,+240.17333984E-03
+857.00E-09,+4.94974866509E+00,-592.96475351E-03,-190.95470756E-03,+400.08544922E-03
+858.00E-09,+4.74874363840E+00,-512.56274432E-03,-190.95470756E-03,+320.12939453E-03
+859.00E-09,+4.74874363840E+00,-592.96475351E-03,-110.55269837E-03,+480.04150391E-03
+860.00E-09,+4.74874363840E+00,-512.56274432E-03,-271.35671675E-03,+240.17333985E-03
+861.00E-09,+4.74874363840E+00,-512.56274432E-03,-110.55269838E-03,+400.08544922E-03
+862.00E-09,+4.74874363840E+00,-592.96475351E-03,-30.15068919E-03,+559.99755859E-03
+863.00E-09,+4.94974866509E+00,-592.96475351E-03,-30.15068918E-03,+559.99755859E-03
+864.00E-09,+4.74874363840E+00,-512.56274432E-03,-110.55269837E-03,+400.08544922E-03
+865.00E-09,+4.94974866509E+00,-592.96475351E-03,-110.55269837E-03,+480.04150391E-03
+866.00E-09,+4.94974866509E+00,-512.56274432E-03,-110.55269837E-03,+400.08544922E-03
+867.00E-09,+5.15075369179E+00,-512.56274432E-03,-110.55269837E-03,+400.08544922E-03
+868.00E-09,+4.94974866510E+00,-512.56274432E-03,-110.55269837E-03,+400.08544922E-03
+869.00E-09,+4.94974866509E+00,-512.56274432E-03,-110.55269837E-03,+400.08544922E-03
+870.00E-09,+4.94974866509E+00,-673.36676270E-03,-110.55269837E-03,+559.99755859E-03
+871.00E-09,+5.15075369179E+00,-592.96475351E-03,-110.55269837E-03,+480.04150391E-03
+872.00E-09,+5.15075369179E+00,-432.16073513E-03,-110.55269837E-03,+320.12939453E-03
+873.00E-09,+5.35175871849E+00,-512.56274432E-03,-190.95470756E-03,+320.12939453E-03
+874.00E-09,+5.35175871849E+00,-512.56274432E-03,-190.95470756E-03,+320.12939453E-03
+875.00E-09,+5.15075369179E+00,-512.56274432E-03,-190.95470756E-03,+320.12939453E-03
+876.00E-09,+5.15075369179E+00,-592.96475351E-03,-271.35671675E-03,+320.12939453E-03
+877.00E-09,+5.15075369179E+00,-512.56274432E-03,-271.35671675E-03,+240.17333984E-03
+878.00E-09,+4.94974866510E+00,-592.96475351E-03,-190.95470756E-03,+400.08544922E-03
+879.00E-09,+5.15075369179E+00,-592.96475351E-03,-190.95470756E-03,+400.08544922E-03
+880.00E-09,+5.35175871849E+00,-432.16073513E-03,-271.35671675E-03,+160.21728516E-03
+881.00E-09,+5.15075369179E+00,-592.96475351E-03,-190.95470756E-03,+400.08544922E-03
+882.00E-09,+4.94974866510E+00,-512.56274432E-03,-271.35671675E-03,+240.17333985E-03
+883.00E-09,+4.94974866509E+00,-512.56274432E-03,-190.95470756E-03,+320.12939453E-03
+884.00E-09,+5.15075369179E+00,-512.56274432E-03,-271.35671675E-03,+240.17333984E-03
+885.00E-09,+4.94974866510E+00,-512.56274432E-03,-271.35671675E-03,+240.17333984E-03
+886.00E-09,+4.74874363840E+00,-592.96475351E-03,-190.95470756E-03,+400.08544922E-03
+887.00E-09,+4.94974866509E+00,-592.96475351E-03,-351.75872594E-03,+240.17333985E-03
+888.00E-09,+4.94974866509E+00,-512.56274432E-03,-432.16073513E-03,+80.26123047E-03
+889.00E-09,+4.74874363840E+00,-592.96475351E-03,-432.16073513E-03,+160.21728516E-03
+890.00E-09,+4.74874363840E+00,-592.96475351E-03,-351.75872594E-03,+240.17333984E-03
+891.00E-09,+4.74874363840E+00,-512.56274432E-03,-351.75872594E-03,+160.21728516E-03
+892.00E-09,+4.94974866509E+00,-592.96475351E-03,-432.16073513E-03,+160.21728516E-03
+893.00E-09,+4.74874363840E+00,-592.96475351E-03,-351.75872594E-03,+240.17333984E-03
+894.00E-09,+4.74874363840E+00,-592.96475351E-03,-432.16073513E-03,+160.21728516E-03
+895.00E-09,+4.74874363840E+00,-673.36676270E-03,-351.75872594E-03,+320.12939453E-03
+896.00E-09,+4.74874363840E+00,-512.56274432E-03,-432.16073513E-03,+80.26123047E-03
+897.00E-09,+4.94974866509E+00,-592.96475351E-03,-432.16073513E-03,+160.21728516E-03
+898.00E-09,+4.94974866509E+00,-512.56274432E-03,-351.75872594E-03,+160.21728516E-03
+899.00E-09,+4.74874363840E+00,-592.96475351E-03,-432.16073513E-03,+160.21728516E-03
+900.00E-09,+4.74874363840E+00,-592.96475351E-03,-432.16073513E-03,+160.21728516E-03
+901.00E-09,+4.74874363840E+00,-592.96475351E-03,-512.56274432E-03,+80.26123047E-03
+902.00E-09,+4.74874363840E+00,-592.96475351E-03,-512.56274432E-03,+80.26123047E-03
+903.00E-09,+4.74874363840E+00,-673.36676270E-03,-432.16073513E-03,+240.17333984E-03
+904.00E-09,+4.74874363840E+00,-512.56274432E-03,-512.56274432E-03,+305.17578E-06
+905.00E-09,+4.94974866509E+00,-592.96475351E-03,-512.56274432E-03,+80.26123047E-03
+906.00E-09,+4.94974866509E+00,-592.96475351E-03,-512.56274432E-03,+80.26123047E-03
+907.00E-09,+4.74874363840E+00,-512.56274432E-03,-432.16073513E-03,+80.26123047E-03
+908.00E-09,+4.94974866509E+00,-592.96475351E-03,-592.96475351E-03,+305.17578E-06
+909.00E-09,+4.74874363840E+00,-673.36676270E-03,-512.56274432E-03,+160.21728515E-03
+910.00E-09,+4.94974866509E+00,-673.36676270E-03,-432.16073513E-03,+240.17333984E-03
+911.00E-09,+4.94974866509E+00,-673.36676270E-03,-592.96475351E-03,+80.26123047E-03
+912.00E-09,+5.15075369179E+00,-592.96475351E-03,-592.96475351E-03,+305.17578E-06
+913.00E-09,+4.94974866510E+00,-592.96475351E-03,-592.96475351E-03,+305.17578E-06
+914.00E-09,+5.15075369179E+00,-673.36676270E-03,-673.36676270E-03,+305.17578E-06
+915.00E-09,+4.94974866510E+00,-592.96475351E-03,-592.96475351E-03,+305.17578E-06
+916.00E-09,+4.74874363840E+00,-673.36676270E-03,-673.36676270E-03,+305.17578E-06
+917.00E-09,+4.74874363840E+00,-592.96475351E-03,-753.76877189E-03,-159.60693359E-03
+918.00E-09,+4.74874363840E+00,-673.36676270E-03,-673.36676270E-03,+305.17578E-06
+919.00E-09,+4.94974866509E+00,-673.36676270E-03,-673.36676270E-03,+305.17578E-06
+920.00E-09,+4.94974866509E+00,-592.96475351E-03,-753.76877189E-03,-159.60693359E-03
+921.00E-09,+4.94974866509E+00,-673.36676270E-03,-753.76877189E-03,-79.65087891E-03
+922.00E-09,+4.94974866509E+00,-592.96475351E-03,-753.76877189E-03,-159.60693359E-03
+923.00E-09,+4.94974866509E+00,-592.96475351E-03,-834.17078108E-03,-239.56298828E-03
+924.00E-09,+4.94974866509E+00,-673.36676270E-03,-914.57279026E-03,-239.56298828E-03
+925.00E-09,+4.94974866509E+00,-592.96475351E-03,-834.17078108E-03,-239.56298828E-03
+926.00E-09,+4.94974866509E+00,-753.76877189E-03,-834.17078108E-03,-79.65087891E-03
+927.00E-09,+4.94974866509E+00,-673.36676270E-03,-834.17078108E-03,-159.60693359E-03
+928.00E-09,+5.15075369179E+00,-592.96475351E-03,-914.57279026E-03,-319.51904297E-03
+929.00E-09,+5.15075369179E+00,-592.96475351E-03,-834.17078108E-03,-239.56298828E-03
+930.00E-09,+5.35175871849E+00,-592.96475351E-03,-914.57279026E-03,-319.51904297E-03
+931.00E-09,+5.15075369179E+00,-673.36676270E-03,-834.17078108E-03,-159.60693360E-03
+932.00E-09,+4.94974866510E+00,-673.36676270E-03,-994.97479945E-03,-319.51904297E-03
+933.00E-09,+4.94974866509E+00,-673.36676270E-03,-914.57279027E-03,-239.56298828E-03
+934.00E-09,+4.94974866509E+00,-673.36676270E-03,-914.57279027E-03,-239.56298828E-03
+935.00E-09,+4.94974866509E+00,-753.76877189E-03,-914.57279027E-03,-159.60693359E-03
+936.00E-09,+4.94974866509E+00,-592.96475351E-03,-914.57279027E-03,-319.51904297E-03
+937.00E-09,+4.94974866509E+00,-753.76877189E-03,-914.57279027E-03,-159.60693360E-03
+938.00E-09,+5.15075369179E+00,-673.36676270E-03,-914.57279027E-03,-239.56298828E-03
+939.00E-09,+5.15075369179E+00,-673.36676270E-03,-914.57279027E-03,-239.56298828E-03
+940.00E-09,+4.94974866510E+00,-673.36676270E-03,-994.97479945E-03,-319.51904297E-03
+941.00E-09,+4.74874363840E+00,-673.36676270E-03,-914.57279027E-03,-239.56298828E-03
+942.00E-09,+4.94974866509E+00,-673.36676270E-03,-914.57279027E-03,-239.56298828E-03
+943.00E-09,+4.94974866509E+00,-753.76877189E-03,-914.57279027E-03,-159.60693359E-03
+944.00E-09,+4.94974866509E+00,-673.36676270E-03,-994.97479945E-03,-319.51904297E-03
+945.00E-09,+4.94974866509E+00,-673.36676270E-03,-914.57279027E-03,-239.56298828E-03
+946.00E-09,+4.94974866509E+00,-592.96475351E-03,-914.57279027E-03,-319.51904297E-03
+947.00E-09,+4.94974866509E+00,-673.36676270E-03,-914.57279027E-03,-239.56298828E-03
+948.00E-09,+4.94974866509E+00,-673.36676270E-03,-994.97479945E-03,-319.51904297E-03
+949.00E-09,+4.94974866509E+00,-673.36676270E-03,-994.97479945E-03,-319.51904297E-03
+950.00E-09,+4.74874363840E+00,-673.36676270E-03,-914.57279027E-03,-239.56298828E-03
+951.00E-09,+4.94974866509E+00,-753.76877189E-03,-914.57279027E-03,-159.60693359E-03
+952.00E-09,+4.94974866509E+00,-592.96475351E-03,-914.57279027E-03,-319.51904297E-03
+953.00E-09,+4.94974866509E+00,-673.36676270E-03,-914.57279027E-03,-239.56298828E-03
+954.00E-09,+4.94974866509E+00,-592.96475351E-03,-914.57279027E-03,-319.51904297E-03
+955.00E-09,+5.15075369179E+00,-673.36676270E-03,-914.57279027E-03,-239.56298828E-03
+956.00E-09,+4.94974866510E+00,-673.36676270E-03,-994.97479945E-03,-319.51904297E-03
+957.00E-09,+4.74874363840E+00,-592.96475351E-03,-994.97479945E-03,-399.47509766E-03
+958.00E-09,+4.94974866509E+00,-753.76877189E-03,-914.57279027E-03,-159.60693360E-03
+959.00E-09,+5.15075369179E+00,-753.76877189E-03,-834.17078108E-03,-79.65087891E-03
+960.00E-09,+4.94974866510E+00,-592.96475351E-03,-834.17078108E-03,-239.56298828E-03
+961.00E-09,+5.15075369179E+00,-673.36676270E-03,-914.57279026E-03,-239.56298828E-03
+962.00E-09,+5.35175871849E+00,-673.36676270E-03,-914.57279027E-03,-239.56298828E-03
+963.00E-09,+5.15075369179E+00,-673.36676270E-03,-914.57279027E-03,-239.56298828E-03
+964.00E-09,+4.94974866510E+00,-673.36676270E-03,-994.97479945E-03,-319.51904297E-03
+965.00E-09,+5.15075369179E+00,-592.96475351E-03,-834.17078108E-03,-239.56298828E-03
+966.00E-09,+4.94974866510E+00,-753.76877189E-03,-834.17078108E-03,-79.65087891E-03
+967.00E-09,+4.94974866509E+00,-753.76877189E-03,-834.17078108E-03,-79.65087891E-03
+968.00E-09,+5.15075369179E+00,-673.36676270E-03,-834.17078108E-03,-159.60693359E-03
+969.00E-09,+5.15075369179E+00,-592.96475351E-03,-834.17078108E-03,-239.56298828E-03
+970.00E-09,+5.35175871849E+00,-592.96475351E-03,-834.17078108E-03,-239.56298828E-03
+971.00E-09,+4.94974866510E+00,-673.36676270E-03,-834.17078108E-03,-159.60693359E-03
+972.00E-09,+5.15075369179E+00,-673.36676270E-03,-834.17078108E-03,-159.60693359E-03
+973.00E-09,+5.15075369179E+00,-673.36676270E-03,-834.17078108E-03,-159.60693359E-03
+974.00E-09,+4.74874363840E+00,-753.76877189E-03,-834.17078108E-03,-79.65087891E-03
+975.00E-09,+4.74874363840E+00,-753.76877189E-03,-753.76877189E-03,+305.17578E-06
+976.00E-09,+4.74874363840E+00,-673.36676270E-03,-834.17078108E-03,-159.60693359E-03
+977.00E-09,+4.94974866509E+00,-673.36676270E-03,-753.76877189E-03,-79.65087891E-03
+978.00E-09,+5.15075369179E+00,-592.96475351E-03,-834.17078108E-03,-239.56298828E-03
+979.00E-09,+4.94974866510E+00,-592.96475351E-03,-753.76877189E-03,-159.60693359E-03
+980.00E-09,+4.74874363840E+00,-592.96475351E-03,-834.17078108E-03,-239.56298828E-03
+981.00E-09,+4.74874363840E+00,-673.36676270E-03,-834.17078108E-03,-159.60693359E-03
+982.00E-09,+4.54773861170E+00,-592.96475351E-03,-753.76877189E-03,-159.60693359E-03
+983.00E-09,+5.15075369179E+00,-673.36676270E-03,-673.36676270E-03,+305.17578E-06
+984.00E-09,+5.15075369179E+00,-592.96475351E-03,-673.36676270E-03,-79.65087891E-03
+985.00E-09,+5.15075369179E+00,-592.96475351E-03,-753.76877189E-03,-159.60693359E-03
+986.00E-09,+5.15075369179E+00,-592.96475351E-03,-753.76877189E-03,-159.60693359E-03
+987.00E-09,+4.94974866510E+00,-673.36676270E-03,-592.96475351E-03,+80.26123047E-03
+988.00E-09,+5.15075369179E+00,-592.96475351E-03,-753.76877189E-03,-159.60693359E-03
+989.00E-09,+4.94974866510E+00,-592.96475351E-03,-673.36676270E-03,-79.65087891E-03
+990.00E-09,+4.94974866509E+00,-673.36676270E-03,-592.96475351E-03,+80.26123047E-03
+991.00E-09,+4.94974866509E+00,-673.36676270E-03,-673.36676270E-03,+305.17578E-06
+992.00E-09,+4.94974866509E+00,-592.96475351E-03,-673.36676270E-03,-79.65087891E-03
+993.00E-09,+5.15075369179E+00,-592.96475351E-03,-592.96475351E-03,+305.17578E-06
+994.00E-09,+5.15075369179E+00,-592.96475351E-03,-592.96475351E-03,+305.17578E-06
+995.00E-09,+5.15075369179E+00,-592.96475351E-03,-512.56274432E-03,+80.26123047E-03
+996.00E-09,+4.94974866510E+00,-592.96475351E-03,-592.96475351E-03,+305.17578E-06
+997.00E-09,+5.15075369179E+00,-592.96475351E-03,-592.96475351E-03,+305.17578E-06
+998.00E-09,+4.94974866510E+00,-753.76877189E-03,-592.96475351E-03,+160.21728516E-03
+999.00E-09,+4.94974866509E+00,-753.76877189E-03,-592.96475351E-03,+160.21728516E-03
+1.00000E-06,+4.74874363840E+00,-592.96475351E-03,-592.96475351E-03,+305.17578E-06
+1.00100E-06,+4.94974866509E+00,-673.36676270E-03,-592.96475351E-03,+80.26123047E-03
+1.00200E-06,+4.94974866509E+00,-512.56274432E-03,-592.96475351E-03,-79.65087891E-03
+1.00300E-06,+4.74874363840E+00,-592.96475351E-03,-512.56274432E-03,+80.26123047E-03
+1.00400E-06,+4.94974866509E+00,-592.96475351E-03,-592.96475351E-03,+305.17578E-06
+1.00500E-06,+4.94974866509E+00,-592.96475351E-03,-512.56274432E-03,+80.26123047E-03
+1.00600E-06,+4.94974866509E+00,-673.36676270E-03,-512.56274432E-03,+160.21728516E-03
+1.00700E-06,+4.94974866509E+00,-592.96475351E-03,-512.56274432E-03,+80.26123047E-03
+1.00800E-06,+4.74874363840E+00,-512.56274432E-03,-512.56274432E-03,+305.17578E-06
+1.00900E-06,+4.74874363840E+00,-592.96475351E-03,-512.56274432E-03,+80.26123047E-03
+1.01000E-06,+5.15075369179E+00,-592.96475351E-03,-512.56274432E-03,+80.26123047E-03
+1.01100E-06,+4.74874363840E+00,-592.96475351E-03,-432.16073513E-03,+160.21728516E-03
+1.01200E-06,+4.94974866509E+00,-592.96475351E-03,-592.96475351E-03,+305.17578E-06
+1.01300E-06,+4.74874363840E+00,-592.96475351E-03,-512.56274432E-03,+80.26123047E-03
+1.01400E-06,+4.94974866509E+00,-673.36676270E-03,-512.56274432E-03,+160.21728516E-03
+1.01500E-06,+4.94974866509E+00,-592.96475351E-03,-432.16073513E-03,+160.21728516E-03
+1.01600E-06,+4.94974866509E+00,-592.96475351E-03,-432.16073513E-03,+160.21728516E-03
+1.01700E-06,+4.94974866509E+00,-592.96475351E-03,-512.56274432E-03,+80.26123047E-03
+1.01800E-06,+5.15075369179E+00,-512.56274432E-03,-432.16073513E-03,+80.26123047E-03
+1.01900E-06,+4.74874363840E+00,-592.96475351E-03,-432.16073513E-03,+160.21728516E-03
+1.02000E-06,+4.74874363840E+00,-592.96475351E-03,-512.56274432E-03,+80.26123047E-03
+1.02100E-06,+4.94974866509E+00,-592.96475351E-03,-351.75872594E-03,+240.17333984E-03
+1.02200E-06,+4.94974866509E+00,-673.36676270E-03,-432.16073513E-03,+240.17333984E-03
+1.02300E-06,+4.94974866509E+00,-592.96475351E-03,-351.75872594E-03,+240.17333984E-03
+1.02400E-06,+5.15075369179E+00,-512.56274432E-03,-351.75872594E-03,+160.21728516E-03
+1.02500E-06,+5.15075369179E+00,-592.96475351E-03,-432.16073513E-03,+160.21728516E-03
+1.02600E-06,+5.15075369179E+00,-512.56274432E-03,-351.75872594E-03,+160.21728516E-03
+1.02700E-06,+5.15075369179E+00,-512.56274432E-03,-432.16073513E-03,+80.26123047E-03
+1.02800E-06,+4.94974866510E+00,-592.96475351E-03,-432.16073513E-03,+160.21728516E-03
+1.02900E-06,+5.15075369179E+00,-592.96475351E-03,-432.16073513E-03,+160.21728516E-03
+1.03000E-06,+4.94974866510E+00,-592.96475351E-03,-432.16073513E-03,+160.21728516E-03
+1.03100E-06,+4.94974866509E+00,-673.36676270E-03,-351.75872594E-03,+320.12939453E-03
+1.03200E-06,+5.15075369179E+00,-512.56274432E-03,-432.16073513E-03,+80.26123047E-03
+1.03300E-06,+4.94974866510E+00,-592.96475351E-03,-432.16073513E-03,+160.21728516E-03
+1.03400E-06,+4.94974866509E+00,-592.96475351E-03,-432.16073513E-03,+160.21728516E-03
+1.03500E-06,+4.94974866509E+00,-512.56274432E-03,-351.75872594E-03,+160.21728516E-03
+1.03600E-06,+5.15075369179E+00,-592.96475351E-03,-512.56274432E-03,+80.26123047E-03
+1.03700E-06,+4.94974866510E+00,-592.96475351E-03,-432.16073513E-03,+160.21728516E-03
+1.03800E-06,+4.94974866509E+00,-673.36676270E-03,-351.75872594E-03,+320.12939453E-03
+1.03900E-06,+4.94974866509E+00,-592.96475351E-03,-432.16073513E-03,+160.21728516E-03
+1.04000E-06,+4.94974866509E+00,-512.56274432E-03,-351.75872594E-03,+160.21728516E-03
+1.04100E-06,+4.94974866509E+00,-592.96475351E-03,-432.16073513E-03,+160.21728516E-03
+1.04200E-06,+5.35175871849E+00,-592.96475351E-03,-351.75872594E-03,+240.17333984E-03
+1.04300E-06,+4.94974866510E+00,-592.96475351E-03,-351.75872594E-03,+240.17333984E-03
+1.04400E-06,+4.94974866509E+00,-592.96475351E-03,-432.16073513E-03,+160.21728516E-03
+1.04500E-06,+4.74874363840E+00,-592.96475351E-03,-432.16073513E-03,+160.21728516E-03
+1.04600E-06,+4.94974866509E+00,-673.36676270E-03,-351.75872594E-03,+320.12939453E-03
+1.04700E-06,+5.15075369179E+00,-673.36676270E-03,-351.75872594E-03,+320.12939453E-03
+1.04800E-06,+4.94974866510E+00,-512.56274432E-03,-351.75872594E-03,+160.21728516E-03
+1.04900E-06,+5.15075369179E+00,-592.96475351E-03,-432.16073513E-03,+160.21728516E-03
+1.05000E-06,+4.94974866510E+00,-592.96475351E-03,-351.75872594E-03,+240.17333984E-03
+1.05100E-06,+5.15075369179E+00,-592.96475351E-03,-351.75872594E-03,+240.17333984E-03
+1.05200E-06,+4.94974866509E+00,-592.96475351E-03,-432.16073513E-03,+160.21728516E-03
+1.05300E-06,+5.15075369179E+00,-592.96475351E-03,-432.16073513E-03,+160.21728516E-03
+1.05400E-06,+4.94974866509E+00,-592.96475351E-03,-432.16073513E-03,+160.21728516E-03
+1.05500E-06,+5.15075369179E+00,-592.96475351E-03,-432.16073513E-03,+160.21728516E-03
+1.05600E-06,+5.15075369179E+00,-512.56274432E-03,-432.16073513E-03,+80.26123047E-03
+1.05700E-06,+5.15075369179E+00,-592.96475351E-03,-432.16073513E-03,+160.21728516E-03
+1.05800E-06,+4.94974866509E+00,-592.96475351E-03,-432.16073513E-03,+160.21728516E-03
+1.05900E-06,+5.15075369179E+00,-592.96475351E-03,-432.16073513E-03,+160.21728516E-03
+1.06000E-06,+4.94974866509E+00,-592.96475351E-03,-512.56274432E-03,+80.26123047E-03
+1.06100E-06,+4.94974866509E+00,-592.96475351E-03,-512.56274432E-03,+80.26123047E-03
+1.06200E-06,+4.94974866509E+00,-592.96475351E-03,-432.16073513E-03,+160.21728516E-03
+1.06300E-06,+4.94974866509E+00,-673.36676270E-03,-432.16073513E-03,+240.17333984E-03
+1.06400E-06,+4.74874363840E+00,-512.56274432E-03,-512.56274432E-03,+305.17578E-06
+1.06500E-06,+4.74874363840E+00,-592.96475351E-03,-512.56274432E-03,+80.26123047E-03
+1.06600E-06,+5.15075369179E+00,-592.96475351E-03,-512.56274432E-03,+80.26123047E-03
+1.06700E-06,+4.74874363840E+00,-592.96475351E-03,-512.56274432E-03,+80.26123047E-03
+1.06800E-06,+4.74874363840E+00,-592.96475351E-03,-592.96475351E-03,+305.17578E-06
+1.06900E-06,+4.94974866509E+00,-592.96475351E-03,-512.56274432E-03,+80.26123047E-03
+1.07000E-06,+4.54773861170E+00,-673.36676270E-03,-512.56274432E-03,+160.21728516E-03
+1.07100E-06,+4.74874363840E+00,-673.36676270E-03,-512.56274432E-03,+160.21728516E-03
+1.07200E-06,+4.74874363840E+00,-512.56274432E-03,-592.96475351E-03,-79.65087891E-03
+1.07300E-06,+4.94974866509E+00,-592.96475351E-03,-592.96475351E-03,+305.17578E-06
+1.07400E-06,+4.94974866509E+00,-592.96475351E-03,-592.96475351E-03,+305.17578E-06
+1.07500E-06,+4.74874363840E+00,-673.36676270E-03,-592.96475351E-03,+80.26123047E-03
+1.07600E-06,+4.74874363840E+00,-592.96475351E-03,-673.36676270E-03,-79.65087891E-03
+1.07700E-06,+4.74874363840E+00,-512.56274432E-03,-673.36676270E-03,-159.60693359E-03
+1.07800E-06,+4.94974866509E+00,-673.36676270E-03,-592.96475351E-03,+80.26123047E-03
+1.07900E-06,+4.94974866509E+00,-673.36676270E-03,-673.36676270E-03,+305.17578E-06
+1.08000E-06,+4.94974866509E+00,-592.96475351E-03,-592.96475351E-03,+305.17578E-06
+1.08100E-06,+4.94974866509E+00,-592.96475351E-03,-592.96475351E-03,+305.17578E-06
+1.08200E-06,+5.35175871849E+00,-592.96475351E-03,-673.36676270E-03,-79.65087891E-03
+1.08300E-06,+5.35175871849E+00,-592.96475351E-03,-592.96475351E-03,+305.17578E-06
+1.08400E-06,+4.94974866509E+00,-673.36676270E-03,-673.36676270E-03,+305.17578E-06
+1.08500E-06,+4.74874363840E+00,-592.96475351E-03,-592.96475351E-03,+305.17578E-06
+1.08600E-06,+4.94974866509E+00,-673.36676270E-03,-592.96475351E-03,+80.26123047E-03
+1.08700E-06,+4.94974866509E+00,-673.36676270E-03,-592.96475351E-03,+80.26123047E-03
+1.08800E-06,+4.94974866509E+00,-673.36676270E-03,-673.36676270E-03,+305.17578E-06
+1.08900E-06,+4.94974866509E+00,-592.96475351E-03,-673.36676270E-03,-79.65087891E-03
+1.09000E-06,+4.94974866509E+00,-592.96475351E-03,-673.36676270E-03,-79.65087891E-03
+1.09100E-06,+4.94974866509E+00,-592.96475351E-03,-673.36676270E-03,-79.65087891E-03
+1.09200E-06,+4.94974866509E+00,-592.96475351E-03,-753.76877189E-03,-159.60693359E-03
+1.09300E-06,+4.74874363840E+00,-592.96475351E-03,-673.36676270E-03,-79.65087891E-03
+1.09400E-06,+4.74874363840E+00,-753.76877189E-03,-592.96475351E-03,+160.21728516E-03
+1.09500E-06,+4.74874363840E+00,-673.36676270E-03,-753.76877189E-03,-79.65087891E-03
+1.09600E-06,+4.94974866509E+00,-673.36676270E-03,-753.76877189E-03,-79.65087891E-03
+1.09700E-06,+5.15075369179E+00,-673.36676270E-03,-673.36676270E-03,+305.17578E-06
+1.09800E-06,+4.94974866509E+00,-592.96475351E-03,-753.76877189E-03,-159.60693359E-03
+1.09900E-06,+5.15075369179E+00,-592.96475351E-03,-753.76877189E-03,-159.60693359E-03
+1.10000E-06,+5.15075369179E+00,-673.36676270E-03,-834.17078108E-03,-159.60693359E-03
+1.10100E-06,+4.94974866509E+00,-673.36676270E-03,-834.17078108E-03,-159.60693359E-03
+1.10200E-06,+4.94974866509E+00,-673.36676270E-03,-753.76877189E-03,-79.65087891E-03
+1.10300E-06,+4.94974866509E+00,-673.36676270E-03,-753.76877189E-03,-79.65087891E-03
+1.10400E-06,+5.15075369179E+00,-592.96475351E-03,-753.76877189E-03,-159.60693359E-03
+1.10500E-06,+4.94974866509E+00,-592.96475351E-03,-834.17078108E-03,-239.56298828E-03
+1.10600E-06,+4.94974866509E+00,-592.96475351E-03,-834.17078108E-03,-239.56298828E-03
+1.10700E-06,+5.15075369179E+00,-592.96475351E-03,-834.17078108E-03,-239.56298828E-03
+1.10800E-06,+4.94974866509E+00,-592.96475351E-03,-834.17078108E-03,-239.56298828E-03
+1.10900E-06,+4.74874363840E+00,-673.36676270E-03,-834.17078108E-03,-159.60693359E-03
+1.11000E-06,+4.74874363840E+00,-673.36676270E-03,-834.17078108E-03,-159.60693359E-03
+1.11100E-06,+4.94974866509E+00,-673.36676270E-03,-753.76877189E-03,-79.65087891E-03
+1.11200E-06,+5.15075369179E+00,-592.96475351E-03,-914.57279026E-03,-319.51904297E-03
+1.11300E-06,+4.94974866509E+00,-673.36676270E-03,-834.17078108E-03,-159.60693359E-03
+1.11400E-06,+5.15075369179E+00,-592.96475351E-03,-834.17078108E-03,-239.56298828E-03
+1.11500E-06,+4.94974866509E+00,-673.36676270E-03,-834.17078108E-03,-159.60693359E-03
+1.11600E-06,+5.15075369179E+00,-673.36676270E-03,-994.97479945E-03,-319.51904297E-03
+1.11700E-06,+4.94974866509E+00,-592.96475351E-03,-834.17078108E-03,-239.56298828E-03
+1.11800E-06,+4.94974866509E+00,-753.76877189E-03,-914.57279026E-03,-159.60693359E-03
+1.11900E-06,+4.94974866509E+00,-753.76877189E-03,-834.17078108E-03,-79.65087891E-03
+1.12000E-06,+5.15075369179E+00,-592.96475351E-03,-914.57279027E-03,-319.51904297E-03
+1.12100E-06,+4.94974866509E+00,-673.36676270E-03,-914.57279027E-03,-239.56298828E-03
+1.12200E-06,+5.15075369179E+00,-592.96475351E-03,-914.57279027E-03,-319.51904297E-03
+1.12300E-06,+5.15075369179E+00,-673.36676270E-03,-914.57279027E-03,-239.56298828E-03
+1.12400E-06,+4.94974866509E+00,-673.36676270E-03,-994.97479945E-03,-319.51904297E-03
+1.12500E-06,+4.94974866509E+00,-592.96475351E-03,-834.17078108E-03,-239.56298828E-03
+1.12600E-06,+4.94974866509E+00,-753.76877189E-03,-914.57279027E-03,-159.60693359E-03
+1.12700E-06,+4.94974866509E+00,-753.76877189E-03,-914.57279027E-03,-159.60693359E-03
+1.12800E-06,+4.74874363840E+00,-592.96475351E-03,-914.57279027E-03,-319.51904297E-03
+1.12900E-06,+4.94974866509E+00,-673.36676270E-03,-914.57279027E-03,-239.56298828E-03
+1.13000E-06,+4.94974866509E+00,-673.36676270E-03,-994.97479945E-03,-319.51904297E-03
+1.13100E-06,+4.94974866509E+00,-673.36676270E-03,-914.57279027E-03,-239.56298828E-03
+1.13200E-06,+4.74874363840E+00,-592.96475351E-03,-994.97479945E-03,-399.47509766E-03
+1.13300E-06,+4.74874363840E+00,-673.36676270E-03,-914.57279026E-03,-239.56298828E-03
+1.13400E-06,+4.74874363840E+00,-753.76877189E-03,-834.17078108E-03,-79.65087891E-03
+1.13500E-06,+4.94974866510E+00,-673.36676270E-03,-834.17078108E-03,-159.60693359E-03
+1.13600E-06,+5.15075369179E+00,-592.96475351E-03,-914.57279027E-03,-319.51904297E-03
+1.13700E-06,+4.94974866510E+00,-592.96475351E-03,-914.57279027E-03,-319.51904297E-03
+1.13800E-06,+5.15075369179E+00,-592.96475351E-03,-914.57279026E-03,-319.51904297E-03
+1.13900E-06,+4.74874363840E+00,-592.96475351E-03,-834.17078108E-03,-239.56298828E-03
+1.14000E-06,+4.94974866509E+00,-592.96475351E-03,-834.17078108E-03,-239.56298828E-03
+1.14100E-06,+4.94974866509E+00,-592.96475351E-03,-834.17078108E-03,-239.56298828E-03
+1.14200E-06,+4.94974866509E+00,-673.36676270E-03,-753.76877189E-03,-79.65087891E-03
+1.14300E-06,+4.94974866510E+00,-673.36676270E-03,-834.17078108E-03,-159.60693359E-03
+1.14400E-06,+5.15075369179E+00,-673.36676270E-03,-834.17078108E-03,-159.60693359E-03
+1.14500E-06,+4.94974866510E+00,-592.96475351E-03,-834.17078108E-03,-239.56298828E-03
+1.14600E-06,+5.35175871849E+00,-592.96475351E-03,-753.76877189E-03,-159.60693359E-03
+1.14700E-06,+4.94974866509E+00,-673.36676270E-03,-673.36676270E-03,+305.17578E-06
+1.14800E-06,+4.74874363840E+00,-592.96475351E-03,-834.17078108E-03,-239.56298828E-03
+1.14900E-06,+4.74874363840E+00,-592.96475351E-03,-834.17078108E-03,-239.56298828E-03
+1.15000E-06,+4.94974866509E+00,-673.36676270E-03,-673.36676270E-03,+305.17578E-06
+1.15100E-06,+4.94974866509E+00,-673.36676270E-03,-753.76877189E-03,-79.65087891E-03
+1.15200E-06,+4.94974866510E+00,-512.56274432E-03,-673.36676270E-03,-159.60693359E-03
+1.15300E-06,+5.15075369179E+00,-592.96475351E-03,-753.76877189E-03,-159.60693359E-03
+1.15400E-06,+5.35175871849E+00,-592.96475351E-03,-673.36676270E-03,-79.65087891E-03
+1.15500E-06,+5.15075369179E+00,-673.36676270E-03,-673.36676270E-03,+305.17578E-06
+1.15600E-06,+5.15075369179E+00,-592.96475351E-03,-753.76877189E-03,-159.60693359E-03
+1.15700E-06,+5.15075369179E+00,-592.96475351E-03,-673.36676270E-03,-79.65087891E-03
+1.15800E-06,+4.94974866510E+00,-673.36676270E-03,-673.36676270E-03,+305.17578E-06
+1.15900E-06,+5.15075369179E+00,-673.36676270E-03,-592.96475351E-03,+80.26123047E-03
+1.16000E-06,+5.15075369179E+00,-592.96475351E-03,-592.96475351E-03,+305.17578E-06
+1.16100E-06,+4.94974866510E+00,-592.96475351E-03,-673.36676270E-03,-79.65087891E-03
+1.16200E-06,+5.15075369179E+00,-592.96475351E-03,-592.96475351E-03,+305.17578E-06
+1.16300E-06,+5.15075369179E+00,-592.96475351E-03,-512.56274432E-03,+80.26123047E-03
+1.16400E-06,+5.15075369179E+00,-592.96475351E-03,-592.96475351E-03,+305.17578E-06
+1.16500E-06,+4.94974866509E+00,-592.96475351E-03,-512.56274432E-03,+80.26123047E-03
+1.16600E-06,+4.94974866510E+00,-673.36676270E-03,-592.96475351E-03,+80.26123047E-03
+1.16700E-06,+5.15075369179E+00,-673.36676270E-03,-592.96475351E-03,+80.26123047E-03
+1.16800E-06,+5.15075369179E+00,-512.56274432E-03,-512.56274432E-03,+305.17578E-06
+1.16900E-06,+5.15075369179E+00,-592.96475351E-03,-512.56274432E-03,+80.26123047E-03
+1.17000E-06,+5.15075369179E+00,-592.96475351E-03,-512.56274432E-03,+80.26123047E-03
+1.17100E-06,+4.94974866509E+00,-592.96475351E-03,-512.56274432E-03,+80.26123047E-03
+1.17200E-06,+4.94974866509E+00,-592.96475351E-03,-512.56274432E-03,+80.26123047E-03
+1.17300E-06,+4.94974866509E+00,-592.96475351E-03,-512.56274432E-03,+80.26123047E-03
+1.17400E-06,+4.94974866509E+00,-673.36676270E-03,-432.16073513E-03,+240.17333984E-03
+1.17500E-06,+4.94974866509E+00,-673.36676270E-03,-351.75872594E-03,+320.12939453E-03
+1.17600E-06,+4.74874363840E+00,-512.56274432E-03,-432.16073513E-03,+80.26123047E-03
+1.17700E-06,+4.94974866509E+00,-592.96475351E-03,-512.56274432E-03,+80.26123047E-03
+1.17800E-06,+4.94974866509E+00,-592.96475351E-03,-512.56274432E-03,+80.26123047E-03
+1.17900E-06,+4.74874363840E+00,-592.96475351E-03,-432.16073513E-03,+160.21728516E-03
+1.18000E-06,+4.94974866510E+00,-592.96475351E-03,-512.56274432E-03,+80.26123047E-03
+1.18100E-06,+5.15075369179E+00,-592.96475351E-03,-512.56274432E-03,+80.26123047E-03
+1.18200E-06,+4.94974866509E+00,-592.96475351E-03,-432.16073513E-03,+160.21728516E-03
+1.18300E-06,+4.74874363840E+00,-673.36676270E-03,-432.16073513E-03,+240.17333984E-03
+1.18400E-06,+5.15075369179E+00,-592.96475351E-03,-432.16073513E-03,+160.21728516E-03
+1.18500E-06,+5.15075369179E+00,-592.96475351E-03,-432.16073513E-03,+160.21728516E-03
+1.18600E-06,+5.35175871849E+00,-592.96475351E-03,-432.16073513E-03,+160.21728516E-03
+1.18700E-06,+5.15075369179E+00,-592.96475351E-03,-351.75872594E-03,+240.17333984E-03
+1.18800E-06,+4.94974866509E+00,-592.96475351E-03,-432.16073513E-03,+160.21728516E-03
+1.18900E-06,+4.94974866509E+00,-592.96475351E-03,-432.16073513E-03,+160.21728516E-03
+1.19000E-06,+4.94974866510E+00,-673.36676270E-03,-432.16073513E-03,+240.17333984E-03
+1.19100E-06,+5.15075369179E+00,-592.96475351E-03,-351.75872594E-03,+240.17333984E-03
+1.19200E-06,+4.94974866509E+00,-592.96475351E-03,-432.16073513E-03,+160.21728516E-03
+1.19300E-06,+4.94974866510E+00,-592.96475351E-03,-432.16073513E-03,+160.21728516E-03
+1.19400E-06,+5.15075369179E+00,-592.96475351E-03,-351.75872594E-03,+240.17333984E-03
+1.19500E-06,+4.74874363840E+00,-592.96475351E-03,-351.75872594E-03,+240.17333984E-03
+1.19600E-06,+4.74874363840E+00,-592.96475351E-03,-432.16073513E-03,+160.21728516E-03
+1.19700E-06,+4.94974866509E+00,-592.96475351E-03,-432.16073513E-03,+160.21728516E-03
+1.19800E-06,+4.74874363840E+00,-673.36676270E-03,-351.75872594E-03,+320.12939453E-03
+1.19900E-06,+4.94974866509E+00,-673.36676270E-03,-351.75872594E-03,+320.12939453E-03
+1.20000E-06,+4.74874363840E+00,-512.56274432E-03,-432.16073513E-03,+80.26123047E-03
+1.20100E-06,+4.94974866510E+00,-592.96475351E-03,-432.16073513E-03,+160.21728516E-03
+1.20200E-06,+5.15075369179E+00,-592.96475351E-03,-432.16073513E-03,+160.21728516E-03
+1.20300E-06,+4.94974866509E+00,-512.56274432E-03,-351.75872594E-03,+160.21728516E-03
+1.20400E-06,+4.94974866509E+00,-592.96475351E-03,-432.16073513E-03,+160.21728516E-03
+1.20500E-06,+4.94974866509E+00,-512.56274432E-03,-351.75872594E-03,+160.21728516E-03
+1.20600E-06,+4.94974866509E+00,-673.36676270E-03,-432.16073513E-03,+240.17333984E-03
+1.20700E-06,+4.94974866509E+00,-673.36676270E-03,-351.75872594E-03,+320.12939453E-03
+1.20800E-06,+4.74874363840E+00,-512.56274432E-03,-432.16073513E-03,+80.26123047E-03
+1.20900E-06,+4.94974866510E+00,-592.96475351E-03,-512.56274432E-03,+80.26123047E-03
+1.21000E-06,+5.15075369179E+00,-512.56274432E-03,-432.16073513E-03,+80.26123047E-03
+1.21100E-06,+4.74874363840E+00,-512.56274432E-03,-351.75872594E-03,+160.21728516E-03
+1.21200E-06,+4.94974866509E+00,-592.96475351E-03,-512.56274432E-03,+80.26123047E-03
+1.21300E-06,+4.94974866509E+00,-512.56274432E-03,-512.56274432E-03,+305.17578E-06
+1.21400E-06,+4.74874363840E+00,-673.36676270E-03,-512.56274432E-03,+160.21728516E-03
+1.21500E-06,+4.94974866509E+00,-592.96475351E-03,-432.16073513E-03,+160.21728516E-03
+1.21600E-06,+4.94974866509E+00,-592.96475351E-03,-512.56274432E-03,+80.26123047E-03
+1.21700E-06,+4.94974866509E+00,-592.96475351E-03,-512.56274432E-03,+80.26123047E-03
+1.21800E-06,+4.94974866510E+00,-592.96475351E-03,-432.16073513E-03,+160.21728516E-03
+1.21900E-06,+5.15075369179E+00,-592.96475351E-03,-432.16073513E-03,+160.21728516E-03
+1.22000E-06,+4.94974866509E+00,-592.96475351E-03,-512.56274432E-03,+80.26123047E-03
+1.22100E-06,+4.94974866509E+00,-592.96475351E-03,-512.56274432E-03,+80.26123047E-03
+1.22200E-06,+4.94974866509E+00,-673.36676270E-03,-432.16073513E-03,+240.17333984E-03
+1.22300E-06,+4.94974866509E+00,-673.36676270E-03,-432.16073513E-03,+240.17333984E-03
+1.22400E-06,+4.94974866509E+00,-512.56274432E-03,-512.56274432E-03,+305.17578E-06
+1.22500E-06,+4.94974866510E+00,-592.96475351E-03,-512.56274432E-03,+80.26123047E-03
+1.22600E-06,+5.35175871849E+00,-592.96475351E-03,-432.16073513E-03,+160.21728516E-03
+1.22700E-06,+4.94974866509E+00,-592.96475351E-03,-512.56274432E-03,+80.26123047E-03
+1.22800E-06,+4.94974866509E+00,-592.96475351E-03,-512.56274432E-03,+80.26123047E-03
+1.22900E-06,+4.94974866509E+00,-592.96475351E-03,-512.56274432E-03,+80.26123047E-03
+1.23000E-06,+4.94974866510E+00,-673.36676270E-03,-512.56274432E-03,+160.21728516E-03
+1.23100E-06,+5.15075369179E+00,-673.36676270E-03,-512.56274432E-03,+160.21728515E-03
+1.23200E-06,+5.15075369179E+00,-592.96475351E-03,-592.96475351E-03,+305.17578E-06
+1.23300E-06,+5.15075369179E+00,-592.96475351E-03,-592.96475351E-03,+305.17578E-06
+1.23400E-06,+4.94974866509E+00,-592.96475351E-03,-512.56274432E-03,+80.26123047E-03
+1.23500E-06,+4.74874363840E+00,-592.96475351E-03,-512.56274432E-03,+80.26123047E-03
+1.23600E-06,+4.94974866509E+00,-592.96475351E-03,-673.36676270E-03,-79.65087891E-03
+1.23700E-06,+4.74874363840E+00,-592.96475351E-03,-592.96475351E-03,+305.17578E-06
+1.23800E-06,+4.94974866509E+00,-673.36676270E-03,-592.96475351E-03,+80.26123047E-03
+1.23900E-06,+4.94974866509E+00,-673.36676270E-03,-592.96475351E-03,+80.26123047E-03
+1.24000E-06,+4.94974866509E+00,-592.96475351E-03,-592.96475351E-03,+305.17578E-06
+1.24100E-06,+4.94974866509E+00,-592.96475351E-03,-673.36676270E-03,-79.65087891E-03
+1.24200E-06,+4.94974866509E+00,-592.96475351E-03,-592.96475351E-03,+305.17578E-06
+1.24300E-06,+4.94974866509E+00,-592.96475351E-03,-592.96475351E-03,+305.17578E-06
+1.24400E-06,+4.94974866509E+00,-673.36676270E-03,-753.76877189E-03,-79.65087891E-03
+1.24500E-06,+4.94974866509E+00,-673.36676270E-03,-753.76877189E-03,-79.65087891E-03
+1.24600E-06,+4.94974866509E+00,-673.36676270E-03,-673.36676270E-03,+305.17578E-06
+1.24700E-06,+4.94974866510E+00,-673.36676270E-03,-673.36676270E-03,+305.17578E-06
+1.24800E-06,+5.15075369179E+00,-512.56274432E-03,-753.76877189E-03,-239.56298828E-03
+1.24900E-06,+5.15075369179E+00,-592.96475351E-03,-753.76877189E-03,-159.60693359E-03
+1.25000E-06,+5.15075369179E+00,-592.96475351E-03,-673.36676270E-03,-79.65087891E-03
+1.25100E-06,+5.15075369179E+00,-592.96475351E-03,-753.76877189E-03,-159.60693359E-03
+1.25200E-06,+4.94974866509E+00,-673.36676270E-03,-753.76877189E-03,-79.65087891E-03
+1.25300E-06,+4.94974866509E+00,-592.96475351E-03,-834.17078107E-03,-239.56298828E-03
+1.25400E-06,+4.94974866510E+00,-673.36676270E-03,-673.36676270E-03,+305.17578E-06
+1.25500E-06,+5.15075369179E+00,-673.36676270E-03,-753.76877189E-03,-79.65087891E-03
+1.25600E-06,+4.94974866509E+00,-673.36676270E-03,-834.17078108E-03,-159.60693359E-03
+1.25700E-06,+4.74874363840E+00,-673.36676270E-03,-834.17078108E-03,-159.60693359E-03
+1.25800E-06,+4.74874363840E+00,-673.36676270E-03,-834.17078107E-03,-159.60693359E-03
+1.25900E-06,+4.94974866509E+00,-592.96475351E-03,-753.76877189E-03,-159.60693359E-03
+1.26000E-06,+4.94974866509E+00,-673.36676270E-03,-834.17078108E-03,-159.60693359E-03
+1.26100E-06,+4.94974866509E+00,-592.96475351E-03,-834.17078108E-03,-239.56298828E-03
+1.26200E-06,+4.94974866509E+00,-753.76877189E-03,-834.17078107E-03,-79.65087891E-03
+1.26300E-06,+4.74874363840E+00,-673.36676270E-03,-753.76877189E-03,-79.65087891E-03
+1.26400E-06,+4.74874363840E+00,-592.96475351E-03,-753.76877189E-03,-159.60693359E-03
+1.26500E-06,+4.94974866510E+00,-673.36676270E-03,-753.76877189E-03,-79.65087891E-03
+1.26600E-06,+5.15075369179E+00,-592.96475351E-03,-834.17078107E-03,-239.56298828E-03
+1.26700E-06,+4.94974866509E+00,-592.96475351E-03,-753.76877189E-03,-159.60693359E-03
+1.26800E-06,+4.94974866509E+00,-673.36676270E-03,-914.57279026E-03,-239.56298828E-03
+1.26900E-06,+4.74874363840E+00,-673.36676270E-03,-834.17078108E-03,-159.60693359E-03
+1.27000E-06,+4.94974866509E+00,-753.76877189E-03,-834.17078107E-03,-79.65087891E-03
+1.27100E-06,+4.94974866509E+00,-753.76877188E-03,-753.76877189E-03,+305.17578E-06
+1.27200E-06,+4.94974866509E+00,-592.96475351E-03,-834.17078108E-03,-239.56298828E-03
+1.27300E-06,+4.94974866509E+00,-673.36676270E-03,-834.17078108E-03,-159.60693359E-03
+1.27400E-06,+4.94974866509E+00,-673.36676270E-03,-834.17078107E-03,-159.60693359E-03
+1.27500E-06,+4.74874363840E+00,-673.36676270E-03,-753.76877189E-03,-79.65087891E-03
+1.27600E-06,+4.94974866509E+00,-592.96475351E-03,-834.17078108E-03,-239.56298828E-03
+1.27700E-06,+4.74874363840E+00,-673.36676270E-03,-834.17078108E-03,-159.60693359E-03
+1.27800E-06,+4.74874363840E+00,-673.36676270E-03,-834.17078107E-03,-159.60693359E-03
+1.27900E-06,+5.15075369179E+00,-673.36676270E-03,-753.76877189E-03,-79.65087891E-03
+1.28000E-06,+4.94974866509E+00,-673.36676270E-03,-834.17078108E-03,-159.60693359E-03
+1.28100E-06,+4.74874363840E+00,-592.96475351E-03,-834.17078108E-03,-239.56298828E-03
+1.28200E-06,+4.94974866509E+00,-592.96475351E-03,-834.17078107E-03,-239.56298828E-03
+1.28300E-06,+4.94974866509E+00,-592.96475351E-03,-753.76877189E-03,-159.60693360E-03
+1.28400E-06,+4.94974866509E+00,-592.96475351E-03,-914.57279026E-03,-319.51904297E-03
+1.28500E-06,+4.74874363840E+00,-592.96475351E-03,-834.17078107E-03,-239.56298828E-03
+1.28600E-06,+4.94974866509E+00,-673.36676270E-03,-753.76877189E-03,-79.65087891E-03
+1.28700E-06,+4.74874363840E+00,-673.36676270E-03,-753.76877189E-03,-79.65087891E-03
+1.28800E-06,+4.74874363840E+00,-592.96475351E-03,-834.17078108E-03,-239.56298828E-03
+1.28900E-06,+4.74874363840E+00,-592.96475351E-03,-834.17078107E-03,-239.56298828E-03
+1.29000E-06,+4.74874363840E+00,-592.96475351E-03,-753.76877189E-03,-159.60693359E-03
+1.29100E-06,+4.74874363840E+00,-592.96475351E-03,-753.76877189E-03,-159.60693359E-03
+1.29200E-06,+4.74874363840E+00,-592.96475351E-03,-834.17078108E-03,-239.56298828E-03
+1.29300E-06,+4.94974866509E+00,-592.96475351E-03,-834.17078107E-03,-239.56298828E-03
+1.29400E-06,+4.94974866509E+00,-673.36676270E-03,-753.76877189E-03,-79.65087891E-03
+1.29500E-06,+4.74874363840E+00,-673.36676270E-03,-753.76877189E-03,-79.65087891E-03
+1.29600E-06,+4.74874363840E+00,-592.96475351E-03,-753.76877189E-03,-159.60693359E-03
+1.29700E-06,+4.94974866509E+00,-673.36676270E-03,-753.76877189E-03,-79.65087891E-03
+1.29800E-06,+4.94974866509E+00,-592.96475351E-03,-753.76877189E-03,-159.60693359E-03
+1.29900E-06,+4.94974866510E+00,-592.96475351E-03,-753.76877189E-03,-159.60693359E-03
+1.30000E-06,+5.15075369179E+00,-673.36676270E-03,-834.17078108E-03,-159.60693360E-03
+1.30100E-06,+4.74874363840E+00,-592.96475351E-03,-834.17078107E-03,-239.56298828E-03
+1.30200E-06,+4.94974866509E+00,-673.36676270E-03,-673.36676270E-03,+305.17578E-06
+1.30300E-06,+4.94974866509E+00,-673.36676270E-03,-753.76877189E-03,-79.65087891E-03
+1.30400E-06,+4.94974866510E+00,-592.96475351E-03,-673.36676270E-03,-79.65087891E-03
+1.30500E-06,+5.15075369179E+00,-592.96475351E-03,-673.36676270E-03,-79.65087891E-03
+1.30600E-06,+5.15075369179E+00,-592.96475351E-03,-673.36676270E-03,-79.65087890E-03
+1.30700E-06,+4.74874363840E+00,-673.36676270E-03,-673.36676270E-03,+305.17578E-06
+1.30800E-06,+4.94974866509E+00,-592.96475351E-03,-753.76877189E-03,-159.60693359E-03
+1.30900E-06,+4.94974866509E+00,-592.96475351E-03,-673.36676270E-03,-79.65087890E-03
+1.31000E-06,+4.94974866509E+00,-673.36676270E-03,-673.36676270E-03,+305.17578E-06
+1.31100E-06,+4.94974866509E+00,-673.36676270E-03,-592.96475351E-03,+80.26123047E-03
+1.31200E-06,+4.94974866509E+00,-592.96475351E-03,-673.36676270E-03,-79.65087891E-03
+1.31300E-06,+4.94974866510E+00,-592.96475351E-03,-673.36676270E-03,-79.65087891E-03
+1.31400E-06,+5.15075369179E+00,-592.96475351E-03,-673.36676270E-03,-79.65087890E-03
+1.31500E-06,+4.94974866509E+00,-592.96475351E-03,-592.96475351E-03,+305.17578E-06
+1.31600E-06,+4.74874363840E+00,-592.96475351E-03,-673.36676270E-03,-79.65087891E-03
+1.31700E-06,+4.94974866509E+00,-592.96475351E-03,-673.36676270E-03,-79.65087890E-03
+1.31800E-06,+4.74874363840E+00,-673.36676270E-03,-673.36676270E-03,+305.17578E-06
+1.31900E-06,+4.94974866509E+00,-673.36676270E-03,-673.36676270E-03,+305.17578E-06
+1.32000E-06,+4.94974866509E+00,-592.96475351E-03,-592.96475351E-03,+305.17578E-06
+1.32100E-06,+4.94974866510E+00,-592.96475351E-03,-592.96475351E-03,+305.17578E-06
+1.32200E-06,+5.15075369179E+00,-512.56274432E-03,-592.96475351E-03,-79.65087890E-03
+1.32300E-06,+4.94974866509E+00,-673.36676270E-03,-592.96475351E-03,+80.26123047E-03
+1.32400E-06,+4.94974866509E+00,-592.96475351E-03,-673.36676270E-03,-79.65087891E-03
+1.32500E-06,+4.74874363840E+00,-592.96475351E-03,-673.36676269E-03,-79.65087890E-03
+1.32600E-06,+4.74874363840E+00,-673.36676270E-03,-512.56274432E-03,+160.21728515E-03
+1.32700E-06,+5.15075369179E+00,-673.36676270E-03,-592.96475351E-03,+80.26123047E-03
+1.32800E-06,+5.15075369179E+00,-592.96475351E-03,-592.96475351E-03,+305.17578E-06
+1.32900E-06,+4.94974866509E+00,-592.96475351E-03,-592.96475351E-03,+305.17578E-06
+1.33000E-06,+4.94974866509E+00,-592.96475351E-03,-673.36676270E-03,-79.65087891E-03
+1.33100E-06,+4.74874363840E+00,-512.56274432E-03,-592.96475351E-03,-79.65087890E-03
+1.33200E-06,+4.94974866509E+00,-592.96475351E-03,-592.96475351E-03,+305.17578E-06
+1.33300E-06,+4.74874363840E+00,-592.96475351E-03,-512.56274432E-03,+80.26123047E-03
+1.33400E-06,+4.74874363840E+00,-673.36676270E-03,-592.96475351E-03,+80.26123047E-03
+1.33500E-06,+4.94974866509E+00,-673.36676269E-03,-512.56274432E-03,+160.21728515E-03
+1.33600E-06,+4.74874363840E+00,-512.56274432E-03,-592.96475351E-03,-79.65087890E-03
+1.33700E-06,+4.94974866509E+00,-592.96475351E-03,-512.56274432E-03,+80.26123047E-03
+1.33800E-06,+4.94974866509E+00,-512.56274432E-03,-512.56274432E-03,+305.17578E-06
+1.33900E-06,+4.74874363840E+00,-512.56274432E-03,-432.16073513E-03,+80.26123047E-03
+1.34000E-06,+4.74874363840E+00,-592.96475351E-03,-432.16073513E-03,+160.21728515E-03
+1.34100E-06,+4.74874363840E+00,-592.96475351E-03,-512.56274432E-03,+80.26123047E-03
+1.34200E-06,+4.74874363840E+00,-673.36676270E-03,-432.16073513E-03,+240.17333984E-03
+1.34300E-06,+4.94974866509E+00,-592.96475351E-03,-432.16073513E-03,+160.21728516E-03
+1.34400E-06,+4.94974866509E+00,-592.96475351E-03,-432.16073513E-03,+160.21728515E-03
+1.34500E-06,+4.74874363840E+00,-512.56274432E-03,-512.56274432E-03,+305.17578E-06
+1.34600E-06,+4.94974866509E+00,-592.96475351E-03,-432.16073513E-03,+160.21728516E-03
+1.34700E-06,+4.94974866509E+00,-592.96475351E-03,-432.16073513E-03,+160.21728515E-03
+1.34800E-06,+4.94974866509E+00,-592.96475351E-03,-512.56274432E-03,+80.26123047E-03
+1.34900E-06,+4.74874363840E+00,-592.96475351E-03,-512.56274432E-03,+80.26123047E-03
+1.35000E-06,+4.74874363840E+00,-673.36676270E-03,-432.16073513E-03,+240.17333984E-03
+1.35100E-06,+4.94974866509E+00,-673.36676270E-03,-432.16073513E-03,+240.17333984E-03
+1.35200E-06,+4.94974866509E+00,-592.96475351E-03,-512.56274432E-03,+80.26123047E-03
+1.35300E-06,+4.74874363840E+00,-592.96475351E-03,-432.16073513E-03,+160.21728516E-03
+1.35400E-06,+4.94974866509E+00,-592.96475351E-03,-432.16073513E-03,+160.21728516E-03
+1.35500E-06,+4.74874363840E+00,-592.96475351E-03,-432.16073513E-03,+160.21728516E-03
+1.35600E-06,+4.74874363840E+00,-673.36676270E-03,-512.56274432E-03,+160.21728515E-03
+1.35700E-06,+4.74874363840E+00,-592.96475351E-03,-512.56274432E-03,+80.26123047E-03
+1.35800E-06,+4.94974866509E+00,-673.36676270E-03,-512.56274432E-03,+160.21728516E-03
+1.35900E-06,+4.74874363840E+00,-592.96475351E-03,-432.16073513E-03,+160.21728515E-03
+1.36000E-06,+4.74874363840E+00,-592.96475351E-03,-512.56274432E-03,+80.26123047E-03
+1.36100E-06,+4.94974866509E+00,-592.96475351E-03,-512.56274432E-03,+80.26123047E-03
+1.36200E-06,+4.74874363840E+00,-592.96475351E-03,-512.56274432E-03,+80.26123047E-03
+1.36300E-06,+4.74874363840E+00,-592.96475351E-03,-432.16073513E-03,+160.21728515E-03
+1.36400E-06,+4.74874363840E+00,-592.96475351E-03,-512.56274432E-03,+80.26123047E-03
+1.36500E-06,+4.74874363840E+00,-592.96475351E-03,-432.16073513E-03,+160.21728516E-03
+1.36600E-06,+4.74874363840E+00,-673.36676270E-03,-432.16073513E-03,+240.17333984E-03
+1.36700E-06,+4.74874363840E+00,-592.96475351E-03,-432.16073513E-03,+160.21728515E-03
+1.36800E-06,+4.94974866509E+00,-512.56274432E-03,-432.16073513E-03,+80.26123047E-03
+1.36900E-06,+4.94974866509E+00,-592.96475351E-03,-512.56274432E-03,+80.26123047E-03
+1.37000E-06,+4.94974866509E+00,-592.96475351E-03,-512.56274432E-03,+80.26123047E-03
+1.37100E-06,+4.74874363840E+00,-592.96475351E-03,-432.16073513E-03,+160.21728515E-03
+1.37200E-06,+4.94974866509E+00,-592.96475351E-03,-512.56274432E-03,+80.26123047E-03
+1.37300E-06,+4.94974866509E+00,-592.96475351E-03,-512.56274432E-03,+80.26123047E-03
+1.37400E-06,+4.74874363840E+00,-673.36676270E-03,-512.56274432E-03,+160.21728515E-03
+1.37500E-06,+4.94974866509E+00,-592.96475351E-03,-512.56274432E-03,+80.26123047E-03
+1.37600E-06,+4.94974866510E+00,-512.56274432E-03,-512.56274432E-03,+305.17578E-06
+1.37700E-06,+5.15075369178E+00,-592.96475351E-03,-512.56274432E-03,+80.26123047E-03
+1.37800E-06,+4.74874363840E+00,-512.56274432E-03,-512.56274432E-03,+305.17578E-06
+1.37900E-06,+4.94974866509E+00,-592.96475351E-03,-512.56274432E-03,+80.26123047E-03
+1.38000E-06,+4.74874363840E+00,-592.96475351E-03,-592.96475351E-03,+305.17578E-06
+1.38100E-06,+4.74874363840E+00,-592.96475351E-03,-512.56274432E-03,+80.26123047E-03
+1.38200E-06,+4.74874363840E+00,-673.36676270E-03,-512.56274432E-03,+160.21728515E-03
+1.38300E-06,+4.94974866509E+00,-673.36676269E-03,-592.96475351E-03,+80.26123047E-03
+1.38400E-06,+4.74874363840E+00,-512.56274432E-03,-592.96475351E-03,-79.65087890E-03
+1.38500E-06,+4.74874363840E+00,-592.96475351E-03,-592.96475351E-03,+305.17578E-06
+1.38600E-06,+4.94974866509E+00,-592.96475351E-03,-512.56274432E-03,+80.26123047E-03
+1.38700E-06,+4.74874363840E+00,-512.56274432E-03,-432.16073513E-03,+80.26123047E-03
+1.38800E-06,+4.74874363840E+00,-592.96475351E-03,-592.96475351E-03,+305.17578E-06
+1.38900E-06,+4.74874363840E+00,-592.96475351E-03,-673.36676270E-03,-79.65087890E-03
+1.39000E-06,+4.74874363840E+00,-592.96475351E-03,-592.96475351E-03,+305.17578E-06
+1.39100E-06,+4.74874363840E+00,-673.36676270E-03,-592.96475351E-03,+80.26123047E-03
+1.39200E-06,+4.94974866509E+00,-592.96475351E-03,-592.96475351E-03,+305.17578E-06
+1.39300E-06,+4.74874363840E+00,-592.96475351E-03,-592.96475351E-03,+305.17578E-06
+1.39400E-06,+4.74874363840E+00,-592.96475351E-03,-592.96475351E-03,+305.17578E-06
+1.39500E-06,+4.74874363840E+00,-592.96475351E-03,-512.56274432E-03,+80.26123047E-03
+1.39600E-06,+4.74874363840E+00,-592.96475351E-03,-673.36676270E-03,-79.65087890E-03
+1.39700E-06,+4.94974866509E+00,-592.96475351E-03,-592.96475351E-03,+305.17578E-06
+1.39800E-06,+4.94974866509E+00,-592.96475351E-03,-592.96475351E-03,+305.17578E-06
+1.39900E-06,+4.94974866510E+00,-673.36676270E-03,-592.96475351E-03,+80.26123047E-03
+1.40000E-06,+5.15075369179E+00,-592.96475351E-03,-592.96475351E-03,+305.17578E-06
+1.40100E-06,+4.94974866509E+00,-592.96475351E-03,-592.96475351E-03,+305.17578E-06
+1.40200E-06,+4.94974866509E+00,-592.96475351E-03,-592.96475351E-03,+305.17578E-06
+1.40300E-06,+4.74874363840E+00,-592.96475351E-03,-592.96475351E-03,+305.17578E-06
+1.40400E-06,+4.74874363840E+00,-592.96475351E-03,-753.76877188E-03,-159.60693359E-03
+1.40500E-06,+4.74874363840E+00,-592.96475351E-03,-673.36676270E-03,-79.65087890E-03
+1.40600E-06,+4.94974866509E+00,-592.96475351E-03,-592.96475351E-03,+305.17578E-06
+1.40700E-06,+4.94974866509E+00,-673.36676269E-03,-673.36676270E-03,+305.17578E-06
+1.40800E-06,+4.74874363840E+00,-512.56274432E-03,-673.36676270E-03,-159.60693359E-03
+1.40900E-06,+4.74874363840E+00,-592.96475351E-03,-673.36676270E-03,-79.65087891E-03
+1.41000E-06,+4.94974866509E+00,-592.96475351E-03,-673.36676270E-03,-79.65087890E-03
+1.41100E-06,+4.94974866509E+00,-592.96475351E-03,-592.96475351E-03,+305.17578E-06
+1.41200E-06,+4.94974866509E+00,-673.36676270E-03,-673.36676270E-03,+305.17578E-06
+1.41300E-06,+4.94974866509E+00,-592.96475351E-03,-673.36676270E-03,-79.65087890E-03
+1.41400E-06,+4.74874363840E+00,-673.36676270E-03,-592.96475351E-03,+80.26123047E-03
+1.41500E-06,+4.94974866510E+00,-673.36676270E-03,-673.36676270E-03,+305.17578E-06
+1.41600E-06,+5.15075369179E+00,-592.96475351E-03,-673.36676270E-03,-79.65087891E-03
+1.41700E-06,+4.94974866509E+00,-592.96475351E-03,-753.76877188E-03,-159.60693359E-03
+1.41800E-06,+4.94974866509E+00,-592.96475351E-03,-673.36676270E-03,-79.65087891E-03
+1.41900E-06,+4.94974866509E+00,-592.96475351E-03,-673.36676270E-03,-79.65087891E-03
+1.42000E-06,+4.94974866509E+00,-592.96475351E-03,-753.76877188E-03,-159.60693359E-03
+1.42100E-06,+4.74874363840E+00,-592.96475351E-03,-673.36676270E-03,-79.65087890E-03
+1.42200E-06,+4.94974866509E+00,-673.36676270E-03,-673.36676270E-03,+305.17578E-06
+1.42300E-06,+4.94974866510E+00,-673.36676270E-03,-673.36676270E-03,+305.17578E-06
+1.42400E-06,+5.15075369179E+00,-592.96475351E-03,-673.36676270E-03,-79.65087891E-03
+1.42500E-06,+5.15075369179E+00,-592.96475351E-03,-753.76877188E-03,-159.60693359E-03
+1.42600E-06,+4.94974866509E+00,-592.96475351E-03,-673.36676270E-03,-79.65087890E-03
+1.42700E-06,+4.94974866509E+00,-673.36676270E-03,-673.36676270E-03,+305.17578E-06
+1.42800E-06,+4.94974866509E+00,-592.96475351E-03,-673.36676270E-03,-79.65087891E-03
+1.42900E-06,+4.74874363840E+00,-592.96475351E-03,-673.36676270E-03,-79.65087891E-03
+1.43000E-06,+4.74874363840E+00,-673.36676270E-03,-753.76877189E-03,-79.65087891E-03
+1.43100E-06,+4.94974866509E+00,-673.36676270E-03,-753.76877189E-03,-79.65087891E-03
+1.43200E-06,+4.94974866509E+00,-673.36676270E-03,-753.76877189E-03,-79.65087891E-03
+1.43300E-06,+4.94974866509E+00,-592.96475351E-03,-753.76877189E-03,-159.60693359E-03
+1.43400E-06,+4.94974866509E+00,-592.96475351E-03,-753.76877188E-03,-159.60693359E-03
+1.43500E-06,+4.74874363840E+00,-592.96475351E-03,-673.36676270E-03,-79.65087891E-03
+1.43600E-06,+4.94974866509E+00,-592.96475351E-03,-753.76877189E-03,-159.60693359E-03
+1.43700E-06,+4.94974866509E+00,-592.96475351E-03,-753.76877188E-03,-159.60693359E-03
+1.43800E-06,+4.94974866509E+00,-753.76877188E-03,-673.36676270E-03,+80.26123046E-03
+1.43900E-06,+4.94974866510E+00,-673.36676270E-03,-753.76877189E-03,-79.65087891E-03
+1.44000E-06,+5.15075369179E+00,-592.96475351E-03,-753.76877189E-03,-159.60693359E-03
+1.44100E-06,+4.94974866510E+00,-592.96475351E-03,-753.76877189E-03,-159.60693360E-03
+1.44200E-06,+5.15075369179E+00,-592.96475351E-03,-834.17078107E-03,-239.56298828E-03
+1.44300E-06,+4.94974866509E+00,-592.96475351E-03,-753.76877189E-03,-159.60693359E-03
+1.44400E-06,+4.94974866509E+00,-673.36676270E-03,-834.17078108E-03,-159.60693360E-03
+1.44500E-06,+4.94974866509E+00,-592.96475351E-03,-834.17078107E-03,-239.56298828E-03
+1.44600E-06,+4.74874363840E+00,-673.36676270E-03,-753.76877189E-03,-79.65087891E-03
+1.44700E-06,+4.94974866510E+00,-673.36676270E-03,-753.76877189E-03,-79.65087891E-03
+1.44800E-06,+5.15075369179E+00,-592.96475351E-03,-753.76877189E-03,-159.60693359E-03
+1.44900E-06,+5.15075369179E+00,-592.96475351E-03,-753.76877188E-03,-159.60693359E-03
+1.45000E-06,+4.94974866509E+00,-592.96475351E-03,-673.36676270E-03,-79.65087891E-03
+1.45100E-06,+4.94974866509E+00,-592.96475351E-03,-673.36676270E-03,-79.65087891E-03
+1.45200E-06,+4.94974866509E+00,-673.36676270E-03,-753.76877189E-03,-79.65087891E-03
+1.45300E-06,+4.74874363841E+00,-592.96475351E-03,-753.76877188E-03,-159.60693359E-03
+1.45400E-06,+5.15075369179E+00,-753.76877188E-03,-673.36676270E-03,+80.26123046E-03
+1.45500E-06,+4.94974866510E+00,-673.36676270E-03,-753.76877189E-03,-79.65087891E-03
+1.45600E-06,+5.15075369179E+00,-592.96475351E-03,-753.76877189E-03,-159.60693359E-03
+1.45700E-06,+4.94974866509E+00,-673.36676270E-03,-753.76877189E-03,-79.65087891E-03
+1.45800E-06,+4.94974866509E+00,-592.96475351E-03,-753.76877188E-03,-159.60693359E-03
+1.45900E-06,+4.94974866510E+00,-592.96475351E-03,-673.36676270E-03,-79.65087891E-03
+1.46000E-06,+5.15075369178E+00,-673.36676270E-03,-753.76877188E-03,-79.65087891E-03
+1.46100E-06,+4.74874363840E+00,-592.96475351E-03,-673.36676270E-03,-79.65087890E-03
+1.46200E-06,+4.74874363840E+00,-673.36676270E-03,-592.96475351E-03,+80.26123047E-03
+1.46300E-06,+4.74874363840E+00,-673.36676269E-03,-673.36676270E-03,+305.17578E-06
+1.46400E-06,+4.74874363840E+00,-512.56274432E-03,-673.36676270E-03,-159.60693359E-03
+1.46500E-06,+4.94974866509E+00,-592.96475351E-03,-753.76877188E-03,-159.60693359E-03
+1.46600E-06,+4.94974866509E+00,-592.96475351E-03,-673.36676270E-03,-79.65087891E-03
+1.46700E-06,+4.94974866510E+00,-592.96475351E-03,-673.36676270E-03,-79.65087890E-03
+1.46800E-06,+5.15075369179E+00,-673.36676270E-03,-673.36676270E-03,+305.17578E-06
+1.46900E-06,+4.94974866509E+00,-592.96475351E-03,-592.96475351E-03,+305.17579E-06
+1.47000E-06,+4.74874363840E+00,-753.76877188E-03,-592.96475351E-03,+160.21728515E-03
+1.47100E-06,+4.74874363840E+00,-673.36676269E-03,-592.96475351E-03,+80.26123046E-03
+1.47200E-06,+4.74874363841E+00,-512.56274432E-03,-592.96475351E-03,-79.65087891E-03
+1.47300E-06,+5.15075369179E+00,-592.96475351E-03,-753.76877188E-03,-159.60693359E-03
+1.47400E-06,+4.94974866509E+00,-673.36676270E-03,-673.36676270E-03,+305.17578E-06
+1.47500E-06,+4.74874363840E+00,-592.96475351E-03,-673.36676270E-03,-79.65087891E-03
+1.47600E-06,+4.94974866509E+00,-592.96475351E-03,-753.76877188E-03,-159.60693359E-03
+1.47700E-06,+4.94974866509E+00,-592.96475351E-03,-673.36676270E-03,-79.65087890E-03
+1.47800E-06,+4.94974866509E+00,-673.36676270E-03,-673.36676270E-03,+305.17578E-06
+1.47900E-06,+4.94974866509E+00,-673.36676269E-03,-673.36676270E-03,+305.17578E-06
+1.48000E-06,+4.94974866509E+00,-512.56274432E-03,-592.96475351E-03,-79.65087891E-03
+1.48100E-06,+4.94974866509E+00,-592.96475351E-03,-673.36676270E-03,-79.65087890E-03
+1.48200E-06,+4.94974866509E+00,-592.96475351E-03,-592.96475351E-03,+305.17578E-06
+1.48300E-06,+4.74874363840E+00,-592.96475351E-03,-592.96475351E-03,+305.17578E-06
+1.48400E-06,+4.74874363840E+00,-592.96475351E-03,-592.96475351E-03,+305.17578E-06
+1.48500E-06,+4.94974866509E+00,-592.96475351E-03,-673.36676270E-03,-79.65087890E-03
+1.48600E-06,+4.94974866510E+00,-673.36676270E-03,-673.36676270E-03,+305.17578E-06
+1.48700E-06,+5.15075369179E+00,-673.36676270E-03,-592.96475351E-03,+80.26123047E-03
+1.48800E-06,+5.15075369179E+00,-592.96475351E-03,-592.96475351E-03,+305.17578E-06
+1.48900E-06,+5.15075369179E+00,-592.96475351E-03,-753.76877188E-03,-159.60693359E-03
+1.49000E-06,+5.15075369178E+00,-592.96475351E-03,-592.96475351E-03,+305.17578E-06
+1.49100E-06,+4.74874363840E+00,-592.96475351E-03,-512.56274432E-03,+80.26123046E-03
+1.49200E-06,+4.74874363840E+00,-592.96475351E-03,-673.36676270E-03,-79.65087891E-03
+1.49300E-06,+4.74874363840E+00,-592.96475351E-03,-673.36676270E-03,-79.65087890E-03
+1.49400E-06,+4.94974866509E+00,-673.36676270E-03,-592.96475351E-03,+80.26123047E-03
+1.49500E-06,+4.94974866509E+00,-673.36676270E-03,-592.96475351E-03,+80.26123047E-03
+1.49600E-06,+4.74874363840E+00,-592.96475351E-03,-592.96475351E-03,+305.17578E-06
+1.49700E-06,+4.74874363840E+00,-592.96475351E-03,-592.96475351E-03,+305.17578E-06
+1.49800E-06,+4.94974866509E+00,-592.96475351E-03,-673.36676269E-03,-79.65087890E-03
+1.49900E-06,+4.74874363840E+00,-592.96475351E-03,-512.56274432E-03,+80.26123047E-03
+1.50000E-06,+4.94974866509E+00,-592.96475351E-03,-592.96475351E-03,+305.17578E-06
+1.50100E-06,+4.94974866509E+00,-592.96475351E-03,-512.56274432E-03,+80.26123047E-03
+1.50200E-06,+4.74874363840E+00,-673.36676270E-03,-592.96475351E-03,+80.26123047E-03
+1.50300E-06,+4.94974866509E+00,-592.96475351E-03,-512.56274432E-03,+80.26123047E-03
+1.50400E-06,+4.74874363840E+00,-592.96475351E-03,-512.56274432E-03,+80.26123047E-03
+1.50500E-06,+4.74874363840E+00,-592.96475351E-03,-512.56274432E-03,+80.26123047E-03
+1.50600E-06,+4.74874363840E+00,-592.96475351E-03,-512.56274432E-03,+80.26123047E-03
+1.50700E-06,+4.74874363840E+00,-592.96475351E-03,-432.16073513E-03,+160.21728515E-03
+1.50800E-06,+4.94974866509E+00,-592.96475351E-03,-512.56274432E-03,+80.26123047E-03
+1.50900E-06,+4.74874363839E+00,-512.56274432E-03,-512.56274432E-03,+305.17578E-06
+1.51000E-06,+4.54773861170E+00,-673.36676270E-03,-592.96475351E-03,+80.26123047E-03
+1.51100E-06,+4.74874363840E+00,-673.36676269E-03,-512.56274432E-03,+160.21728515E-03
+1.51200E-06,+4.74874363840E+00,-512.56274432E-03,-512.56274432E-03,+305.17578E-06
+1.51300E-06,+4.94974866509E+00,-592.96475351E-03,-592.96475351E-03,+305.17579E-06
+1.51400E-06,+4.94974866509E+00,-673.36676270E-03,-512.56274432E-03,+160.21728515E-03
+1.51500E-06,+4.74874363840E+00,-592.96475351E-03,-512.56274432E-03,+80.26123046E-03
+1.51600E-06,+4.94974866509E+00,-512.56274432E-03,-592.96475351E-03,-79.65087890E-03
+1.51700E-06,+4.94974866509E+00,-512.56274433E-03,-512.56274432E-03,+305.17579E-06
+1.51800E-06,+4.74874363840E+00,-753.76877188E-03,-512.56274432E-03,+240.17333984E-03
+1.51900E-06,+4.74874363840E+00,-673.36676269E-03,-512.56274432E-03,+160.21728515E-03
+1.52000E-06,+4.74874363840E+00,-512.56274432E-03,-512.56274432E-03,+305.17578E-06
+1.52100E-06,+4.94974866509E+00,-592.96475351E-03,-512.56274432E-03,+80.26123047E-03
+1.52200E-06,+4.74874363840E+00,-592.96475351E-03,-512.56274432E-03,+80.26123047E-03
+1.52300E-06,+4.74874363840E+00,-512.56274432E-03,-512.56274432E-03,+305.17578E-06
+1.52400E-06,+4.94974866509E+00,-592.96475351E-03,-592.96475351E-03,+305.17579E-06
+1.52500E-06,+4.74874363840E+00,-673.36676270E-03,-512.56274432E-03,+160.21728516E-03
+1.52600E-06,+4.94974866509E+00,-673.36676270E-03,-432.16073513E-03,+240.17333984E-03
+1.52700E-06,+4.74874363840E+00,-592.96475351E-03,-512.56274432E-03,+80.26123047E-03
+1.52800E-06,+4.74874363840E+00,-512.56274432E-03,-512.56274432E-03,+305.17578E-06
+1.52900E-06,+4.94974866509E+00,-592.96475351E-03,-512.56274432E-03,+80.26123047E-03
+1.53000E-06,+4.94974866509E+00,-592.96475351E-03,-592.96475351E-03,+305.17578E-06
+1.53100E-06,+4.74874363840E+00,-592.96475351E-03,-592.96475351E-03,+305.17578E-06
+1.53200E-06,+4.94974866509E+00,-592.96475351E-03,-592.96475351E-03,+305.17578E-06
+1.53300E-06,+4.74874363840E+00,-592.96475351E-03,-512.56274432E-03,+80.26123047E-03
+1.53400E-06,+4.94974866509E+00,-673.36676270E-03,-512.56274432E-03,+160.21728515E-03
+1.53500E-06,+4.94974866509E+00,-592.96475351E-03,-512.56274432E-03,+80.26123047E-03
+1.53600E-06,+4.74874363840E+00,-512.56274432E-03,-512.56274432E-03,+305.17578E-06
+1.53700E-06,+4.94974866509E+00,-592.96475351E-03,-512.56274432E-03,+80.26123047E-03
+1.53800E-06,+4.94974866509E+00,-592.96475351E-03,-512.56274432E-03,+80.26123047E-03
+1.53900E-06,+4.94974866509E+00,-592.96475351E-03,-512.56274432E-03,+80.26123047E-03
+1.54000E-06,+4.94974866509E+00,-592.96475351E-03,-592.96475351E-03,+305.17578E-06
+1.54100E-06,+4.74874363840E+00,-512.56274432E-03,-512.56274432E-03,+305.17579E-06
+1.54200E-06,+4.74874363840E+00,-673.36676270E-03,-512.56274432E-03,+160.21728516E-03
+1.54300E-06,+4.74874363840E+00,-673.36676269E-03,-512.56274432E-03,+160.21728515E-03
+1.54400E-06,+4.74874363840E+00,-512.56274432E-03,-592.96475351E-03,-79.65087890E-03
+1.54500E-06,+4.94974866509E+00,-592.96475351E-03,-592.96475351E-03,+305.17578E-06
+1.54600E-06,+4.94974866509E+00,-592.96475351E-03,-673.36676269E-03,-79.65087890E-03
+1.54700E-06,+4.94974866509E+00,-592.96475351E-03,-592.96475351E-03,+305.17578E-06
+1.54800E-06,+4.74874363840E+00,-673.36676269E-03,-592.96475351E-03,+80.26123047E-03
+1.54900E-06,+4.74874363840E+00,-592.96475351E-03,-592.96475351E-03,+305.17579E-06
+1.55000E-06,+4.94974866510E+00,-753.76877188E-03,-592.96475351E-03,+160.21728515E-03
+1.55100E-06,+5.15075369179E+00,-673.36676269E-03,-592.96475351E-03,+80.26123047E-03
+1.55200E-06,+5.15075369179E+00,-592.96475351E-03,-592.96475351E-03,+305.17578E-06
+1.55300E-06,+4.94974866509E+00,-592.96475351E-03,-592.96475351E-03,+305.17578E-06
+1.55400E-06,+4.74874363840E+00,-592.96475351E-03,-592.96475351E-03,+305.17578E-06
+1.55500E-06,+4.74874363840E+00,-592.96475351E-03,-592.96475351E-03,+305.17578E-06
+1.55600E-06,+4.74874363840E+00,-673.36676269E-03,-592.96475351E-03,+80.26123047E-03
+1.55700E-06,+4.74874363840E+00,-592.96475351E-03,-592.96475351E-03,+305.17579E-06
+1.55800E-06,+4.74874363840E+00,-673.36676269E-03,-512.56274432E-03,+160.21728515E-03
+1.55900E-06,+4.94974866509E+00,-592.96475351E-03,-592.96475351E-03,+305.17578E-06
+1.56000E-06,+4.74874363840E+00,-592.96475351E-03,-592.96475351E-03,+305.17578E-06
+1.56100E-06,+4.94974866510E+00,-592.96475351E-03,-673.36676269E-03,-79.65087890E-03
+1.56200E-06,+5.15075369179E+00,-512.56274432E-03,-512.56274432E-03,+305.17578E-06
+1.56300E-06,+5.15075369178E+00,-592.96475351E-03,-592.96475351E-03,+305.17578E-06
+1.56400E-06,+4.74874363840E+00,-592.96475351E-03,-753.76877188E-03,-159.60693359E-03
+1.56500E-06,+4.94974866509E+00,-592.96475351E-03,-673.36676270E-03,-79.65087890E-03
+1.56600E-06,+4.74874363840E+00,-673.36676269E-03,-673.36676269E-03,+305.17578E-06
+1.56700E-06,+4.94974866509E+00,-592.96475351E-03,-592.96475351E-03,+305.17578E-06
+1.56800E-06,+4.74874363840E+00,-512.56274432E-03,-673.36676269E-03,-159.60693359E-03
+1.56900E-06,+4.74874363841E+00,-592.96475351E-03,-592.96475351E-03,+305.17578E-06
+1.57000E-06,+5.15075369178E+00,-592.96475351E-03,-673.36676270E-03,-79.65087891E-03
+1.57100E-06,+4.74874363840E+00,-512.56274432E-03,-673.36676270E-03,-159.60693359E-03
+1.57200E-06,+4.74874363840E+00,-592.96475351E-03,-673.36676270E-03,-79.65087891E-03
+1.57300E-06,+4.74874363840E+00,-592.96475351E-03,-673.36676269E-03,-79.65087890E-03
+1.57400E-06,+4.94974866509E+00,-592.96475351E-03,-592.96475351E-03,+305.17578E-06
+1.57500E-06,+4.94974866509E+00,-592.96475351E-03,-673.36676269E-03,-79.65087890E-03
+1.57600E-06,+4.74874363840E+00,-592.96475351E-03,-592.96475351E-03,+305.17578E-06
+1.57700E-06,+4.74874363841E+00,-592.96475351E-03,-753.76877188E-03,-159.60693359E-03
+1.57800E-06,+5.15075369179E+00,-592.96475351E-03,-673.36676270E-03,-79.65087891E-03
+1.57900E-06,+4.94974866509E+00,-592.96475351E-03,-673.36676270E-03,-79.65087891E-03
+1.58000E-06,+4.74874363840E+00,-592.96475351E-03,-753.76877188E-03,-159.60693359E-03
+1.58100E-06,+4.94974866509E+00,-592.96475351E-03,-673.36676270E-03,-79.65087890E-03
+1.58200E-06,+4.74874363840E+00,-673.36676270E-03,-673.36676270E-03,+305.17578E-06
+1.58300E-06,+4.74874363840E+00,-673.36676269E-03,-673.36676270E-03,+305.17577E-06
+1.58400E-06,+4.94974866509E+00,-512.56274432E-03,-753.76877189E-03,-239.56298828E-03
+1.58500E-06,+4.94974866509E+00,-592.96475351E-03,-753.76877188E-03,-159.60693359E-03
+1.58600E-06,+4.94974866509E+00,-592.96475351E-03,-592.96475351E-03,+305.17578E-06
+1.58700E-06,+4.74874363840E+00,-592.96475351E-03,-673.36676270E-03,-79.65087891E-03
+1.58800E-06,+4.94974866509E+00,-592.96475351E-03,-673.36676270E-03,-79.65087891E-03
+1.58900E-06,+4.74874363840E+00,-592.96475351E-03,-753.76877188E-03,-159.60693358E-03
+1.59000E-06,+4.74874363840E+00,-673.36676270E-03,-592.96475351E-03,+80.26123047E-03
+1.59100E-06,+4.74874363840E+00,-673.36676269E-03,-673.36676270E-03,+305.17578E-06
+1.59200E-06,+4.94974866509E+00,-592.96475351E-03,-673.36676270E-03,-79.65087891E-03
+1.59300E-06,+4.74874363840E+00,-592.96475351E-03,-753.76877189E-03,-159.60693359E-03
+1.59400E-06,+4.94974866509E+00,-592.96475351E-03,-753.76877188E-03,-159.60693359E-03
+1.59500E-06,+4.74874363840E+00,-592.96475351E-03,-673.36676270E-03,-79.65087891E-03
+1.59600E-06,+4.94974866509E+00,-592.96475351E-03,-753.76877188E-03,-159.60693359E-03
+1.59700E-06,+4.74874363840E+00,-592.96475351E-03,-592.96475351E-03,+305.17578E-06
+1.59800E-06,+4.74874363840E+00,-512.56274431E-03,-592.96475351E-03,-79.65087891E-03
+1.59900E-06,+4.94974866509E+00,-351.75872593E-03,-512.56274431E-03,-159.60693360E-03
+1.60000E-06,+4.94974866509E+00,+50.25132001E-03,-351.75872594E-03,-399.47509766E-03
+1.60100E-06,+4.94974866509E+00,+291.45734759E-03,-271.35671675E-03,-559.38720704E-03
+1.60200E-06,+4.94974866509E+00,+693.46739353E-03,-190.95470756E-03,-879.21142578E-03
+1.60300E-06,+4.74874363840E+00,+934.67342110E-03,-30.15068918E-03,-959.16748048E-03
+1.60400E-06,+4.94974866509E+00,+1.33668346704E+00,+50.25132001E-03,-1.27899169922E+00
+1.60500E-06,+4.94974866509E+00,+1.65829150380E+00,+211.05533839E-03,-1.43890380860E+00
+1.60600E-06,+4.94974866509E+00,+1.97989954056E+00,+371.85935676E-03,-1.59881591798E+00
+1.60700E-06,+4.94974866510E+00,+2.38190958650E+00,+452.26136596E-03,-1.91864013672E+00
+1.60800E-06,+5.15075369179E+00,+2.70351762326E+00,+613.06538434E-03,-2.07855224610E+00
+1.60900E-06,+5.15075369178E+00,+3.18592967841E+00,+934.67342110E-03,-2.23846435548E+00
+1.61000E-06,+4.94974866509E+00,+3.82914575193E+00,+1.33668346706E+00,-2.47833251954E+00
+1.61100E-06,+4.94974866509E+00,+4.79396986222E+00,+2.06030154976E+00,-2.71820068362E+00
+1.61200E-06,+4.94974866509E+00,+6.24120602762E+00,+2.78391963247E+00,-3.43780517580E+00
+1.61300E-06,+4.94974866509E+00,+7.68844219303E+00,+3.66834173354E+00,-3.99749755863E+00
+1.61400E-06,+4.74874363840E+00,+9.21608036761E+00,+4.23115579785E+00,-4.95697021488E+00
+1.61500E-06,+4.94974866510E+00,+10.34170849625E+00,+4.55276383461E+00,-5.75653076174E+00
+1.61600E-06,+5.15075369179E+00,+11.30653260651E+00,+4.87437187136E+00,-6.39617919923E+00
+1.61700E-06,+5.15075369180E+00,+11.94974868002E+00,+5.19597990813E+00,-6.71600341797E+00
+1.61800E-06,+5.35175871846E+00,+12.51256274434E+00,+5.67839196327E+00,-6.79595947265E+00
+1.61900E-06,+4.54773861168E+00,+12.99497479948E+00,+6.32160803678E+00,-6.63604736328E+00
+1.62000E-06,+4.14572855831E+00,+13.55778886381E+00,+6.96482411031E+00,-6.55609130859E+00
+1.62100E-06,+4.34673358501E+00,+14.36180895570E+00,+7.92964822058E+00,-6.39617919921E+00
+1.62200E-06,+4.54773861172E+00,+15.24623105678E+00,+8.97487434003E+00,-6.23626708984E+00
+1.62300E-06,+5.15075369182E+00,+16.05025114865E+00,+9.85929644110E+00,-6.15631103514E+00
+1.62400E-06,+5.75376877190E+00,+16.21105516702E+00,+10.34170849624E+00,-5.83648681638E+00
+1.62500E-06,+6.15577882528E+00,+16.21105516702E+00,+10.98492456975E+00,-5.19683837888E+00
+1.62600E-06,+6.15577882526E+00,+16.21105516702E+00,+11.54773863408E+00,-4.63714599606E+00
+1.62700E-06,+5.55276374516E+00,+16.21105516702E+00,+12.27135671678E+00,-3.91754150388E+00
+1.62800E-06,+4.74874363836E+00,+16.21105516702E+00,+12.91457279029E+00,-3.27789306638E+00
+1.62900E-06,+3.74371850487E+00,+16.21105516702E+00,+13.55778886381E+00,-2.63824462887E+00
+1.63000E-06,+2.93969839811E+00,+16.21105516702E+00,+14.36180895570E+00,-1.83868408200E+00
+1.63100E-06,+2.93969839813E+00,+16.21105516702E+00,+15.08542703840E+00,-1.11907958982E+00
+1.63200E-06,+3.34170845153E+00,+16.21105516702E+00,+15.72864311190E+00,-479.43115232E-03
+1.63300E-06,+3.94472353162E+00,+16.21105516702E+00,+16.21105516702E+00,+305.17578E-06
+1.63400E-06,+4.34673358502E+00,+16.21105516702E+00,+16.21105516702E+00,+305.17578E-06
+1.63500E-06,+4.74874363838E+00,+16.21105516702E+00,+16.21105516702E+00,+305.17578E-06
+1.63600E-06,+4.34673358498E+00,+16.21105516702E+00,+16.21105516702E+00,+305.17578E-06
+1.63700E-06,+3.74371850488E+00,+16.21105516702E+00,+16.21105516702E+00,+305.17578E-06
+1.63800E-06,+3.14070342479E+00,+16.21105516702E+00,+16.21105516702E+00,+305.17578E-06
+1.63900E-06,+2.73869337142E+00,+16.21105516702E+00,+16.21105516702E+00,+305.17578E-06
+1.64000E-06,+2.73869337143E+00,+16.21105516702E+00,+16.21105516702E+00,+305.17578E-06
+1.64100E-06,+3.14070342482E+00,+16.21105516702E+00,+16.21105516702E+00,+305.17578E-06
+1.64200E-06,+3.34170845153E+00,+16.21105516702E+00,+16.21105516702E+00,+305.17578E-06
+1.64300E-06,+3.74371850491E+00,+16.21105516702E+00,+16.21105516702E+00,+305.17578E-06
+1.64400E-06,+3.94472353159E+00,+16.21105516702E+00,+16.21105516702E+00,+305.17578E-06
+1.64500E-06,+3.54271347819E+00,+16.21105516702E+00,+16.21105516702E+00,+305.17578E-06
+1.64600E-06,+3.14070342479E+00,+16.21105516702E+00,+16.21105516702E+00,+305.17578E-06
+1.64700E-06,+2.73869337142E+00,+16.21105516702E+00,+16.21105516702E+00,+305.17578E-06
+1.64800E-06,+2.73869337142E+00,+16.21105516702E+00,+16.21105516702E+00,+305.17578E-06
+1.64900E-06,+2.93969839813E+00,+16.21105516702E+00,+16.21105516702E+00,+305.17578E-06
+1.65000E-06,+3.34170845153E+00,+16.21105516702E+00,+16.21105516702E+00,+305.17578E-06
+1.65100E-06,+3.74371850493E+00,+16.21105516702E+00,+16.21105516702E+00,+305.17578E-06
+1.65200E-06,+4.34673358500E+00,+16.21105516702E+00,+16.21105516702E+00,+305.17578E-06
+1.65300E-06,+4.34673358502E+00,+16.21105516702E+00,+16.21105516702E+00,+305.17578E-06
+1.65400E-06,+4.74874363841E+00,+16.21105516702E+00,+16.21105516702E+00,+305.17578E-06
+1.65500E-06,+5.15075369180E+00,+16.21105516702E+00,+16.21105516702E+00,+305.17578E-06
+1.65600E-06,+5.35175871851E+00,+16.21105516702E+00,+16.21105516702E+00,+305.17578E-06
+1.65700E-06,+5.75376877188E+00,+16.21105516702E+00,+16.21105516702E+00,+305.17578E-06
+1.65800E-06,+5.55276374519E+00,+16.21105516702E+00,+16.21105516702E+00,+305.17578E-06
+1.65900E-06,+5.55276374519E+00,+16.21105516702E+00,+16.21105516702E+00,+305.17578E-06
+1.66000E-06,+5.55276374519E+00,+16.21105516702E+00,+16.21105516702E+00,+305.17578E-06
+1.66100E-06,+5.55276374519E+00,+16.21105516702E+00,+16.21105516702E+00,+305.17578E-06
+1.66200E-06,+5.55276374519E+00,+16.21105516702E+00,+16.21105516702E+00,+305.17578E-06
+1.66300E-06,+5.55276374517E+00,+16.21105516702E+00,+16.21105516702E+00,+305.17578E-06
+1.66400E-06,+5.15075369178E+00,+16.21105516702E+00,+16.21105516702E+00,+305.17578E-06
+1.66500E-06,+4.94974866507E+00,+16.21105516702E+00,+16.21105516702E+00,+305.17578E-06
+1.66600E-06,+4.34673358500E+00,+16.21105516702E+00,+16.21105516702E+00,+305.17578E-06
+1.66700E-06,+4.34673358499E+00,+16.21105516702E+00,+16.21105516702E+00,+305.17578E-06
+1.66800E-06,+4.14572855831E+00,+16.21105516702E+00,+16.21105516702E+00,+305.17578E-06
+1.66900E-06,+4.34673358500E+00,+16.21105516702E+00,+16.21105516702E+00,+305.17578E-06
+1.67000E-06,+4.34673358501E+00,+16.21105516702E+00,+16.21105516702E+00,+305.17578E-06
+1.67100E-06,+4.54773861170E+00,+16.21105516702E+00,+16.21105516702E+00,+305.17578E-06
+1.67200E-06,+4.54773861170E+00,+16.21105516702E+00,+16.21105516702E+00,+305.17578E-06
+1.67300E-06,+4.54773861170E+00,+16.21105516702E+00,+16.21105516702E+00,+305.17578E-06
+1.67400E-06,+4.54773861168E+00,+16.21105516702E+00,+16.21105516702E+00,+305.17578E-06
+1.67500E-06,+4.14572855830E+00,+16.21105516702E+00,+16.21105516702E+00,+305.17578E-06
+1.67600E-06,+4.14572855830E+00,+16.21105516702E+00,+16.21105516702E+00,+305.17578E-06
+1.67700E-06,+4.14572855829E+00,+16.21105516702E+00,+16.21105516702E+00,+305.17578E-06
+1.67800E-06,+3.94472353162E+00,+16.21105516702E+00,+16.21105516702E+00,+305.17578E-06
+1.67900E-06,+4.34673358500E+00,+16.21105516702E+00,+16.21105516702E+00,+305.17578E-06
+1.68000E-06,+4.34673358500E+00,+16.21105516702E+00,+16.21105516702E+00,+305.17578E-06
+1.68100E-06,+4.34673358499E+00,+16.21105516702E+00,+16.21105516702E+00,+305.17578E-06
+1.68200E-06,+4.14572855830E+00,+16.21105516702E+00,+16.21105516702E+00,+305.17578E-06
+1.68300E-06,+4.14572855829E+00,+16.21105516702E+00,+16.21105516702E+00,+305.17578E-06
+1.68400E-06,+3.94472353160E+00,+16.21105516702E+00,+16.21105516702E+00,+305.17578E-06
+1.68500E-06,+3.94472353159E+00,+16.21105516702E+00,+16.21105516702E+00,+305.17578E-06
+1.68600E-06,+3.74371850491E+00,+16.21105516702E+00,+16.21105516702E+00,+305.17578E-06
+1.68700E-06,+3.74371850491E+00,+16.21105516702E+00,+16.21105516702E+00,+305.17578E-06
+1.68800E-06,+3.74371850491E+00,+16.21105516702E+00,+16.21105516702E+00,+305.17578E-06
+1.68900E-06,+3.94472353159E+00,+16.21105516702E+00,+16.21105516702E+00,+305.17578E-06
+1.69000E-06,+3.54271347821E+00,+16.21105516702E+00,+16.21105516702E+00,+305.17578E-06
+1.69100E-06,+3.54271347820E+00,+16.21105516702E+00,+16.21105516702E+00,+305.17578E-06
+1.69200E-06,+3.34170845152E+00,+16.21105516702E+00,+16.21105516702E+00,+305.17578E-06
+1.69300E-06,+3.54271347820E+00,+16.21105516702E+00,+16.21105516702E+00,+305.17578E-06
+1.69400E-06,+3.34170845153E+00,+16.21105516702E+00,+16.21105516702E+00,+305.17578E-06
+1.69500E-06,+3.74371850491E+00,+16.21105516702E+00,+16.21105516702E+00,+305.17578E-06
+1.69600E-06,+3.74371850491E+00,+16.21105516702E+00,+16.21105516702E+00,+305.17578E-06
+1.69700E-06,+3.74371850492E+00,+16.21105516702E+00,+16.21105516702E+00,+305.17578E-06
+1.69800E-06,+4.14572855830E+00,+16.21105516702E+00,+16.21105516702E+00,+305.17578E-06
+1.69900E-06,+4.14572855832E+00,+16.21105516702E+00,+16.21105516702E+00,+305.17578E-06
+1.70000E-06,+4.54773861171E+00,+16.21105516702E+00,+16.21105516702E+00,+305.17578E-06
+1.70100E-06,+4.74874363840E+00,+16.21105516702E+00,+16.21105516702E+00,+305.17578E-06
+1.70200E-06,+4.74874363841E+00,+16.21105516702E+00,+16.21105516702E+00,+305.17578E-06
+1.70300E-06,+4.94974866509E+00,+16.21105516702E+00,+16.21105516702E+00,+305.17578E-06
+1.70400E-06,+4.94974866509E+00,+16.21105516702E+00,+16.21105516702E+00,+305.17578E-06
+1.70500E-06,+4.94974866510E+00,+16.21105516702E+00,+16.21105516702E+00,+305.17578E-06
+1.70600E-06,+5.15075369179E+00,+16.21105516702E+00,+16.21105516702E+00,+305.17578E-06
+1.70700E-06,+5.15075369180E+00,+16.21105516702E+00,+16.21105516702E+00,+305.17578E-06
+1.70800E-06,+5.35175871849E+00,+16.21105516702E+00,+16.21105516702E+00,+305.17578E-06
+1.70900E-06,+5.35175871848E+00,+16.21105516702E+00,+16.21105516702E+00,+305.17578E-06
+1.71000E-06,+5.15075369181E+00,+16.21105516702E+00,+16.21105516702E+00,+305.17578E-06
+1.71100E-06,+5.55276374520E+00,+16.21105516702E+00,+16.21105516702E+00,+305.17578E-06
+1.71200E-06,+5.75376877189E+00,+16.21105516702E+00,+16.21105516702E+00,+305.17578E-06
+1.71300E-06,+5.75376877189E+00,+16.21105516702E+00,+16.21105516702E+00,+305.17578E-06
+1.71400E-06,+5.75376877190E+00,+16.21105516702E+00,+16.21105516702E+00,+305.17578E-06
+1.71500E-06,+5.95477379858E+00,+16.21105516702E+00,+16.21105516702E+00,+305.17578E-06
+1.71600E-06,+5.95477379858E+00,+16.21105516702E+00,+16.21105516702E+00,+305.17578E-06
+1.71700E-06,+5.95477379858E+00,+16.21105516702E+00,+16.21105516702E+00,+305.17578E-06
+1.71800E-06,+5.95477379858E+00,+16.21105516702E+00,+16.21105516702E+00,+305.17578E-06
+1.71900E-06,+5.95477379858E+00,+16.21105516702E+00,+16.21105516702E+00,+305.17578E-06
+1.72000E-06,+5.75376877189E+00,+16.21105516702E+00,+16.21105516702E+00,+305.17578E-06
+1.72100E-06,+5.75376877187E+00,+16.21105516702E+00,+16.21105516702E+00,+305.17578E-06
+1.72200E-06,+5.35175871849E+00,+16.21105516702E+00,+16.21105516702E+00,+305.17578E-06
+1.72300E-06,+5.35175871848E+00,+16.21105516702E+00,+16.21105516702E+00,+305.17578E-06
+1.72400E-06,+5.15075369179E+00,+16.21105516702E+00,+16.21105516702E+00,+305.17578E-06
+1.72500E-06,+5.15075369177E+00,+16.21105516702E+00,+16.21105516702E+00,+305.17578E-06
+1.72600E-06,+4.74874363840E+00,+16.21105516702E+00,+16.21105516702E+00,+305.17578E-06
+1.72700E-06,+4.74874363840E+00,+16.21105516702E+00,+16.21105516702E+00,+305.17578E-06
+1.72800E-06,+4.74874363841E+00,+16.21105516702E+00,+16.21105516702E+00,+305.17578E-06
+1.72900E-06,+4.94974866509E+00,+16.21105516702E+00,+16.21105516702E+00,+305.17578E-06
+1.73000E-06,+4.94974866508E+00,+16.21105516702E+00,+16.21105516702E+00,+305.17578E-06
+1.73100E-06,+4.74874363840E+00,+16.21105516702E+00,+16.21105516702E+00,+305.17578E-06
+1.73200E-06,+4.74874363840E+00,+16.21105516702E+00,+16.21105516702E+00,+305.17578E-06
+1.73300E-06,+4.74874363839E+00,+16.21105516702E+00,+16.21105516702E+00,+305.17578E-06
+1.73400E-06,+4.54773861171E+00,+16.21105516702E+00,+16.21105516702E+00,+305.17578E-06
+1.73500E-06,+4.74874363841E+00,+16.21105516702E+00,+16.21105516702E+00,+305.17578E-06
+1.73600E-06,+4.94974866509E+00,+16.21105516702E+00,+16.21105516702E+00,+305.17578E-06
+1.73700E-06,+4.94974866509E+00,+16.21105516702E+00,+16.21105516702E+00,+305.17578E-06
+1.73800E-06,+4.94974866509E+00,+16.21105516702E+00,+16.21105516702E+00,+305.17578E-06
+1.73900E-06,+4.94974866508E+00,+16.21105516702E+00,+16.21105516702E+00,+305.17578E-06
+1.74000E-06,+4.74874363840E+00,+16.21105516702E+00,+16.21105516702E+00,+305.17578E-06
+1.74100E-06,+4.74874363839E+00,+16.21105516702E+00,+16.21105516702E+00,+305.17578E-06
+1.74200E-06,+4.54773861170E+00,+16.21105516702E+00,+16.21105516702E+00,+305.17578E-06
+1.74300E-06,+4.54773861170E+00,+16.21105516702E+00,+16.21105516702E+00,+305.17578E-06
+1.74400E-06,+4.54773861169E+00,+16.21105516702E+00,+16.21105516702E+00,+305.17578E-06
+1.74500E-06,+4.34673358500E+00,+16.21105516702E+00,+16.21105516702E+00,+305.17578E-06
+1.74600E-06,+4.34673358501E+00,+16.21105516702E+00,+16.21105516702E+00,+305.17578E-06
+1.74700E-06,+4.54773861169E+00,+16.21105516702E+00,+16.21105516702E+00,+305.17578E-06
+1.74800E-06,+4.34673358500E+00,+16.21105516702E+00,+16.21105516702E+00,+305.17578E-06
+1.74900E-06,+4.34673358500E+00,+16.21105516702E+00,+16.21105516702E+00,+305.17578E-06
