x-axis,1,2,4,F1
second,Volt,Volt,Volt,Volt
-4.322000E-06,+4.949748665094E+00,-271.356716752E-03,+1.497487485409E+00,+1.759338378906E+00
-4.317000E-06,+4.438117051291E+00,-351.758725941E-03,+1.292834843680E+00,+1.635776909852E+00
-4.312000E-06,+4.625322885085E+00,-351.758725941E-03,+953.008012715E-03,+1.297834948514E+00
-4.307000E-06,+4.995295651461E+00,-450.379529339E-03,+496.225786721E-03,+941.660089442E-03
-4.302000E-06,+5.137243992446E+00,-517.966623958E-03,+44.847440366E-03,+559.997558594E-03
-4.297000E-06,+4.748743638396E+00,-527.384814184E-03,-344.347691009E-03,+182.327072722E-03
-4.292000E-06,+4.748743638396E+00,-592.964753509E-03,-532.788693823E-03,+60.147465391E-03
-4.287000E-06,+5.434360880206E+00,-592.964753509E-03,-753.768771887E-03,-159.606933594E-03
-4.282000E-06,+4.949748665094E+00,-627.510984053E-03,-753.768771887E-03,-125.252315761E-03
-4.277000E-06,+4.547738611698E+00,-592.964753509E-03,-855.902097050E-03,-261.173770225E-03
-4.272000E-06,+4.771034642317E+00,-592.964753509E-03,-834.170781076E-03,-239.562988281E-03
-4.267000E-06,+5.150753691792E+00,-669.468249530E-03,-757.667285054E-03,-87.404658574E-03
-4.262000E-06,+4.832310778637E+00,-592.964753509E-03,-850.884208814E-03,-256.183714004E-03
-4.257000E-06,+4.949748665094E+00,-702.895105007E-03,-965.446457145E-03,-260.789919746E-03
-4.252000E-06,+5.044895547631E+00,-673.366762698E-03,-1.236180827022E+00,-559.387207031E-03
-4.247000E-06,+4.949748665094E+00,-728.524934148E-03,-1.341826673949E+00,-609.594849629E-03
-4.242000E-06,+4.717671329901E+00,-753.768771887E-03,-1.477386854589E+00,-719.299316406E-03
-4.237000E-06,+4.747778659871E+00,-753.768771887E-03,-1.637418890162E+00,-878.443724824E-03
-4.232000E-06,+4.949748665094E+00,-753.768771887E-03,-1.477386854589E+00,-719.299316406E-03
-4.227000E-06,+4.949748665094E+00,-727.752951343E-03,-1.477386854589E+00,-745.170838662E-03
-4.222000E-06,+5.247830531379E+00,-756.509310846E-03,-1.394244306441E+00,-633.892584923E-03
-4.217000E-06,+5.021639565186E+00,-725.012412383E-03,-1.316582836211E+00,-587.984067685E-03
-4.212000E-06,+5.029455891236E+00,-737.827326954E-03,-1.300641391278E+00,-559.387207031E-03
-4.207000E-06,+5.351758718491E+00,-596.091283871E-03,-1.229927766297E+00,-630.015695090E-03
-4.202000E-06,+4.949748665094E+00,-673.366762698E-03,-924.261174474E-03,-249.197635294E-03
-4.197000E-06,+4.748743638396E+00,-570.461454729E-03,-695.870061477E-03,-124.407844708E-03
-4.192000E-06,+4.837039173408E+00,-512.562744319E-03,-432.160735130E-03,+80.261230469E-03
-4.187000E-06,+4.869076460428E+00,-496.698497667E-03,-239.087835484E-03,+256.486985183E-03
-4.182000E-06,+4.949748665094E+00,-532.016711017E-03,-110.552698374E-03,+419.431513339E-03
-4.177000E-06,+4.966346295719E+00,-512.562744319E-03,-30.150689185E-03,+480.041503906E-03
-4.172000E-06,+5.135314035397E+00,-432.160735130E-03,-23.974826741E-03,+406.227056876E-03
-4.167000E-06,+4.949748665094E+00,-493.571967305E-03,+31.260542990E-03,+522.226671502E-03
-4.162000E-06,+4.870234434658E+00,-512.562744319E-03,+147.443955212E-03,+656.651109099E-03
-4.157000E-06,+4.748743638396E+00,-476.781341286E-03,+130.653329194E-03,+604.370673917E-03
-4.152000E-06,+5.007164887315E+00,-432.160735130E-03,+130.653329194E-03,+559.997558594E-03
-4.147000E-06,+4.975127600294E+00,-582.813179617E-03,+130.653329194E-03,+709.814400382E-03
-4.142000E-06,+5.150753691792E+00,-512.562744319E-03,+50.251320004E-03,+559.997558594E-03
-4.137000E-06,+5.112058052951E+00,-463.117245630E-03,-30.150689185E-03,+430.870257601E-03
-4.132000E-06,+5.150753691792E+00,-512.562744319E-03,-219.247877383E-03,+291.993154451E-03
-4.127000E-06,+4.949748665094E+00,-551.856669117E-03,-351.758725941E-03,+199.293263875E-03
-4.122000E-06,+4.748743638396E+00,-727.289761660E-03,-432.160735130E-03,+293.797251701E-03
-4.117000E-06,+4.949748665094E+00,-592.964753509E-03,-526.226839976E-03,+66.672923527E-03
-4.112000E-06,+5.148630739038E+00,-673.366762698E-03,-753.768771887E-03,-79.650878906E-03
-4.107000E-06,+4.748743638396E+00,-741.803038402E-03,-765.734505372E-03,-23.493553891E-03
-4.102000E-06,+4.748743638396E+00,-648.586114642E-03,-858.951429131E-03,-208.893335043E-03
-4.097000E-06,+4.748743638396E+00,-710.962325324E-03,-1.037781246017E+00,-324.701024429E-03
-4.092000E-06,+4.949748665094E+00,-703.358294690E-03,-1.155778817832E+00,-449.605970158E-03
-4.087000E-06,+5.150753691792E+00,-753.768771887E-03,-1.236180827022E+00,-479.431152344E-03
-4.082000E-06,+4.960652922423E+00,-753.768771887E-03,-1.316582836211E+00,-559.387207031E-03
-4.077000E-06,+5.150753691792E+00,-673.366762698E-03,-1.388531633680E+00,-710.892990925E-03
-4.072000E-06,+5.002918981807E+00,-732.500645596E-03,-1.316582836211E+00,-580.537368401E-03
-4.067000E-06,+4.748743638396E+00,-719.685731025E-03,-1.316582836211E+00,-593.281204290E-03
-4.062000E-06,+4.983233419903E+00,-753.768771887E-03,-1.189282871589E+00,-432.793319197E-03
-4.057000E-06,+4.949748665094E+00,-733.079632701E-03,-1.135089678646E+00,-399.475097656E-03
-4.052000E-06,+4.949748665094E+00,-681.240987313E-03,-987.100574839E-03,-303.857943443E-03
-4.047000E-06,+5.150753691792E+00,-597.905443464E-03,-839.111471031E-03,-239.562988281E-03
-4.042000E-06,+4.949748665094E+00,-673.366762698E-03,-610.720358034E-03,+62.604108454E-03
-4.037000E-06,+5.150753691792E+00,-592.964753509E-03,-592.964753509E-03,+305.175781E-06
-4.032000E-06,+5.150753691792E+00,-549.579319841E-03,-512.562744319E-03,+37.116436677E-03
-4.027000E-06,+4.748743638396E+00,-560.966066222E-03,-351.758725941E-03,+208.352135169E-03
-4.022000E-06,+5.150753691792E+00,-592.964753509E-03,-363.145472322E-03,+228.849750726E-03
-4.017000E-06,+5.147183271251E+00,-513.990912510E-03,-271.356716752E-03,+241.593586615E-03
-4.012000E-06,+4.949748665094E+00,-526.805827080E-03,-219.440873085E-03,+305.965311872E-03
-4.007000E-06,+4.816388632979E+00,-512.562744319E-03,-190.954707563E-03,+320.129394531E-03
-4.002000E-06,+4.848425920000E+00,-592.964753509E-03,-70.023601087E-03,+520.345804157E-03
-3.997000E-06,+5.150753691792E+00,-512.562744319E-03,-110.552698374E-03,+400.085449219E-03
-3.992000E-06,+5.150753691792E+00,-578.065485363E-03,-125.451966519E-03,+450.408246961E-03
-3.987000E-06,+4.753954522429E+00,-595.049107083E-03,-188.870353988E-03,+404.231034387E-03
-3.982000E-06,+4.775570041384E+00,-592.964753509E-03,-201.685268559E-03,+389.414405914E-03
-3.977000E-06,+5.091890001784E+00,-559.653695453E-03,-247.811241185E-03,+310.417977424E-03
-3.972000E-06,+4.858847688066E+00,-592.964753509E-03,-432.160735130E-03,+160.217285156E-03
-3.967000E-06,+5.150753691792E+00,-592.964753509E-03,-512.562744319E-03,+80.261230469E-03
-3.962000E-06,+4.995778140723E+00,-654.954972788E-03,-512.562744319E-03,+141.907617328E-03
-3.957000E-06,+4.949748665094E+00,-587.367878169E-03,-592.964753509E-03,-5.260656158E-03
-3.952000E-06,+4.931703566682E+00,-673.366762698E-03,-746.550732656E-03,-72.472874957E-03
-3.947000E-06,+4.748743638396E+00,-733.735818085E-03,-753.768771887E-03,-19.616664057E-03
-3.942000E-06,+4.949748665094E+00,-640.518894325E-03,-786.616640260E-03,-144.982230360E-03
-3.937000E-06,+4.949748665094E+00,-673.366762698E-03,-903.649233567E-03,-228.700019737E-03
-3.932000E-06,+4.949748665094E+00,-695.291074373E-03,-973.050487779E-03,-275.913628603E-03
-3.927000E-06,+5.150753691792E+00,-673.366762698E-03,-985.865402350E-03,-310.460171675E-03
-3.922000E-06,+4.748743638396E+00,-677.072280164E-03,-918.278307732E-03,-239.562988281E-03
-3.917000E-06,+4.908447584236E+00,-673.366762698E-03,-1.058856376606E+00,-383.046297173E-03
-3.912000E-06,+5.077415323914E+00,-622.300100116E-03,-965.639452846E-03,-341.129824912E-03
-3.907000E-06,+4.854119293296E+00,-711.618510708E-03,-914.572790265E-03,-201.523405855E-03
-3.902000E-06,+4.886156580316E+00,-673.366762698E-03,-914.572790265E-03,-239.562988281E-03
-3.897000E-06,+4.949748665094E+00,-728.524934149E-03,-834.170781076E-03,-104.754700205E-03
-3.892000E-06,+4.949748665094E+00,-673.366762698E-03,-834.170781076E-03,-159.606933594E-03
-3.887000E-06,+4.949748665094E+00,-592.964753509E-03,-766.776682159E-03,-172.542694722E-03
-3.882000E-06,+4.885191601790E+00,-673.366762698E-03,-673.366762698E-03,+305.175781E-06
-3.877000E-06,+4.853154314770E+00,-634.729023284E-03,-673.366762698E-03,-38.118257125E-03
-3.872000E-06,+4.748743638396E+00,-592.964753509E-03,-621.914108713E-03,-28.483610112E-03
-3.867000E-06,+4.789079740729E+00,-673.366762698E-03,-657.232322064E-03,+16.350125786E-03
-3.862000E-06,+5.150753691792E+00,-592.964753509E-03,-515.882270383E-03,+76.960116353E-03
-3.857000E-06,+4.949748665094E+00,-602.460142016E-03,-512.562744319E-03,+89.703952242E-03
-3.852000E-06,+4.893972906365E+00,-651.056459619E-03,-512.562744319E-03,+138.030727494E-03
-3.847000E-06,+4.949748665094E+00,-592.964753509E-03,-467.285952779E-03,+125.286891605E-03
-3.842000E-06,+4.949748665094E+00,-640.904885728E-03,-432.160735130E-03,+207.891514596E-03
-3.837000E-06,+4.846978452211E+00,-592.964753509E-03,-412.513772732E-03,+179.755274516E-03
-3.832000E-06,+4.966828784981E+00,-592.964753509E-03,-432.160735130E-03,+160.217285156E-03
-3.827000E-06,+4.934791497961E+00,-661.401029212E-03,-351.758725941E-03,+308.230029695E-03
-3.822000E-06,+5.150753691792E+00,-512.562744319E-03,-351.758725941E-03,+160.217285156E-03
-3.817000E-06,+4.949748665094E+00,-624.577449393E-03,-351.758725941E-03,+271.610694039E-03
-3.812000E-06,+4.658807639894E+00,-592.964753509E-03,-432.160735130E-03,+160.217285156E-03
-3.807000E-06,+4.864541061361E+00,-592.964753509E-03,-512.562744319E-03,+80.261230469E-03
-3.802000E-06,+4.748743638396E+00,-663.022193105E-03,-512.562744319E-03,+149.930092331E-03
-3.797000E-06,+4.943572802535E+00,-592.964753509E-03,-590.494408531E-03,+2.761818844E-03
-3.792000E-06,+4.911535515515E+00,-673.366762698E-03,-608.250013057E-03,+65.060751517E-03
-3.787000E-06,+4.818994074996E+00,-617.166414459E-03,-621.064927628E-03,-3.571714053E-03
-3.782000E-06,+4.851031362017E+00,-632.451674008E-03,-673.366762698E-03,-40.382974948E-03
-3.777000E-06,+4.748743638396E+00,-646.694756769E-03,-700.038768626E-03,-52.742960357E-03
-3.772000E-06,+4.783386367433E+00,-620.678936224E-03,-739.911680529E-03,-118.266237052E-03
-3.767000E-06,+5.150753691792E+00,-673.366762698E-03,-753.768771887E-03,-79.650878906E-03
-3.762000E-06,+4.920316820090E+00,-753.768771887E-03,-834.170781076E-03,-79.650878906E-03
-3.757000E-06,+5.011217797120E+00,-648.779110343E-03,-889.985137911E-03,-239.562988281E-03
-3.752000E-06,+4.949748665094E+00,-592.964753509E-03,-871.573348001E-03,-276.758099656E-03
-3.747000E-06,+4.949748665094E+00,-703.551290391E-03,-884.388262572E-03,-179.528773433E-03
-3.742000E-06,+4.792167672008E+00,-655.997149575E-03,-914.572790265E-03,-256.836259817E-03
-3.737000E-06,+4.961135411685E+00,-597.519452060E-03,-914.572790265E-03,-314.989607322E-03
-3.732000E-06,+4.949748665094E+00,-601.224969527E-03,-842.430997095E-03,-239.562988281E-03
-3.727000E-06,+5.098065864342E+00,-592.964753509E-03,-855.245911665E-03,-260.521224412E-03
-3.722000E-06,+4.949748665094E+00,-673.366762698E-03,-753.768771887E-03,-79.650878906E-03
-3.717000E-06,+4.949748665094E+00,-592.964753509E-03,-753.768771887E-03,-159.606933594E-03
-3.712000E-06,+4.949748665094E+00,-652.484627810E-03,-732.886636999E-03,-79.650878906E-03
-3.707000E-06,+4.768911689562E+00,-673.366762698E-03,-665.299542381E-03,+8.327650783E-03
-3.702000E-06,+5.150753691792E+00,-592.964753509E-03,-597.712447763E-03,-4.416185106E-03
-3.697000E-06,+5.150753691792E+00,-547.687961969E-03,-575.402144684E-03,-27.255288579E-03
-3.692000E-06,+4.949748665094E+00,-512.562744319E-03,-462.538258526E-03,+50.052197804E-03
-3.687000E-06,+4.949748665094E+00,-592.964753509E-03,-432.160735130E-03,+160.217285156E-03
-3.682000E-06,+4.748743638396E+00,-568.570096856E-03,-432.160735130E-03,+135.957934911E-03
-3.677000E-06,+5.121804336052E+00,-512.562744319E-03,-363.338468023E-03,+148.701770799E-03
-3.672000E-06,+5.147665760512E+00,-513.797916809E-03,-430.925562641E-03,+82.717873532E-03
-3.667000E-06,+4.818994074997E+00,-578.914666449E-03,-418.110648070E-03,+160.217285156E-03
-3.662000E-06,+4.815906143717E+00,-566.099751878E-03,-432.160735130E-03,+133.501291847E-03
-3.657000E-06,+5.048948457436E+00,-592.964753509E-03,-392.480818929E-03,+199.677114354E-03
-3.652000E-06,+4.678975691060E+00,-620.871931926E-03,-484.655565902E-03,+135.766009670E-03
-3.647000E-06,+4.748743638396E+00,-527.655008166E-03,-432.160735130E-03,+95.269784181E-03
-3.642000E-06,+4.944055291800E+00,-668.812064146E-03,-510.285395044E-03,+157.952567333E-03
-3.637000E-06,+4.949748665094E+00,-592.964753509E-03,-582.427188214E-03,+10.784293847E-03
-3.632000E-06,+4.891367464348E+00,-650.014282832E-03,-650.014282832E-03,+305.175781E-06
-3.627000E-06,+5.150753691792E+00,-681.433983014E-03,-673.366762698E-03,+8.327650783E-03
-3.622000E-06,+4.949748665094E+00,-624.384453691E-03,-753.768771887E-03,-128.361504638E-03
-3.617000E-06,+4.949748665094E+00,-673.366762698E-03,-753.768771887E-03,-79.650878906E-03
-3.612000E-06,+4.935273987225E+00,-598.754624549E-03,-753.768771887E-03,-153.849176416E-03
-3.607000E-06,+4.949748665094E+00,-592.964753509E-03,-834.170781076E-03,-239.562988281E-03
-3.602000E-06,+4.949748665094E+00,-673.366762698E-03,-773.608729988E-03,-99.380793505E-03
-3.597000E-06,+4.949748665094E+00,-673.366762698E-03,-801.515908404E-03,-127.133183106E-03
-3.592000E-06,+5.037079221580E+00,-627.896975455E-03,-753.768771887E-03,-124.868465283E-03
-3.587000E-06,+4.949748665094E+00,-673.366762698E-03,-812.053473700E-03,-137.612301172E-03
-3.582000E-06,+4.949748665094E+00,-602.267146314E-03,-824.868388271E-03,-221.061395215E-03
-3.577000E-06,+4.949748665094E+00,-596.477275274E-03,-753.768771887E-03,-156.113894238E-03
-3.572000E-06,+4.908930073498E+00,-592.964753509E-03,-689.694199034E-03,-95.887754150E-03
-3.567000E-06,+5.077897813175E+00,-592.964753509E-03,-673.366762698E-03,-79.650878906E-03
-3.562000E-06,+4.844855499457E+00,-673.366762698E-03,-753.768771887E-03,-79.650878906E-03
-3.557000E-06,+4.949748665094E+00,-673.366762698E-03,-673.366762698E-03,+305.175781E-06
-3.552000E-06,+4.949748665094E+00,-592.964753509E-03,-740.953857317E-03,-146.863097705E-03
-3.547000E-06,+4.748743638397E+00,-673.366762697E-03,-592.964753509E-03,+80.261230468E-03
-3.542000E-06,+4.917711378073E+00,-647.736933555E-03,-605.779668080E-03,+42.029722801E-03
-3.537000E-06,+5.022604543708E+00,-618.594582650E-03,-512.562744319E-03,+105.748902247E-03
-3.532000E-06,+4.748743638396E+00,-634.922018985E-03,-592.964753509E-03,+42.029722802E-03
-3.527000E-06,+4.748743638396E+00,-592.964753509E-03,-512.562744319E-03,+80.261230469E-03
-3.522000E-06,+4.949748665094E+00,-640.711890027E-03,-448.488171465E-03,+191.462714114E-03
-3.517000E-06,+4.949748665094E+00,-516.075266084E-03,-512.562744319E-03,+3.798215136E-03
-3.512000E-06,+4.949748665094E+00,-664.064369891E-03,-503.260351513E-03,+160.217285156E-03
-3.507000E-06,+4.894455395627E+00,-629.132147944E-03,-432.160735130E-03,+196.184074998E-03
-3.502000E-06,+4.748743638396E+00,-558.032531561E-03,-467.092957078E-03,+90.740348533E-03
-3.497000E-06,+4.748743638396E+00,-640.711890027E-03,-464.815607801E-03,+175.225838870E-03
-3.492000E-06,+4.748743638396E+00,-612.804711609E-03,-512.562744319E-03,+99.991145067E-03
-3.487000E-06,+4.932186055946E+00,-592.964753509E-03,-585.939709979E-03,+7.291254491E-03
-3.482000E-06,+4.748743638396E+00,-673.366762698E-03,-518.352615361E-03,+154.459527977E-03
-3.477000E-06,+4.748743638396E+00,-654.761977086E-03,-636.157191473E-03,+18.806768849E-03
-3.472000E-06,+4.949748665094E+00,-592.964753509E-03,-543.982444502E-03,+49.015801512E-03
-3.467000E-06,+4.658325150632E+00,-584.897533190E-03,-592.964753509E-03,-7.717299222E-03
-3.462000E-06,+5.008129865838E+00,-592.964753509E-03,-616.317233373E-03,-22.917778172E-03
-3.457000E-06,+4.949748665094E+00,-592.964753509E-03,-673.366762698E-03,-79.650878906E-03
-3.452000E-06,+4.944055291797E+00,-592.964753509E-03,-675.644111974E-03,-81.915596730E-03
-3.447000E-06,+5.113023031475E+00,-592.964753509E-03,-753.768771887E-03,-159.606933594E-03
-3.442000E-06,+4.949748665094E+00,-725.861593469E-03,-806.263602658E-03,-79.650878906E-03
-3.437000E-06,+4.847943430736E+00,-633.686846497E-03,-753.768771887E-03,-119.110708103E-03
-3.432000E-06,+4.949748665094E+00,-673.366762698E-03,-834.170781076E-03,-159.606933594E-03
-3.427000E-06,+4.783868856695E+00,-673.366762698E-03,-820.120694017E-03,-145.634776174E-03
-3.422000E-06,+4.949748665094E+00,-592.964753509E-03,-753.768771887E-03,-159.606933594E-03
-3.417000E-06,+4.748743638396E+00,-616.124237674E-03,-742.189029804E-03,-125.060390520E-03
-3.412000E-06,+4.888762022331E+00,-592.964753509E-03,-834.170781076E-03,-239.562988281E-03
-3.407000E-06,+4.748743638396E+00,-636.157191474E-03,-753.768771887E-03,-116.654065042E-03
-3.402000E-06,+4.949748665094E+00,-673.366762698E-03,-703.744286092E-03,-29.903856882E-03
-3.397000E-06,+4.905842142221E+00,-592.964753509E-03,-718.643554239E-03,-124.676540044E-03
-3.392000E-06,+4.961617900947E+00,-668.619068445E-03,-668.619068445E-03,+305.175781E-06
-3.387000E-06,+4.567906662866E+00,-592.964753509E-03,-601.031973826E-03,-7.717299222E-03
-3.382000E-06,+4.949748665094E+00,-592.964753509E-03,-613.846888397E-03,-20.461135110E-03
-3.377000E-06,+4.949748665094E+00,-579.956843238E-03,-546.259793779E-03,+33.815322562E-03
-3.372000E-06,+4.865023550626E+00,-626.854798668E-03,-592.964753509E-03,+34.007247800E-03
-3.367000E-06,+4.748743638396E+00,-571.889622920E-03,-571.889622920E-03,+305.175781E-06
-3.362000E-06,+4.949748665094E+00,-656.846330662E-03,-520.822960337E-03,+135.574084433E-03
-3.357000E-06,+4.949748665094E+00,-588.410054956E-03,-588.410054956E-03,+305.175781E-06
-3.352000E-06,+4.792167672010E+00,-575.595140385E-03,-512.562744319E-03,+62.987958932E-03
-3.347000E-06,+4.949748665094E+00,-643.182235003E-03,-462.345262825E-03,+180.139124993E-03
-3.342000E-06,+5.057247272749E+00,-592.964753509E-03,-549.965311244E-03,+43.066119095E-03
-3.337000E-06,+4.949748665094E+00,-592.964753509E-03,-537.150396673E-03,+55.809954984E-03
-3.332000E-06,+4.949748665094E+00,-604.737491291E-03,-569.419277943E-03,+35.427494569E-03
-3.327000E-06,+4.947143223076E+00,-592.964753509E-03,-513.604921107E-03,+79.224834176E-03
-3.322000E-06,+4.915105936056E+00,-673.366762698E-03,-592.964753509E-03,+80.261230469E-03
-3.317000E-06,+4.748743638396E+00,-592.964753509E-03,-646.694756768E-03,-53.126810836E-03
-3.312000E-06,+4.851031362015E+00,-592.964753509E-03,-633.879842198E-03,-40.382974947E-03
-3.307000E-06,+4.818994074994E+00,-645.266588579E-03,-645.266588579E-03,+305.175781E-06
-3.302000E-06,+4.949748665094E+00,-592.964753509E-03,-673.366762698E-03,-79.650878906E-03
-3.297000E-06,+4.754919500953E+00,-595.435098485E-03,-675.837107675E-03,-79.650878906E-03
-3.292000E-06,+4.748743638396E+00,-592.964753509E-03,-683.711332292E-03,-89.938071733E-03
-3.287000E-06,+4.891849953610E+00,-535.722228484E-03,-673.366762698E-03,-136.575904879E-03
-3.282000E-06,+4.859812666589E+00,-628.939152244E-03,-673.366762698E-03,-43.876014302E-03
-3.277000E-06,+4.748743638396E+00,-592.964753509E-03,-704.979458581E-03,-111.088233101E-03
-3.272000E-06,+4.795738092548E+00,-536.571409571E-03,-734.970990574E-03,-196.993970206E-03
-3.267000E-06,+4.577652945961E+00,+556.594842106E-03,-173.006107338E-03,-725.248998824E-03
-3.262000E-06,+5.133673571903E+00,+2.260515290326E+00,+431.765222463E-03,-1.818301621617E+00
-3.257000E-06,+4.949748665094E+00,+5.807158695183E+00,+2.587450008438E+00,-3.201545206212E+00
-3.252000E-06,+5.471609051259E+00,+11.642113532014E+00,+5.066132400227E+00,-6.539201887535E+00
-3.247000E-06,+4.208162668846E+00,+14.843410428849E+00,+8.526776920555E+00,-6.281292750981E+00
-3.242000E-06,+5.419114219525E+00,+16.211055167019E+00,+12.137070307734E+00,-4.051083085411E+00
-3.237000E-06,+3.389185394922E+00,+16.211055167019E+00,+15.714708822242E+00,-493.288154625E-03
-3.232000E-06,+3.969619977546E+00,+16.211055167019E+00,+16.211055167019E+00,+305.175781E-06
-3.227000E-06,+3.261036246840E+00,+16.211055167019E+00,+16.211055167019E+00,+305.175781E-06
-3.222000E-06,+3.156818566179E+00,+16.211055167019E+00,+16.211055167019E+00,+305.175781E-06
-3.217000E-06,+3.936907205550E+00,+16.211055167019E+00,+16.211055167019E+00,+305.175781E-06
-3.212000E-06,+5.416315781792E+00,+16.211055167019E+00,+16.211055167019E+00,+305.175781E-06
-3.207000E-06,+5.351758718491E+00,+16.211055167019E+00,+16.211055167019E+00,+305.175781E-06
-3.202000E-06,+4.346733585000E+00,+16.211055167019E+00,+16.211055167019E+00,+305.175781E-06
-3.197000E-06,+4.717188840636E+00,+16.211055167019E+00,+16.211055167019E+00,+305.175781E-06
-3.192000E-06,+4.283141500220E+00,+16.211055167019E+00,+16.211055167019E+00,+305.175781E-06
-3.187000E-06,+4.145728558302E+00,+16.211055167019E+00,+16.211055167019E+00,+305.175781E-06
-3.182000E-06,+3.743718504906E+00,+16.211055167019E+00,+16.211055167019E+00,+305.175781E-06
-3.177000E-06,+3.625315639920E+00,+16.211055167019E+00,+16.211055167019E+00,+305.175781E-06
-3.172000E-06,+3.944723531604E+00,+16.211055167019E+00,+16.211055167019E+00,+305.175781E-06
-3.167000E-06,+4.926975171909E+00,+16.211055167019E+00,+16.211055167019E+00,+305.175781E-06
-3.162000E-06,+5.095942911587E+00,+16.211055167019E+00,+16.211055167019E+00,+305.175781E-06
-3.157000E-06,+5.552763745189E+00,+16.211055167019E+00,+16.211055167019E+00,+305.175781E-06
-3.152000E-06,+6.155778825283E+00,+16.211055167019E+00,+16.211055167019E+00,+305.175781E-06
-3.147000E-06,+5.552763745189E+00,+16.211055167019E+00,+16.211055167019E+00,+305.175781E-06
-3.142000E-06,+4.931703566684E+00,+16.211055167019E+00,+16.211055167019E+00,+305.175781E-06
-3.137000E-06,+4.748743638396E+00,+16.211055167019E+00,+16.211055167019E+00,+305.175781E-06
-3.132000E-06,+4.995778140725E+00,+16.211055167019E+00,+16.211055167019E+00,+305.175781E-06
-3.127000E-06,+4.748743638396E+00,+16.211055167019E+00,+16.211055167019E+00,+305.175781E-06
-3.122000E-06,+4.346733585000E+00,+16.211055167019E+00,+16.211055167019E+00,+305.175781E-06
-3.117000E-06,+4.464460965012E+00,+16.211055167019E+00,+16.211055167019E+00,+305.175781E-06
-3.112000E-06,+4.721917235411E+00,+16.211055167019E+00,+16.211055167019E+00,+305.175781E-06
-3.107000E-06,+4.547738611698E+00,+16.211055167019E+00,+16.211055167019E+00,+305.175781E-06
-3.102000E-06,+4.473242269587E+00,+16.211055167019E+00,+16.211055167019E+00,+305.175781E-06
-3.097000E-06,+4.679458180320E+00,+16.211055167019E+00,+16.211055167019E+00,+305.175781E-06
-3.092000E-06,+5.250435973394E+00,+16.211055167019E+00,+16.211055167019E+00,+305.175781E-06
-3.087000E-06,+5.284113723910E+00,+16.211055167019E+00,+16.211055167019E+00,+305.175781E-06
-3.082000E-06,+5.020964080215E+00,+16.211055167019E+00,+16.211055167019E+00,+305.175781E-06
-3.077000E-06,+5.348188297951E+00,+16.211055167019E+00,+16.211055167019E+00,+305.175781E-06
-3.072000E-06,+5.323291852010E+00,+16.211055167019E+00,+16.211055167019E+00,+305.175781E-06
-3.067000E-06,+5.010252818596E+00,+16.211055167019E+00,+16.211055167019E+00,+305.175781E-06
-3.062000E-06,+4.640280052220E+00,+16.211055167019E+00,+16.211055167019E+00,+305.175781E-06
-3.057000E-06,+4.825169937552E+00,+16.211055167019E+00,+16.211055167019E+00,+305.175781E-06
-3.052000E-06,+4.949748665094E+00,+16.211055167019E+00,+16.211055167019E+00,+305.175781E-06
-3.047000E-06,+4.748743638396E+00,+16.211055167019E+00,+16.211055167019E+00,+305.175781E-06
-3.042000E-06,+4.748743638396E+00,+16.211055167019E+00,+16.211055167019E+00,+305.175781E-06
-3.037000E-06,+4.949748665094E+00,+16.211055167019E+00,+16.211055167019E+00,+305.175781E-06
-3.032000E-06,+4.832503774343E+00,+16.211055167019E+00,+16.211055167019E+00,+305.175781E-06
-3.027000E-06,+4.748743638396E+00,+16.211055167019E+00,+16.211055167019E+00,+305.175781E-06
-3.022000E-06,+4.949748665094E+00,+16.211055167019E+00,+16.211055167019E+00,+305.175781E-06
-3.017000E-06,+5.150753691792E+00,+16.211055167019E+00,+16.211055167019E+00,+305.175781E-06
-3.012000E-06,+4.949748665094E+00,+16.211055167019E+00,+16.211055167019E+00,+305.175781E-06
-3.007000E-06,+4.633621700402E+00,+16.211055167019E+00,+16.211055167019E+00,+305.175781E-06
-3.002000E-06,+4.748743638396E+00,+16.211055167019E+00,+16.211055167019E+00,+305.175781E-06
-2.997000E-06,+4.962775875182E+00,+16.211055167019E+00,+16.211055167019E+00,+305.175781E-06
-2.992000E-06,+4.887797043810E+00,+16.211055167019E+00,+16.211055167019E+00,+305.175781E-06
-2.987000E-06,+4.778657972660E+00,+16.211055167019E+00,+16.211055167019E+00,+305.175781E-06
-2.982000E-06,+4.746620685640E+00,+16.211055167019E+00,+16.211055167019E+00,+305.175781E-06
-2.977000E-06,+4.915588425318E+00,+16.211055167019E+00,+16.211055167019E+00,+305.175781E-06
-2.972000E-06,+4.680133665293E+00,+16.211055167019E+00,+16.211055167019E+00,+305.175781E-06
-2.967000E-06,+4.547738611698E+00,+16.211055167019E+00,+16.211055167019E+00,+305.175781E-06
-2.962000E-06,+4.819476564256E+00,+16.211055167019E+00,+16.211055167019E+00,+305.175781E-06
-2.957000E-06,+4.787439277235E+00,+16.211055167019E+00,+16.211055167019E+00,+305.175781E-06
-2.952000E-06,+5.345100366672E+00,+16.211055167019E+00,+16.211055167019E+00,+305.175781E-06
-2.947000E-06,+4.975127600296E+00,+16.211055167019E+00,+16.211055167019E+00,+305.175781E-06
-2.942000E-06,+4.949748665094E+00,+16.211055167019E+00,+16.211055167019E+00,+305.175781E-06
-2.937000E-06,+4.838197147639E+00,+16.211055167019E+00,+16.211055167019E+00,+305.175781E-06
-2.932000E-06,+4.748743638396E+00,+16.211055167019E+00,+16.211055167019E+00,+305.175781E-06
-2.927000E-06,+4.949748665094E+00,+16.211055167019E+00,+16.211055167019E+00,+305.175781E-06
-2.922000E-06,+4.965188321488E+00,+16.211055167019E+00,+16.211055167019E+00,+305.175781E-06
-2.917000E-06,+5.150753691792E+00,+16.211055167019E+00,+16.211055167019E+00,+305.175781E-06
-2.912000E-06,+4.949748665094E+00,+16.211055167019E+00,+16.211055167019E+00,+305.175781E-06
-2.907000E-06,+4.829415843065E+00,+16.211055167019E+00,+16.211055167019E+00,+305.175781E-06
-2.902000E-06,+4.748743638396E+00,+16.211055167019E+00,+16.211055167019E+00,+305.175781E-06
-2.897000E-06,+5.006006913083E+00,+16.211055167019E+00,+16.211055167019E+00,+305.175781E-06
-2.892000E-06,+4.772964599365E+00,+16.211055167019E+00,+16.211055167019E+00,+305.175781E-06
-2.887000E-06,+4.748743638396E+00,+16.211055167019E+00,+16.211055167019E+00,+305.175781E-06
-2.882000E-06,+4.949748665094E+00,+16.211055167019E+00,+16.211055167019E+00,+305.175781E-06
-2.877000E-06,+4.877857765001E+00,+16.211055167019E+00,+16.211055167019E+00,+305.175781E-06
-2.872000E-06,+4.748743638396E+00,+10.460478050857E+00,+16.133393696791E+00,+5.641755659399E+00
-2.867000E-06,+4.677817716825E+00,+4.212203619974E+00,+13.110810819424E+00,+8.849555723839E+00
-2.862000E-06,+4.748743638396E+00,+4.351160524946E+00,+10.276900539704E+00,+5.893177722901E+00
-2.857000E-06,+5.350793739968E+00,+3.826057820679E+00,+6.318134114140E+00,+2.478559020616E+00
-2.852000E-06,+6.093634208287E+00,+2.004757386881E+00,+3.742915272528E+00,+1.728822265863E+00
-2.847000E-06,+5.477977909528E+00,+904.759087375E-03,+1.648950511846E+00,+740.368898480E-03
-2.842000E-06,+4.854601782555E+00,+414.202613640E-03,-317.984478200E-03,-727.820797027E-03
-2.837000E-06,+4.802106950817E+00,-148.264058417E-03,-1.734958917627E+00,-1.577588986502E+00
-2.832000E-06,+2.010327580967E+00,-720.341916412E-03,-2.974763303206E+00,-2.241611929389E+00
-2.827000E-06,+1.944419547720E+00,-516.461257486E-03,-3.165829047561E+00,-2.634367739074E+00
-2.822000E-06,+3.498131470361E+00,-673.366762698E-03,-3.326633065939E+00,-2.638244628906E+00
-2.817000E-06,+6.101450534339E+00,-695.098078672E-03,-2.807281633564E+00,-2.100163028038E+00
-2.812000E-06,+5.007840372289E+00,-673.366762698E-03,-2.315953177026E+00,-1.633170535802E+00
-2.807000E-06,+4.712942935125E+00,-592.964753509E-03,-1.666831435054E+00,-1.067605240670E+00
-2.802000E-06,+5.452888467876E+00,-733.542822385E-03,-1.396984845400E+00,-659.457026795E-03
-2.797000E-06,+6.576316466352E+00,-658.544692835E-03,-1.477386854589E+00,-813.995229469E-03
-2.792000E-06,+6.155778825283E+00,-592.964753509E-03,-1.311178956572E+00,-713.925409705E-03
-2.787000E-06,+4.437827557738E+00,-574.745959299E-03,-1.316582836211E+00,-737.417058996E-03
-2.782000E-06,+4.099892078383E+00,-561.931044728E-03,-1.106410517424E+00,-541.154309301E-03
-2.777000E-06,+3.853340065316E+00,-519.857981833E-03,-1.111930194481E+00,-588.483073305E-03
-2.772000E-06,+3.223016092974E+00,-479.637677665E-03,-971.236328187E-03,-488.566793737E-03
-2.767000E-06,+3.570022370455E+00,-673.366762698E-03,-1.075376808643E+00,-399.475097656E-03
-2.762000E-06,+5.337573534170E+00,-755.660129761E-03,-1.236180827022E+00,-477.550284998E-03
-2.757000E-06,+5.589529426983E+00,-834.170781076E-03,-1.754876074010E+00,-915.293370765E-03
-2.752000E-06,+4.616541580513E+00,-834.170781076E-03,-2.226364572449E+00,-1.384166730347E+00
-2.747000E-06,+4.446898355863E+00,-874.236688679E-03,-2.442210964859E+00,-1.558972238293E+00
-2.742000E-06,+5.689018712874E+00,-753.768771887E-03,-2.387708978795E+00,-1.624572285083E+00
-2.737000E-06,+5.717678575065E+00,-739.332693426E-03,-1.784558812884E+00,-1.039123535156E+00
-2.732000E-06,+4.953801574896E+00,-514.183908210E-03,-1.152536490051E+00,-634.506745691E-03
-2.727000E-06,+5.323774341272E+00,-512.562744319E-03,-454.548236491E-03,+57.997902709E-03
-2.722000E-06,+5.633725443408E+00,-432.160735130E-03,+219.431351819E-03,+648.283168664E-03
-2.717000E-06,+5.116979443437E+00,-308.180296574E-03,+817.447832074E-03,+1.119689941406E+00
-2.712000E-06,+4.222637346719E+00,-240.593201955E-03,+1.126240954260E+00,+1.359558105469E+00
-2.707000E-06,+4.346733585000E+00,-253.408116526E-03,+1.372580667483E+00,+1.617275316784E+00
-2.702000E-06,+4.748743638396E+00,-190.954707563E-03,+1.572755808943E+00,+1.754233167542E+00
-2.697000E-06,+4.748743638396E+00,-198.635936478E-03,+1.505168714324E+00,+1.694659573268E+00
-2.692000E-06,+4.346733585000E+00,-351.758725941E-03,+1.196375592138E+00,+1.539852675257E+00
-2.687000E-06,+4.748743638396E+00,-432.160735130E-03,+840.491518820E-03,+1.265898588698E+00
-2.682000E-06,+5.236443784785E+00,-444.010671196E-03,+337.583320199E-03,+777.564009854E-03
-2.677000E-06,+5.097100885821E+00,-512.562744319E-03,-73.072933167E-03,+437.357330690E-03
-2.672000E-06,+4.949748665094E+00,-584.318546088E-03,-360.404933361E-03,+222.976838405E-03
-2.667000E-06,+5.140331923723E+00,-669.198055547E-03,-673.366762698E-03,-3.840409388E-03
-2.662000E-06,+5.193212746882E+00,-512.562744319E-03,-770.752393608E-03,-256.452409340E-03
-2.657000E-06,+5.098741349315E+00,-643.568226406E-03,-834.170781076E-03,-189.240190541E-03
-2.652000E-06,+4.547738611698E+00,-630.753311835E-03,-834.170781076E-03,-201.984026430E-03
-2.647000E-06,+5.150753691792E+00,-592.964753509E-03,-809.197137320E-03,-214.727862318E-03
-2.642000E-06,+5.321361894965E+00,-661.208033513E-03,-765.927501072E-03,-103.833459055E-03
-2.637000E-06,+4.752024565385E+00,-673.366762698E-03,-993.662428683E-03,-318.213951340E-03
-2.632000E-06,+4.916070914579E+00,-659.895662741E-03,-1.128836617920E+00,-466.034770640E-03
-2.627000E-06,+4.814458675932E+00,-727.482757360E-03,-1.182064832360E+00,-451.755532840E-03
-2.622000E-06,+4.944248287508E+00,-714.667842789E-03,-1.357883916302E+00,-639.343261719E-03
-2.617000E-06,+4.417949000121E+00,-753.768771887E-03,-1.477386854589E+00,-719.299316406E-03
-2.612000E-06,+4.748743638396E+00,-689.038013648E-03,-1.477386854589E+00,-783.671041665E-03
-2.607000E-06,+5.344617877410E+00,-673.366762698E-03,-1.474530518210E+00,-796.414877553E-03
-2.602000E-06,+5.351758718491E+00,-824.212202884E-03,-1.396984845400E+00,-569.290549380E-03
-2.597000E-06,+4.892814932134E+00,-673.366762698E-03,-1.374211352638E+00,-696.652138169E-03
-2.592000E-06,+4.972811651830E+00,-718.180364554E-03,-1.280994428878E+00,-559.387207031E-03
-2.587000E-06,+5.150753691792E+00,-721.770084601E-03,-1.172183452451E+00,-447.609947671E-03
-2.582000E-06,+5.303799285815E+00,-592.964753509E-03,-1.056193035929E+00,-460.353783559E-03
-2.577000E-06,+4.748743638396E+00,-586.595895364E-03,-827.801922932E-03,-239.562988281E-03
-2.572000E-06,+4.732628497031E+00,-592.964753509E-03,-599.410809935E-03,-6.105127212E-03
-2.567000E-06,+5.102601263407E+00,-531.823715317E-03,-351.758725941E-03,+179.371424038E-03
-2.562000E-06,+4.869558949688E+00,-544.638629888E-03,-62.226574753E-03,+480.041503906E-03
-2.557000E-06,+4.748743638396E+00,-477.051535269E-03,+5.360519866E-03,+480.041503906E-03
-2.552000E-06,+4.862225112898E+00,-489.866449840E-03,+50.251320004E-03,+537.427150454E-03
-2.547000E-06,+4.949748665094E+00,-442.042115039E-03,+130.653329194E-03,+569.824130844E-03
-2.542000E-06,+4.748743638396E+00,-432.160735130E-03,+130.653329194E-03,+559.997558594E-03
-2.537000E-06,+4.788114762207E+00,-447.909184363E-03,+130.653329194E-03,+575.658658121E-03
-2.532000E-06,+4.748743638396E+00,-512.562744319E-03,+182.491974579E-03,+691.504732553E-03
-2.527000E-06,+5.150753691792E+00,-473.539013504E-03,+130.653329194E-03,+601.146329898E-03
-2.522000E-06,+5.015270706920E+00,-566.755937264E-03,+211.055338383E-03,+773.802275162E-03
-2.517000E-06,+5.117268936988E+00,-458.948538478E-03,+50.251320004E-03,+506.680727117E-03
-2.512000E-06,+4.951196132879E+00,-511.983757216E-03,-110.552698374E-03,+399.509673502E-03
-2.507000E-06,+4.980338484331E+00,-580.728826041E-03,-190.954707563E-03,+387.917389047E-03
-2.502000E-06,+4.811370744653E+00,-567.913911470E-03,-271.356716752E-03,+295.217498471E-03
-2.497000E-06,+4.748743638396E+00,-592.964753509E-03,-436.831231101E-03,+155.572694368E-03
-2.492000E-06,+5.024052011495E+00,-622.686091518E-03,-592.964753509E-03,+29.861662631E-03
-2.487000E-06,+5.150753691792E+00,-529.469167758E-03,-673.366762698E-03,-142.794282633E-03
-2.482000E-06,+4.748743638396E+00,-749.677263019E-03,-838.262289944E-03,-87.788509050E-03
-2.477000E-06,+4.748743638396E+00,-610.411564914E-03,-1.057929997238E+00,-444.731069076E-03
-2.472000E-06,+5.043062088429E+00,-614.503073782E-03,-1.134240497559E+00,-516.549493620E-03
-2.467000E-06,+4.949748665094E+00,-719.415537043E-03,-1.201827592177E+00,-479.431152344E-03
-2.462000E-06,+4.949748665094E+00,-706.600622472E-03,-1.349816695985E+00,-639.343261719E-03
-2.457000E-06,+5.000796029049E+00,-753.768771887E-03,-1.316582836211E+00,-559.387207031E-03
-2.452000E-06,+5.150753691792E+00,-688.574823963E-03,-1.316582836211E+00,-624.219552865E-03
-2.447000E-06,+5.137726481706E+00,-678.577646636E-03,-1.316582836211E+00,-634.161280257E-03
-2.442000E-06,+4.949748665094E+00,-834.170781076E-03,-1.236180827022E+00,-399.475097656E-03
-2.437000E-06,+5.026850449222E+00,-673.366762698E-03,-1.205340113942E+00,-528.717553792E-03
-2.432000E-06,+5.242619647343E+00,-636.620381159E-03,-1.119032436293E+00,-479.431152344E-03
-2.427000E-06,+4.949748665094E+00,-673.366762698E-03,-914.572790265E-03,-239.562988281E-03
-2.422000E-06,+4.776535019905E+00,-604.081305906E-03,-834.170781076E-03,-228.508094499E-03
-2.417000E-06,+5.146507786281E+00,-594.663115682E-03,-594.663115682E-03,+305.175781E-06
-2.412000E-06,+4.785026830928E+00,-592.964753509E-03,-527.076021063E-03,+65.828452473E-03
-2.407000E-06,+5.082433212240E+00,-592.964753509E-03,-459.488926445E-03,+133.040671272E-03
-2.402000E-06,+4.949748665094E+00,-673.366762698E-03,-392.017629245E-03,+280.093789617E-03
-2.397000E-06,+4.949748665094E+00,-592.964753509E-03,-324.314737208E-03,+267.465108869E-03
-2.392000E-06,+4.949748665094E+00,-527.191818482E-03,-271.356716752E-03,+254.721272981E-03
-2.387000E-06,+4.753279037460E+00,-592.964753509E-03,-189.140547971E-03,+401.889546467E-03
-2.382000E-06,+4.748743638396E+00,-512.562744319E-03,-121.553453353E-03,+389.145710578E-03
-2.377000E-06,+4.890209490117E+00,-536.378413869E-03,-30.150689185E-03,+503.725078436E-03
-2.372000E-06,+5.150753691792E+00,-519.703585268E-03,-110.552698374E-03,+407.186683070E-03
-2.367000E-06,+5.150753691792E+00,-543.519254817E-03,-159.998197065E-03,+381.699011293E-03
-2.362000E-06,+4.748743638396E+00,-637.083570843E-03,-209.096303490E-03,+425.918586430E-03
-2.357000E-06,+4.748743638396E+00,-512.562744319E-03,-426.834053774E-03,+85.558367072E-03
-2.352000E-06,+4.931028081712E+00,-585.476520294E-03,-424.672501916E-03,+160.217285156E-03
-2.347000E-06,+4.598496482101E+00,-592.964753509E-03,-432.160735130E-03,+160.217285156E-03
-2.342000E-06,+5.150753691792E+00,-592.964753509E-03,-479.444681964E-03,+113.195601532E-03
-2.337000E-06,+5.150753691792E+00,-627.433785771E-03,-547.031776582E-03,+80.261230469E-03
-2.332000E-06,+4.949748665094E+00,-614.618871201E-03,-673.366762698E-03,-58.116867059E-03
-2.327000E-06,+4.927650656881E+00,-601.803956630E-03,-825.331577955E-03,-221.982636365E-03
-2.322000E-06,+4.939809386287E+00,-677.342474147E-03,-830.195069627E-03,-151.699613733E-03
-2.317000E-06,+4.991725230922E+00,-673.366762698E-03,-961.393547414E-03,-286.124051330E-03
-2.312000E-06,+4.949748665094E+00,-724.163231296E-03,-965.369258863E-03,-239.562988281E-03
-2.307000E-06,+4.843697525225E+00,-715.787217859E-03,-876.591236237E-03,-159.606933594E-03
-2.302000E-06,+4.748743638396E+00,-673.366762698E-03,-1.020141438911E+00,-344.546094171E-03
-2.297000E-06,+4.949748665094E+00,-673.366762698E-03,-982.623074568E-03,-307.235827655E-03
-2.292000E-06,+4.949748665094E+00,-673.829952382E-03,-995.437989139E-03,-319.519042969E-03
-2.287000E-06,+5.117558430539E+00,-673.366762698E-03,-1.008252903709E+00,-332.723499433E-03
-2.282000E-06,+4.949748665094E+00,-699.459781524E-03,-914.572790265E-03,-213.614695928E-03
-2.277000E-06,+5.047018500389E+00,-634.458829301E-03,-875.664856868E-03,-239.562988281E-03
-2.272000E-06,+5.021446569478E+00,-644.687601476E-03,-885.893629043E-03,-239.562988281E-03
-2.267000E-06,+4.788404255759E+00,-753.768771887E-03,-818.306534425E-03,-63.874624238E-03
-2.262000E-06,+4.756366968738E+00,-673.366762698E-03,-676.416094778E-03,-2.727242998E-03
-2.257000E-06,+5.150753691792E+00,-602.730335999E-03,-753.768771887E-03,-149.895516485E-03
-2.252000E-06,+4.893297421396E+00,-650.786265637E-03,-753.768771887E-03,-102.106131904E-03
-2.247000E-06,+4.837232169116E+00,-592.964753509E-03,-673.366762698E-03,-79.650878906E-03
-2.242000E-06,+4.829222847354E+00,-641.175079711E-03,-592.964753509E-03,+48.248100557E-03
-2.237000E-06,+4.949748665094E+00,-653.989994282E-03,-573.587985093E-03,+80.261230469E-03
-2.232000E-06,+5.167158326710E+00,-592.964753509E-03,-519.124598165E-03,+73.735772334E-03
-2.227000E-06,+4.949748665094E+00,-667.113701972E-03,-438.413795856E-03,+227.736584335E-03
-2.222000E-06,+4.997418604218E+00,-592.964753509E-03,-451.228710427E-03,+141.255071513E-03
-2.217000E-06,+4.949748665094E+00,-576.328524053E-03,-480.679854453E-03,+95.423324376E-03
-2.212000E-06,+4.860488151561E+00,-548.266949071E-03,-396.456530379E-03,+151.273569003E-03
-2.207000E-06,+4.892525438582E+00,-570.075463328E-03,-466.784163958E-03,+103.023563847E-03
-2.202000E-06,+5.150753691792E+00,-582.890377898E-03,-281.431092362E-03,+300.092399552E-03
-2.197000E-06,+4.942897317566E+00,-592.964753509E-03,-429.420196170E-03,+162.942623555E-03
-2.192000E-06,+4.910860030545E+00,-577.409299977E-03,-351.758725941E-03,+224.704165556E-03
-2.187000E-06,+4.949748665094E+00,-644.996394596E-03,-380.129094043E-03,+263.703374178E-03
-2.182000E-06,+5.052711873685E+00,-592.964753509E-03,-510.594188163E-03,+82.218867912E-03
-2.177000E-06,+5.015753196182E+00,-592.964753509E-03,-512.562744319E-03,+80.261230469E-03
-2.172000E-06,+4.949748665094E+00,-673.366762698E-03,-512.562744319E-03,+160.217285156E-03
-2.167000E-06,+5.146893777700E+00,-592.964753509E-03,-592.964753509E-03,+305.175781E-06
-2.162000E-06,+5.120646361818E+00,-673.366762698E-03,-605.007685275E-03,+68.285095536E-03
-2.157000E-06,+5.011893282089E+00,-648.508916360E-03,-648.508916360E-03,+305.175781E-06
-2.152000E-06,+5.043930569110E+00,-635.694001790E-03,-673.366762698E-03,-37.158630929E-03
-2.147000E-06,+4.898315309721E+00,-673.366762698E-03,-753.768771887E-03,-79.650878906E-03
-2.142000E-06,+5.108005143151E+00,-592.964753509E-03,-753.768771887E-03,-159.606933594E-03
-2.137000E-06,+4.759454900017E+00,-597.249258078E-03,-758.053276456E-03,-159.606933594E-03
-2.132000E-06,+4.928422639695E+00,-664.836352696E-03,-842.701191078E-03,-176.573124749E-03
-2.127000E-06,+4.855470263236E+00,-614.310078081E-03,-893.227465693E-03,-277.065180036E-03
-2.122000E-06,+4.949748665094E+00,-707.527001841E-03,-914.572790265E-03,-205.592220926E-03
-2.117000E-06,+4.949748665094E+00,-673.366762698E-03,-914.572790265E-03,-239.562988281E-03
-2.112000E-06,+5.099223838576E+00,-673.366762698E-03,-854.782721981E-03,-180.104549148E-03
-2.107000E-06,+4.768236204592E+00,-681.163789032E-03,-834.170781076E-03,-151.853153928E-03
-2.102000E-06,+4.761288359221E+00,-673.366762698E-03,-834.170781076E-03,-159.606933594E-03
-2.097000E-06,+5.150753691792E+00,-691.199565505E-03,-816.337978268E-03,-124.139149371E-03
-2.092000E-06,+4.748743638396E+00,-642.719045319E-03,-673.366762698E-03,-30.172552219E-03
-2.087000E-06,+4.949748665094E+00,-592.964753509E-03,-636.427385458E-03,-42.916388108E-03
-2.082000E-06,+4.949748665094E+00,-649.242300028E-03,-592.964753509E-03,+56.270575559E-03
-2.077000E-06,+4.949748665094E+00,-592.964753509E-03,-650.747666500E-03,-57.157240864E-03
-2.072000E-06,+4.748743638396E+00,-591.459387037E-03,-512.562744319E-03,+78.764213601E-03
-2.067000E-06,+4.949748665094E+00,-644.726200612E-03,-432.160735130E-03,+211.691634331E-03
-2.062000E-06,+5.218591682083E+00,-512.562744319E-03,-432.160735130E-03,+80.261230469E-03
-2.057000E-06,+4.849873387783E+00,-592.964753509E-03,-391.708836125E-03,+200.444815310E-03
-2.052000E-06,+4.748743638396E+00,-567.836713188E-03,-404.523750696E-03,+162.712313263E-03
-2.047000E-06,+4.748743638396E+00,-592.964753509E-03,-351.758725941E-03,+240.173339844E-03
-2.042000E-06,+4.944730776769E+00,-590.957598216E-03,-353.765881234E-03,+236.181294869E-03
-2.037000E-06,+4.922729266399E+00,-523.370503597E-03,-490.947225764E-03,+32.548615986E-03
-2.032000E-06,+4.949748665094E+00,-569.342079660E-03,-488.940070471E-03,+80.261230469E-03
-2.027000E-06,+4.748743638396E+00,-600.491585859E-03,-468.598323550E-03,+131.466884307E-03
-2.022000E-06,+4.871874898153E+00,-592.964753509E-03,-481.413238120E-03,+111.237964089E-03
-2.017000E-06,+4.748743638396E+00,-530.897335948E-03,-512.562744319E-03,+18.538073512E-03
-2.012000E-06,+4.949748665094E+00,-673.366762698E-03,-587.445076451E-03,+85.750292311E-03
-2.007000E-06,+4.949748665094E+00,-592.964753509E-03,-519.857981832E-03,+73.006456422E-03
-2.002000E-06,+5.100478310651E+00,-613.074905592E-03,-653.256610614E-03,-39.653659036E-03
-1.997000E-06,+4.949748665094E+00,-640.441696043E-03,-753.768771887E-03,-112.393324730E-03
-1.992000E-06,+4.949748665094E+00,-592.964753509E-03,-834.170781076E-03,-239.562988281E-03
-1.987000E-06,+4.803361422892E+00,-673.366762698E-03,-834.170781076E-03,-159.606933594E-03
-1.982000E-06,+4.927168167619E+00,-601.996952331E-03,-762.800970709E-03,-159.606933594E-03
-1.977000E-06,+4.940291875549E+00,-596.747469257E-03,-749.986056139E-03,-152.083464211E-03
-1.972000E-06,+4.991242741661E+00,-673.366762698E-03,-834.170781076E-03,-159.606933594E-03
-1.967000E-06,+5.023280028681E+00,-643.954217808E-03,-834.170781076E-03,-188.856340063E-03
-1.962000E-06,+4.854312289004E+00,-715.594222158E-03,-834.170781076E-03,-117.613691236E-03
-1.957000E-06,+5.087354602722E+00,-648.007127540E-03,-834.170781076E-03,-184.825910035E-03
-1.952000E-06,+4.981110467144E+00,-605.509474096E-03,-834.170781076E-03,-227.087847729E-03
-1.947000E-06,+4.749419123367E+00,-673.096568714E-03,-753.768771887E-03,-79.919574243E-03
-1.942000E-06,+5.150753691792E+00,-592.964753509E-03,-686.451871252E-03,-92.663410131E-03
-1.937000E-06,+4.949748665094E+00,-618.864776633E-03,-727.868748762E-03,-108.094199366E-03
-1.932000E-06,+4.741313303763E+00,-673.366762698E-03,-712.081700393E-03,-38.195027221E-03
-1.927000E-06,+4.949748665094E+00,-592.964753509E-03,-644.494605775E-03,-50.938863110E-03
-1.922000E-06,+4.909605558470E+00,-657.309520345E-03,-609.021995861E-03,+48.324870654E-03
-1.917000E-06,+4.748743638396E+00,-596.207081290E-03,-592.964753509E-03,+3.529519800E-03
-1.912000E-06,+4.772675105813E+00,-583.392166719E-03,-522.135331109E-03,+61.222246729E-03
-1.907000E-06,+4.748743638396E+00,-650.979261338E-03,-570.577252149E-03,+80.261230469E-03
-1.902000E-06,+5.037754706552E+00,-592.964753509E-03,-547.765160250E-03,+45.254066821E-03
-1.897000E-06,+5.030710363314E+00,-640.982084010E-03,-512.562744319E-03,+128.012230005E-03
-1.892000E-06,+4.900824253895E+00,-612.534517626E-03,-432.160735130E-03,+179.678504419E-03
-1.887000E-06,+4.932861540915E+00,-592.964753509E-03,-432.160735130E-03,+160.217285156E-03
-1.882000E-06,+4.748743638396E+00,-599.024818533E-03,-432.160735130E-03,+166.243737671E-03
-1.877000E-06,+4.795931088258E+00,-592.964753509E-03,-512.562744319E-03,+80.261230469E-03
-1.872000E-06,+4.992304218027E+00,-561.274859343E-03,-480.872850154E-03,+80.261230469E-03
-1.867000E-06,+4.860005662300E+00,-673.366762698E-03,-476.665543867E-03,+195.915379662E-03
-1.862000E-06,+4.949748665094E+00,-592.964753509E-03,-535.645030201E-03,+57.306971851E-03
-1.857000E-06,+5.125085263039E+00,-603.232124820E-03,-592.964753509E-03,+10.515598510E-03
-1.852000E-06,+4.949748665094E+00,-517.657830838E-03,-592.964753509E-03,-74.584052586E-03
-1.847000E-06,+5.112347546505E+00,-592.964753509E-03,-658.004304868E-03,-64.373629857E-03
-1.842000E-06,+4.819187070704E+00,-673.366762698E-03,-645.189390297E-03,+28.326260719E-03
-1.837000E-06,+5.052229384423E+00,-592.964753509E-03,-673.366762698E-03,-79.650878906E-03
-1.832000E-06,+4.949748665094E+00,-592.964753509E-03,-753.768771887E-03,-159.606933594E-03
-1.827000E-06,+4.949748665094E+00,-739.988878811E-03,-687.146655774E-03,+52.854306301E-03
-1.822000E-06,+4.949748665094E+00,-673.366762698E-03,-674.331741203E-03,-654.450414E-06
-1.817000E-06,+5.121128851080E+00,-604.814689574E-03,-685.216698763E-03,-79.650878906E-03
-1.812000E-06,+4.949748665094E+00,-673.366762698E-03,-803.098473159E-03,-128.706970071E-03
-1.807000E-06,+4.842443053150E+00,-630.444518715E-03,-791.248537094E-03,-159.606933594E-03
-1.802000E-06,+4.949748665094E+00,-673.366762698E-03,-753.768771887E-03,-79.650878906E-03
-1.797000E-06,+4.949748665094E+00,-592.964753509E-03,-771.061186728E-03,-176.803435033E-03
-1.792000E-06,+4.960942415977E+00,-588.487253238E-03,-753.768771887E-03,-164.059599144E-03
-1.787000E-06,+4.949748665094E+00,-665.029348397E-03,-681.704176998E-03,-16.277164896E-03
-1.782000E-06,+5.097872868634E+00,-652.214433826E-03,-732.616443016E-03,-79.650878906E-03
-1.777000E-06,+4.949748665094E+00,-626.931996950E-03,-719.801528445E-03,-92.049249361E-03
-1.772000E-06,+4.949748665094E+00,-626.584604685E-03,-673.366762698E-03,-46.217502224E-03
-1.767000E-06,+4.897736322616E+00,-592.964753509E-03,-673.366762698E-03,-79.650878906E-03
-1.762000E-06,+4.567713667156E+00,-665.376740663E-03,-592.964753509E-03,+72.315525564E-03
-1.757000E-06,+4.961810896657E+00,-592.964753509E-03,-588.139860973E-03,+5.103306765E-03
-1.752000E-06,+4.949748665094E+00,-575.324946402E-03,-610.604560615E-03,-34.778757964E-03
-1.747000E-06,+4.748743638396E+00,-642.912041021E-03,-592.964753509E-03,+49.975427708E-03
-1.742000E-06,+4.949748665094E+00,-592.964753509E-03,-592.964753509E-03,+305.175781E-06
-1.737000E-06,+4.949748665094E+00,-536.880202690E-03,-592.964753509E-03,-55.468298757E-03
-1.732000E-06,+4.777499998429E+00,-604.467297308E-03,-524.065288119E-03,+80.261230469E-03
-1.727000E-06,+5.150753691792E+00,-513.875115090E-03,-592.964753509E-03,-78.345787278E-03
-1.722000E-06,+4.914430451086E+00,-607.092038850E-03,-512.562744319E-03,+94.310157986E-03
-1.717000E-06,+4.748743638396E+00,-619.482362873E-03,-512.562744319E-03,+106.631758344E-03
-1.712000E-06,+5.051360903743E+00,-592.964753509E-03,-592.964753509E-03,+305.175781E-06
-1.707000E-06,+4.748743638396E+00,-620.794733644E-03,-512.562744319E-03,+107.936849973E-03
-1.702000E-06,+4.949748665094E+00,-577.949687944E-03,-592.964753509E-03,-14.626607834E-03
-1.697000E-06,+4.754244015983E+00,-514.762895313E-03,-514.762895313E-03,+305.175781E-06
-1.692000E-06,+4.949748665094E+00,-592.964753509E-03,-603.579517085E-03,-10.250712381E-03
-1.687000E-06,+4.807317834850E+00,-592.964753509E-03,-649.937084550E-03,-56.351154855E-03
-1.682000E-06,+4.949748665094E+00,-629.209346227E-03,-592.964753509E-03,+36.348735721E-03
-1.677000E-06,+4.871392408891E+00,-592.964753509E-03,-673.366762698E-03,-79.650878906E-03
-1.672000E-06,+4.949748665094E+00,-654.839175368E-03,-654.839175368E-03,+305.175781E-06
-1.667000E-06,+4.763025320558E+00,-667.654089939E-03,-667.654089939E-03,+305.175781E-06
-1.662000E-06,+4.949748665094E+00,-592.964753509E-03,-673.366762698E-03,-79.650878906E-03
-1.657000E-06,+4.899955773215E+00,-612.881909891E-03,-733.851615504E-03,-119.993564202E-03
-1.652000E-06,+4.949748665094E+00,-640.634691744E-03,-673.366762698E-03,-32.245344804E-03
-1.647000E-06,+4.949748665094E+00,-177.483607615E-03,-523.254706178E-03,-343.548082923E-03
-1.642000E-06,+4.894648391337E+00,+1.446884012503E+00,+233.095447477E-03,-1.206751039144E+00
-1.637000E-06,+5.150753691792E+00,+3.278181623617E+00,+990.024588227E-03,-2.275160461214E+00
-1.632000E-06,+4.949748665094E+00,+9.235457135956E+00,+4.286429766699E+00,-4.921272120320E+00
-1.627000E-06,+4.510779934217E+00,+12.832549617177E+00,+6.206775594433E+00,-6.588718599276E+00
-1.622000E-06,+5.863583327983E+00,+16.211055167019E+00,+10.473485961087E+00,-5.705440263039E+00
-1.617000E-06,+3.561048070193E+00,+16.211055167019E+00,+13.895762935990E+00,-2.302145149885E+00
-1.612000E-06,+4.410615163332E+00,+16.211055167019E+00,+16.211055167019E+00,+305.175781E-06
-1.607000E-06,+2.907854106802E+00,+16.211055167019E+00,+16.211055167019E+00,+305.175781E-06
-1.602000E-06,+3.743718504906E+00,+16.211055167019E+00,+16.211055167019E+00,+305.175781E-06
-1.597000E-06,+2.939698398113E+00,+16.211055167019E+00,+16.211055167019E+00,+305.175781E-06
-1.592000E-06,+4.821213525594E+00,+16.211055167019E+00,+16.211055167019E+00,+305.175781E-06
-1.587000E-06,+5.552763745189E+00,+16.211055167019E+00,+16.211055167019E+00,+305.175781E-06
-1.582000E-06,+5.078090808885E+00,+16.211055167019E+00,+16.211055167019E+00,+305.175781E-06
-1.577000E-06,+4.387359180887E+00,+16.211055167019E+00,+16.211055167019E+00,+305.175781E-06
-1.572000E-06,+4.338145276134E+00,+16.211055167019E+00,+16.211055167019E+00,+305.175781E-06
-1.567000E-06,+4.346733585000E+00,+16.211055167019E+00,+16.211055167019E+00,+305.175781E-06
-1.562000E-06,+3.944723531604E+00,+16.211055167019E+00,+16.211055167019E+00,+305.175781E-06
-1.557000E-06,+3.656194952710E+00,+16.211055167019E+00,+16.211055167019E+00,+305.175781E-06
-1.552000E-06,+3.743718504906E+00,+16.211055167019E+00,+16.211055167019E+00,+305.175781E-06
-1.547000E-06,+4.244542359225E+00,+16.211055167019E+00,+16.211055167019E+00,+305.175781E-06
-1.542000E-06,+4.932379051654E+00,+16.211055167019E+00,+16.211055167019E+00,+305.175781E-06
-1.537000E-06,+5.150753691792E+00,+16.211055167019E+00,+16.211055167019E+00,+305.175781E-06
-1.532000E-06,+5.753768771887E+00,+16.211055167019E+00,+16.211055167019E+00,+305.175781E-06
-1.527000E-06,+6.155778825283E+00,+16.211055167019E+00,+16.211055167019E+00,+305.175781E-06
-1.522000E-06,+5.060528199736E+00,+16.211055167019E+00,+16.211055167019E+00,+305.175781E-06
-1.517000E-06,+4.605926816734E+00,+16.211055167019E+00,+16.211055167019E+00,+305.175781E-06
-1.512000E-06,+4.774894556412E+00,+16.211055167019E+00,+16.211055167019E+00,+305.175781E-06
-1.507000E-06,+4.754630007401E+00,+16.211055167019E+00,+16.211055167019E+00,+305.175781E-06
-1.502000E-06,+4.547738611698E+00,+16.211055167019E+00,+16.211055167019E+00,+305.175781E-06
-1.497000E-06,+4.346733585000E+00,+16.211055167019E+00,+16.211055167019E+00,+305.175781E-06
-1.492000E-06,+4.547738611698E+00,+16.211055167019E+00,+16.211055167019E+00,+305.175781E-06
-1.487000E-06,+4.681774128785E+00,+16.211055167019E+00,+16.211055167019E+00,+305.175781E-06
-1.482000E-06,+4.477874166517E+00,+16.211055167019E+00,+16.211055167019E+00,+305.175781E-06
-1.477000E-06,+4.550633547268E+00,+16.211055167019E+00,+16.211055167019E+00,+305.175781E-06
-1.472000E-06,+5.121611340342E+00,+16.211055167019E+00,+16.211055167019E+00,+305.175781E-06
-1.467000E-06,+5.150753691792E+00,+16.211055167019E+00,+16.211055167019E+00,+305.175781E-06
-1.462000E-06,+5.042965590586E+00,+16.211055167019E+00,+16.211055167019E+00,+305.175781E-06
-1.457000E-06,+5.150753691792E+00,+16.211055167019E+00,+16.211055167019E+00,+305.175781E-06
-1.452000E-06,+5.351758718491E+00,+16.211055167019E+00,+16.211055167019E+00,+305.175781E-06
-1.447000E-06,+5.340082478346E+00,+16.211055167019E+00,+16.211055167019E+00,+305.175781E-06
-1.442000E-06,+4.929387618219E+00,+16.211055167019E+00,+16.211055167019E+00,+305.175781E-06
-1.437000E-06,+4.897350331198E+00,+16.211055167019E+00,+16.211055167019E+00,+305.175781E-06
-1.432000E-06,+5.066318070876E+00,+16.211055167019E+00,+16.211055167019E+00,+305.175781E-06
-1.427000E-06,+4.865216546334E+00,+16.211055167019E+00,+16.211055167019E+00,+305.175781E-06
-1.422000E-06,+4.600233443438E+00,+16.211055167019E+00,+16.211055167019E+00,+305.175781E-06
-1.417000E-06,+4.769201183116E+00,+16.211055167019E+00,+16.211055167019E+00,+305.175781E-06
-1.412000E-06,+4.949748665094E+00,+16.211055167019E+00,+16.211055167019E+00,+305.175781E-06
-1.407000E-06,+4.748743638396E+00,+16.211055167019E+00,+16.211055167019E+00,+305.175781E-06
-1.402000E-06,+4.748743638396E+00,+16.211055167019E+00,+16.211055167019E+00,+305.175781E-06
-1.397000E-06,+4.842057061732E+00,+16.211055167019E+00,+16.211055167019E+00,+305.175781E-06
-1.392000E-06,+4.949748665094E+00,+16.211055167019E+00,+16.211055167019E+00,+305.175781E-06
-1.387000E-06,+4.777982487691E+00,+16.211055167019E+00,+16.211055167019E+00,+305.175781E-06
-1.382000E-06,+4.949748665094E+00,+16.211055167019E+00,+16.211055167019E+00,+305.175781E-06
-1.377000E-06,+4.984584389841E+00,+16.211055167019E+00,+16.211055167019E+00,+305.175781E-06
-1.372000E-06,+5.016621676861E+00,+16.211055167019E+00,+16.211055167019E+00,+305.175781E-06
-1.367000E-06,+4.847653937184E+00,+16.211055167019E+00,+16.211055167019E+00,+305.175781E-06
-1.362000E-06,+4.748743638396E+00,+16.211055167019E+00,+16.211055167019E+00,+305.175781E-06
-1.357000E-06,+4.949748665094E+00,+16.211055167019E+00,+16.211055167019E+00,+305.175781E-06
-1.352000E-06,+4.943765798246E+00,+16.211055167019E+00,+16.211055167019E+00,+305.175781E-06
-1.347000E-06,+4.573793031870E+00,+16.211055167019E+00,+16.211055167019E+00,+305.175781E-06
-1.342000E-06,+4.690651931204E+00,+16.211055167019E+00,+16.211055167019E+00,+305.175781E-06
-1.337000E-06,+4.949748665094E+00,+16.211055167019E+00,+16.211055167019E+00,+305.175781E-06
-1.332000E-06,+4.949748665094E+00,+16.211055167019E+00,+16.211055167019E+00,+305.175781E-06
-1.327000E-06,+5.103952233348E+00,+16.211055167019E+00,+16.211055167019E+00,+305.175781E-06
-1.322000E-06,+4.964512836518E+00,+16.211055167019E+00,+16.211055167019E+00,+305.175781E-06
-1.317000E-06,+4.949748665094E+00,+16.211055167019E+00,+16.211055167019E+00,+305.175781E-06
-1.312000E-06,+4.798054041014E+00,+16.211055167019E+00,+16.211055167019E+00,+305.175781E-06
-1.307000E-06,+4.748743638396E+00,+16.211055167019E+00,+16.211055167019E+00,+305.175781E-06
-1.302000E-06,+4.748743638396E+00,+16.211055167019E+00,+16.211055167019E+00,+305.175781E-06
-1.297000E-06,+5.005331428114E+00,+16.211055167019E+00,+16.211055167019E+00,+305.175781E-06
-1.292000E-06,+4.949748665094E+00,+16.211055167019E+00,+16.211055167019E+00,+305.175781E-06
-1.287000E-06,+4.949748665094E+00,+16.211055167019E+00,+16.211055167019E+00,+305.175781E-06
-1.282000E-06,+4.949748665094E+00,+16.211055167019E+00,+16.211055167019E+00,+305.175781E-06
-1.277000E-06,+4.949748665094E+00,+16.211055167019E+00,+16.211055167019E+00,+305.175781E-06
-1.272000E-06,+4.949748665094E+00,+16.211055167019E+00,+16.211055167019E+00,+305.175781E-06
-1.267000E-06,+4.813107705990E+00,+16.211055167019E+00,+16.211055167019E+00,+305.175781E-06
-1.262000E-06,+4.982075445668E+00,+16.211055167019E+00,+16.211055167019E+00,+305.175781E-06
-1.257000E-06,+4.949459171541E+00,+16.210591977343E+00,+16.211055167019E+00,+765.796348E-06
-1.252000E-06,+4.780491431864E+00,+11.708619850743E+00,+16.211055167019E+00,+4.477767468151E+00
-1.247000E-06,+4.483953531210E+00,+5.012016405599E+00,+13.728667257791E+00,+8.668608608228E+00
-1.242000E-06,+4.451916244189E+00,+4.046999299579E+00,+10.644595949955E+00,+6.561307865934E+00
-1.237000E-06,+5.022894037263E+00,+4.084865056213E+00,+6.701500775342E+00,+2.602427570059E+00
-1.232000E-06,+5.877093027332E+00,+2.107817091413E+00,+3.988135610688E+00,+1.870194397125E+00
-1.227000E-06,+5.726556377503E+00,+1.000562153539E+00,+2.024018357894E+00,+1.018084719738E+00
-1.222000E-06,+4.949748665094E+00,+371.859356761E-03,-154.208326016E-03,-522.844641464E-03
-1.217000E-06,+5.315765019532E+00,+13.852330730E-03,-1.425779804033E+00,-1.431341954159E+00
-1.212000E-06,+2.483842543056E+00,-673.366762698E-03,-2.946161340259E+00,-2.259883212166E+00
-1.207000E-06,+1.733668237925E+00,-432.160735130E-03,-3.165829047561E+00,-2.718200683594E+00
-1.202000E-06,+3.139255957006E+00,-733.813016367E-03,-3.266186812269E+00,-2.518022659012E+00
-1.197000E-06,+5.972625901288E+00,-673.366762698E-03,-2.983602506336E+00,-2.297116708601E+00
-1.192000E-06,+5.380129087126E+00,-748.094698265E-03,-2.281406946480E+00,-1.524502465318E+00
-1.187000E-06,+4.547738611698E+00,-636.388786312E-03,-1.835972867731E+00,-1.192625341546E+00
-1.182000E-06,+5.474503986830E+00,-673.366762698E-03,-1.365680942636E+00,-688.169042592E-03
-1.177000E-06,+6.538199814618E+00,-637.083570843E-03,-1.477386854589E+00,-835.337316078E-03
-1.172000E-06,+6.298113157683E+00,-616.433030793E-03,-1.316582836211E+00,-695.961207311E-03
-1.167000E-06,+5.097486877238E+00,-571.658028081E-03,-1.456080129162E+00,-879.211425781E-03
-1.162000E-06,+4.151132438045E+00,-671.205210841E-03,-918.895893979E-03,-246.011676327E-03
-1.157000E-06,+3.944723531604E+00,-447.137201558E-03,-1.075376808643E+00,-624.449863148E-03
-1.152000E-06,+3.480665359078E+00,-432.160735130E-03,-994.974799454E-03,-559.387207031E-03
-1.147000E-06,+3.238166255794E+00,-713.162476318E-03,-954.368503885E-03,-239.562988281E-03
-1.142000E-06,+5.218205690665E+00,-673.366762698E-03,-1.209740415931E+00,-533.093449245E-03
-1.137000E-06,+5.718354060034E+00,-767.934656365E-03,-1.652356757446E+00,-879.211425781E-03
-1.132000E-06,+4.939616390599E+00,-915.923760173E-03,-2.202355907199E+00,-1.278991699219E+00
-1.127000E-06,+4.547738611698E+00,-834.170781076E-03,-2.442210964859E+00,-1.598815917969E+00
-1.122000E-06,+5.230364420072E+00,-778.047631121E-03,-2.386087814903E+00,-1.598815917969E+00
-1.117000E-06,+5.846503208117E+00,-790.862545691E-03,-1.910276212759E+00,-1.112899597142E+00
-1.112000E-06,+5.351758718491E+00,-562.471432695E-03,-1.286089515397E+00,-719.299316406E-03
-1.107000E-06,+5.351758718491E+00,-512.562744319E-03,-494.884338076E-03,+17.885527698E-03
-1.102000E-06,+5.753768771887E+00,-351.758725941E-03,+59.978303350E-03,+409.758481275E-03
-1.097000E-06,+5.552763745189E+00,-206.857553359E-03,+613.065384328E-03,+815.680362377E-03
-1.092000E-06,+4.249560247571E+00,-271.356716752E-03,+1.053944764525E+00,+1.318255793970E+00
-1.087000E-06,+4.379832348388E+00,-237.775464712E-03,+1.383504224180E+00,+1.612592340943E+00
-1.082000E-06,+4.717767827743E+00,-271.356716752E-03,+1.577889494598E+00,+1.839294433594E+00
-1.077000E-06,+4.896771344092E+00,-190.954707563E-03,+1.476296557401E+00,+1.658308932947E+00
-1.072000E-06,+4.547738611698E+00,-343.382712504E-03,+1.247905444404E+00,+1.582767158765E+00
-1.067000E-06,+4.346733585000E+00,-427.721833997E-03,+934.673421085E-03,+1.355143824963E+00
-1.062000E-06,+5.150753691792E+00,-414.906919426E-03,+406.366988169E-03,+817.023839050E-03
-1.057000E-06,+5.024920492174E+00,-432.160735130E-03,-50.415237824E-03,+379.933299097E-03
-1.052000E-06,+4.748743638396E+00,-550.081108663E-03,-389.277090285E-03,+160.217285156E-03
-1.047000E-06,+5.150753691792E+00,-512.562744319E-03,-592.964753509E-03,-79.650878906E-03
-1.042000E-06,+5.552763745189E+00,-649.589692293E-03,-765.657307089E-03,-115.118663121E-03
-1.037000E-06,+5.153069640257E+00,-513.489123688E-03,-912.720031528E-03,-396.711374205E-03
-1.032000E-06,+4.513385376213E+00,-579.223459569E-03,-900.831496326E-03,-319.519042969E-03
-1.027000E-06,+4.748743638396E+00,-592.964753509E-03,-753.768771887E-03,-159.606933594E-03
-1.022000E-06,+5.249181501318E+00,-551.933867400E-03,-794.799657995E-03,-241.213545335E-03
-1.017000E-06,+4.949748665094E+00,-673.366762698E-03,-914.572790265E-03,-239.562988281E-03
-1.012000E-06,+4.748743638396E+00,-688.767819665E-03,-1.075376808643E+00,-384.159463563E-03
-1.007000E-06,+5.144288335682E+00,-673.366762698E-03,-1.238766969418E+00,-561.959005236E-03
-1.002000E-06,+5.125181760883E+00,-763.997544061E-03,-1.316582836211E+00,-549.215169347E-03
-997.000E-09,+4.605347829628E+00,-730.725085142E-03,-1.477386854589E+00,-742.215189979E-03
-992.000E-09,+4.659097133445E+00,-753.768771887E-03,-1.513245455905E+00,-754.959025868E-03
-987.000E-09,+4.949748665094E+00,-802.442287773E-03,-1.477386854589E+00,-670.895771056E-03
-982.000E-09,+5.150753691792E+00,-753.768771887E-03,-1.354409993675E+00,-597.004553928E-03
-977.000E-09,+4.949748665094E+00,-753.768771887E-03,-1.390886181239E+00,-633.278424159E-03
-972.000E-09,+4.932958038759E+00,-673.366762698E-03,-1.323299086620E+00,-646.022260048E-03
-967.000E-09,+5.150753691792E+00,-673.366762698E-03,-1.236180827022E+00,-559.387207031E-03
-962.000E-09,+5.270893518115E+00,-577.254903421E-03,-1.027320879005E+00,-447.264482237E-03
-957.000E-09,+4.949748665094E+00,-592.964753509E-03,-844.090760130E-03,-249.427945585E-03
-952.000E-09,+4.659869116260E+00,-512.562744319E-03,-592.964753509E-03,-79.650878906E-03
-947.000E-09,+4.949748665094E+00,-592.964753509E-03,-412.938363278E-03,+179.333038985E-03
-942.000E-09,+4.949748665094E+00,-509.359015675E-03,-194.158436208E-03,+313.757476583E-03
-937.000E-09,+4.949748665094E+00,-528.581387535E-03,-78.515411943E-03,+447.874833807E-03
-932.000E-09,+4.877664769293E+00,-564.131195722E-03,+21.417762218E-03,+582.606351778E-03
-927.000E-09,+4.949748665094E+00,-470.914271963E-03,+8.602847648E-03,+477.162625313E-03
-922.000E-09,+4.949748665094E+00,-541.087508985E-03,+185.116716121E-03,+722.481466181E-03
-917.000E-09,+4.781552908232E+00,-432.160735130E-03,+63.375027695E-03,+493.092420176E-03
-912.000E-09,+4.950520647909E+00,-512.562744319E-03,+50.251320004E-03,+559.997558594E-03
-907.000E-09,+4.949748665094E+00,-580.458632058E-03,+198.549216932E-03,+774.992211641E-03
-902.000E-09,+5.013051256321E+00,-432.160735130E-03,+75.572356026E-03,+505.222095303E-03
-897.000E-09,+5.150753691792E+00,-554.828802917E-03,+50.251320004E-03,+602.029185996E-03
-892.000E-09,+4.876120803664E+00,-542.013888346E-03,-59.601833211E-03,+480.041503906E-03
-887.000E-09,+5.109163117382E+00,-529.198973775E-03,-271.356716752E-03,+256.717295468E-03
-882.000E-09,+5.131647117013E+00,-592.964753509E-03,-275.178031637E-03,+316.329274795E-03
-877.000E-09,+4.748743638396E+00,-521.556344005E-03,-494.575544948E-03,+27.136324240E-03
-872.000E-09,+5.041711118490E+00,-592.964753509E-03,-549.347724996E-03,+43.680279864E-03
-867.000E-09,+5.036307238766E+00,-673.366762698E-03,-673.366762698E-03,+305.175781E-06
-862.000E-09,+4.831152804402E+00,-720.805106096E-03,-852.659769261E-03,-130.818147692E-03
-857.000E-09,+4.748743638396E+00,-673.366762698E-03,-934.721541486E-03,-259.599983261E-03
-852.000E-09,+4.748743638396E+00,-688.034435998E-03,-1.075376808643E+00,-384.888779474E-03
-847.000E-09,+5.324353328378E+00,-673.366762698E-03,-1.155778817832E+00,-479.431152344E-03
-842.000E-09,+4.949748665094E+00,-753.768771887E-03,-1.217884834530E+00,-461.236639657E-03
-837.000E-09,+5.072976422695E+00,-704.477669760E-03,-1.316582836211E+00,-608.404913143E-03
-832.000E-09,+5.040939135675E+00,-717.292584331E-03,-1.316582836211E+00,-595.661077255E-03
-827.000E-09,+4.949748665094E+00,-753.768771887E-03,-1.236180827022E+00,-479.431152344E-03
-822.000E-09,+5.150753691792E+00,-753.768771887E-03,-1.316582836211E+00,-559.387207031E-03
-817.000E-09,+4.949748665094E+00,-675.335318854E-03,-1.236180827022E+00,-557.429569588E-03
-812.000E-09,+4.986707342596E+00,-738.985301160E-03,-1.090160279370E+00,-348.921989632E-03
-807.000E-09,+5.018744629617E+00,-673.366762698E-03,-942.171175562E-03,-267.008297502E-03
-802.000E-09,+5.048658963862E+00,-713.780062566E-03,-793.757481208E-03,-79.228643376E-03
-797.000E-09,+4.949748665094E+00,-592.964753509E-03,-726.594977137E-03,-132.583859904E-03
-792.000E-09,+4.985645866209E+00,-592.964753509E-03,-592.964753509E-03,+305.175781E-06
-787.000E-09,+4.752603552490E+00,-592.964753509E-03,-512.562744319E-03,+80.261230469E-03
-782.000E-09,+5.178931064719E+00,-592.964753509E-03,-432.160735130E-03,+160.217285156E-03
-777.000E-09,+5.009963325042E+00,-592.964753509E-03,-327.672862409E-03,+264.125609709E-03
-772.000E-09,+5.042000612062E+00,-549.463522423E-03,-308.257494855E-03,+240.173339844E-03
-767.000E-09,+5.275042925781E+00,-512.562744319E-03,-221.641024078E-03,+289.613281486E-03
-762.000E-09,+4.793422144085E+00,-557.221949620E-03,-128.424100318E-03,+426.724672438E-03
-757.000E-09,+5.138112473124E+00,-517.619231693E-03,-110.552698374E-03,+405.113890486E-03
-752.000E-09,+5.150753691792E+00,-512.562744319E-03,-110.552698374E-03,+400.085449219E-03
-747.000E-09,+5.150753691792E+00,-632.220079162E-03,-170.381365795E-03,+459.582273396E-03
-742.000E-09,+4.949748665094E+00,-592.964753509E-03,-237.968460414E-03,+353.332460930E-03
-737.000E-09,+5.035245762379E+00,-546.761582599E-03,-225.153545843E-03,+320.129394531E-03
-732.000E-09,+4.748743638396E+00,-533.946668029E-03,-292.740640461E-03,+240.173339844E-03
-727.000E-09,+4.928326141851E+00,-521.131753458E-03,-360.327735080E-03,+160.217285156E-03
-722.000E-09,+4.939133901317E+00,-669.120857266E-03,-356.004631373E-03,+311.684683998E-03
-717.000E-09,+4.992400715892E+00,-610.025573511E-03,-495.501924317E-03,+114.193612779E-03
-712.000E-09,+5.277069380672E+00,-592.964753509E-03,-592.964753509E-03,+305.175781E-06
-707.000E-09,+4.949748665094E+00,-592.964753509E-03,-592.964753509E-03,+305.175781E-06
-702.000E-09,+4.810984753235E+00,-617.861198983E-03,-723.159653646E-03,-104.409234772E-03
-697.000E-09,+5.150753691792E+00,-673.366762698E-03,-834.170781076E-03,-159.606933594E-03
-692.000E-09,+4.748743638396E+00,-593.698137176E-03,-914.572790265E-03,-318.789727057E-03
-687.000E-09,+5.116882945570E+00,-686.915060936E-03,-914.572790265E-03,-226.089836481E-03
-682.000E-09,+4.883840631851E+00,-699.729975506E-03,-914.572790265E-03,-213.346000592E-03
-677.000E-09,+4.949748665094E+00,-632.142880888E-03,-994.974799454E-03,-360.514274079E-03
-672.000E-09,+5.079731272379E+00,-673.366762698E-03,-942.981757504E-03,-267.814383502E-03
-667.000E-09,+4.748743638396E+00,-673.366762698E-03,-914.572790265E-03,-239.562988281E-03
-662.000E-09,+4.755691483769E+00,-673.366762698E-03,-917.351928363E-03,-242.326711725E-03
-657.000E-09,+4.974838106742E+00,-673.366762698E-03,-904.537013792E-03,-229.582875836E-03
-652.000E-09,+4.748743638396E+00,-696.217453742E-03,-937.423481309E-03,-239.562988281E-03
-647.000E-09,+4.837907654085E+00,-637.701157083E-03,-789.434377501E-03,-150.586447351E-03
-642.000E-09,+5.029552389083E+00,-673.366762698E-03,-753.768771887E-03,-79.650878906E-03
-637.000E-09,+4.949748665094E+00,-592.964753509E-03,-753.768771887E-03,-159.606933594E-03
-632.000E-09,+5.135024541845E+00,-592.964753509E-03,-747.477112024E-03,-153.350170795E-03
-627.000E-09,+4.966056802167E+00,-666.843507989E-03,-673.366762698E-03,-6.181897309E-03
-622.000E-09,+5.150753691792E+00,-592.964753509E-03,-592.964753509E-03,+305.175781E-06
-617.000E-09,+5.070370980678E+00,-592.964753509E-03,-512.562744319E-03,+80.261230469E-03
-612.000E-09,+5.150753691792E+00,-628.398764277E-03,-477.128733551E-03,+150.736178331E-03
-607.000E-09,+5.150753691792E+00,-592.964753509E-03,-489.943648121E-03,+102.754868511E-03
-602.000E-09,+5.126243237270E+00,-592.964753509E-03,-441.964916758E-03,+150.467483003E-03
-597.000E-09,+4.957275497593E+00,-592.964753509E-03,-509.552011376E-03,+83.255264204E-03
-592.000E-09,+4.949748665094E+00,-592.964753509E-03,-416.335087616E-03,+175.955154780E-03
-587.000E-09,+4.949748665094E+00,-673.366762698E-03,-328.637840922E-03,+343.122038194E-03
-582.000E-09,+4.949748665094E+00,-592.964753509E-03,-390.705258475E-03,+201.442826558E-03
-577.000E-09,+5.015077711212E+00,-538.694362282E-03,-377.890343904E-03,+160.217285156E-03
-572.000E-09,+4.748743638396E+00,-592.964753509E-03,-351.758725941E-03,+240.173339844E-03
-567.000E-09,+4.949748665094E+00,-592.964753509E-03,-432.160735130E-03,+160.217285156E-03
-562.000E-09,+4.949748665094E+00,-605.277879258E-03,-444.473860880E-03,+160.217285156E-03
-557.000E-09,+5.087933589828E+00,-618.092793829E-03,-512.562744319E-03,+105.249896626E-03
-552.000E-09,+4.949748665094E+00,-550.505699210E-03,-592.964753509E-03,-41.918376860E-03
-547.000E-09,+4.822853989089E+00,-643.722622970E-03,-512.562744319E-03,+130.737568404E-03
-542.000E-09,+4.949748665094E+00,-592.964753509E-03,-609.793978665E-03,-16.430705083E-03
-537.000E-09,+4.949748665094E+00,-592.964753509E-03,-596.979064095E-03,-3.686869194E-03
-532.000E-09,+4.949748665094E+00,-664.566158713E-03,-682.167366682E-03,-17.198406046E-03
-527.000E-09,+5.003787462484E+00,-592.964753509E-03,-753.768771887E-03,-159.606933594E-03
-522.000E-09,+4.949748665094E+00,-707.797195824E-03,-753.768771887E-03,-45.411416215E-03
-517.000E-09,+4.831635293664E+00,-640.210101205E-03,-881.416128773E-03,-239.562988281E-03
-512.000E-09,+4.949748665094E+00,-673.366762698E-03,-834.170781076E-03,-159.606933594E-03
-507.000E-09,+4.930931583868E+00,-673.366762698E-03,-841.697613427E-03,-167.092017924E-03
-502.000E-09,+4.949748665094E+00,-673.366762698E-03,-764.344936326E-03,-90.168382024E-03
-497.000E-09,+5.105496198978E+00,-691.469759488E-03,-914.572790265E-03,-221.560400834E-03
-492.000E-09,+4.826038418231E+00,-704.284674059E-03,-865.088692437E-03,-159.606933594E-03
-487.000E-09,+4.949748665094E+00,-673.366762698E-03,-877.903607008E-03,-203.097192819E-03
-482.000E-09,+5.009384337916E+00,-729.914503200E-03,-834.170781076E-03,-103.372838480E-03
-477.000E-09,+4.949748665094E+00,-684.406116814E-03,-903.533436149E-03,-217.606740911E-03
-472.000E-09,+5.146314790573E+00,-592.964753509E-03,-753.768771887E-03,-159.606933594E-03
-467.000E-09,+4.949748665094E+00,-658.776287672E-03,-673.366762698E-03,-14.204372311E-03
-462.000E-09,+4.949748665094E+00,-592.964753509E-03,-592.964753509E-03,+305.175781E-06
-457.000E-09,+5.150753691792E+00,-592.964753509E-03,-512.562744319E-03,+80.261230469E-03
-452.000E-09,+4.949748665094E+00,-592.964753509E-03,-512.562744319E-03,+80.261230469E-03
-447.000E-09,+4.949748665094E+00,-592.964753509E-03,-432.160735130E-03,+160.217285156E-03
-442.000E-09,+5.146411288437E+00,-671.629801388E-03,-353.495687251E-03,+316.674740229E-03
-437.000E-09,+5.123058808128E+00,-592.964753509E-03,-421.082781870E-03,+171.233793894E-03
-432.000E-09,+5.091021521107E+00,-592.964753509E-03,-432.160735130E-03,+160.217285156E-03
-427.000E-09,+4.748743638396E+00,-673.366762698E-03,-388.466508343E-03,+283.625214016E-03
-422.000E-09,+5.073555409821E+00,-623.844065725E-03,-382.638038158E-03,+240.173339844E-03
-417.000E-09,+4.949748665094E+00,-530.627141965E-03,-369.823123587E-03,+160.217285156E-03
-412.000E-09,+4.936624957164E+00,-598.214236583E-03,-432.160735130E-03,+165.437651663E-03
-407.000E-09,+4.748743638396E+00,-592.964753509E-03,-432.160735130E-03,+160.217285156E-03
-402.000E-09,+4.748743638396E+00,-613.345099575E-03,-432.160735130E-03,+180.484590427E-03
-397.000E-09,+4.831731791527E+00,-592.964753509E-03,-512.562744319E-03,+80.261230469E-03
-392.000E-09,+5.035728251641E+00,-638.974928716E-03,-512.562744319E-03,+126.016207517E-03
-387.000E-09,+5.003690964620E+00,-673.366762698E-03,-592.964753509E-03,+80.261230469E-03
-382.000E-09,+4.949748665094E+00,-592.964753509E-03,-601.726758348E-03,-8.408230080E-03
-377.000E-09,+4.748743638396E+00,-597.017663239E-03,-669.313852967E-03,-71.590018852E-03
-372.000E-09,+4.949748665094E+00,-656.498938396E-03,-753.768771887E-03,-96.425144822E-03
-367.000E-09,+4.822950486952E+00,-643.684023825E-03,-732.732240442E-03,-88.249129633E-03
-362.000E-09,+4.748743638396E+00,-715.864416141E-03,-791.673127633E-03,-75.083058207E-03
-357.000E-09,+4.949748665094E+00,-592.964753509E-03,-889.483349090E-03,-294.568761863E-03
-352.000E-09,+4.949748665094E+00,-729.219718678E-03,-834.170781076E-03,-104.063769339E-03
-347.000E-09,+4.750094608336E+00,-672.826374732E-03,-754.309159853E-03,-80.725660251E-03
-342.000E-09,+4.916360408134E+00,-673.366762698E-03,-834.170781076E-03,-159.606933594E-03
-337.000E-09,+4.814169182378E+00,-619.134970616E-03,-834.170781076E-03,-213.537925832E-03
-332.000E-09,+4.949748665094E+00,-714.783640209E-03,-792.753903565E-03,-77.232620896E-03
-327.000E-09,+4.748743638396E+00,-592.964753509E-03,-753.768771887E-03,-159.606933594E-03
-322.000E-09,+4.748743638396E+00,-657.579714328E-03,-689.153811067E-03,-31.093793362E-03
-317.000E-09,+4.748743638396E+00,-595.936887307E-03,-750.796638088E-03,-153.695636228E-03
-312.000E-09,+4.773350590782E+00,-592.964753509E-03,-743.925991115E-03,-149.818746388E-03
-307.000E-09,+4.893104425688E+00,-673.366762698E-03,-615.622448851E-03,+57.729207374E-03
-302.000E-09,+4.748743638396E+00,-548.035354233E-03,-718.296161974E-03,-169.011270314E-03
-297.000E-09,+4.829029851647E+00,-544.677229025E-03,-592.964753509E-03,-47.714519091E-03
-292.000E-09,+4.748743638396E+00,-612.264323643E-03,-573.665183374E-03,+38.690223635E-03
-287.000E-09,+4.933537025885E+00,-519.047399883E-03,-586.480097945E-03,-66.753502831E-03
-282.000E-09,+4.780394934018E+00,-592.964753509E-03,-506.232485312E-03,+86.556378320E-03
-277.000E-09,+4.949748665094E+00,-592.964753509E-03,-512.562744319E-03,+80.261230469E-03
-272.000E-09,+5.070853469940E+00,-512.562744319E-03,-512.562744319E-03,+305.175781E-06
-267.000E-09,+4.837811156222E+00,-592.964753509E-03,-476.935737849E-03,+115.690629639E-03
-262.000E-09,+4.805773869201E+00,-592.964753509E-03,-535.374836219E-03,+57.575667187E-03
-257.000E-09,+4.949748665094E+00,-522.559921648E-03,-522.559921648E-03,+305.175781E-06
-252.000E-09,+4.748743638396E+00,-592.964753509E-03,-512.562744319E-03,+80.261230469E-03
-247.000E-09,+4.949748665094E+00,-592.964753509E-03,-512.562744319E-03,+80.261230469E-03
-242.000E-09,+5.008515857238E+00,-569.457877087E-03,-512.562744319E-03,+56.884736328E-03
-237.000E-09,+4.851899842694E+00,-592.964753509E-03,-632.104281743E-03,-38.617262744E-03
-232.000E-09,+4.949748665094E+00,-592.964753509E-03,-592.964753509E-03,+305.175781E-06
-227.000E-09,+4.949748665094E+00,-659.857063604E-03,-606.474452602E-03,+53.391696973E-03
-222.000E-09,+4.748743638396E+00,-592.964753509E-03,-593.659538031E-03,-385.755078E-06
-217.000E-09,+4.779043964078E+00,-605.084883557E-03,-592.964753509E-03,+12.358080811E-03
-212.000E-09,+4.748743638396E+00,-648.431718079E-03,-617.899798127E-03,+30.667748632E-03
-207.000E-09,+5.150753691792E+00,-635.616803508E-03,-635.616803508E-03,+305.175781E-06
-202.000E-09,+4.949748665094E+00,-643.529627269E-03,-673.366762698E-03,-29.366466210E-03
-197.000E-09,+4.748743638396E+00,-592.964753509E-03,-834.170781076E-03,-239.562988281E-03
-192.000E-09,+4.949748665094E+00,-673.366762698E-03,-753.768771887E-03,-79.650878906E-03
-187.000E-09,+4.748743638396E+00,-664.759154415E-03,-825.563172793E-03,-159.606933594E-03
-182.000E-09,+4.601294919825E+00,-614.387276362E-03,-753.768771887E-03,-138.303232031E-03
-177.000E-09,+4.864155069947E+00,-592.964753509E-03,-753.768771887E-03,-159.606933594E-03
-172.000E-09,+4.949748665094E+00,-579.262058707E-03,-673.366762698E-03,-93.277570900E-03
-167.000E-09,+4.949748665094E+00,-592.964753509E-03,-733.234029264E-03,-139.186088136E-03
-162.000E-09,+4.748743638396E+00,-665.646934645E-03,-681.086590750E-03,-15.048843357E-03
-157.000E-09,+4.748743638396E+00,-668.271676179E-03,-748.673685369E-03,-79.650878906E-03
-152.000E-09,+5.061203684688E+00,-592.964753509E-03,-673.366762698E-03,-79.650878906E-03
-147.000E-09,+4.872936374521E+00,-673.366762698E-03,-623.689669168E-03,+49.706732372E-03
-142.000E-09,+4.840899087501E+00,-592.964753509E-03,-629.826932467E-03,-36.352544921E-03
-137.000E-09,+4.949748665094E+00,-592.964753509E-03,-592.964753509E-03,+305.175781E-06
-132.000E-09,+4.921667790031E+00,-604.197103326E-03,-512.562744319E-03,+91.431279393E-03
-127.000E-09,+4.945792253138E+00,-592.964753509E-03,-514.145309073E-03,+78.687443504E-03
-122.000E-09,+4.949748665094E+00,-739.371292563E-03,-512.562744319E-03,+225.855716991E-03
-117.000E-09,+4.816774624394E+00,-592.964753509E-03,-539.775138214E-03,+53.199771727E-03
-112.000E-09,+4.949748665094E+00,-552.590052785E-03,-552.590052785E-03,+305.175781E-06
-107.000E-09,+4.748743638396E+00,-673.366762698E-03,-485.002958167E-03,+187.624209324E-03
-102.000E-09,+4.912886485456E+00,-607.709625091E-03,-461.650478295E-03,+145.554196877E-03
-97.000E-09,+4.753568531014E+00,-594.894710520E-03,-514.492701331E-03,+80.261230469E-03
-92.000E-09,+4.949748665094E+00,-592.964753509E-03,-582.079795949E-03,+11.129759279E-03
-87.000E-09,+4.807993319819E+00,-592.964753509E-03,-512.562744319E-03,+80.261230469E-03
-82.000E-09,+4.858461696651E+00,-585.592317721E-03,-556.449966808E-03,+29.285886920E-03
-77.000E-09,+4.949748665094E+00,-624.037061426E-03,-561.892445591E-03,+62.105102828E-03
-72.000E-09,+4.794387122610E+00,-592.964753509E-03,-655.109369351E-03,-61.494751272E-03
-67.000E-09,+4.748743638396E+00,-598.407232285E-03,-598.407232285E-03,+305.175781E-06
-62.000E-09,+4.949748665094E+00,-592.964753509E-03,-673.366762698E-03,-79.650878906E-03
-57.000E-09,+4.949748665094E+00,-592.964753509E-03,-613.152103874E-03,-19.770204250E-03
-52.000E-09,+4.867243001226E+00,-673.366762698E-03,-658.969283380E-03,+14.622798628E-03
-47.000E-09,+5.064291615984E+00,-547.147574002E-03,-673.366762698E-03,-125.213930715E-03
-42.000E-09,+4.803168427185E+00,-651.596847586E-03,-673.366762698E-03,-21.343991208E-03
-37.000E-09,+4.570126113466E+00,-601.919754050E-03,-753.768771887E-03,-150.701602493E-03
-32.000E-09,+4.768043208902E+00,-592.964753509E-03,-673.366762698E-03,-79.650878906E-03
-27.000E-09,+4.790430710669E+00,-656.691934097E-03,-673.366762698E-03,-16.277164895E-03
-22.000E-09,+4.621462970992E+00,+487.039191321E-03,-249.934193905E-03,-732.580542954E-03
-17.000E-09,+4.854505284711E+00,+2.174593604075E+00,+448.054059656E-03,-1.716658014890E+00
-12.000E-09,+4.949748665094E+00,+5.439694879759E+00,+2.363690792254E+00,-3.058637673035E+00
-7.000E-09,+5.320589912148E+00,+11.524077361038E+00,+5.042046536684E+00,-6.445772681042E+00
-2.000E-09,+4.345865104322E+00,+14.358335033023E+00,+8.085936139476E+00,-6.237303486143E+00
+3.000E-09,+5.819580307284E+00,+16.211055167019E+00,+11.818125611642E+00,-4.368258735873E+00
+8.000E-09,+3.276765396791E+00,+16.211055167019E+00,+15.471341242795E+00,-735.305881391E-03
+13.000E-09,+4.138684215083E+00,+16.211055167019E+00,+16.211055167019E+00,+305.175781E-06
+18.000E-09,+3.284678220688E+00,+16.211055167019E+00,+16.211055167019E+00,+305.175781E-06
+23.000E-09,+3.261808229674E+00,+16.211055167019E+00,+16.211055167019E+00,+305.175781E-06
+28.000E-09,+3.759544152700E+00,+16.211055167019E+00,+16.211055167019E+00,+305.175781E-06
+33.000E-09,+5.504514818942E+00,+16.211055167019E+00,+16.211055167019E+00,+305.175781E-06
+38.000E-09,+5.407920468635E+00,+16.211055167019E+00,+16.211055167019E+00,+305.175781E-06
+43.000E-09,+4.523131659329E+00,+16.211055167019E+00,+16.211055167019E+00,+305.175781E-06
+48.000E-09,+4.547738611698E+00,+16.211055167019E+00,+16.211055167019E+00,+305.175781E-06
+53.000E-09,+4.145728558302E+00,+16.211055167019E+00,+16.211055167019E+00,+305.175781E-06
+58.000E-09,+4.330039456528E+00,+16.211055167019E+00,+16.211055167019E+00,+305.175781E-06
+63.000E-09,+3.944723531604E+00,+16.211055167019E+00,+16.211055167019E+00,+305.175781E-06
+68.000E-09,+3.743718504906E+00,+16.211055167019E+00,+16.211055167019E+00,+305.175781E-06
+73.000E-09,+3.944723531604E+00,+16.211055167019E+00,+16.211055167019E+00,+305.175781E-06
+78.000E-09,+5.039298672182E+00,+16.211055167019E+00,+16.211055167019E+00,+305.175781E-06
+83.000E-09,+5.150753691792E+00,+16.211055167019E+00,+16.211055167019E+00,+305.175781E-06
+88.000E-09,+5.552763745189E+00,+16.211055167019E+00,+16.211055167019E+00,+305.175781E-06
+93.000E-09,+5.954773798585E+00,+16.211055167019E+00,+16.211055167019E+00,+305.175781E-06
+98.000E-09,+5.629962027177E+00,+16.211055167019E+00,+16.211055167019E+00,+305.175781E-06
+103.000E-09,+4.879112237080E+00,+16.211055167019E+00,+16.211055167019E+00,+305.175781E-06
+108.000E-09,+4.650412326733E+00,+16.211055167019E+00,+16.211055167019E+00,+305.175781E-06
+113.000E-09,+4.949748665094E+00,+16.211055167019E+00,+16.211055167019E+00,+305.175781E-06
+118.000E-09,+4.714486900774E+00,+16.211055167019E+00,+16.211055167019E+00,+305.175781E-06
+123.000E-09,+4.545519161097E+00,+16.211055167019E+00,+16.211055167019E+00,+305.175781E-06
+128.000E-09,+4.488102938860E+00,+16.211055167019E+00,+16.211055167019E+00,+305.175781E-06
+133.000E-09,+4.686888514957E+00,+16.211055167019E+00,+16.211055167019E+00,+305.175781E-06
+138.000E-09,+4.547738611698E+00,+16.211055167019E+00,+16.211055167019E+00,+305.175781E-06
+143.000E-09,+4.421808914217E+00,+16.211055167019E+00,+16.211055167019E+00,+305.175781E-06
+148.000E-09,+4.748743638396E+00,+16.211055167019E+00,+16.211055167019E+00,+305.175781E-06
+153.000E-09,+5.329757208138E+00,+16.211055167019E+00,+16.211055167019E+00,+305.175781E-06
+158.000E-09,+5.171790223637E+00,+16.211055167019E+00,+16.211055167019E+00,+305.175781E-06
+163.000E-09,+4.949748665094E+00,+16.211055167019E+00,+16.211055167019E+00,+305.175781E-06
+168.000E-09,+5.266647612605E+00,+16.211055167019E+00,+16.211055167019E+00,+305.175781E-06
+173.000E-09,+5.150753691792E+00,+16.211055167019E+00,+16.211055167019E+00,+305.175781E-06
+178.000E-09,+5.098934345021E+00,+16.211055167019E+00,+16.211055167019E+00,+305.175781E-06
+183.000E-09,+4.910184545592E+00,+16.211055167019E+00,+16.211055167019E+00,+305.175781E-06
+188.000E-09,+4.760998865666E+00,+16.211055167019E+00,+16.211055167019E+00,+305.175781E-06
+193.000E-09,+4.793036152686E+00,+16.211055167019E+00,+16.211055167019E+00,+305.175781E-06
+198.000E-09,+4.748743638396E+00,+16.211055167019E+00,+16.211055167019E+00,+305.175781E-06
+203.000E-09,+4.748743638396E+00,+16.211055167019E+00,+16.211055167019E+00,+305.175781E-06
+208.000E-09,+4.809344289743E+00,+16.211055167019E+00,+16.211055167019E+00,+305.175781E-06
+213.000E-09,+4.921185300768E+00,+16.211055167019E+00,+16.211055167019E+00,+305.175781E-06
+218.000E-09,+4.949748665094E+00,+16.211055167019E+00,+16.211055167019E+00,+305.175781E-06
+223.000E-09,+4.914237455379E+00,+16.211055167019E+00,+16.211055167019E+00,+305.175781E-06
+228.000E-09,+5.017297161830E+00,+16.211055167019E+00,+16.211055167019E+00,+305.175781E-06
+233.000E-09,+5.148920232607E+00,+16.211055167019E+00,+16.211055167019E+00,+305.175781E-06
+238.000E-09,+5.019130621016E+00,+16.211055167019E+00,+16.211055167019E+00,+305.175781E-06
+243.000E-09,+5.113409022892E+00,+16.211055167019E+00,+16.211055167019E+00,+305.175781E-06
+248.000E-09,+4.949748665094E+00,+16.211055167019E+00,+16.211055167019E+00,+305.175781E-06
+253.000E-09,+4.976478570235E+00,+16.211055167019E+00,+16.211055167019E+00,+305.175781E-06
+258.000E-09,+4.807510830557E+00,+16.211055167019E+00,+16.211055167019E+00,+305.175781E-06
+263.000E-09,+4.858944185913E+00,+16.211055167019E+00,+16.211055167019E+00,+305.175781E-06
+268.000E-09,+4.748743638396E+00,+16.211055167019E+00,+16.211055167019E+00,+305.175781E-06
+273.000E-09,+4.748743638396E+00,+16.211055167019E+00,+16.211055167019E+00,+305.175781E-06
+278.000E-09,+4.561827298154E+00,+16.211055167019E+00,+16.211055167019E+00,+305.175781E-06
+283.000E-09,+4.748743638396E+00,+16.211055167019E+00,+16.211055167019E+00,+305.175781E-06
+288.000E-09,+4.949748665094E+00,+16.211055167019E+00,+16.211055167019E+00,+305.175781E-06
+293.000E-09,+4.949748665094E+00,+16.211055167019E+00,+16.211055167019E+00,+305.175781E-06
+298.000E-09,+5.063809126721E+00,+16.211055167019E+00,+16.211055167019E+00,+305.175781E-06
+303.000E-09,+4.949748665094E+00,+16.211055167019E+00,+16.211055167019E+00,+305.175781E-06
+308.000E-09,+5.127883700762E+00,+16.211055167019E+00,+16.211055167019E+00,+305.175781E-06
+313.000E-09,+4.949748665094E+00,+16.211055167019E+00,+16.211055167019E+00,+305.175781E-06
+318.000E-09,+4.949748665094E+00,+16.211055167019E+00,+16.211055167019E+00,+305.175781E-06
+323.000E-09,+5.022990535126E+00,+16.211055167019E+00,+16.211055167019E+00,+305.175781E-06
+328.000E-09,+5.256032848844E+00,+16.211055167019E+00,+16.211055167019E+00,+305.175781E-06
+333.000E-09,+4.949748665094E+00,+16.211055167019E+00,+16.211055167019E+00,+305.175781E-06
+338.000E-09,+4.918097369489E+00,+16.211055167019E+00,+16.211055167019E+00,+305.175781E-06
+343.000E-09,+4.749129629812E+00,+16.211055167019E+00,+16.211055167019E+00,+305.175781E-06
+348.000E-09,+4.748743638396E+00,+16.211055167019E+00,+16.211055167019E+00,+305.175781E-06
+353.000E-09,+4.949748665094E+00,+16.211055167019E+00,+16.211055167019E+00,+305.175781E-06
+358.000E-09,+4.949748665094E+00,+16.211055167019E+00,+16.211055167019E+00,+305.175781E-06
+363.000E-09,+5.022218552295E+00,+16.211055167019E+00,+16.211055167019E+00,+305.175781E-06
+368.000E-09,+4.909316064914E+00,+12.815681792942E+00,+16.211055167019E+00,+3.376845910524E+00
+373.000E-09,+4.740348325237E+00,+6.254445532725E+00,+14.633045114402E+00,+8.332432359088E+00
+378.000E-09,+4.547738611698E+00,+3.649428154777E+00,+11.311241701616E+00,+7.619622020407E+00
+383.000E-09,+4.983715909148E+00,+4.378372918848E+00,+7.517833992995E+00,+3.122353043308E+00
+388.000E-09,+5.465047197287E+00,+2.200648023775E+00,+4.441675508902E+00,+2.228902669353E+00
+393.000E-09,+5.993276441732E+00,+1.367485580977E+00,+2.428112757409E+00,+1.055049520818E+00
+398.000E-09,+4.646166421208E+00,+391.544918298E-03,+173.343978349E-03,-216.685499743E-03
+403.000E-09,+5.702238918684E+00,+270.845406673E-03,-1.109730043475E+00,-1.372612830939E+00
+408.000E-09,+3.215006771242E+00,-729.991701470E-03,-2.728153395989E+00,-1.986773596662E+00
+413.000E-09,+1.532663211226E+00,-450.919917305E-03,-3.104186220547E+00,-2.638244628906E+00
+418.000E-09,+2.623957424804E+00,-641.792665952E-03,-3.263484872448E+00,-2.606845659756E+00
+423.000E-09,+5.531823711192E+00,-592.964753509E-03,-2.969012031310E+00,-2.362563215195E+00
+428.000E-09,+5.494768535859E+00,-673.366762698E-03,-2.372616714952E+00,-1.689519786063E+00
+433.000E-09,+4.547738611698E+00,-512.562744319E-03,-1.939032572261E+00,-1.418252652851E+00
+438.000E-09,+5.144674327081E+00,-592.964753509E-03,-1.241044318700E+00,-644.179777753E-03
+443.000E-09,+6.443438923484E+00,-608.211413919E-03,-1.462140194179E+00,-848.887237969E-03
+448.000E-09,+6.627942817432E+00,-645.305187717E-03,-1.292303976983E+00,-643.104996415E-03
+453.000E-09,+4.953126089942E+00,-633.841243060E-03,-1.356108355848E+00,-717.955839727E-03
+458.000E-09,+4.547738611698E+00,-512.562744319E-03,-1.075376808643E+00,-559.387207031E-03
+463.000E-09,+3.944723531604E+00,-512.562744319E-03,-1.008870489950E+00,-493.249769570E-03
+468.000E-09,+3.542713478208E+00,-512.562744319E-03,-913.492014340E-03,-398.400316318E-03
+473.000E-09,+3.140703424811E+00,-592.964753509E-03,-914.572790265E-03,-319.519042969E-03
+478.000E-09,+4.642885494208E+00,-778.317825103E-03,-1.211631773806E+00,-430.605371464E-03
+483.000E-09,+5.552763745189E+00,-796.806813289E-03,-1.557788863778E+00,-756.456042735E-03
+488.000E-09,+4.874190846615E+00,-914.572790265E-03,-2.150826054934E+00,-1.229091137002E+00
+493.000E-09,+4.189249089761E+00,-960.158374932E-03,-2.459619177120E+00,-1.490838778339E+00
+498.000E-09,+4.972715153972E+00,-758.362069577E-03,-2.522612974048E+00,-1.754160206651E+00
+503.000E-09,+5.934219756003E+00,-770.212005648E-03,-2.128824544982E+00,-1.350771738710E+00
+508.000E-09,+5.255936350997E+00,-673.366762698E-03,-1.460094439753E+00,-782.058869660E-03
+513.000E-09,+5.468135128566E+00,-512.562744319E-03,-741.069654741E-03,-226.934307540E-03
+518.000E-09,+5.753768771887E+00,-478.827095723E-03,-43.081401181E-03,+433.633981044E-03
+523.000E-09,+5.500461909155E+00,-351.758725941E-03,+515.023568028E-03,+862.279810466E-03
+528.000E-09,+4.527474062685E+00,-351.758725941E-03,+942.779240540E-03,+1.287662910829E+00
+533.000E-09,+4.145728558302E+00,-342.340535710E-03,+1.327265276799E+00,+1.660650420855E+00
+538.000E-09,+4.547738611698E+00,-190.954707563E-03,+1.417085476220E+00,+1.599426269531E+00
+543.000E-09,+4.873901353046E+00,-221.293631820E-03,+1.547550570341E+00,+1.759338378906E+00
+548.000E-09,+4.454618184069E+00,-308.604887113E-03,+1.336683467031E+00,+1.636467840712E+00
+553.000E-09,+4.407816725609E+00,-351.758725941E-03,+934.673421085E-03,+1.279602050781E+00
+558.000E-09,+4.978794518683E+00,-432.160735130E-03,+578.210360668E-03,+1.005072188510E+00
+563.000E-09,+5.150753691792E+00,-512.562744319E-03,+52.644466706E-03,+562.377431565E-03
+568.000E-09,+4.748743638396E+00,-526.574232241E-03,-337.747238020E-03,+188.084829905E-03
+573.000E-09,+5.083687684319E+00,-646.540360206E-03,-566.138351016E-03,+80.261230469E-03
+578.000E-09,+5.150753691792E+00,-592.964753509E-03,-714.127454824E-03,-120.185489442E-03
+583.000E-09,+5.281894273307E+00,-512.562744319E-03,-834.170781076E-03,-319.519042969E-03
+588.000E-09,+4.710916480233E+00,-608.095616493E-03,-768.899634872E-03,-159.606933594E-03
+593.000E-09,+4.553528482841E+00,-592.964753509E-03,-834.170781076E-03,-239.562988281E-03
+598.000E-09,+4.949748665094E+00,-603.463719665E-03,-743.269805730E-03,-138.725467555E-03
+603.000E-09,+4.807028341295E+00,-650.052881970E-03,-891.258909538E-03,-239.562988281E-03
+608.000E-09,+5.060431701873E+00,-629.093548807E-03,-1.039248013345E+00,-407.574342750E-03
+613.000E-09,+4.949748665094E+00,-753.768771887E-03,-1.106835107964E+00,-350.802856970E-03
+618.000E-09,+4.949748665094E+00,-611.608138258E-03,-1.353869605710E+00,-737.839294519E-03
+623.000E-09,+4.748743638396E+00,-679.195232877E-03,-1.402813315579E+00,-719.299316406E-03
+628.000E-09,+4.731277527093E+00,-746.782327495E-03,-1.477386854589E+00,-726.247010071E-03
+633.000E-09,+4.949748665094E+00,-693.168121660E-03,-1.497188213551E+00,-799.255371094E-03
+638.000E-09,+5.351758718491E+00,-738.599309764E-03,-1.396984845400E+00,-654.428585522E-03
+643.000E-09,+5.037175719428E+00,-718.797950802E-03,-1.407445212418E+00,-684.522463049E-03
+648.000E-09,+5.039974157167E+00,-673.366762698E-03,-1.294426929696E+00,-617.310244251E-03
+653.000E-09,+4.973101145387E+00,-682.707754642E-03,-1.236180827022E+00,-550.098025452E-03
+658.000E-09,+5.351758718491E+00,-673.366762698E-03,-1.155778817832E+00,-479.431152344E-03
+663.000E-09,+4.990470758843E+00,-592.964753509E-03,-914.572790265E-03,-319.519042969E-03
+668.000E-09,+4.419492965769E+00,-644.263010929E-03,-651.172257045E-03,-6.565747792E-03
+673.000E-09,+4.949748665094E+00,-512.562744319E-03,-474.079401469E-03,+38.575068493E-03
+678.000E-09,+5.150753691792E+00,-622.029906139E-03,-190.954707563E-03,+428.989390260E-03
+683.000E-09,+4.780877423263E+00,-457.867762548E-03,-110.552698374E-03,+345.693836400E-03
+688.000E-09,+4.949652167248E+00,-592.926154371E-03,-110.475500098E-03,+480.079888952E-03
+693.000E-09,+5.287877140143E+00,-580.188438076E-03,+37.475004572E-03,+614.542711595E-03
+698.000E-09,+5.022797539404E+00,-457.751965134E-03,-4.559459181E-03,+450.984022683E-03
+703.000E-09,+4.853733301879E+00,-474.156599745E-03,+50.251320004E-03,+521.804435973E-03
+708.000E-09,+4.748743638396E+00,-461.341685175E-03,+130.653329194E-03,+589.016654772E-03
+713.000E-09,+5.150753691792E+00,-496.196708846E-03,+130.653329194E-03,+623.678352992E-03
+718.000E-09,+4.967504269938E+00,-512.562744319E-03,+50.251320004E-03,+559.997558594E-03
+723.000E-09,+5.150753691792E+00,-503.298950652E-03,-11.623101849E-03,+489.253915394E-03
+728.000E-09,+5.241365175252E+00,-512.562744319E-03,-88.473990135E-03,+422.041696596E-03
+733.000E-09,+5.063519633152E+00,-592.964753509E-03,-156.061084754E-03,+434.785532484E-03
+738.000E-09,+5.069020010755E+00,-592.964753509E-03,-256.341651181E-03,+335.061178153E-03
+743.000E-09,+4.748743638396E+00,-592.964753509E-03,-371.637283180E-03,+220.405040199E-03
+748.000E-09,+4.766402745393E+00,-607.092038844E-03,-512.562744319E-03,+94.310157980E-03
+753.000E-09,+4.949748665094E+00,-673.366762698E-03,-667.615490795E-03,+6.024547914E-03
+758.000E-09,+4.903333198050E+00,-611.530939982E-03,-815.604594602E-03,-202.636572238E-03
+763.000E-09,+4.748743638396E+00,-673.366762698E-03,-945.953891310E-03,-270.770032192E-03
+768.000E-09,+4.859233679482E+00,-592.964753509E-03,-1.075376808643E+00,-479.431152344E-03
+773.000E-09,+4.807221336988E+00,-730.377692884E-03,-1.098767887647E+00,-366.041720968E-03
+778.000E-09,+5.325318306919E+00,-673.366762698E-03,-1.166354982265E+00,-489.948655454E-03
+783.000E-09,+4.949748665094E+00,-753.768771887E-03,-1.312105335934E+00,-554.934541475E-03
+788.000E-09,+5.150753691792E+00,-753.768771887E-03,-1.251234491731E+00,-494.401321011E-03
+793.000E-09,+4.888086537377E+00,-701.235341977E-03,-1.316582836211E+00,-611.629257163E-03
+798.000E-09,+4.949748665094E+00,-714.050256548E-03,-1.275899342360E+00,-558.427580830E-03
+803.000E-09,+4.949748665094E+00,-726.865171119E-03,-1.289679235443E+00,-559.387207031E-03
+808.000E-09,+5.115531975646E+00,-739.680085689E-03,-1.155778817832E+00,-413.485640122E-03
+813.000E-09,+4.952933094220E+00,-751.221228634E-03,-993.701027828E-03,-240.829694858E-03
+818.000E-09,+4.978601522989E+00,-592.964753509E-03,-903.031647321E-03,-308.041913657E-03
+823.000E-09,+4.748743638396E+00,-617.320811023E-03,-753.768771887E-03,-135.385968393E-03
+828.000E-09,+4.748743638396E+00,-673.366762698E-03,-512.562744319E-03,+160.217285156E-03
+833.000E-09,+4.900824253879E+00,-592.964753509E-03,-482.146621787E-03,+110.508648178E-03
+838.000E-09,+4.993751685815E+00,-655.765554736E-03,-432.160735130E-03,+222.669758023E-03
+843.000E-09,+4.949748665094E+00,-597.751046900E-03,-427.374441739E-03,+169.736777020E-03
+848.000E-09,+4.949748665094E+00,-512.562744319E-03,-343.730104762E-03,+168.201375113E-03
+853.000E-09,+4.897639824754E+00,-592.964753509E-03,-211.798243313E-03,+379.357523373E-03
+858.000E-09,+4.748743638396E+00,-546.221194640E-03,-204.039816111E-03,+340.588625047E-03
+863.000E-09,+4.833565250713E+00,-546.491388617E-03,-110.552698374E-03,+433.825906283E-03
+868.000E-09,+4.949748665094E+00,-554.790203774E-03,-110.552698374E-03,+442.078691570E-03
+873.000E-09,+5.331011680215E+00,-520.861559476E-03,-199.253522719E-03,+320.129394531E-03
+878.000E-09,+5.139463443047E+00,-517.078843734E-03,-266.840617338E-03,+249.155441047E-03
+883.000E-09,+4.949748665094E+00,-512.562744319E-03,-271.356716752E-03,+240.173339844E-03
+888.000E-09,+4.748743638396E+00,-592.964753509E-03,-381.904654497E-03,+210.194617465E-03
+893.000E-09,+4.748743638396E+00,-630.405919571E-03,-394.719569068E-03,+234.684277995E-03
+898.000E-09,+4.748743638396E+00,-592.964753509E-03,-456.786986622E-03,+135.727624625E-03
+903.000E-09,+4.778271981246E+00,-524.374081241E-03,-512.562744319E-03,+12.051000423E-03
+908.000E-09,+4.751252582567E+00,-672.363185048E-03,-513.566321969E-03,+158.221262663E-03
+913.000E-09,+4.949748665094E+00,-606.783245729E-03,-606.783245729E-03,+305.175781E-06
+918.000E-09,+4.883165146883E+00,-619.598160300E-03,-727.135365096E-03,-106.635567545E-03
+923.000E-09,+4.949748665094E+00,-632.413074870E-03,-873.619102438E-03,-239.562988281E-03
+928.000E-09,+5.221100626238E+00,-592.964753509E-03,-862.309554333E-03,-267.545688167E-03
+933.000E-09,+4.949748665094E+00,-673.366762698E-03,-914.572790265E-03,-239.562988281E-03
+938.000E-09,+4.943476304690E+00,-673.366762698E-03,-992.465855339E-03,-317.024014860E-03
+943.000E-09,+4.949748665094E+00,-683.672733153E-03,-924.878760720E-03,-239.562988281E-03
+948.000E-09,+4.806545852033E+00,-673.366762698E-03,-937.693675291E-03,-262.555631950E-03
+953.000E-09,+5.060914191135E+00,-637.430963101E-03,-914.572790265E-03,-275.299467839E-03
+958.000E-09,+5.071625452772E+00,-690.466181844E-03,-834.170781076E-03,-142.602357388E-03
+963.000E-09,+4.949748665094E+00,-673.366762698E-03,-957.302038552E-03,-282.055236265E-03
+968.000E-09,+5.135700026813E+00,-598.986219389E-03,-834.170781076E-03,-233.574920818E-03
+973.000E-09,+4.782710882479E+00,-746.975323196E-03,-834.170781076E-03,-86.406647332E-03
+978.000E-09,+4.797764547458E+00,-592.964753509E-03,-834.170781076E-03,-239.562988281E-03
+983.000E-09,+5.150753691792E+00,-592.964753509E-03,-721.345494055E-03,-127.363493391E-03
+988.000E-09,+4.949748665094E+00,-628.128570295E-03,-638.202945911E-03,-9.713321715E-03
+993.000E-09,+5.094881435218E+00,-592.964753509E-03,-592.964753509E-03,+305.175781E-06
+998.000E-09,+4.925913695540E+00,-744.234784242E-03,-592.964753509E-03,+150.736178338E-03
+1.003000E-06,+4.941546347628E+00,-592.964753509E-03,-589.683826583E-03,+3.567904852E-03
+1.008000E-06,+5.070274482819E+00,-592.964753509E-03,-512.562744319E-03,+80.261230469E-03
+1.013000E-06,+4.949748665094E+00,-621.875509576E-03,-461.071491197E-03,+160.217285156E-03
+1.018000E-06,+4.748743638396E+00,-592.964753509E-03,-470.837073682E-03,+121.755467205E-03
+1.023000E-06,+5.150753691792E+00,-538.424168300E-03,-377.620149922E-03,+160.217285156E-03
+1.028000E-06,+5.118137417663E+00,-606.011262918E-03,-432.160735130E-03,+173.191431330E-03
+1.033000E-06,+4.950327652203E+00,-592.964753509E-03,-432.392329969E-03,+159.986974872E-03
+1.038000E-06,+4.949748665094E+00,-537.729383783E-03,-364.342045673E-03,+172.730810760E-03
+1.043000E-06,+4.812239225329E+00,-592.964753509E-03,-432.160735130E-03,+160.217285156E-03
+1.048000E-06,+5.045281539048E+00,-592.964753509E-03,-389.971874814E-03,+202.172142462E-03
+1.053000E-06,+5.023183530819E+00,-592.964753509E-03,-432.160735130E-03,+160.217285156E-03
+1.058000E-06,+5.109356113088E+00,-592.964753509E-03,-448.719766305E-03,+143.750099628E-03
+1.063000E-06,+4.767464221763E+00,-592.964753509E-03,-512.562744319E-03,+80.261230469E-03
+1.068000E-06,+4.570415607035E+00,-664.295964731E-03,-521.633542286E-03,+142.176312658E-03
+1.073000E-06,+4.803457920754E+00,-651.481050160E-03,-592.964753509E-03,+58.496908331E-03
+1.078000E-06,+4.949748665094E+00,-627.665380617E-03,-627.665380617E-03,+305.175781E-06
+1.083000E-06,+4.867532494795E+00,-640.480295187E-03,-640.480295187E-03,+305.175781E-06
+1.088000E-06,+4.949748665094E+00,-592.964753509E-03,-673.366762698E-03,-79.650878906E-03
+1.093000E-06,+4.766885234655E+00,-746.512133518E-03,-680.623401067E-03,+65.828452479E-03
+1.098000E-06,+5.136858001030E+00,-667.808486496E-03,-828.612504874E-03,-159.606933594E-03
+1.103000E-06,+4.949748665094E+00,-611.337944281E-03,-815.797590303E-03,-203.020422716E-03
+1.108000E-06,+4.748743638396E+00,-673.366762698E-03,-834.170781076E-03,-159.606933594E-03
+1.113000E-06,+5.059756216918E+00,-629.363742784E-03,-834.170781076E-03,-203.365888154E-03
+1.118000E-06,+4.949748665094E+00,-730.184697182E-03,-857.754855780E-03,-126.557407383E-03
+1.123000E-06,+4.949748665094E+00,-673.366762698E-03,-984.205639321E-03,-308.809614619E-03
+1.128000E-06,+4.944634278907E+00,-671.321008261E-03,-992.929045017E-03,-319.519042969E-03
+1.133000E-06,+4.912596991887E+00,-688.227431705E-03,-849.031450084E-03,-159.606933594E-03
+1.138000E-06,+4.880559704866E+00,-592.964753509E-03,-834.170781076E-03,-239.562988281E-03
+1.143000E-06,+5.050974912343E+00,-633.455251658E-03,-834.170781076E-03,-199.297073076E-03
+1.148000E-06,+4.816485130825E+00,-620.061349978E-03,-807.074184607E-03,-185.670381094E-03
+1.153000E-06,+5.316054513083E+00,-607.246435407E-03,-687.648444596E-03,-79.650878906E-03
+1.158000E-06,+5.147086773405E+00,-671.899995370E-03,-594.431520836E-03,+77.343966837E-03
+1.163000E-06,+4.978119033727E+00,-592.964753509E-03,-523.910891562E-03,+68.976026396E-03
+1.168000E-06,+5.150753691792E+00,-592.964753509E-03,-512.562744319E-03,+80.261230469E-03
+1.173000E-06,+4.949748665094E+00,-673.366762698E-03,-388.736702326E-03,+283.356518681E-03
+1.178000E-06,+4.825266435400E+00,-592.964753509E-03,-462.769853364E-03,+129.777942208E-03
+1.183000E-06,+5.150753691792E+00,-592.964753509E-03,-432.160735130E-03,+160.217285156E-03
+1.188000E-06,+4.962196888057E+00,-668.387473605E-03,-427.181446038E-03,+240.173339844E-03
+1.193000E-06,+4.768332702454E+00,-592.964753509E-03,-359.594351419E-03,+232.381175126E-03
+1.198000E-06,+4.748743638396E+00,-553.863824417E-03,-411.510195082E-03,+141.869232288E-03
+1.203000E-06,+4.949748665094E+00,-546.028198939E-03,-385.224180561E-03,+160.217285156E-03
+1.208000E-06,+5.035052766673E+00,-558.843113510E-03,-478.441104321E-03,+80.261230469E-03
+1.213000E-06,+4.802010452954E+00,-652.060037269E-03,-512.562744319E-03,+139.028738741E-03
+1.218000E-06,+4.949748665094E+00,-592.964753509E-03,-512.562744319E-03,+80.261230469E-03
+1.223000E-06,+4.949748665094E+00,-597.287857222E-03,-508.239640606E-03,+88.859481194E-03
+1.228000E-06,+4.949748665094E+00,-656.228744414E-03,-512.562744319E-03,+143.174323905E-03
+1.233000E-06,+4.823625971921E+00,-592.964753509E-03,-512.562744319E-03,+80.261230469E-03
+1.238000E-06,+4.949748665094E+00,-635.732600934E-03,-592.964753509E-03,+42.835808810E-03
+1.243000E-06,+4.949748665094E+00,-673.366762698E-03,-753.768771887E-03,-79.650878906E-03
+1.248000E-06,+5.150753691792E+00,-592.964753509E-03,-753.768771887E-03,-159.606933594E-03
+1.253000E-06,+4.949748665094E+00,-672.556180749E-03,-754.579353835E-03,-81.263050921E-03
+1.258000E-06,+4.915684923165E+00,-673.366762698E-03,-834.170781076E-03,-159.606933594E-03
+1.263000E-06,+4.883647636145E+00,-646.926351608E-03,-753.768771887E-03,-105.944636691E-03
+1.268000E-06,+4.851610349124E+00,-714.513446226E-03,-834.170781076E-03,-118.688472580E-03
+1.273000E-06,+4.878919241387E+00,-673.366762698E-03,-834.170781076E-03,-159.606933594E-03
+1.278000E-06,+5.073169418419E+00,-673.366762698E-03,-769.285626274E-03,-95.081668142E-03
+1.283000E-06,+4.755498488063E+00,-595.666693325E-03,-909.168910632E-03,-311.458182927E-03
+1.288000E-06,+4.748743638396E+00,-592.964753509E-03,-763.881746641E-03,-169.663816135E-03
+1.293000E-06,+4.806063362771E+00,-673.366762698E-03,-776.696661212E-03,-102.451597336E-03
+1.298000E-06,+5.061396680397E+00,-637.623958802E-03,-798.427977180E-03,-159.606933594E-03
+1.303000E-06,+5.029359393377E+00,-592.964753509E-03,-673.366762698E-03,-79.650878906E-03
+1.308000E-06,+4.949748665094E+00,-611.994129661E-03,-673.366762698E-03,-60.727050315E-03
+1.313000E-06,+4.934212510853E+00,-592.964753509E-03,-673.366762698E-03,-79.650878906E-03
+1.318000E-06,+4.933247532315E+00,-599.565206498E-03,-599.565206498E-03,+305.175781E-06
+1.323000E-06,+4.797282058196E+00,-612.380121069E-03,-673.366762698E-03,-60.343199831E-03
+1.328000E-06,+4.949748665094E+00,-592.964753509E-03,-641.136480567E-03,-47.599363942E-03
+1.333000E-06,+4.837135671253E+00,-673.366762698E-03,-557.607941021E-03,+115.421934304E-03
+1.338000E-06,+4.748743638396E+00,-535.104642236E-03,-454.702633047E-03,+80.261230469E-03
+1.343000E-06,+4.773061097212E+00,-592.964753509E-03,-502.835760973E-03,+89.934262526E-03
+1.348000E-06,+4.756463466601E+00,-670.278831473E-03,-512.562744319E-03,+157.146481325E-03
+1.353000E-06,+4.748743638396E+00,-592.964753509E-03,-432.160735130E-03,+160.217285156E-03
+1.358000E-06,+4.748743638396E+00,-592.964753509E-03,-483.844983953E-03,+108.819706078E-03
+1.363000E-06,+4.748743638396E+00,-592.964753509E-03,-473.693410067E-03,+118.914973659E-03
+1.368000E-06,+4.884612614683E+00,-592.964753509E-03,-512.562744319E-03,+80.261230469E-03
+1.373000E-06,+4.781842401787E+00,-660.127257587E-03,-512.562744319E-03,+147.051213744E-03
+1.378000E-06,+4.748743638396E+00,-592.964753509E-03,-592.540162968E-03,+727.411305E-06
+1.383000E-06,+4.748743638396E+00,-592.964753509E-03,-592.964753509E-03,+305.175781E-06
+1.388000E-06,+4.748743638396E+00,-592.964753509E-03,-618.169992110E-03,-24.760260472E-03
+1.393000E-06,+4.748743638396E+00,-592.964753509E-03,-550.582897491E-03,+42.451958326E-03
+1.398000E-06,+4.949748665094E+00,-643.799821251E-03,-592.964753509E-03,+50.858283812E-03
+1.403000E-06,+4.748743638396E+00,-592.964753509E-03,-737.016745011E-03,-142.947822826E-03
+1.408000E-06,+4.758586419342E+00,-592.964753509E-03,-669.429650393E-03,-75.735604027E-03
+1.413000E-06,+4.927554159019E+00,-673.366762698E-03,-673.366762698E-03,+305.175781E-06
+1.418000E-06,+4.949748665094E+00,-592.964753509E-03,-732.076055051E-03,-138.034536695E-03
+1.423000E-06,+5.150753691792E+00,-592.964753509E-03,-719.261140480E-03,-125.290700806E-03
+1.428000E-06,+4.748743638396E+00,-626.044216720E-03,-706.446225909E-03,-79.650878906E-03
+1.433000E-06,+4.899087292554E+00,-592.964753509E-03,-753.768771887E-03,-159.606933594E-03
+1.438000E-06,+4.949748665094E+00,-665.917128628E-03,-753.768771887E-03,-87.059193140E-03
+1.443000E-06,+4.949748665094E+00,-598.330034009E-03,-834.170781076E-03,-234.227466626E-03
+1.448000E-06,+4.995199153615E+00,-592.964753509E-03,-691.546957769E-03,-97.730236450E-03
+1.453000E-06,+5.027236440636E+00,-704.361872340E-03,-722.773662245E-03,-18.004492041E-03
+1.458000E-06,+5.041228629230E+00,-629.556738485E-03,-709.958747674E-03,-79.650878906E-03
+1.463000E-06,+4.808186315512E+00,-536.339814725E-03,-697.143833103E-03,-159.606933594E-03
+1.468000E-06,+4.748743638396E+00,-673.366762698E-03,-592.964753509E-03,+80.261230469E-03
+1.473000E-06,+4.758007432247E+00,-671.514003962E-03,-675.219521434E-03,-3.379788819E-03
+1.478000E-06,+4.949748665094E+00,-541.898090933E-03,-607.632426815E-03,-65.064560718E-03
+1.483000E-06,+4.881042194128E+00,-592.964753509E-03,-645.884174820E-03,-52.320724829E-03
+1.488000E-06,+5.150753691792E+00,-592.964753509E-03,-673.559758405E-03,-79.842804151E-03
+1.493000E-06,+4.881524683404E+00,-673.366762698E-03,-592.964753509E-03,+80.261230469E-03
+1.498000E-06,+4.784930333066E+00,-592.964753509E-03,-527.037421919E-03,+65.866837525E-03
+1.503000E-06,+4.748743638396E+00,-592.964753509E-03,-512.562744319E-03,+80.261230469E-03
+1.508000E-06,+4.575626491069E+00,-662.211611156E-03,-581.809601967E-03,+80.261230469E-03
+1.513000E-06,+4.808668804788E+00,-616.934819621E-03,-512.562744319E-03,+104.098345191E-03
+1.518000E-06,+4.748743638396E+00,-586.132705686E-03,-512.562744319E-03,+73.467077004E-03
+1.523000E-06,+4.872743378829E+00,-623.766867444E-03,-562.162639573E-03,+61.567712157E-03
+1.528000E-06,+4.904780665850E+00,-592.964753509E-03,-530.549943684E-03,+62.373798170E-03
+1.533000E-06,+4.936817952870E+00,-663.022193110E-03,-512.562744319E-03,+149.930092336E-03
+1.538000E-06,+4.949748665094E+00,-592.964753509E-03,-585.322123732E-03,+7.905415260E-03
+1.543000E-06,+4.898604803277E+00,-592.964753509E-03,-592.964753509E-03,+305.175781E-06
+1.548000E-06,+4.866567516257E+00,-687.223854050E-03,-592.964753509E-03,+94.041462644E-03
+1.553000E-06,+4.748743638396E+00,-592.964753509E-03,-592.964753509E-03,+305.175781E-06
+1.558000E-06,+4.895999361275E+00,-592.964753509E-03,-614.464474638E-03,-21.075295873E-03
+1.563000E-06,+4.748743638396E+00,-601.649560067E-03,-745.083965328E-03,-142.333662063E-03
+1.568000E-06,+5.130103151349E+00,-592.964753509E-03,-673.366762698E-03,-79.650878906E-03
+1.573000E-06,+4.907386107852E+00,-592.964753509E-03,-673.366762698E-03,-79.650878906E-03
+1.578000E-06,+4.823143482659E+00,-592.964753509E-03,-724.008834733E-03,-130.012061693E-03
+1.583000E-06,+4.949748665094E+00,-550.389901784E-03,-753.768771887E-03,-201.945641384E-03
+1.588000E-06,+4.748743638396E+00,-617.976996403E-03,-728.756528993E-03,-109.859911576E-03
+1.593000E-06,+4.779236959770E+00,-592.964753509E-03,-753.768771887E-03,-159.606933594E-03
+1.598000E-06,+4.948204699448E+00,-193.425052552E-03,-433.395907625E-03,-238.334666744E-03
+1.603000E-06,+4.916167412427E+00,+1.564263998061E+00,+170.757835929E-03,-1.385471821964E+00
+1.608000E-06,+5.015367204782E+00,+3.619166428784E+00,+1.205446390087E+00,-2.400027021893E+00
+1.613000E-06,+4.852092838386E+00,+9.794835876781E+00,+4.396514514758E+00,-5.368074077371E+00
+1.618000E-06,+4.405114785760E+00,+13.337271975363E+00,+6.720954741983E+00,-6.579314262553E+00
+1.623000E-06,+5.832318023784E+00,+16.211055167019E+00,+10.514516847185E+00,-5.664636957179E+00
+1.628000E-06,+3.327233773653E+00,+16.211055167019E+00,+14.000328006970E+00,-2.198160055258E+00
+1.633000E-06,+4.674343794119E+00,+16.211055167019E+00,+16.211055167019E+00,+305.175781E-06
+1.638000E-06,+2.738693371415E+00,+16.211055167019E+00,+16.211055167019E+00,+305.175781E-06
+1.643000E-06,+3.720462522474E+00,+16.211055167019E+00,+16.211055167019E+00,+305.175781E-06
+1.648000E-06,+3.179978050746E+00,+16.211055167019E+00,+16.211055167019E+00,+305.175781E-06
+1.653000E-06,+4.844855499443E+00,+16.211055167019E+00,+16.211055167019E+00,+305.175781E-06
+1.658000E-06,+5.552763745189E+00,+16.211055167019E+00,+16.211055167019E+00,+305.175781E-06
+1.663000E-06,+4.981785952129E+00,+16.211055167019E+00,+16.211055167019E+00,+305.175781E-06
+1.668000E-06,+4.298677654462E+00,+16.211055167019E+00,+16.211055167019E+00,+305.175781E-06
+1.673000E-06,+4.305914993419E+00,+16.211055167019E+00,+16.211055167019E+00,+305.175781E-06
+1.678000E-06,+4.346733585000E+00,+16.211055167019E+00,+16.211055167019E+00,+305.175781E-06
+1.683000E-06,+3.887886296505E+00,+16.211055167019E+00,+16.211055167019E+00,+305.175781E-06
+1.688000E-06,+3.718918556828E+00,+16.211055167019E+00,+16.211055167019E+00,+305.175781E-06
+1.693000E-06,+3.729243827020E+00,+16.211055167019E+00,+16.211055167019E+00,+305.175781E-06
+1.698000E-06,+4.469189359772E+00,+16.211055167019E+00,+16.211055167019E+00,+305.175781E-06
+1.703000E-06,+4.949748665094E+00,+16.211055167019E+00,+16.211055167019E+00,+305.175781E-06
+1.708000E-06,+5.254102891797E+00,+16.211055167019E+00,+16.211055167019E+00,+305.175781E-06
+1.713000E-06,+5.819387311560E+00,+16.211055167019E+00,+16.211055167019E+00,+305.175781E-06
+1.718000E-06,+5.753768771887E+00,+16.211055167019E+00,+16.211055167019E+00,+305.175781E-06
+1.723000E-06,+5.147665760528E+00,+16.211055167019E+00,+16.211055167019E+00,+305.175781E-06
+1.728000E-06,+4.919255343706E+00,+16.211055167019E+00,+16.211055167019E+00,+305.175781E-06
+1.733000E-06,+4.686213029987E+00,+16.211055167019E+00,+16.211055167019E+00,+305.175781E-06
+1.738000E-06,+4.843311533826E+00,+16.211055167019E+00,+16.211055167019E+00,+305.175781E-06
+1.743000E-06,+4.473338767450E+00,+16.211055167019E+00,+16.211055167019E+00,+305.175781E-06
+1.748000E-06,+4.304371027772E+00,+16.211055167019E+00,+16.211055167019E+00,+305.175781E-06
+1.753000E-06,+4.346733585000E+00,+16.211055167019E+00,+16.211055167019E+00,+305.175781E-06
+1.758000E-06,+4.368445601813E+00,+16.211055167019E+00,+16.211055167019E+00,+305.175781E-06
+1.763000E-06,+4.493989307864E+00,+16.211055167019E+00,+16.211055167019E+00,+305.175781E-06
+1.768000E-06,+4.547738611698E+00,+16.211055167019E+00,+16.211055167019E+00,+305.175781E-06
+1.773000E-06,+5.032929813917E+00,+16.211055167019E+00,+16.211055167019E+00,+305.175781E-06
+1.778000E-06,+5.300614856688E+00,+16.211055167019E+00,+16.211055167019E+00,+305.175781E-06
+1.783000E-06,+5.131647117010E+00,+16.211055167019E+00,+16.211055167019E+00,+305.175781E-06
+1.788000E-06,+5.526902320711E+00,+16.211055167019E+00,+16.211055167019E+00,+305.175781E-06
+1.793000E-06,+5.306790719232E+00,+16.211055167019E+00,+16.211055167019E+00,+305.175781E-06
+1.798000E-06,+5.227758978072E+00,+16.211055167019E+00,+16.211055167019E+00,+305.175781E-06
+1.803000E-06,+4.840706091794E+00,+16.211055167019E+00,+16.211055167019E+00,+305.175781E-06
+1.808000E-06,+4.949748665094E+00,+16.211055167019E+00,+16.211055167019E+00,+305.175781E-06
+1.813000E-06,+4.748743638396E+00,+16.211055167019E+00,+16.211055167019E+00,+305.175781E-06
+1.818000E-06,+4.748743638396E+00,+16.211055167019E+00,+16.211055167019E+00,+305.175781E-06
+1.823000E-06,+4.712556943712E+00,+16.211055167019E+00,+16.211055167019E+00,+305.175781E-06
+1.828000E-06,+4.748743638396E+00,+16.211055167019E+00,+16.211055167019E+00,+305.175781E-06
+1.833000E-06,+5.150753691792E+00,+16.211055167019E+00,+16.211055167019E+00,+305.175781E-06
+1.838000E-06,+4.881042194142E+00,+16.211055167019E+00,+16.211055167019E+00,+305.175781E-06
+1.843000E-06,+4.712074454465E+00,+16.211055167019E+00,+16.211055167019E+00,+305.175781E-06
+1.848000E-06,+4.954380562005E+00,+16.211055167019E+00,+16.211055167019E+00,+305.175781E-06
+1.853000E-06,+5.123348301683E+00,+16.211055167019E+00,+16.211055167019E+00,+305.175781E-06
+1.858000E-06,+4.949748665094E+00,+16.211055167019E+00,+16.211055167019E+00,+305.175781E-06
+1.863000E-06,+4.949748665094E+00,+16.211055167019E+00,+16.211055167019E+00,+305.175781E-06
+1.868000E-06,+5.073265916265E+00,+16.211055167019E+00,+16.211055167019E+00,+305.175781E-06
+1.873000E-06,+5.260857741478E+00,+16.211055167019E+00,+16.211055167019E+00,+305.175781E-06
+1.878000E-06,+4.748743638396E+00,+16.211055167019E+00,+16.211055167019E+00,+305.175781E-06
+1.883000E-06,+4.931124579560E+00,+16.211055167019E+00,+16.211055167019E+00,+305.175781E-06
+1.888000E-06,+4.899087292539E+00,+16.211055167019E+00,+16.211055167019E+00,+305.175781E-06
+1.893000E-06,+4.748743638396E+00,+16.211055167019E+00,+16.211055167019E+00,+305.175781E-06
+1.898000E-06,+4.547738611698E+00,+16.211055167019E+00,+16.211055167019E+00,+305.175781E-06
+1.903000E-06,+4.748743638396E+00,+16.211055167019E+00,+16.211055167019E+00,+305.175781E-06
+1.908000E-06,+4.949748665094E+00,+16.211055167019E+00,+16.211055167019E+00,+305.175781E-06
+1.913000E-06,+4.949748665094E+00,+16.211055167019E+00,+16.211055167019E+00,+305.175781E-06
+1.918000E-06,+4.790623706376E+00,+16.211055167019E+00,+16.211055167019E+00,+305.175781E-06
+1.923000E-06,+4.822660993397E+00,+16.211055167019E+00,+16.211055167019E+00,+305.175781E-06
+1.928000E-06,+5.055703307116E+00,+16.211055167019E+00,+16.211055167019E+00,+305.175781E-06
+1.933000E-06,+4.949748665094E+00,+16.211055167019E+00,+16.211055167019E+00,+305.175781E-06
+1.938000E-06,+5.119777881157E+00,+16.211055167019E+00,+16.211055167019E+00,+305.175781E-06
+1.943000E-06,+5.349635765721E+00,+16.211055167019E+00,+16.211055167019E+00,+305.175781E-06
+1.948000E-06,+4.982847428500E+00,+16.211055167019E+00,+16.211055167019E+00,+305.175781E-06
+1.953000E-06,+5.150753691792E+00,+16.211055167019E+00,+16.211055167019E+00,+305.175781E-06
+1.958000E-06,+4.845916975843E+00,+16.211055167019E+00,+16.211055167019E+00,+305.175781E-06
+1.963000E-06,+4.748743638396E+00,+16.211055167019E+00,+16.211055167019E+00,+305.175781E-06
+1.968000E-06,+4.748743638396E+00,+16.211055167019E+00,+16.211055167019E+00,+305.175781E-06
+1.973000E-06,+4.756463466586E+00,+16.211055167019E+00,+16.211055167019E+00,+305.175781E-06
+1.978000E-06,+4.773061097227E+00,+16.211055167019E+00,+16.211055167019E+00,+305.175781E-06
+1.983000E-06,+5.094398945941E+00,+16.211055167019E+00,+16.211055167019E+00,+305.175781E-06
+1.988000E-06,+5.062361658921E+00,+16.211055167019E+00,+16.211055167019E+00,+305.175781E-06
+1.993000E-06,+5.030324371900E+00,+15.792061499393E+00,+16.211055167019E+00,+416.974870237E-03
+1.998000E-06,+4.700205218611E+00,+9.676104921422E+00,+16.094562961693E+00,+6.383162858730E+00
+2.003000E-06,+4.933247532329E+00,+4.024148608575E+00,+12.848568260429E+00,+8.775779661864E+00
+2.008000E-06,+4.547738611698E+00,+4.583450151088E+00,+9.773065961745E+00,+5.161136475257E+00
+2.013000E-06,+5.103180250516E+00,+3.399537320674E+00,+5.891999605537E+00,+2.478942871094E+00
+2.018000E-06,+6.155778825283E+00,+1.882784103622E+00,+3.586357159590E+00,+1.694429262988E+00
+2.023000E-06,+5.083687684348E+00,+711.300196336E-03,+1.291947063479E+00,+577.731450716E-03
+2.028000E-06,+5.007068389455E+00,+406.405587312E-03,-363.068274029E-03,-764.900753255E-03
+2.033000E-06,+4.647613889037E+00,-301.695640997E-03,-1.869785714585E+00,-1.559087393424E+00
+2.038000E-06,+1.753932786967E+00,-676.068702520E-03,-3.157723228094E+00,-2.467584706119E+00
+2.043000E-06,+2.058094017918E+00,-447.677589523E-03,-3.230714202357E+00,-2.767295159798E+00
+2.048000E-06,+3.933240287136E+00,-701.698531661E-03,-3.407035075128E+00,-2.690026058463E+00
+2.053000E-06,+6.057640509327E+00,-753.768771887E-03,-2.726455033840E+00,-1.961439465089E+00
+2.058000E-06,+4.817546607224E+00,-646.926351614E-03,-2.335368544585E+00,-1.678771972656E+00
+2.063000E-06,+4.782807380311E+00,-512.562744319E-03,-1.691341889130E+00,-1.171935800750E+00
+2.068000E-06,+5.753768771887E+00,-673.366762698E-03,-1.477386854589E+00,-799.255371094E-03
+2.073000E-06,+6.698772241124E+00,-592.964753509E-03,-1.489391187217E+00,-891.149175668E-03
+2.078000E-06,+5.815816891034E+00,-617.784000707E-03,-1.372165598201E+00,-749.892199543E-03
+2.083000E-06,+4.547738611698E+00,-550.196906089E-03,-1.396984845400E+00,-841.786004117E-03
+2.088000E-06,+4.196968917980E+00,-592.964753509E-03,-1.125825884984E+00,-529.600409897E-03
+2.093000E-06,+3.700873458416E+00,-558.688716952E-03,-1.138640799554E+00,-576.430168277E-03
+2.098000E-06,+3.129895665342E+00,-592.964753509E-03,-990.651695747E-03,-395.175972299E-03
+2.103000E-06,+3.680029922251E+00,-681.858573561E-03,-1.075376808643E+00,-391.030387124E-03
+2.108000E-06,+5.245225089346E+00,-871.959339397E-03,-1.295276110777E+00,-420.663644077E-03
+2.113000E-06,+5.552763745189E+00,-800.049141071E-03,-1.730751611336E+00,-925.235098159E-03
+2.118000E-06,+4.547738611698E+00,-914.572790265E-03,-2.220999291943E+00,-1.298875154000E+00
+2.123000E-06,+4.599364962763E+00,-774.419311930E-03,-2.442210964859E+00,-1.658235972056E+00
+2.128000E-06,+5.753768771887E+00,-761.604397359E-03,-2.265735695536E+00,-1.495483369145E+00
+2.133000E-06,+5.565211968165E+00,-753.768771887E-03,-1.572726731073E+00,-814.110384624E-03
+2.138000E-06,+5.195239201790E+00,-512.562744319E-03,-1.093171012312E+00,-577.082714097E-03
+2.143000E-06,+5.677245974869E+00,-432.160735130E-03,-332.574953232E-03,+99.338599248E-03
+2.148000E-06,+5.661323829227E+00,-345.312669509E-03,+285.011291140E-03,+627.133007284E-03
+2.153000E-06,+5.230943407212E+00,-271.356716752E-03,+878.434473704E-03,+1.143718981362E+00
+2.158000E-06,+4.145728558302E+00,-271.356716752E-03,+1.256281457841E+00,+1.519470214844E+00
+2.163000E-06,+4.343066666598E+00,-192.421474896E-03,+1.496020718075E+00,+1.679382324219E+00
+2.168000E-06,+4.914044459672E+00,-205.236389467E-03,+1.497487485409E+00,+1.693584791929E+00
+2.173000E-06,+4.615480104141E+00,-324.662129466E-03,+1.470390888934E+00,+1.785401826395E+00
+2.178000E-06,+4.245507337765E+00,-351.758725941E-03,+1.175300461554E+00,+1.518894439132E+00
+2.183000E-06,+4.817932598610E+00,-404.485151558E-03,+718.518235561E-03,+1.117079758161E+00
+2.188000E-06,+5.150753691792E+00,-527.423413321E-03,+276.596678570E-03,+799.865722656E-03
+2.193000E-06,+5.150753691792E+00,-590.918999077E-03,-114.644207236E-03,+473.938281306E-03
+2.198000E-06,+4.721820737549E+00,-534.101064598E-03,-491.024424041E-03,+43.142889203E-03
+2.203000E-06,+5.008708852963E+00,-569.380678798E-03,-753.768771887E-03,-183.060197838E-03
+2.208000E-06,+5.351758718491E+00,-592.964753509E-03,-797.771791795E-03,-203.365888148E-03
+2.213000E-06,+4.871778400305E+00,-642.178657360E-03,-784.956877224E-03,-141.681116238E-03
+2.218000E-06,+4.593671589467E+00,-592.964753509E-03,-896.199599498E-03,-301.247760192E-03
+2.223000E-06,+4.949748665094E+00,-592.964753509E-03,-909.014514069E-03,-313.991596080E-03
+2.228000E-06,+5.132612095520E+00,-739.255495138E-03,-841.427419451E-03,-101.300045908E-03
+2.233000E-06,+4.798922521689E+00,-613.036306454E-03,-914.572790265E-03,-299.558818080E-03
+2.238000E-06,+4.867532494781E+00,-706.253230214E-03,-1.122892350316E+00,-414.023030788E-03
+2.243000E-06,+4.977250553065E+00,-708.067389800E-03,-1.316582836211E+00,-604.835103698E-03
+2.248000E-06,+4.895034382751E+00,-695.252475229E-03,-1.477386854589E+00,-777.491048962E-03
+2.253000E-06,+4.369410580323E+00,-744.697973926E-03,-1.477386854589E+00,-728.319802650E-03
+2.258000E-06,+4.748743638396E+00,-750.024655277E-03,-1.477386854589E+00,-723.022666052E-03
+2.263000E-06,+5.109356113074E+00,-753.768771887E-03,-1.460827823409E+00,-702.832130872E-03
+2.268000E-06,+5.150753691792E+00,-724.394826136E-03,-1.426358791151E+00,-697.765304565E-03
+2.273000E-06,+5.055220817854E+00,-711.579911565E-03,-1.358771696533E+00,-643.296921654E-03
+2.278000E-06,+5.013244252012E+00,-728.370537590E-03,-1.291184601914E+00,-559.387207031E-03
+2.283000E-06,+5.119295391895E+00,-685.950082424E-03,-1.143195498107E+00,-454.404101147E-03
+2.288000E-06,+5.351758718491E+00,-592.964753509E-03,-915.035979955E-03,-319.979663549E-03
+2.293000E-06,+4.949748665094E+00,-673.366762698E-03,-766.815281302E-03,-92.625025085E-03
+2.298000E-06,+4.612392172862E+00,-512.562744319E-03,-512.562744319E-03,+305.175781E-06
+2.303000E-06,+4.845434486581E+00,-512.562744319E-03,-310.033055309E-03,+201.711521887E-03
+2.308000E-06,+4.949748665094E+00,-541.473500381E-03,-162.043951502E-03,+377.630196216E-03
+2.313000E-06,+4.949748665094E+00,-512.562744319E-03,-110.552698374E-03,+400.085449219E-03
+2.318000E-06,+5.158956009244E+00,-435.441662050E-03,+50.251320004E-03,+483.304232971E-03
+2.323000E-06,+4.949748665094E+00,-512.562744319E-03,+50.251320004E-03,+559.997558594E-03
+2.328000E-06,+4.949748665094E+00,-454.509637352E-03,+50.251320004E-03,+502.266446619E-03
+2.333000E-06,+4.660834094787E+00,-547.726561112E-03,+130.653329194E-03,+674.922391883E-03
+2.338000E-06,+4.748743638396E+00,-432.160735130E-03,+178.632060556E-03,+607.710173084E-03
+2.343000E-06,+5.047790483189E+00,-412.552371875E-03,+191.446975127E-03,+600.954404664E-03
+2.348000E-06,+4.949748665094E+00,-512.562744319E-03,+130.653329194E-03,+639.953613281E-03
+2.353000E-06,+4.949748665094E+00,-512.562744319E-03,+44.229854119E-03,+554.009491125E-03
+2.358000E-06,+5.103662739778E+00,-450.997115587E-03,-91.716317917E-03,+357.593201247E-03
+2.363000E-06,+4.949748665094E+00,-512.562744319E-03,-222.606002590E-03,+288.653655285E-03
+2.368000E-06,+4.838583139039E+00,-592.964753509E-03,-351.758725941E-03,+240.173339844E-03
+2.373000E-06,+4.806545852019E+00,-650.245877677E-03,-432.160735130E-03,+217.180696180E-03
+2.378000E-06,+5.150753691792E+00,-582.658783059E-03,-673.366762698E-03,-89.899686681E-03
+2.383000E-06,+5.150753691792E+00,-595.473697630E-03,-751.259827766E-03,-154.616877366E-03
+2.388000E-06,+4.787053285836E+00,-723.121054503E-03,-834.170781076E-03,-110.128606912E-03
+2.393000E-06,+4.819090572856E+00,-621.103526771E-03,-1.047238035381E+00,-423.465752561E-03
+2.398000E-06,+5.048369470312E+00,-753.768771887E-03,-1.114825129999E+00,-358.748561876E-03
+2.403000E-06,+4.949748665094E+00,-700.000169483E-03,-1.182412224618E+00,-479.431152344E-03
+2.408000E-06,+5.116207460616E+00,-753.768771887E-03,-1.302764343996E+00,-545.645359901E-03
+2.413000E-06,+5.150753691792E+00,-752.765194243E-03,-1.236180827022E+00,-480.429163585E-03
+2.418000E-06,+4.979277007959E+00,-741.957434960E-03,-1.385173508473E+00,-639.343261719E-03
+2.423000E-06,+5.011314294979E+00,-673.366762698E-03,-1.316582836211E+00,-639.343261719E-03
+2.428000E-06,+4.748743638396E+00,-759.288448939E-03,-1.155778817832E+00,-393.986035819E-03
+2.433000E-06,+5.075388869021E+00,-673.366762698E-03,-1.236180827022E+00,-559.387207031E-03
+2.438000E-06,+4.993076200846E+00,-690.697776677E-03,-1.058045794664E+00,-365.005324687E-03
+2.443000E-06,+4.737453389665E+00,-597.480852917E-03,-834.170781076E-03,-235.071937685E-03
+2.448000E-06,+5.130006653503E+00,-601.263568671E-03,-834.170781076E-03,-231.310202989E-03
+2.453000E-06,+4.844180014474E+00,-673.366762698E-03,-592.964753509E-03,+80.261230469E-03
+2.458000E-06,+4.949748665094E+00,-592.964753509E-03,-559.036109205E-03,+34.045632851E-03
+2.463000E-06,+5.066607564446E+00,-546.221194634E-03,-478.904294004E-03,+67.248699238E-03
+2.468000E-06,+5.001857505421E+00,-652.523226954E-03,-330.915190197E-03,+320.129394531E-03
+2.473000E-06,+5.130682138487E+00,-592.964753509E-03,-351.758725941E-03,+240.173339844E-03
+2.478000E-06,+5.138787958078E+00,-517.349037717E-03,-195.741000960E-03,+320.129394531E-03
+2.483000E-06,+4.792746659132E+00,-530.163952287E-03,-128.153906342E-03,+400.085449219E-03
+2.488000E-06,+4.873708357339E+00,-512.562744319E-03,-160.538585024E-03,+350.376812246E-03
+2.493000E-06,+4.856821233173E+00,-555.793781429E-03,-73.381726294E-03,+480.041503906E-03
+2.498000E-06,+5.089863546891E+00,-568.608696000E-03,-134.908755883E-03,+431.599573517E-03
+2.503000E-06,+5.179606549673E+00,-524.103887258E-03,-202.495850501E-03,+320.129394531E-03
+2.508000E-06,+4.949748665094E+00,-592.964753509E-03,-192.228479195E-03,+398.818742636E-03
+2.513000E-06,+4.783965354557E+00,-512.562744319E-03,-285.445402955E-03,+226.162797372E-03
+2.518000E-06,+4.748743638396E+00,-566.369945867E-03,-351.758725941E-03,+213.726041877E-03
+2.523000E-06,+4.748743638396E+00,-632.683268853E-03,-432.160735130E-03,+199.715499405E-03
+2.528000E-06,+5.150753691792E+00,-592.964753509E-03,-432.160735130E-03,+160.217285156E-03
+2.533000E-06,+4.912114502639E+00,-658.313097995E-03,-512.562744319E-03,+145.247116495E-03
+2.538000E-06,+4.944151789660E+00,-595.203503641E-03,-673.366762698E-03,-77.424546134E-03
+2.543000E-06,+4.923308253509E+00,-603.540917947E-03,-673.366762698E-03,-69.133375790E-03
+2.548000E-06,+4.891270966488E+00,-649.975683689E-03,-753.768771887E-03,-102.912217911E-03
+2.553000E-06,+5.150753691792E+00,-629.170747088E-03,-914.572790265E-03,-283.513868075E-03
+2.558000E-06,+5.150753691792E+00,-722.387670848E-03,-896.932983153E-03,-173.272010621E-03
+2.563000E-06,+5.104338224762E+00,-691.932949166E-03,-994.974799454E-03,-301.055834953E-03
+2.568000E-06,+5.150753691792E+00,-598.716025406E-03,-989.223527557E-03,-388.036353401E-03
+2.573000E-06,+5.150753691792E+00,-746.705129213E-03,-921.636432939E-03,-173.655861116E-03
+2.578000E-06,+5.150753691792E+00,-673.366762698E-03,-1.055498251399E+00,-379.706798006E-03
+2.583000E-06,+4.868014984043E+00,-640.673290883E-03,-962.281327639E-03,-319.519042969E-03
+2.588000E-06,+4.949748665094E+00,-708.260385501E-03,-914.572790265E-03,-204.862905021E-03
+2.593000E-06,+4.949748665094E+00,-651.288054465E-03,-914.572790265E-03,-261.519235652E-03
+2.598000E-06,+4.771903122981E+00,-664.102969036E-03,-834.170781076E-03,-168.819345076E-03
+2.603000E-06,+4.949748665094E+00,-673.366762698E-03,-757.319892795E-03,-83.182303313E-03
+2.608000E-06,+5.150753691792E+00,-609.330788988E-03,-770.134807366E-03,-159.606933594E-03
+2.613000E-06,+4.949748665094E+00,-673.366762698E-03,-622.145703559E-03,+51.242134285E-03
+2.618000E-06,+4.958722965391E+00,-631.370898077E-03,-673.366762698E-03,-41.457756291E-03
+2.623000E-06,+5.086775615613E+00,-592.964753509E-03,-592.964753509E-03,+305.175781E-06
+2.628000E-06,+4.949748665094E+00,-673.366762698E-03,-580.188438082E-03,+92.966681306E-03
+2.633000E-06,+5.150753691792E+00,-592.964753509E-03,-432.237933418E-03,+160.140515054E-03
+2.638000E-06,+4.917614880213E+00,-538.269771748E-03,-432.160735130E-03,+105.825672349E-03
+2.643000E-06,+4.949748665094E+00,-592.964753509E-03,-457.829163416E-03,+134.691228327E-03
+2.648000E-06,+4.853540306172E+00,-551.046087175E-03,-470.644077986E-03,+80.261230469E-03
+2.653000E-06,+4.949748665094E+00,-673.366762698E-03,-432.160735130E-03,+240.173339844E-03
+2.658000E-06,+4.748743638396E+00,-592.964753509E-03,-432.160735130E-03,+160.217285156E-03
+2.663000E-06,+4.748743638396E+00,-589.490830887E-03,-428.686812509E-03,+160.217285156E-03
+2.668000E-06,+4.748743638396E+00,-664.025770748E-03,-361.099717891E-03,+301.551031361E-03
+2.673000E-06,+4.949748665094E+00,-570.808846988E-03,-351.758725941E-03,+218.140322370E-03
+2.678000E-06,+5.037175719442E+00,-582.504386501E-03,-316.787904850E-03,+264.547845244E-03
+2.683000E-06,+4.949748665094E+00,-625.581027036E-03,-432.160735130E-03,+192.652650592E-03
+2.688000E-06,+5.150753691792E+00,-573.163394552E-03,-492.761385363E-03,+80.261230469E-03
+2.693000E-06,+5.133287580504E+00,-666.380318312E-03,-512.562744319E-03,+153.269591498E-03
+2.698000E-06,+4.949748665094E+00,-592.964753509E-03,-592.964753509E-03,+305.175781E-06
+2.703000E-06,+4.949748665094E+00,-592.964753509E-03,-611.608138264E-03,-18.234802337E-03
+2.708000E-06,+4.949748665094E+00,-641.908463371E-03,-624.423052835E-03,+17.693602454E-03
+2.713000E-06,+4.859426675190E+00,-592.964753509E-03,-673.366762698E-03,-79.650878906E-03
+2.718000E-06,+4.748743638396E+00,-650.052881976E-03,-753.768771887E-03,-102.835447809E-03
+2.723000E-06,+4.923501249231E+00,-603.463719659E-03,-753.768771887E-03,-149.166200580E-03
+2.728000E-06,+5.144963820635E+00,-595.280701928E-03,-831.854832656E-03,-234.956782531E-03
+2.733000E-06,+4.949748665094E+00,-688.497625688E-03,-834.170781076E-03,-144.559994830E-03
+2.738000E-06,+5.080889246594E+00,-645.420985136E-03,-886.627012704E-03,-239.562988281E-03
+2.743000E-06,+4.847846932876E+00,-673.366762698E-03,-914.572790265E-03,-239.562988281E-03
+2.748000E-06,+4.949748665094E+00,-646.617558481E-03,-887.746387779E-03,-239.486218196E-03
+2.753000E-06,+4.949748665094E+00,-606.976241424E-03,-928.584278181E-03,-319.519042969E-03
+2.758000E-06,+5.147762258375E+00,-672.170189353E-03,-834.170781076E-03,-160.796870074E-03
+2.763000E-06,+4.978794518697E+00,-604.583094734E-03,-914.572790265E-03,-307.965143560E-03
+2.768000E-06,+5.089670551169E+00,-617.398009305E-03,-914.572790265E-03,-295.221307671E-03
+2.773000E-06,+5.057633264149E+00,-630.212923876E-03,-796.922610709E-03,-165.479845909E-03
+2.778000E-06,+4.748743638396E+00,-673.366762698E-03,-753.768771887E-03,-79.650878906E-03
+2.783000E-06,+5.194563716806E+00,-592.964753509E-03,-673.366762698E-03,-79.650878906E-03
+2.788000E-06,+4.949748665094E+00,-673.366762698E-03,-592.964753509E-03,+80.261230469E-03
+2.793000E-06,+4.769008187424E+00,-592.964753509E-03,-520.668563780E-03,+72.200370415E-03
+2.798000E-06,+5.098451855744E+00,-613.885487540E-03,-432.160735130E-03,+181.021981099E-03
+2.803000E-06,+4.865409542025E+00,-592.964753509E-03,-432.160735130E-03,+160.217285156E-03
+2.808000E-06,+4.949748665094E+00,-592.964753509E-03,-351.758725941E-03,+240.173339844E-03
+2.813000E-06,+4.801334967984E+00,-631.293699807E-03,-351.758725941E-03,+278.289692373E-03
+2.818000E-06,+4.929194622527E+00,-592.964753509E-03,-423.939118256E-03,+168.393300346E-03
+2.823000E-06,+4.949748665094E+00,-597.558051205E-03,-427.567437434E-03,+169.352926553E-03
+2.828000E-06,+4.748743638396E+00,-673.366762698E-03,-351.758725941E-03,+320.129394531E-03
+2.833000E-06,+4.949748665094E+00,-592.964753509E-03,-462.383861968E-03,+130.161792680E-03
+2.838000E-06,+4.949748665094E+00,-636.002794917E-03,-389.122693722E-03,+245.815941886E-03
+2.843000E-06,+4.888376030932E+00,-673.366762698E-03,-512.562744319E-03,+160.217285156E-03
+2.848000E-06,+4.778078985539E+00,-592.964753509E-03,-500.828605680E-03,+91.930285014E-03
+2.853000E-06,+4.949748665094E+00,-673.366762698E-03,-433.241511062E-03,+239.098558500E-03
+2.858000E-06,+4.915009438196E+00,-606.860444011E-03,-592.964753509E-03,+14.123793014E-03
+2.863000E-06,+4.949748665094E+00,-592.964753509E-03,-700.347561742E-03,-106.482027352E-03
+2.868000E-06,+4.748743638396E+00,-674.717732600E-03,-673.366762698E-03,+1.648652449E-03
+2.873000E-06,+5.080599753055E+00,-621.026328484E-03,-781.830346862E-03,-159.606933594E-03
+2.878000E-06,+4.786860290114E+00,-658.120102293E-03,-834.170781076E-03,-174.769027494E-03
+2.883000E-06,+4.949748665094E+00,-673.366762698E-03,-834.170781076E-03,-159.606933594E-03
+2.888000E-06,+4.949748665094E+00,-522.945913057E-03,-834.170781076E-03,-309.193465091E-03
+2.893000E-06,+4.949748665094E+00,-673.366762698E-03,-834.170781076E-03,-159.606933594E-03
+2.898000E-06,+4.859716168729E+00,-637.353764819E-03,-842.546794508E-03,-203.749738626E-03
+2.903000E-06,+4.827678881709E+00,-592.964753509E-03,-834.170781076E-03,-239.562988281E-03
+2.908000E-06,+4.795641594688E+00,-692.125944867E-03,-753.768771887E-03,-60.995745651E-03
+2.913000E-06,+4.949748665094E+00,-592.964753509E-03,-759.713039485E-03,-165.518230960E-03
+2.918000E-06,+5.133577074043E+00,-599.835400481E-03,-753.768771887E-03,-152.774395071E-03
+2.923000E-06,+5.101539787023E+00,-612.650315052E-03,-753.768771887E-03,-140.030559183E-03
+2.928000E-06,+4.949748665094E+00,-592.964753509E-03,-753.768771887E-03,-159.606933594E-03
+2.933000E-06,+4.748743638396E+00,-718.682153382E-03,-673.366762698E-03,+45.369221970E-03
+2.938000E-06,+4.804422899263E+00,-592.964753509E-03,-673.366762698E-03,-79.650878906E-03
+2.943000E-06,+4.949748665094E+00,-592.964753509E-03,-663.909973334E-03,-70.246542185E-03
+2.948000E-06,+4.941353351920E+00,-673.366762698E-03,-673.366762698E-03,+305.175781E-06
+2.953000E-06,+4.789176238591E+00,-592.964753509E-03,-528.735784098E-03,+64.177895413E-03
+2.958000E-06,+4.877278777879E+00,-570.538653017E-03,-563.976799160E-03,+6.830633928E-03
+2.963000E-06,+4.748743638396E+00,-631.563893778E-03,-554.365613239E-03,+77.075271489E-03
+2.968000E-06,+4.885288099653E+00,-592.964753509E-03,-486.778518621E-03,+105.902442434E-03
+2.973000E-06,+4.748743638396E+00,-727.830149630E-03,-432.160735130E-03,+294.334642378E-03
+2.978000E-06,+4.748743638396E+00,-592.964753509E-03,-432.315131688E-03,+160.063744968E-03
+2.983000E-06,+4.949748665094E+00,-592.964753509E-03,-419.500217117E-03,+172.807580857E-03
+2.988000E-06,+4.949748665094E+00,-622.415897530E-03,-487.087311735E-03,+134.883153567E-03
+2.993000E-06,+4.844469508057E+00,-554.674406354E-03,-512.562744319E-03,+42.183262990E-03
+2.998000E-06,+4.949748665094E+00,-644.070015234E-03,-410.352220869E-03,+232.726640570E-03
+3.003000E-06,+4.908544082098E+00,-609.446586402E-03,-512.562744319E-03,+96.651645900E-03
+3.008000E-06,+4.940581369119E+00,-516.229662642E-03,-589.297835186E-03,-72.357719821E-03
+3.013000E-06,+4.926878674049E+00,-673.366762698E-03,-521.710740568E-03,+151.120028810E-03
+3.018000E-06,+5.150753691792E+00,-571.001842689E-03,-673.366762698E-03,-101.491971141E-03
+3.023000E-06,+4.748743638396E+00,-592.964753509E-03,-638.588937308E-03,-45.065950783E-03
+3.028000E-06,+4.748743638396E+00,-578.181282777E-03,-673.366762698E-03,-94.352352243E-03
+3.033000E-06,+4.748743638396E+00,-592.964753509E-03,-612.959108166E-03,-19.578279005E-03
+3.038000E-06,+4.748743638396E+00,-600.144193596E-03,-673.366762698E-03,-72.511260008E-03
+3.043000E-06,+4.935659978624E+00,-518.198218803E-03,-679.002237181E-03,-159.606933594E-03
+3.048000E-06,+4.903622691604E+00,-611.415142563E-03,-753.768771887E-03,-141.258880714E-03
+3.053000E-06,+4.748743638396E+00,-673.366762698E-03,-753.768771887E-03,-79.650878906E-03
+3.058000E-06,+4.949748665094E+00,-673.366762698E-03,-753.768771887E-03,-79.650878906E-03
+3.063000E-06,+4.949748665094E+00,-649.859886275E-03,-834.170781076E-03,-182.983427735E-03
+3.068000E-06,+4.949748665094E+00,-753.768771887E-03,-684.058724550E-03,+69.628572216E-03
+3.073000E-06,+4.754051020291E+00,-595.087706227E-03,-755.891724606E-03,-159.606933594E-03
+3.078000E-06,+4.748743638396E+00,-673.366762698E-03,-738.830904597E-03,-64.795865382E-03
+3.083000E-06,+4.887507550269E+00,-592.964753509E-03,-728.872326418E-03,-134.848577733E-03
+3.088000E-06,+4.748743638396E+00,-633.532449939E-03,-753.768771887E-03,-119.264248292E-03
+3.093000E-06,+4.748743638396E+00,-699.729975512E-03,-673.366762698E-03,+26.522163475E-03
+3.098000E-06,+4.748743638396E+00,-659.162279081E-03,-673.366762698E-03,-13.820521827E-03
+3.103000E-06,+4.748743638396E+00,-592.964753509E-03,-752.379202841E-03,-158.225071875E-03
+3.108000E-06,+4.949748665094E+00,-592.964753509E-03,-604.390099033E-03,-11.056798388E-03
+3.113000E-06,+5.010349316456E+00,-568.724493413E-03,-649.126502602E-03,-79.650878906E-03
+3.118000E-06,+4.748743638396E+00,-630.019928175E-03,-592.964753509E-03,+37.154821728E-03
+3.123000E-06,+4.949748665094E+00,-642.834842745E-03,-592.964753509E-03,+49.898657617E-03
+3.128000E-06,+4.748743638396E+00,-592.964753509E-03,-557.530742745E-03,+35.542649707E-03
+3.133000E-06,+4.949748665094E+00,-663.562581076E-03,-592.964753509E-03,+70.511428320E-03
+3.138000E-06,+5.150753691792E+00,-592.964753509E-03,-512.562744319E-03,+80.261230469E-03
+3.143000E-06,+4.949748665094E+00,-592.964753509E-03,-512.562744319E-03,+80.261230469E-03
+3.148000E-06,+4.832600272203E+00,-606.281456895E-03,-512.562744319E-03,+93.504071972E-03
+3.153000E-06,+4.864637559224E+00,-546.607186037E-03,-512.562744319E-03,+34.160787988E-03
+3.158000E-06,+4.949748665094E+00,-592.964753509E-03,-512.562744319E-03,+80.261230469E-03
+3.163000E-06,+4.928712133265E+00,-601.379366084E-03,-584.550140933E-03,+17.041056640E-03
+3.168000E-06,+4.938747909903E+00,-592.964753509E-03,-592.964753509E-03,+305.175781E-06
+3.173000E-06,+4.906710622883E+00,-736.553555321E-03,-592.964753509E-03,+143.097553808E-03
+3.178000E-06,+4.823818967629E+00,-622.994884645E-03,-673.366762698E-03,-49.787311669E-03
+3.183000E-06,+4.842636048842E+00,-587.676671284E-03,-673.366762698E-03,-84.909630470E-03
+3.188000E-06,+4.748743638396E+00,-592.964753509E-03,-673.366762698E-03,-79.650878906E-03
+3.193000E-06,+4.748743638396E+00,-592.964753509E-03,-685.293897038E-03,-91.511858691E-03
+3.198000E-06,+4.750963089012E+00,-593.852533739E-03,-752.880991657E-03,-157.841221385E-03
+3.203000E-06,+4.783000376033E+00,-526.265439120E-03,-673.366762698E-03,-145.980241601E-03
+3.208000E-06,+4.815037663054E+00,-619.482362880E-03,-753.768771887E-03,-133.236405712E-03
+3.213000E-06,+4.748743638396E+00,-673.366762698E-03,-714.436247945E-03,-40.536515136E-03
+3.218000E-06,+4.748743638396E+00,-399.544461615E-03,-616.857621345E-03,-215.802643650E-03
+3.223000E-06,+4.949748665094E+00,+962.349004634E-03,-144.635739246E-03,-1.100539611714E+00
+3.228000E-06,+4.755305492355E+00,+2.716641330920E+00,+701.341618122E-03,-2.003816557907E+00
+3.233000E-06,+4.799694504520E+00,+7.655632923666E+00,+3.646842012345E+00,-3.986250739537E+00
+3.238000E-06,+5.064774105260E+00,+12.351527131073E+00,+5.586371612817E+00,-6.727327007075E+00
+3.243000E-06,+4.993558690078E+00,+15.817035143069E+00,+9.599022438163E+00,-6.183218953716E+00
+3.248000E-06,+4.917421884592E+00,+16.211055167019E+00,+12.652561826045E+00,-3.538450771309E+00
+3.253000E-06,+3.885859841568E+00,+16.211055167019E+00,+16.026705673063E+00,-183.021812798E-03
+3.258000E-06,+3.125360266278E+00,+16.211055167019E+00,+16.211055167019E+00,+305.175781E-06
+3.263000E-06,+3.911335274630E+00,+16.211055167019E+00,+16.211055167019E+00,+305.175781E-06
+3.268000E-06,+2.939698398113E+00,+16.211055167019E+00,+16.211055167019E+00,+305.175781E-06
+3.273000E-06,+4.506437530811E+00,+16.211055167019E+00,+16.211055167019E+00,+305.175781E-06
+3.278000E-06,+5.753768771887E+00,+16.211055167019E+00,+16.211055167019E+00,+305.175781E-06
+3.283000E-06,+5.440440244931E+00,+16.211055167019E+00,+16.211055167019E+00,+305.175781E-06
+3.288000E-06,+4.346733585000E+00,+16.211055167019E+00,+16.211055167019E+00,+305.175781E-06
+3.293000E-06,+4.539825787786E+00,+16.211055167019E+00,+16.211055167019E+00,+305.175781E-06
+3.298000E-06,+4.346733585000E+00,+16.211055167019E+00,+16.211055167019E+00,+305.175781E-06
+3.303000E-06,+4.145728558302E+00,+16.211055167019E+00,+16.211055167019E+00,+305.175781E-06
+3.308000E-06,+3.750762848156E+00,+16.211055167019E+00,+16.211055167019E+00,+305.175781E-06
+3.313000E-06,+3.743718504906E+00,+16.211055167019E+00,+16.211055167019E+00,+305.175781E-06
+3.318000E-06,+4.010535066970E+00,+16.211055167019E+00,+16.211055167019E+00,+305.175781E-06
+3.323000E-06,+4.949748665094E+00,+16.211055167019E+00,+16.211055167019E+00,+305.175781E-06
+3.328000E-06,+5.320589912133E+00,+16.211055167019E+00,+16.211055167019E+00,+305.175781E-06
+3.333000E-06,+5.552763745189E+00,+16.211055167019E+00,+16.211055167019E+00,+305.175781E-06
+3.338000E-06,+6.155778825283E+00,+16.211055167019E+00,+16.211055167019E+00,+305.175781E-06
+3.343000E-06,+5.351758718491E+00,+16.211055167019E+00,+16.211055167019E+00,+305.175781E-06
+3.348000E-06,+4.790430710654E+00,+16.211055167019E+00,+16.211055167019E+00,+305.175781E-06
+3.353000E-06,+4.758393423634E+00,+16.211055167019E+00,+16.211055167019E+00,+305.175781E-06
+3.358000E-06,+4.972136166878E+00,+16.211055167019E+00,+16.211055167019E+00,+305.175781E-06
+3.363000E-06,+4.493313822895E+00,+16.211055167019E+00,+16.211055167019E+00,+305.175781E-06
+3.368000E-06,+4.461276535874E+00,+16.211055167019E+00,+16.211055167019E+00,+305.175781E-06
+3.373000E-06,+4.547738611698E+00,+16.211055167019E+00,+16.211055167019E+00,+305.175781E-06
+3.378000E-06,+4.547738611698E+00,+16.211055167019E+00,+16.211055167019E+00,+305.175781E-06
+3.383000E-06,+4.346733585000E+00,+16.211055167019E+00,+16.211055167019E+00,+305.175781E-06
+3.388000E-06,+4.373945979416E+00,+16.211055167019E+00,+16.211055167019E+00,+305.175781E-06
+3.393000E-06,+4.949748665094E+00,+16.211055167019E+00,+16.211055167019E+00,+305.175781E-06
+3.398000E-06,+5.150753691792E+00,+16.211055167019E+00,+16.211055167019E+00,+305.175781E-06
+3.403000E-06,+5.059466723364E+00,+16.211055167019E+00,+16.211055167019E+00,+305.175781E-06
+3.408000E-06,+5.150753691792E+00,+16.211055167019E+00,+16.211055167019E+00,+305.175781E-06
+3.413000E-06,+5.177966086180E+00,+16.211055167019E+00,+16.211055167019E+00,+305.175781E-06
+3.418000E-06,+5.351758718491E+00,+16.211055167019E+00,+16.211055167019E+00,+305.175781E-06
+3.423000E-06,+4.949748665094E+00,+16.211055167019E+00,+16.211055167019E+00,+305.175781E-06
+3.428000E-06,+4.616638078373E+00,+16.211055167019E+00,+16.211055167019E+00,+305.175781E-06
+3.433000E-06,+5.151622172484E+00,+16.211055167019E+00,+16.211055167019E+00,+305.175781E-06
+3.438000E-06,+4.949748665094E+00,+16.211055167019E+00,+16.211055167019E+00,+305.175781E-06
+3.443000E-06,+4.712749939434E+00,+16.211055167019E+00,+16.211055167019E+00,+305.175781E-06
+3.448000E-06,+4.748743638396E+00,+16.211055167019E+00,+16.211055167019E+00,+305.175781E-06
+3.453000E-06,+4.949748665094E+00,+16.211055167019E+00,+16.211055167019E+00,+305.175781E-06
+3.458000E-06,+5.009866827194E+00,+16.211055167019E+00,+16.211055167019E+00,+305.175781E-06
+3.463000E-06,+4.933054536636E+00,+16.211055167019E+00,+16.211055167019E+00,+305.175781E-06
+3.468000E-06,+4.825555928954E+00,+16.211055167019E+00,+16.211055167019E+00,+305.175781E-06
+3.473000E-06,+5.150753691792E+00,+16.211055167019E+00,+16.211055167019E+00,+305.175781E-06
+3.478000E-06,+4.761481354913E+00,+16.211055167019E+00,+16.211055167019E+00,+305.175781E-06
+3.483000E-06,+4.748743638396E+00,+16.211055167019E+00,+16.211055167019E+00,+305.175781E-06
+3.488000E-06,+5.150753691792E+00,+16.211055167019E+00,+16.211055167019E+00,+305.175781E-06
+3.493000E-06,+4.949748665094E+00,+16.211055167019E+00,+16.211055167019E+00,+305.175781E-06
+3.498000E-06,+4.834337233529E+00,+16.211055167019E+00,+16.211055167019E+00,+305.175781E-06
+3.503000E-06,+4.802299946508E+00,+16.211055167019E+00,+16.211055167019E+00,+305.175781E-06
+3.508000E-06,+4.569257632789E+00,+16.211055167019E+00,+16.211055167019E+00,+305.175781E-06
+3.513000E-06,+4.748743638396E+00,+16.211055167019E+00,+16.211055167019E+00,+305.175781E-06
+3.518000E-06,+4.590294164648E+00,+16.211055167019E+00,+16.211055167019E+00,+305.175781E-06
+3.523000E-06,+4.622331451669E+00,+16.211055167019E+00,+16.211055167019E+00,+305.175781E-06
+3.528000E-06,+5.056378792085E+00,+16.211055167019E+00,+16.211055167019E+00,+305.175781E-06
+3.533000E-06,+5.012086277781E+00,+16.211055167019E+00,+16.211055167019E+00,+305.175781E-06
+3.538000E-06,+4.919448339428E+00,+16.211055167019E+00,+16.211055167019E+00,+305.175781E-06
+3.543000E-06,+4.948011703740E+00,+16.211055167019E+00,+16.211055167019E+00,+305.175781E-06
+3.548000E-06,+4.983522913469E+00,+16.211055167019E+00,+16.211055167019E+00,+305.175781E-06
+3.553000E-06,+4.949748665094E+00,+16.211055167019E+00,+16.211055167019E+00,+305.175781E-06
+3.558000E-06,+4.949748665094E+00,+16.211055167019E+00,+16.211055167019E+00,+305.175781E-06
+3.563000E-06,+4.949748665094E+00,+16.211055167019E+00,+16.211055167019E+00,+305.175781E-06
+3.568000E-06,+4.988830295335E+00,+16.211055167019E+00,+16.211055167019E+00,+305.175781E-06
+3.573000E-06,+4.956793008315E+00,+16.211055167019E+00,+16.211055167019E+00,+305.175781E-06
+3.578000E-06,+4.949748665094E+00,+16.211055167019E+00,+16.211055167019E+00,+305.175781E-06
+3.583000E-06,+4.805773869217E+00,+16.211055167019E+00,+16.211055167019E+00,+305.175781E-06
+3.588000E-06,+4.636806129539E+00,+16.211055167019E+00,+16.211055167019E+00,+305.175781E-06
+3.593000E-06,+4.748743638396E+00,+16.211055167019E+00,+16.211055167019E+00,+305.175781E-06
+3.598000E-06,+4.748743638396E+00,+16.211055167019E+00,+16.211055167019E+00,+305.175781E-06
+3.603000E-06,+4.949748665094E+00,+16.211055167019E+00,+16.211055167019E+00,+305.175781E-06
+3.608000E-06,+5.134542052567E+00,+16.211055167019E+00,+16.211055167019E+00,+305.175781E-06
+3.613000E-06,+4.748743638396E+00,+10.528296740366E+00,+16.211055167019E+00,+5.651543846553E+00
+3.618000E-06,+4.748743638396E+00,+4.407438071519E+00,+13.171257073134E+00,+8.715515136719E+00
+3.623000E-06,+4.524096637823E+00,+4.157856030432E+00,+10.433921842370E+00,+6.241560417317E+00
+3.628000E-06,+5.094109452402E+00,+3.786030512245E+00,+6.429068043330E+00,+2.628682942803E+00
+3.633000E-06,+6.155778825283E+00,+1.960213979012E+00,+3.760246286534E+00,+1.790353497595E+00
+3.638000E-06,+5.366619387791E+00,+863.187813311E-03,+1.595722297428E+00,+728.776614036E-03
+3.643000E-06,+5.111286070121E+00,+452.261365950E-03,-239.782620000E-03,-687.900347251E-03
+3.648000E-06,+4.963258364471E+00,-76.546855777E-03,-1.627383113667E+00,-1.541929277036E+00
+3.653000E-06,+2.348842047471E+00,-795.185649404E-03,-2.961176405820E+00,-2.153671784735E+00
+3.658000E-06,+1.799093781890E+00,-432.160735130E-03,-3.220060839649E+00,-2.772131675838E+00
+3.663000E-06,+3.843883275741E+00,-673.366762698E-03,-3.313277763408E+00,-2.624963402352E+00
+3.668000E-06,+5.956124768509E+00,-753.768771887E-03,-2.602474595277E+00,-1.838146691365E+00
+3.673000E-06,+5.181440008889E+00,-673.366762698E-03,-2.132877454713E+00,-1.451110253817E+00
+3.678000E-06,+4.623296430163E+00,-537.652185501E-03,-1.688369755331E+00,-1.144029870955E+00
+3.683000E-06,+5.351758718491E+00,-677.960060382E-03,-1.236180827022E+00,-554.819386344E-03
+3.688000E-06,+6.631995727220E+00,-592.964753509E-03,-1.367302106534E+00,-769.737269295E-03
+3.693000E-06,+6.113609263763E+00,-656.498938402E-03,-1.236180827022E+00,-576.161472941E-03
+3.698000E-06,+4.748743638396E+00,-512.562744319E-03,-1.312529926486E+00,-795.224941073E-03
+3.703000E-06,+4.346733585000E+00,-584.202748662E-03,-914.572790265E-03,-328.232448837E-03
+3.708000E-06,+3.944723531604E+00,-571.387834092E-03,-994.974799454E-03,-420.932339413E-03
+3.713000E-06,+3.312662597936E+00,-478.170910332E-03,-880.180956278E-03,-399.475097656E-03
+3.718000E-06,+3.507684757740E+00,-706.562023329E-03,-1.028170060085E+00,-319.519042969E-03
+3.723000E-06,+5.102601263378E+00,-774.149117947E-03,-1.236180827022E+00,-459.163847079E-03
+3.728000E-06,+5.533850166115E+00,-768.899634866E-03,-1.798994891346E+00,-1.024076596404E+00
+3.733000E-06,+4.547738611698E+00,-989.725316373E-03,-2.201004937291E+00,-1.204256011044E+00
+3.738000E-06,+4.346733585000E+00,-789.897567191E-03,-2.442210964859E+00,-1.642843567853E+00
+3.743000E-06,+5.599372207912E+00,-722.889459664E-03,-2.392688267892E+00,-1.660231994549E+00
+3.748000E-06,+5.661999314197E+00,-790.476554283E-03,-1.849675562537E+00,-1.053018922497E+00
+3.753000E-06,+5.150753691792E+00,-488.669876494E-03,-1.268797100561E+00,-775.495026474E-03
+3.758000E-06,+5.552763745189E+00,-432.160735130E-03,-421.082781876E-03,+11.321684512E-03
+3.763000E-06,+5.552763745189E+00,-273.093678068E-03,+128.916367877E-03,+400.085449219E-03
+3.768000E-06,+5.351758718491E+00,-271.356716752E-03,+678.915517630E-03,+945.306668985E-03
+3.773000E-06,+4.214145535715E+00,-351.758725941E-03,+1.095477439463E+00,+1.439514160156E+00
+3.778000E-06,+4.447284347265E+00,-271.356716752E-03,+1.336683467031E+00,+1.599426269531E+00
+3.783000E-06,+5.018262140339E+00,-243.951327162E-03,+1.497487485409E+00,+1.732084994931E+00
+3.788000E-06,+4.712267450172E+00,-271.356716752E-03,+1.417085476220E+00,+1.679382324219E+00
+3.793000E-06,+4.543299710495E+00,-432.160735130E-03,+1.174103888204E+00,+1.597660557334E+00
+3.798000E-06,+4.748743638396E+00,-373.837434186E-03,+843.232057773E-03,+1.210624119785E+00
+3.803000E-06,+5.150753691792E+00,-432.160735130E-03,+371.859356761E-03,+799.865722656E-03
+3.808000E-06,+5.150753691792E+00,-556.295570245E-03,+6.518494079E-03,+559.997558594E-03
+3.813000E-06,+4.547738611698E+00,-611.530939988E-03,-333.192539462E-03,+277.099755899E-03
+3.818000E-06,+4.949748665094E+00,-574.861756725E-03,-655.263765914E-03,-79.650878906E-03
+3.823000E-06,+5.351758718491E+00,-587.676671295E-03,-753.768771887E-03,-164.865685146E-03
+3.828000E-06,+4.968565746337E+00,-658.313097983E-03,-761.295604244E-03,-102.106131915E-03
+3.833000E-06,+4.748743638396E+00,-572.623006580E-03,-774.110518815E-03,-200.064774044E-03
+3.838000E-06,+4.949748665094E+00,-626.121415007E-03,-786.925433386E-03,-159.606933594E-03
+3.843000E-06,+5.236829776187E+00,-673.366762698E-03,-834.170781076E-03,-159.606933594E-03
+3.848000E-06,+5.003787462468E+00,-614.580272057E-03,-914.572790265E-03,-298.023416173E-03
+3.853000E-06,+4.949748665094E+00,-673.366762698E-03,-1.084177412621E+00,-408.226888564E-03
+3.858000E-06,+5.150753691792E+00,-677.381073290E-03,-1.232166516429E+00,-551.403117069E-03
+3.863000E-06,+4.949748665094E+00,-736.939546724E-03,-1.380155620237E+00,-639.343261719E-03
+3.868000E-06,+4.547738611698E+00,-753.768771887E-03,-1.447742714855E+00,-689.819599647E-03
+3.873000E-06,+4.748743638396E+00,-711.309717582E-03,-1.477386854589E+00,-761.522869054E-03
+3.878000E-06,+5.012568767043E+00,-753.768771887E-03,-1.452258814275E+00,-694.310650255E-03
+3.883000E-06,+5.119970876865E+00,-685.679888441E-03,-1.465073728846E+00,-774.765710569E-03
+3.888000E-06,+4.951003137187E+00,-673.868551525E-03,-1.316582836211E+00,-638.844256092E-03
+3.893000E-06,+4.949748665094E+00,-767.085475285E-03,-1.249497530420E+00,-479.431152344E-03
+3.898000E-06,+5.286429672357E+00,-673.366762698E-03,-1.236180827022E+00,-559.387207031E-03
+3.903000E-06,+5.351758718491E+00,-631.911286048E-03,-1.033921331994E+00,-399.475097656E-03
+3.908000E-06,+4.748743638396E+00,-673.366762698E-03,-857.291666108E-03,-182.599577269E-03
+3.913000E-06,+4.788307757899E+00,-528.388391827E-03,-528.388391827E-03,+305.175781E-06
+3.918000E-06,+5.158280524275E+00,-512.562744319E-03,-271.356716752E-03,+240.173339844E-03
+3.923000E-06,+5.150753691792E+00,-502.758562686E-03,-200.758889197E-03,+300.629790211E-03
+3.928000E-06,+4.949748665094E+00,-454.779831335E-03,-87.933602169E-03,+365.116670629E-03
+3.933000E-06,+5.038333693674E+00,-547.996755094E-03,+14.817309229E-03,+559.997558594E-03
+3.938000E-06,+4.949748665094E+00,-512.562744319E-03,+50.251320004E-03,+559.997558594E-03
+3.943000E-06,+4.949748665094E+00,-473.886405774E-03,+8.525649361E-03,+480.041503906E-03
+3.948000E-06,+4.748743638396E+00,-438.683989832E-03,+137.176583896E-03,+572.971704761E-03
+3.953000E-06,+4.748743638396E+00,-438.452394999E-03,+130.653329194E-03,+566.254321399E-03
+3.958000E-06,+5.303992281507E+00,-451.267309570E-03,+130.653329194E-03,+578.998157287E-03
+3.963000E-06,+5.029552389099E+00,-512.562744319E-03,+98.731840183E-03,+608.209178699E-03
+3.968000E-06,+5.061589676119E+00,-557.299147900E-03,+50.251320004E-03,+604.485829065E-03
+3.973000E-06,+5.006875393747E+00,-547.263371434E-03,-110.552698374E-03,+434.593607251E-03
+3.978000E-06,+5.125664250161E+00,-522.598520786E-03,-261.320940285E-03,+260.133564721E-03
+3.983000E-06,+4.748743638396E+00,-587.406477301E-03,-348.979587837E-03,+237.409616394E-03
+3.988000E-06,+4.910763532685E+00,-657.772710023E-03,-351.758725941E-03,+304.621835193E-03
+3.993000E-06,+5.150753691792E+00,-592.964753509E-03,-564.555786263E-03,+28.556571009E-03
+3.998000E-06,+4.949748665094E+00,-634.188635325E-03,-673.366762698E-03,-38.655647790E-03
+4.003000E-06,+4.682835605169E+00,-619.327966311E-03,-781.444355471E-03,-160.912025234E-03
+4.008000E-06,+4.915877918887E+00,-659.818464466E-03,-914.572790265E-03,-253.036140075E-03
+4.013000E-06,+4.949748665094E+00,-753.035388226E-03,-916.039557587E-03,-161.794881309E-03
+4.018000E-06,+4.949748665094E+00,-685.448293608E-03,-1.155778817832E+00,-467.416632360E-03
+4.023000E-06,+4.887507550240E+00,-728.872326406E-03,-1.211284381541E+00,-479.431152344E-03
+4.028000E-06,+4.949748665094E+00,-758.748060974E-03,-1.236180827022E+00,-474.479481179E-03
+4.033000E-06,+5.150753691792E+00,-643.491028130E-03,-1.346458570778E+00,-698.763315794E-03
+4.038000E-06,+5.108101641011E+00,-690.427582694E-03,-1.316582836211E+00,-622.377070570E-03
+4.043000E-06,+4.939133901333E+00,-758.014677313E-03,-1.312336930785E+00,-550.942496511E-03
+4.048000E-06,+5.330336195231E+00,-681.935771843E-03,-1.155778817832E+00,-470.909671715E-03
+4.053000E-06,+5.150753691792E+00,-753.768771887E-03,-1.075376808643E+00,-319.519042969E-03
+4.058000E-06,+5.035245762395E+00,-719.569933600E-03,-1.006979132071E+00,-285.509890563E-03
+4.063000E-06,+4.949748665094E+00,-592.964753509E-03,-834.170781076E-03,-239.562988281E-03
+4.068000E-06,+4.748743638396E+00,-673.366762698E-03,-613.538095270E-03,+59.801999965E-03
+4.073000E-06,+5.131357623457E+00,-592.964753509E-03,-592.964753509E-03,+305.175781E-06
+4.078000E-06,+5.138112473108E+00,-598.021240889E-03,-507.506256939E-03,+90.318113016E-03
+4.083000E-06,+4.949748665094E+00,-592.964753509E-03,-450.032137081E-03,+142.445007994E-03
+4.088000E-06,+5.150753691792E+00,-592.964753509E-03,-382.445042463E-03,+209.657226793E-03
+4.093000E-06,+4.966249797889E+00,-562.664428407E-03,-271.356716752E-03,+289.997131976E-03
+4.098000E-06,+4.889534005163E+00,-536.648607846E-03,-247.270853226E-03,+288.077879561E-03
+4.103000E-06,+4.776921011307E+00,-501.291795364E-03,-190.954707563E-03,+308.920960561E-03
+4.108000E-06,+4.945888750985E+00,-591.420787893E-03,-110.552698374E-03,+478.506101988E-03
+4.113000E-06,+4.985645866225E+00,-512.562744319E-03,-124.911578560E-03,+385.806211411E-03
+4.118000E-06,+4.949748665094E+00,-512.562744319E-03,-163.780912806E-03,+347.152468227E-03
+4.123000E-06,+4.848715413568E+00,-592.964753509E-03,-271.356716752E-03,+320.129394531E-03
+4.128000E-06,+4.949748665094E+00,-565.366368218E-03,-271.356716752E-03,+292.684085317E-03
+4.133000E-06,+4.711784960910E+00,-578.181282788E-03,-351.758725941E-03,+225.471866519E-03
+4.138000E-06,+4.753665028861E+00,-512.562744319E-03,-510.594188170E-03,+2.262813218E-03
+4.143000E-06,+4.949748665094E+00,-512.562744319E-03,-501.716385898E-03,+11.091374234E-03
+4.148000E-06,+4.949748665094E+00,-706.446225903E-03,-512.562744319E-03,+193.113271162E-03
+4.153000E-06,+5.132129606287E+00,-592.964753509E-03,-636.890575135E-03,-43.377008676E-03
+4.158000E-06,+5.027525934176E+00,-642.255855642E-03,-704.477669754E-03,-61.571521357E-03
+4.163000E-06,+4.949748665094E+00,-611.260745994E-03,-815.874788591E-03,-203.173962921E-03
+4.168000E-06,+5.137050996753E+00,-673.366762698E-03,-834.170781076E-03,-159.606933594E-03
+4.173000E-06,+4.949748665094E+00,-680.700599354E-03,-914.572790265E-03,-232.269829184E-03
+4.178000E-06,+5.000120544095E+00,-673.366762698E-03,-974.826048227E-03,-299.482047983E-03
+4.183000E-06,+5.068344525771E+00,-673.366762698E-03,-962.011133657E-03,-286.738212094E-03
+4.188000E-06,+4.949748665094E+00,-719.145343066E-03,-960.351370633E-03,-239.562988281E-03
+4.193000E-06,+4.949748665094E+00,-673.366762698E-03,-994.974799454E-03,-319.519042969E-03
+4.198000E-06,+5.128269692178E+00,-592.964753509E-03,-923.566389944E-03,-328.462759115E-03
+4.203000E-06,+4.949748665094E+00,-673.366762698E-03,-918.394105156E-03,-243.363108023E-03
+4.208000E-06,+5.109163117366E+00,-609.600982971E-03,-850.807010538E-03,-239.562988281E-03
+4.213000E-06,+4.949748665094E+00,-702.817906731E-03,-753.768771887E-03,-50.363087387E-03
+4.218000E-06,+4.949748665094E+00,-635.230812112E-03,-753.768771887E-03,-117.575306185E-03
+4.223000E-06,+5.013051256305E+00,-592.964753509E-03,-753.768771887E-03,-159.606933594E-03
+4.228000E-06,+4.811274246776E+00,-673.366762698E-03,-673.366762698E-03,+305.175781E-06
+4.233000E-06,+4.750287604058E+00,-592.655960382E-03,-593.273546635E-03,-308.984993E-06
+4.238000E-06,+4.949748665094E+00,-606.088461206E-03,-592.964753509E-03,+13.356092057E-03
+4.243000E-06,+4.748743638396E+00,-647.428140430E-03,-538.501366587E-03,+108.627780827E-03
+4.248000E-06,+5.150753691792E+00,-592.964753509E-03,-512.562744319E-03,+80.261230469E-03
+4.253000E-06,+4.748743638396E+00,-615.699647138E-03,-564.131195729E-03,+51.587599723E-03
+4.258000E-06,+4.909702056330E+00,-657.348119489E-03,-560.927467091E-03,+96.191025325E-03
+4.263000E-06,+4.748743638396E+00,-592.964753509E-03,-509.359015681E-03,+83.447189437E-03
+4.268000E-06,+4.925720699818E+00,-663.755576765E-03,-441.771921063E-03,+221.057586002E-03
+4.273000E-06,+4.949748665094E+00,-592.964753509E-03,-454.586835633E-03,+137.915572347E-03
+4.278000E-06,+4.949748665094E+00,-628.205768582E-03,-361.678704983E-03,+265.353931251E-03
+4.283000E-06,+4.748743638396E+00,-625.310833053E-03,-399.814655586E-03,+224.550625357E-03
+4.288000E-06,+5.150753691792E+00,-532.093909293E-03,-332.227560967E-03,+199.062953579E-03
+4.293000E-06,+5.150753691792E+00,-666.650512295E-03,-271.356716752E-03,+393.406450896E-03
+4.298000E-06,+4.949748665094E+00,-667.268098530E-03,-432.160735130E-03,+234.108502278E-03
+4.303000E-06,+5.103469744070E+00,-592.964753509E-03,-432.160735130E-03,+160.217285156E-03
+4.308000E-06,+4.949748665094E+00,-641.638269389E-03,-544.291237628E-03,+97.112266469E-03
+4.313000E-06,+4.838390143331E+00,-592.964753509E-03,-592.964753509E-03,+305.175781E-06
+4.318000E-06,+4.748743638396E+00,-592.964753509E-03,-535.606431058E-03,+57.345356902E-03
+4.323000E-06,+4.774315569290E+00,-603.193525677E-03,-663.137990530E-03,-59.306803551E-03
+4.328000E-06,+4.956214021221E+00,-592.964753509E-03,-673.366762698E-03,-79.650878906E-03
+4.333000E-06,+4.949748665094E+00,-688.767819671E-03,-608.365810482E-03,+80.261230469E-03
+4.338000E-06,+4.889823498732E+00,-673.366762698E-03,-725.552800343E-03,-51.591408918E-03
+4.343000E-06,+5.048176474604E+00,-633.995639623E-03,-793.139894961E-03,-157.956376527E-03
+4.348000E-06,+4.815134160886E+00,-673.366762698E-03,-807.614572572E-03,-133.198020672E-03
+4.353000E-06,+5.116400456324E+00,-673.366762698E-03,-847.912075009E-03,-173.272010627E-03
+4.358000E-06,+4.947432716646E+00,-593.891132871E-03,-834.170781076E-03,-238.641747137E-03
+4.363000E-06,+5.091311014647E+00,-604.853288717E-03,-857.947851493E-03,-251.385583026E-03
+4.368000E-06,+4.949748665094E+00,-673.366762698E-03,-914.572790265E-03,-239.562988281E-03
+4.373000E-06,+4.949748665094E+00,-710.885127048E-03,-914.572790265E-03,-202.252721759E-03
+4.378000E-06,+4.949748665094E+00,-643.298032429E-03,-884.504059997E-03,-239.562988281E-03
+4.383000E-06,+4.791878178440E+00,-610.218569206E-03,-771.022587584E-03,-159.606933594E-03
+4.388000E-06,+4.949748665094E+00,-749.329870760E-03,-829.731879949E-03,-79.650878906E-03
+4.393000E-06,+4.970688699092E+00,-664.990749254E-03,-681.742776141E-03,-16.353934998E-03
+4.398000E-06,+4.949748665094E+00,-614.155681523E-03,-652.175834683E-03,-37.504096350E-03
+4.403000E-06,+4.949748665094E+00,-639.360920113E-03,-707.372605283E-03,-67.329278553E-03
+4.408000E-06,+5.150753691792E+00,-592.964753509E-03,-592.964753509E-03,+305.175781E-06
+4.413000E-06,+5.001664509713E+00,-631.834087773E-03,-512.562744319E-03,+118.914973670E-03
+4.418000E-06,+4.949748665094E+00,-665.415339806E-03,-496.659898536E-03,+168.124605010E-03
+4.423000E-06,+5.138594962370E+00,-588.101261830E-03,-437.024226809E-03,+150.544253087E-03
+4.428000E-06,+4.792939654839E+00,-655.688356448E-03,-414.482328881E-03,+240.173339844E-03
+4.433000E-06,+5.025981968558E+00,-642.873441877E-03,-432.160735130E-03,+209.849152032E-03
+4.438000E-06,+5.058019255579E+00,-636.272988900E-03,-432.160735130E-03,+203.285308857E-03
+4.443000E-06,+4.889051515901E+00,-617.243612736E-03,-407.881875903E-03,+208.505675352E-03
+4.448000E-06,+4.921088802922E+00,-524.026688976E-03,-432.160735130E-03,+91.661589678E-03
+4.453000E-06,+4.748743638396E+00,-594.315723423E-03,-353.109695855E-03,+240.173339844E-03
+4.458000E-06,+4.748743638396E+00,-607.130637993E-03,-446.326619615E-03,+160.217285156E-03
+4.463000E-06,+4.882296666205E+00,-565.983954453E-03,-512.562744319E-03,+53.430082012E-03
+4.468000E-06,+5.051264405883E+00,-673.366762698E-03,-592.964753509E-03,+80.261230469E-03
+4.473000E-06,+4.949748665094E+00,-540.354125312E-03,-540.354125312E-03,+305.175781E-06
+4.478000E-06,+5.150753691792E+00,-592.964753509E-03,-658.390296276E-03,-64.757480342E-03
+4.483000E-06,+4.944344785367E+00,-673.366762698E-03,-673.366762698E-03,+305.175781E-06
+4.488000E-06,+4.923115257801E+00,-592.964753509E-03,-673.366762698E-03,-79.650878906E-03
+4.493000E-06,+4.748743638396E+00,-673.366762698E-03,-730.300494596E-03,-56.312769804E-03
+4.498000E-06,+4.859040683760E+00,-637.083570836E-03,-797.887589215E-03,-159.606933594E-03
+4.503000E-06,+4.949748665094E+00,-642.062859941E-03,-834.170781076E-03,-190.737207402E-03
+4.508000E-06,+4.949748665094E+00,-735.279783700E-03,-772.257760073E-03,-36.467700057E-03
+4.513000E-06,+4.963933849396E+00,-598.638827124E-03,-834.170781076E-03,-233.920386251E-03
+4.518000E-06,+5.132901589074E+00,-600.105594464E-03,-827.029940121E-03,-225.360520565E-03
+4.523000E-06,+4.999638054833E+00,-653.411007172E-03,-834.170781076E-03,-179.452003341E-03
+4.528000E-06,+4.949748665094E+00,-592.964753509E-03,-801.400110979E-03,-206.974082646E-03
+4.533000E-06,+4.862707602176E+00,-673.366762698E-03,-799.354356554E-03,-124.983620431E-03
+4.538000E-06,+4.803747414294E+00,-592.964753509E-03,-812.169271125E-03,-217.683511007E-03
+4.543000E-06,+5.150753691792E+00,-592.964753509E-03,-753.768771887E-03,-159.606933594E-03
+4.548000E-06,+4.958819463238E+00,-669.738443507E-03,-753.768771887E-03,-83.259073409E-03
+4.553000E-06,+4.949748665094E+00,-592.964753509E-03,-689.809996459E-03,-96.002909298E-03
+4.558000E-06,+4.876603292910E+00,-622.222901840E-03,-724.510623555E-03,-101.415201032E-03
+4.563000E-06,+4.853926297602E+00,-631.293699795E-03,-635.037816411E-03,-3.418173870E-03
+4.568000E-06,+4.885963584622E+00,-592.964753509E-03,-567.450721793E-03,+25.677692411E-03
+4.573000E-06,+4.949748665094E+00,-647.968528407E-03,-580.265636363E-03,+67.632549728E-03
+4.578000E-06,+4.949748665094E+00,-673.250965272E-03,-592.848956083E-03,+80.261230469E-03
+4.583000E-06,+4.748743638396E+00,-605.895465505E-03,-525.493456316E-03,+80.261230469E-03
+4.588000E-06,+4.885384597484E+00,-621.875509564E-03,-432.160735130E-03,+188.967685992E-03
+4.593000E-06,+4.845144993027E+00,-592.964753509E-03,-470.721276268E-03,+121.870622342E-03
+4.598000E-06,+4.821310023443E+00,-592.964753509E-03,-461.187288611E-03,+131.351729172E-03
+4.603000E-06,+4.789272736423E+00,-592.964753509E-03,-496.351105409E-03,+96.382950564E-03
+4.608000E-06,+4.941256854089E+00,-592.964753509E-03,-509.166019980E-03,+83.639114676E-03
+4.613000E-06,+4.949748665094E+00,-602.382943740E-03,-503.144554088E-03,+98.993133833E-03
+4.618000E-06,+4.894165902059E+00,-615.197858311E-03,-592.964753509E-03,+22.414963352E-03
+4.623000E-06,+4.748743638396E+00,-557.916734136E-03,-557.916734136E-03,+305.175781E-06
+4.628000E-06,+4.830091328018E+00,-721.229696641E-03,-592.964753509E-03,+127.858689817E-03
+4.633000E-06,+4.949748665094E+00,-592.964753509E-03,-612.688914184E-03,-19.309583669E-03
+4.638000E-06,+4.949748665094E+00,-666.457516593E-03,-586.055507404E-03,+80.261230469E-03
+4.643000E-06,+4.934984493655E+00,-592.964753509E-03,-592.964753509E-03,+305.175781E-06
+4.648000E-06,+4.949748665094E+00,-592.964753509E-03,-654.646179661E-03,-61.034130691E-03
+4.653000E-06,+4.870909919614E+00,-673.366762698E-03,-641.831265090E-03,+31.665759886E-03
+4.658000E-06,+4.748743638396E+00,-556.913156498E-03,-717.717174876E-03,-159.606933594E-03
+4.663000E-06,+4.949748665094E+00,-592.964753509E-03,-730.532089447E-03,-136.499134788E-03
+4.668000E-06,+4.748743638396E+00,-743.347004018E-03,-673.366762698E-03,+69.897267552E-03
+4.673000E-06,+5.144770824928E+00,-592.964753509E-03,-753.768771887E-03,-159.606933594E-03
+4.678000E-06,+4.949748665094E+00,-542.978866864E-03,-753.768771887E-03,-209.315570560E-03
+4.683000E-06,+4.879691224188E+00,-673.366762698E-03,-753.768771887E-03,-79.650878906E-03
+4.688000E-06,+4.748743638396E+00,-592.964753509E-03,-794.606662301E-03,-200.218314232E-03
+4.693000E-06,+4.748743638396E+00,-646.617558493E-03,-700.115966902E-03,-52.896500540E-03
+4.698000E-06,+4.914912940364E+00,-606.899043143E-03,-739.834482253E-03,-131.892929050E-03
+4.703000E-06,+5.147955254082E+00,-592.964753509E-03,-752.649396824E-03,-158.493767211E-03
+4.708000E-06,+4.920509815784E+00,-661.671223190E-03,-673.366762698E-03,-11.325493724E-03
+4.713000E-06,+4.810019774727E+00,-648.856308620E-03,-673.366762698E-03,-24.069329613E-03
+4.718000E-06,+4.842057061748E+00,-630.290122157E-03,-592.964753509E-03,+37.423517064E-03
+4.723000E-06,+4.748743638396E+00,-623.226479478E-03,-643.105036728E-03,-19.463123875E-03
+4.728000E-06,+4.792360667702E+00,-592.964753509E-03,-592.964753509E-03,+305.175781E-06
+4.733000E-06,+4.949748665094E+00,-664.102969042E-03,-517.194641148E-03,+146.398667942E-03
+4.738000E-06,+4.929291120359E+00,-592.964753509E-03,-584.781735766E-03,+8.442805932E-03
+4.743000E-06,+4.748743638396E+00,-571.966821195E-03,-571.966821195E-03,+305.175781E-06
+4.748000E-06,+4.748743638396E+00,-639.553915814E-03,-512.562744319E-03,+126.591983228E-03
+4.753000E-06,+4.949748665094E+00,-592.964753509E-03,-592.964753509E-03,+305.175781E-06
+4.758000E-06,+4.949748665094E+00,-592.964753509E-03,-533.522077483E-03,+59.418149487E-03
+4.763000E-06,+4.929387618235E+00,-528.851581505E-03,-584.820334916E-03,-55.353143626E-03
+4.768000E-06,+4.949748665094E+00,-517.233240297E-03,-512.562744319E-03,+4.949766577E-03
+4.773000E-06,+4.949748665094E+00,-592.964753509E-03,-512.562744319E-03,+80.261230469E-03
+4.778000E-06,+4.824494452598E+00,-592.964753509E-03,-562.664428389E-03,+30.437438354E-03
+4.783000E-06,+5.042965590570E+00,-592.964753509E-03,-555.677984009E-03,+37.385132007E-03
+4.788000E-06,+4.809923276851E+00,-648.894907769E-03,-592.964753509E-03,+55.925110132E-03
+4.793000E-06,+4.920606313660E+00,-592.964753509E-03,-524.219684677E-03,+68.668946020E-03
+4.798000E-06,+4.949748665094E+00,-513.720718532E-03,-672.208788485E-03,-157.303830713E-03
+4.803000E-06,+4.748743638396E+00,-526.535633103E-03,-673.366762698E-03,-145.711546265E-03
+4.808000E-06,+4.882779155467E+00,-566.176950154E-03,-646.578959343E-03,-79.650878906E-03
+4.813000E-06,+4.748743638396E+00,-591.768180170E-03,-673.366762698E-03,-80.840815380E-03
+4.818000E-06,+4.879787722064E+00,-564.980376815E-03,-753.768771887E-03,-187.436093286E-03
+4.823000E-06,+4.748743638396E+00,-592.964753509E-03,-673.366762698E-03,-79.650878906E-03
+4.828000E-06,+4.754630007385E+00,-671.012215146E-03,-595.319301061E-03,+75.578254640E-03
+4.833000E-06,+4.949748665094E+00,-592.964753509E-03,-673.366762698E-03,-79.650878906E-03
+4.838000E-06,+4.949748665094E+00,-616.240035098E-03,-730.493490297E-03,-113.314565868E-03
+4.843000E-06,+4.859523173022E+00,+352.212394338E-03,-218.823286854E-03,-567.563222216E-03
+4.848000E-06,+4.993269196583E+00,+2.088478922104E+00,+337.042932215E-03,-1.741416370750E+00
+4.853000E-06,+4.996453625679E+00,+5.210647581327E+00,+2.327523397797E+00,-2.866827588861E+00
+4.858000E-06,+5.351758718491E+00,+11.428004100889E+00,+4.903707217936E+00,-6.487804308445E+00
+4.863000E-06,+4.329363971543E+00,+14.299278348384E+00,+7.933623931935E+00,-6.330041761769E+00
+4.868000E-06,+5.901989473319E+00,+16.211055167019E+00,+11.792997571289E+00,-4.393247402063E+00
+4.873000E-06,+3.341708451509E+00,+16.211055167019E+00,+15.063927317177E+00,-1.140460061562E+00
+4.878000E-06,+4.171686480641E+00,+16.211055167019E+00,+16.211055167019E+00,+305.175781E-06
+4.883000E-06,+3.452680981828E+00,+16.211055167019E+00,+16.211055167019E+00,+305.175781E-06
+4.888000E-06,+3.294810495232E+00,+16.211055167019E+00,+16.211055167019E+00,+305.175781E-06
+4.893000E-06,+3.717953578260E+00,+16.211055167019E+00,+16.211055167019E+00,+305.175781E-06
+4.898000E-06,+5.512138149286E+00,+16.211055167019E+00,+16.211055167019E+00,+305.175781E-06
+4.903000E-06,+5.625426628112E+00,+16.211055167019E+00,+16.211055167019E+00,+305.175781E-06
+4.908000E-06,+4.652438781642E+00,+16.211055167019E+00,+16.211055167019E+00,+305.175781E-06
+4.913000E-06,+4.612006181432E+00,+16.211055167019E+00,+16.211055167019E+00,+305.175781E-06
+4.918000E-06,+4.177958841016E+00,+16.211055167019E+00,+16.211055167019E+00,+305.175781E-06
+4.923000E-06,+4.346347593614E+00,+16.211055167019E+00,+16.211055167019E+00,+305.175781E-06
+4.928000E-06,+3.944723531604E+00,+16.211055167019E+00,+16.211055167019E+00,+305.175781E-06
+4.933000E-06,+3.478831899859E+00,+16.211055167019E+00,+16.211055167019E+00,+305.175781E-06
+4.938000E-06,+3.647799639537E+00,+16.211055167019E+00,+16.211055167019E+00,+305.175781E-06
+4.943000E-06,+4.748743638396E+00,+16.211055167019E+00,+16.211055167019E+00,+305.175781E-06
+4.948000E-06,+4.990760252383E+00,+16.211055167019E+00,+16.211055167019E+00,+305.175781E-06
+4.953000E-06,+5.552763745189E+00,+16.211055167019E+00,+16.211055167019E+00,+305.175781E-06
+4.958000E-06,+5.931710811832E+00,+16.211055167019E+00,+16.211055167019E+00,+305.175781E-06
+4.963000E-06,+5.662964292735E+00,+16.211055167019E+00,+16.211055167019E+00,+305.175781E-06
+4.968000E-06,+4.835881199190E+00,+16.211055167019E+00,+16.211055167019E+00,+305.175781E-06
+4.973000E-06,+4.748743638396E+00,+16.211055167019E+00,+16.211055167019E+00,+305.175781E-06
+4.978000E-06,+5.100960799929E+00,+16.211055167019E+00,+16.211055167019E+00,+305.175781E-06
+4.983000E-06,+4.931993060252E+00,+16.211055167019E+00,+16.211055167019E+00,+305.175781E-06
+4.988000E-06,+4.547738611698E+00,+16.211055167019E+00,+16.211055167019E+00,+305.175781E-06
+4.993000E-06,+4.501419642500E+00,+16.211055167019E+00,+16.211055167019E+00,+305.175781E-06
+4.998000E-06,+4.547738611698E+00,+16.211055167019E+00,+16.211055167019E+00,+305.175781E-06
+5.003000E-06,+4.457127128240E+00,+16.211055167019E+00,+16.211055167019E+00,+305.175781E-06
+5.008000E-06,+4.346733585000E+00,+16.211055167019E+00,+16.211055167019E+00,+305.175781E-06
+5.013000E-06,+4.949748665094E+00,+16.211055167019E+00,+16.211055167019E+00,+305.175781E-06
+5.018000E-06,+5.346258340888E+00,+16.211055167019E+00,+16.211055167019E+00,+305.175781E-06
+5.023000E-06,+5.150753691792E+00,+16.211055167019E+00,+16.211055167019E+00,+305.175781E-06
+5.028000E-06,+5.081178740148E+00,+16.211055167019E+00,+16.211055167019E+00,+305.175781E-06
+5.033000E-06,+5.150753691792E+00,+16.211055167019E+00,+16.211055167019E+00,+305.175781E-06
+5.038000E-06,+5.150753691792E+00,+16.211055167019E+00,+16.211055167019E+00,+305.175781E-06
+5.043000E-06,+4.914430451102E+00,+16.211055167019E+00,+16.211055167019E+00,+305.175781E-06
+5.048000E-06,+4.748743638396E+00,+16.211055167019E+00,+16.211055167019E+00,+305.175781E-06
+5.053000E-06,+4.920992305046E+00,+16.211055167019E+00,+16.211055167019E+00,+305.175781E-06
+5.058000E-06,+4.870330932535E+00,+16.211055167019E+00,+16.211055167019E+00,+305.175781E-06
+5.063000E-06,+4.841574572486E+00,+16.211055167019E+00,+16.211055167019E+00,+305.175781E-06
+5.068000E-06,+4.700012222874E+00,+16.211055167019E+00,+16.211055167019E+00,+305.175781E-06
+5.073000E-06,+4.792843156964E+00,+16.211055167019E+00,+16.211055167019E+00,+305.175781E-06
+5.078000E-06,+5.339696486944E+00,+16.211055167019E+00,+16.211055167019E+00,+305.175781E-06
+5.083000E-06,+4.949748665094E+00,+16.211055167019E+00,+16.211055167019E+00,+305.175781E-06
+5.088000E-06,+4.800755980891E+00,+16.211055167019E+00,+16.211055167019E+00,+305.175781E-06
+5.093000E-06,+4.949748665094E+00,+16.211055167019E+00,+16.211055167019E+00,+305.175781E-06
+5.098000E-06,+4.949748665094E+00,+16.211055167019E+00,+16.211055167019E+00,+305.175781E-06
+5.103000E-06,+5.097872868650E+00,+16.211055167019E+00,+16.211055167019E+00,+305.175781E-06
+5.108000E-06,+4.991435737338E+00,+16.211055167019E+00,+16.211055167019E+00,+305.175781E-06
+5.113000E-06,+4.960942415993E+00,+16.211055167019E+00,+16.211055167019E+00,+305.175781E-06
+5.118000E-06,+5.150753691792E+00,+16.211055167019E+00,+16.211055167019E+00,+305.175781E-06
+5.123000E-06,+4.824011963336E+00,+16.211055167019E+00,+16.211055167019E+00,+305.175781E-06
+5.128000E-06,+4.856049250357E+00,+16.211055167019E+00,+16.211055167019E+00,+305.175781E-06
+5.133000E-06,+4.949748665094E+00,+16.211055167019E+00,+16.211055167019E+00,+305.175781E-06
+5.138000E-06,+4.748743638396E+00,+16.211055167019E+00,+16.211055167019E+00,+305.175781E-06
+5.143000E-06,+4.550151058022E+00,+16.211055167019E+00,+16.211055167019E+00,+305.175781E-06
+5.148000E-06,+4.748743638396E+00,+16.211055167019E+00,+16.211055167019E+00,+305.175781E-06
+5.153000E-06,+5.016235685460E+00,+16.211055167019E+00,+16.211055167019E+00,+305.175781E-06
+5.158000E-06,+4.949748665094E+00,+16.211055167019E+00,+16.211055167019E+00,+305.175781E-06
+5.163000E-06,+4.748743638396E+00,+16.211055167019E+00,+16.211055167019E+00,+305.175781E-06
+5.168000E-06,+4.748743638396E+00,+16.211055167019E+00,+16.211055167019E+00,+305.175781E-06
+5.173000E-06,+4.949748665094E+00,+16.211055167019E+00,+16.211055167019E+00,+305.175781E-06
+5.178000E-06,+4.924080236325E+00,+16.211055167019E+00,+16.211055167019E+00,+305.175781E-06
+5.183000E-06,+4.748743638396E+00,+16.211055167019E+00,+16.211055167019E+00,+305.175781E-06
+5.188000E-06,+5.061010688982E+00,+16.211055167019E+00,+16.211055167019E+00,+305.175781E-06
+5.193000E-06,+5.150753691792E+00,+16.211055167019E+00,+16.211055167019E+00,+305.175781E-06
+5.198000E-06,+4.795931088242E+00,+16.211055167019E+00,+16.211055167019E+00,+305.175781E-06
+5.203000E-06,+4.748743638396E+00,+16.211055167019E+00,+16.211055167019E+00,+305.175781E-06
+5.208000E-06,+4.932861540899E+00,+16.211055167019E+00,+16.211055167019E+00,+305.175781E-06
+5.213000E-06,+4.748743638396E+00,+16.211055167019E+00,+16.211055167019E+00,+305.175781E-06
+5.218000E-06,+4.748743638396E+00,+16.211055167019E+00,+16.211055167019E+00,+305.175781E-06
+5.223000E-06,+4.949748665094E+00,+16.211055167019E+00,+16.211055167019E+00,+305.175781E-06
+5.228000E-06,+4.748743638396E+00,+16.211055167019E+00,+16.211055167019E+00,+305.175781E-06
+5.233000E-06,+5.150753691792E+00,+15.826260337710E+00,+16.211055167019E+00,+382.965717800E-03
+5.238000E-06,+4.756849458016E+00,+9.107153593793E+00,+16.133895485618E+00,+6.988072827907E+00
+5.243000E-06,+4.587881718339E+00,+3.812856914743E+00,+12.592733158717E+00,+8.731483316632E+00
+5.248000E-06,+4.676563244735E+00,+4.437275206878E+00,+9.729564730695E+00,+5.263240702592E+00
+5.253000E-06,+4.949748665094E+00,+3.278220222814E+00,+5.657509828421E+00,+2.366397910800E+00
+5.258000E-06,+6.356783851981E+00,+1.767295475929E+00,+3.297635590356E+00,+1.522157168209E+00
+5.263000E-06,+5.085328147842E+00,+599.980275781E-03,+1.190855915103E+00,+587.903488406E-03
+5.268000E-06,+4.951099635004E+00,+451.991171973E-03,-513.643520227E-03,-959.973566459E-03
+5.273000E-06,+4.472180793263E+00,-369.437132161E-03,-2.100647172540E+00,-1.721302605667E+00
+5.278000E-06,+1.923865505184E+00,-618.324388673E-03,-3.115109777232E+00,-2.482631644876E+00
+5.283000E-06,+1.839236888516E+00,-516.615654038E-03,-3.165829047561E+00,-2.634214198891E+00
+5.288000E-06,+4.238848985887E+00,-673.366762698E-03,-3.216818511867E+00,-2.529039167756E+00
+5.293000E-06,+6.155778825283E+00,-673.366762698E-03,-2.569819722612E+00,-1.885628995571E+00
+5.298000E-06,+4.729830059337E+00,-592.964753509E-03,-2.193439505808E+00,-1.591292448599E+00
+5.303000E-06,+4.927168167603E+00,-583.932554680E-03,-1.575853261436E+00,-986.113784080E-03
+5.308000E-06,+5.699150987375E+00,-710.074545088E-03,-1.316582836211E+00,-602.839081216E-03
+5.313000E-06,+6.758793905377E+00,-627.626781479E-03,-1.431646873370E+00,-799.255371094E-03
+5.318000E-06,+5.872461130439E+00,-545.487810967E-03,-1.269105893670E+00,-719.299316406E-03
+5.323000E-06,+4.698468257271E+00,-532.672896397E-03,-1.296472684133E+00,-759.258151236E-03
+5.328000E-06,+4.328495490896E+00,-519.857981826E-03,-921.868027772E-03,-399.475097656E-03
+5.333000E-06,+3.930924338688E+00,-592.964753509E-03,-1.075376808643E+00,-479.431152344E-03
+5.338000E-06,+3.186539904748E+00,-512.562744319E-03,-958.305616185E-03,-442.965356869E-03
+5.343000E-06,+3.788975997690E+00,-704.516268903E-03,-1.124629311627E+00,-417.477685091E-03
+5.348000E-06,+5.442852691211E+00,-834.170781076E-03,-1.272618415434E+00,-435.710582829E-03
+5.353000E-06,+5.493707059489E+00,-914.572790265E-03,-1.869862912872E+00,-949.686373633E-03
+5.358000E-06,+4.520719213019E+00,-844.978540347E-03,-2.222620455834E+00,-1.369695567301E+00
+5.363000E-06,+4.547738611698E+00,-755.775927186E-03,-2.522612974048E+00,-1.756732004850E+00
+5.368000E-06,+5.716713596525E+00,-819.348711206E-03,-2.296229016350E+00,-1.468383525358E+00
+5.373000E-06,+5.420851180873E+00,-781.405756328E-03,-1.693464841849E+00,-906.695120052E-03
+5.378000E-06,+5.050878414497E+00,-512.562744319E-03,-995.978377122E-03,-480.429163608E-03
+5.383000E-06,+5.552763745189E+00,-565.829557902E-03,-324.623530334E-03,+240.173339844E-03
+5.388000E-06,+5.753768771887E+00,-432.160735130E-03,+386.179637797E-03,+814.106575406E-03
+5.393000E-06,+5.143226859325E+00,-271.356716752E-03,+855.776778361E-03,+1.121186958268E+00
+5.398000E-06,+3.972997402391E+00,-282.666264857E-03,+1.244971909736E+00,+1.519470214844E+00
+5.403000E-06,+4.628121322782E+00,-247.232254076E-03,+1.473363022733E+00,+1.711357069074E+00
+5.408000E-06,+4.949748665094E+00,-190.954707563E-03,+1.577889494598E+00,+1.759338378906E+00
+5.413000E-06,+4.672124343547E+00,-240.708999380E-03,+1.466839768037E+00,+1.698382922918E+00
+5.418000E-06,+4.190310566131E+00,-351.758725941E-03,+1.077644636662E+00,+1.421780268051E+00
+5.423000E-06,+4.761288359205E+00,-432.160735130E-03,+688.449505287E-03,+1.114699885190E+00
+5.428000E-06,+5.332266152279E+00,-577.370700828E-03,+371.859356761E-03,+944.270272687E-03
+5.433000E-06,+5.001278518327E+00,-491.950803408E-03,-149.730825741E-03,+340.627010092E-03
+5.438000E-06,+4.748743638396E+00,-592.964753509E-03,-445.709033356E-03,+146.744133368E-03
+5.443000E-06,+5.236154291217E+00,-592.964753509E-03,-592.964753509E-03,+305.175781E-06
+5.448000E-06,+5.405122030895E+00,-533.908068885E-03,-753.768771887E-03,-218.336056821E-03
+5.453000E-06,+4.928422639711E+00,-601.495163504E-03,-834.170781076E-03,-231.079892710E-03
+5.458000E-06,+4.759454900033E+00,-592.964753509E-03,-829.886276501E-03,-235.302247964E-03
+5.463000E-06,+4.949748665094E+00,-592.964753509E-03,-817.071361930E-03,-222.558412075E-03
+5.468000E-06,+4.949748665094E+00,-673.366762698E-03,-753.768771887E-03,-79.650878906E-03
+5.473000E-06,+4.748743638396E+00,-630.637514410E-03,-952.245551167E-03,-319.519042969E-03
+5.478000E-06,+4.810888255375E+00,-673.366762698E-03,-1.155778817832E+00,-479.431152344E-03
+5.483000E-06,+5.120646361834E+00,-685.409694458E-03,-1.304539904451E+00,-615.390991866E-03
+5.488000E-06,+4.750673595459E+00,-674.138745508E-03,-1.396984845400E+00,-718.531615444E-03
+5.493000E-06,+4.581705855781E+00,-767.355669268E-03,-1.477386854589E+00,-705.787779555E-03
+5.498000E-06,+4.748743638396E+00,-727.366959935E-03,-1.531387051826E+00,-799.255371094E-03
+5.503000E-06,+5.150753691792E+00,-712.583489220E-03,-1.477386854589E+00,-760.256162465E-03
+5.508000E-06,+5.221679613346E+00,-805.800412980E-03,-1.368614477304E+00,-559.387207031E-03
+5.513000E-06,+4.910860030561E+00,-688.922216223E-03,-1.332138289736E+00,-639.343261719E-03
+5.518000E-06,+5.143902344280E+00,-673.366762698E-03,-1.236180827022E+00,-559.387207031E-03
+5.523000E-06,+5.351758718491E+00,-673.366762698E-03,-1.165853193449E+00,-489.449649840E-03
+5.528000E-06,+5.150753691792E+00,-592.964753509E-03,-1.017864089641E+00,-422.237431041E-03
+5.533000E-06,+4.748743638396E+00,-583.971153835E-03,-789.472976645E-03,-204.056819008E-03
+5.538000E-06,+4.748743638396E+00,-432.160735130E-03,-529.198973788E-03,-96.194834543E-03
+5.543000E-06,+5.150753691792E+00,-493.494769030E-03,-332.690750651E-03,+160.217285156E-03
+5.548000E-06,+4.934116013007E+00,-592.964753509E-03,-110.552698374E-03,+480.041503906E-03
+5.553000E-06,+4.949748665094E+00,-512.562744319E-03,+43.689466153E-03,+553.472100453E-03
+5.558000E-06,+4.949748665094E+00,-531.939512742E-03,+50.251320004E-03,+579.266852623E-03
+5.563000E-06,+5.150753691792E+00,-480.371061326E-03,+98.461646201E-03,+575.927353444E-03
+5.568000E-06,+4.861260134391E+00,-432.160735130E-03,+50.251320004E-03,+480.041503906E-03
+5.573000E-06,+4.949748665094E+00,-489.982247265E-03,+72.831817059E-03,+559.997558594E-03
+5.578000E-06,+4.949748665094E+00,-441.926317614E-03,+69.782484972E-03,+509.175755215E-03
+5.583000E-06,+4.942125334736E+00,-432.160735130E-03,+208.006006296E-03,+636.921194495E-03
+5.588000E-06,+5.111093074414E+00,-577.100506851E-03,+130.653329194E-03,+704.133413294E-03
+5.593000E-06,+5.222451596192E+00,-460.839896359E-03,-30.150689185E-03,+428.605539782E-03
+5.598000E-06,+5.248023527071E+00,-551.470677710E-03,-110.552698374E-03,+438.777577454E-03
+5.603000E-06,+5.085521143535E+00,-564.748781958E-03,-245.263697933E-03,+318.018216884E-03
+5.608000E-06,+4.949748665094E+00,-512.562744319E-03,-351.758725941E-03,+160.217285156E-03
+5.613000E-06,+4.749901612613E+00,-672.903573020E-03,-432.623924808E-03,+239.252098706E-03
+5.618000E-06,+4.980627977898E+00,-592.964753509E-03,-648.663312912E-03,-55.084448267E-03
+5.623000E-06,+5.150753691792E+00,-618.131392972E-03,-728.602132423E-03,-109.552831177E-03
+5.628000E-06,+4.854794778249E+00,-673.366762698E-03,-876.591236231E-03,-201.792101184E-03
+5.633000E-06,+4.822757491229E+00,-673.366762698E-03,-1.075376808643E+00,-399.475097656E-03
+5.638000E-06,+5.150753691792E+00,-673.366762698E-03,-1.075376808643E+00,-399.475097656E-03
+5.643000E-06,+4.939809386303E+00,-681.318185583E-03,-1.232205115579E+00,-547.526227259E-03
+5.648000E-06,+5.128655683563E+00,-682.205965825E-03,-1.236180827022E+00,-550.597031067E-03
+5.653000E-06,+5.150753691792E+00,-775.422889585E-03,-1.236180827022E+00,-457.897140490E-03
+5.658000E-06,+5.150753691792E+00,-707.835794967E-03,-1.316582836211E+00,-605.065413977E-03
+5.663000E-06,+5.032543822502E+00,-720.650709538E-03,-1.316582836211E+00,-592.321578088E-03
+5.668000E-06,+4.949748665094E+00,-813.867633298E-03,-1.236180827022E+00,-419.665632824E-03
+5.673000E-06,,,,
