x-axis,1,2,4,F1
second,Volt,Volt,Volt,Volt
-2.500000E-06,+4.883401302766E+00,+5.066543655066E+00,+5.042831343762E+00,-23.709716849E-03
-2.497500E-06,+4.913630574360E+00,+5.033762562452E+00,+5.022298994736E+00,-11.461181967E-03
-2.495000E-06,+5.108746781916E+00,+5.045579459311E+00,+5.048484610033E+00,+2.904052087E-03
-2.492500E-06,+4.964667006920E+00,+5.090216707576E+00,+5.032309987091E+00,-57.904052022E-03
-2.490000E-06,+4.911667634646E+00,+5.050133479363E+00,+5.029483353956E+00,-20.648193480E-03
-2.487500E-06,+4.896749292820E+00,+5.023398240955E+00,+5.031053705698E+00,+7.655028544E-03
-2.485000E-06,+4.914808338188E+00,+5.060811871208E+00,+5.034508479530E+00,-26.300048822E-03
-2.482500E-06,+4.920304569387E+00,+5.080205715221E+00,+5.029130024814E+00,-51.071776784E-03
-2.480000E-06,+4.860631202086E+00,+5.046678705530E+00,+5.043145414111E+00,-3.531494644E-03
-2.477500E-06,+4.953674544522E+00,+5.039298052343E+00,+5.036235866446E+00,-3.060303248E-03
-2.475000E-06,+4.898319644591E+00,+5.068820665092E+00,+5.037099559904E+00,-31.717529170E-03
-2.472500E-06,+4.889290121908E+00,+5.085584169938E+00,+5.037021042317E+00,-48.559569809E-03
-2.470000E-06,+5.015310851537E+00,+5.060183730511E+00,+5.039533605104E+00,-20.648193480E-03
-2.467500E-06,+5.012562735938E+00,+5.050722361266E+00,+5.026617462026E+00,-24.102783246E-03
-2.465000E-06,+4.906171403447E+00,+5.092847046744E+00,+5.030190012239E+00,-62.652587072E-03
-2.462500E-06,+4.989400047314E+00,+5.072864320828E+00,+5.042085426685E+00,-30.776367082E-03
-2.460000E-06,+4.913237986417E+00,+5.054530464240E+00,+5.043695037220E+00,-10.833740574E-03
-2.457500E-06,+4.876727307739E+00,+5.068781406299E+00,+5.037923994569E+00,-30.854492080E-03
-2.455000E-06,+4.898319644592E+00,+5.069684358550E+00,+5.037335112665E+00,-32.344970562E-03
-2.452500E-06,+4.852386855288E+00,+5.070979898737E+00,+5.034861808672E+00,-36.115722431E-03
-2.450000E-06,+4.882616126881E+00,+5.036785489556E+00,+5.030425565001E+00,-6.356201612E-03
-2.447500E-06,+4.897927056649E+00,+5.054687499414E+00,+5.038826946820E+00,-15.856933821E-03
-2.445000E-06,+4.963489243091E+00,+5.086330087015E+00,+5.025635992188E+00,-60.689696491E-03
-2.442500E-06,+4.990185223200E+00,+5.065758479195E+00,+5.038041770949E+00,-27.713623009E-03
-2.440000E-06,+4.881045775110E+00,+5.043145414111E+00,+5.041418027195E+00,-1.724854059E-03
-2.437500E-06,+5.014133087709E+00,+5.062971104853E+00,+5.043969848775E+00,-18.997802892E-03
-2.435000E-06,+4.910882458760E+00,+5.065601444021E+00,+5.056650439092E+00,-8.948974991E-03
-2.432500E-06,+4.824120523408E+00,+5.059398554640E+00,+5.045657976898E+00,-13.739013947E-03
-2.430000E-06,+4.934437735326E+00,+5.052724559737E+00,+5.034901067465E+00,-17.821045106E-03
-2.427500E-06,+4.918734217616E+00,+5.074002825841E+00,+5.041182474433E+00,-32.817382661E-03
-2.425000E-06,+4.895964116935E+00,+5.084759735273E+00,+5.047856469337E+00,-36.900634523E-03
-2.422500E-06,+4.908134343161E+00,+5.057396356169E+00,+5.040201004595E+00,-17.192383010E-03
-2.420000E-06,+4.906956579332E+00,+5.069684358550E+00,+5.037335112665E+00,-32.344970562E-03
-2.417500E-06,+4.913630574360E+00,+5.076829458976E+00,+5.041771356337E+00,-35.054931439E-03
-2.415000E-06,+5.056139997585E+00,+5.063010363647E+00,+5.052410489388E+00,-10.596924173E-03
-2.412500E-06,+4.902638111962E+00,+5.067917712840E+00,+5.030582600175E+00,-37.331542716E-03
-2.410000E-06,+4.908526931104E+00,+5.039376569930E+00,+5.036235866446E+00,-3.138428246E-03
-2.407500E-06,+4.911275046703E+00,+5.063128140027E+00,+5.042595791001E+00,-20.529785279E-03
-2.405000E-06,+4.947000549495E+00,+5.073139132383E+00,+5.041418027195E+00,-31.717529170E-03
-2.402500E-06,+4.940326554468E+00,+5.056257851156E+00,+5.040279522182E+00,-15.975342022E-03
-2.400000E-06,+4.885756830423E+00,+5.062539258124E+00,+5.041260992020E+00,-21.275634872E-03
-2.397500E-06,+5.067525047925E+00,+5.079302762970E+00,+5.042203203066E+00,-37.097167722E-03
-2.395000E-06,+4.866127433284E+00,+5.059241519466E+00,+5.042360238240E+00,-16.878662314E-03
-2.392500E-06,+4.938363614754E+00,+5.076633165008E+00,+5.045540200517E+00,-31.090087778E-03
-2.390000E-06,+5.034155072790E+00,+5.065130338498E+00,+5.057828202898E+00,-7.298584403E-03
-2.387500E-06,+4.824513111351E+00,+5.073688755492E+00,+5.046482411562E+00,-27.203369115E-03
-2.385000E-06,+4.870838488598E+00,+5.088921167389E+00,+5.038826946820E+00,-50.091552197E-03
-2.382500E-06,+4.896356704878E+00,+5.069370288202E+00,+5.049426821079E+00,-19.941406386E-03
-2.380000E-06,+4.854349795001E+00,+5.084524182512E+00,+5.041810615130E+00,-42.711181268E-03
-2.377500E-06,+4.851994267345E+00,+5.069213253028E+00,+5.039690640278E+00,-29.519042891E-03
-2.375000E-06,+4.938363614754E+00,+5.059555589814E+00,+5.039455087517E+00,-20.098877086E-03
-2.372500E-06,+4.962311479263E+00,+5.072864320828E+00,+5.042909861349E+00,-29.951171788E-03
-2.370000E-06,+4.885756830423E+00,+5.061597047079E+00,+5.044166142743E+00,-17.427978708E-03
-2.367500E-06,+4.826868639007E+00,+5.071176192705E+00,+5.053274182847E+00,-17.899170104E-03
-2.365000E-06,+4.932867383555E+00,+5.068349559569E+00,+5.044715765853E+00,-23.631591851E-03
-2.362500E-06,+4.811557709239E+00,+5.062028893808E+00,+5.050643843679E+00,-11.384277671E-03
-2.360000E-06,+4.885756830423E+00,+5.065444408847E+00,+5.047071293466E+00,-18.370361500E-03
-2.357500E-06,+4.882616126881E+00,+5.077182788118E+00,+5.049662373840E+00,-27.517089811E-03
-2.355000E-06,+4.832364870206E+00,+5.067014760589E+00,+5.050447549711E+00,-16.563720915E-03
-2.352500E-06,+4.908919519046E+00,+5.073610237905E+00,+5.051625313517E+00,-21.982421966E-03
-2.350000E-06,+4.939148790640E+00,+5.084445664925E+00,+5.056885991853E+00,-27.557373013E-03
-2.347500E-06,+4.909312106989E+00,+5.074984295679E+00,+5.051154207995E+00,-23.826904346E-03
-2.345000E-06,+4.946215373609E+00,+5.087115262886E+00,+5.057121544614E+00,-29.991454990E-03
-2.342500E-06,+4.898319644591E+00,+5.079813127286E+00,+5.059751883782E+00,-20.058593884E-03
-2.340000E-06,+4.942289494182E+00,+5.082168654899E+00,+5.047699434163E+00,-34.466552546E-03
-2.337500E-06,+4.835898161691E+00,+5.074748742918E+00,+5.051311243169E+00,-23.435058652E-03
-2.335000E-06,+5.005888740910E+00,+5.063324433995E+00,+5.057278579789E+00,-6.043701619E-03
-2.332500E-06,+5.013347911823E+00,+5.078164257957E+00,+5.043498743253E+00,-34.661865042E-03
-2.330000E-06,+4.870053312712E+00,+5.078556845892E+00,+5.044244660330E+00,-34.307861143E-03
-2.327500E-06,+4.928941504128E+00,+5.067485866111E+00,+5.049937185395E+00,-17.545166206E-03
-2.325000E-06,+4.941504318296E+00,+5.078478328305E+00,+5.047620916575E+00,-30.853271377E-03
-2.322500E-06,+4.913237986417E+00,+5.074670225331E+00,+5.051939383866E+00,-22.728271558E-03
-2.320000E-06,+4.930511855899E+00,+5.071568780641E+00,+5.054530464240E+00,-17.034912311E-03
-2.317500E-06,+4.878690247453E+00,+5.079302762970E+00,+5.043459484459E+00,-35.839843531E-03
-2.315000E-06,+4.738928939827E+00,+5.084367147338E+00,+5.044715765853E+00,-39.647216493E-03
-2.312500E-06,+5.024340374221E+00,+5.083581971467E+00,+5.052410489388E+00,-31.168212776E-03
-2.310000E-06,+5.031799545133E+00,+5.089078202564E+00,+5.052646042150E+00,-36.429443127E-03
-2.307500E-06,+4.912845398474E+00,+5.075769471550E+00,+5.059045225498E+00,-16.721191615E-03
-2.305000E-06,+4.799387483014E+00,+5.096929961273E+00,+5.052960112498E+00,-43.966064052E-03
-2.302500E-06,+4.918341629672E+00,+5.078046481576E+00,+5.056218592363E+00,-21.824951266E-03
-2.300000E-06,+4.873194016254E+00,+5.091669282938E+00,+5.048013504511E+00,-43.653564059E-03
-2.297500E-06,+4.906171403447E+00,+5.081030149886E+00,+5.053234924053E+00,-27.791748008E-03
-2.295000E-06,+4.957207836007E+00,+5.075416142408E+00,+5.058848931531E+00,-16.563720915E-03
-2.292500E-06,+4.923445272929E+00,+5.081933102138E+00,+5.054137876305E+00,-27.791748008E-03
-2.290000E-06,+4.937578438869E+00,+5.083346418705E+00,+5.041732097543E+00,-41.610107074E-03
-2.287500E-06,+4.976052057260E+00,+5.073021356002E+00,+5.060968906382E+00,-12.049560860E-03
-2.285000E-06,+4.900675172248E+00,+5.083346418705E+00,+5.056414886330E+00,-26.927490215E-03
-2.282500E-06,+4.855134970887E+00,+5.076907976563E+00,+5.056100815982E+00,-20.804443476E-03
-2.280000E-06,+4.939148790640E+00,+5.067956971634E+00,+5.060576318447E+00,-7.379150808E-03
-2.277500E-06,+4.830009342550E+00,+5.081265702647E+00,+5.049309044698E+00,-31.954345571E-03
-2.275000E-06,+4.899889996362E+00,+5.071961368576E+00,+5.065365891260E+00,-6.593018013E-03
-2.272500E-06,+4.781328437646E+00,+5.087900438757E+00,+5.054334170272E+00,-33.563232254E-03
-2.270000E-06,+4.993325926741E+00,+5.086801192538E+00,+5.048955715556E+00,-37.843017314E-03
-2.267500E-06,+4.832364870206E+00,+5.086369345809E+00,+5.052489006976E+00,-33.876952950E-03
-2.265000E-06,+4.804098538327E+00,+5.099756594409E+00,+5.074002825841E+00,-25.750732428E-03
-2.262500E-06,+4.877905071567E+00,+5.088764132215E+00,+5.052803077324E+00,-35.958251731E-03
-2.260000E-06,+4.781328437646E+00,+5.093239634680E+00,+5.052803077324E+00,-40.433349288E-03
-2.257500E-06,+4.881438363053E+00,+5.088960426183E+00,+5.050015702982E+00,-38.941650102E-03
-2.255000E-06,+4.890467885736E+00,+5.084131594576E+00,+5.069213253028E+00,-14.915771733E-03
-2.252500E-06,+4.805276302155E+00,+5.086918968918E+00,+5.051232725582E+00,-35.683593534E-03
-2.250000E-06,+4.894393765164E+00,+5.076122800692E+00,+5.053745288369E+00,-22.374267660E-03
-2.247500E-06,+4.845712860260E+00,+5.084092335783E+00,+5.060026695337E+00,-24.062500044E-03
-2.245000E-06,+4.880260599224E+00,+5.088057473931E+00,+5.047306846227E+00,-40.748290687E-03
-2.242500E-06,+4.849638739688E+00,+5.074552448950E+00,+5.056297109950E+00,-18.251953299E-03
-2.240000E-06,+5.012955323880E+00,+5.086958227712E+00,+5.048798680382E+00,-38.155517307E-03
-2.237500E-06,+4.919911981444E+00,+5.094574433660E+00,+5.051232725582E+00,-43.338622660E-03
-2.235000E-06,+4.937578438868E+00,+5.088293026693E+00,+5.054294911479E+00,-33.995361150E-03
-2.232500E-06,+4.898712232534E+00,+5.091355212589E+00,+5.051586054724E+00,-39.765624693E-03
-2.230000E-06,+4.789180196502E+00,+5.101091393390E+00,+5.053038630085E+00,-48.050536617E-03
-2.227500E-06,+4.868875548883E+00,+5.092768529157E+00,+5.063402951582E+00,-29.362792895E-03
-2.225000E-06,+4.853564619116E+00,+5.103603956177E+00,+5.065994031956E+00,-37.606200913E-03
-2.222500E-06,+4.922660097044E+00,+5.090059672402E+00,+5.055943780808E+00,-34.112548648E-03
-2.220000E-06,+4.821372407809E+00,+5.092375941222E+00,+5.061911117427E+00,-30.462646386E-03
-2.217500E-06,+4.875942131854E+00,+5.097440325590E+00,+5.061047423969E+00,-36.389159925E-03
-2.215000E-06,+4.981548288459E+00,+5.072746544447E+00,+5.069527323376E+00,-3.216553245E-03
-2.212500E-06,+4.957600423950E+00,+5.095516644706E+00,+5.073924308253E+00,-21.589355568E-03
-2.210000E-06,+4.867697785056E+00,+5.083110865944E+00,+5.058456343595E+00,-24.652099640E-03
-2.207500E-06,+4.898712232535E+00,+5.079381280557E+00,+5.070783604770E+00,-8.594971093E-03
-2.205000E-06,+5.020021906850E+00,+5.094260363312E+00,+5.055158604937E+00,-39.097900099E-03
-2.202500E-06,+4.997251806169E+00,+5.082482725247E+00,+5.063324433995E+00,-19.156494295E-03
-2.200000E-06,+4.873979192140E+00,+5.091433730177E+00,+5.063010363647E+00,-28.419189400E-03
-2.197500E-06,+4.978800172859E+00,+5.111141644538E+00,+5.063245916408E+00,-47.891845215E-03
-2.195000E-06,+4.812735473068E+00,+5.095359609532E+00,+5.075337624821E+00,-20.018310682E-03
-2.192500E-06,+4.844142508489E+00,+5.123704458474E+00,+5.068938441473E+00,-54.761962249E-03
-2.190000E-06,+4.944645021838E+00,+5.122762247429E+00,+5.074866519299E+00,-47.891845215E-03
-2.187500E-06,+4.821764995751E+00,+5.143765701978E+00,+5.078635363479E+00,-65.126952251E-03
-2.185000E-06,+4.832364870206E+00,+5.136581342758E+00,+5.082718278009E+00,-53.858641956E-03
-2.182500E-06,+4.973696529603E+00,+5.077771670021E+00,+5.061008165176E+00,-16.760254114E-03
-2.180000E-06,+4.959563363664E+00,+5.128886619222E+00,+5.083974559402E+00,-44.908446844E-03
-2.177500E-06,+4.888897533965E+00,+5.152010048623E+00,+5.086683416157E+00,-65.323485450E-03
-2.175000E-06,+4.874764368025E+00,+5.092847046744E+00,+5.074709484124E+00,-18.133545099E-03
-2.172500E-06,+5.012562735937E+00,+5.074081343428E+00,+5.088960426183E+00,+14.879149476E-03
-2.170000E-06,+4.920304569386E+00,+5.155268528488E+00,+5.113497172151E+00,-41.768798476E-03
-2.167500E-06,+4.958778187778E+00,+5.179608980488E+00,+5.109532034003E+00,-70.073241203E-03
-2.165000E-06,+4.790750548273E+00,+5.071647298228E+00,+5.085152323209E+00,+13.504637788E-03
-2.162500E-06,+4.819409468095E+00,+5.067250313350E+00,+5.106862436041E+00,+39.610594236E-03
-2.160000E-06,+4.786824668845E+00,+5.183691895017E+00,+5.108864634512E+00,-74.822996956E-03
-2.157500E-06,+4.984688992001E+00,+5.152520412939E+00,+5.092061870873E+00,-60.455321497E-03
-2.155000E-06,+4.968985474290E+00,+5.049112750730E+00,+5.089706343260E+00,+40.592039526E-03
-2.152500E-06,+4.939933966525E+00,+5.108668340545E+00,+5.090491519131E+00,-18.173828301E-03
-2.150000E-06,+4.771906327021E+00,+5.194370286863E+00,+5.108943152100E+00,-85.423582657E-03
-2.147500E-06,+4.879868011281E+00,+5.133401380481E+00,+5.087782662376E+00,-45.615233938E-03
-2.145000E-06,+4.859060850315E+00,+5.072982097208E+00,+5.091198177415E+00,+18.216551745E-03
-2.142500E-06,+4.937185850926E+00,+5.134853955842E+00,+5.109610551590E+00,-25.240478533E-03
-2.140000E-06,+4.811950297182E+00,+5.183220789495E+00,+5.107765388293E+00,-75.450438349E-03
-2.137500E-06,+4.896356704877E+00,+5.123547423300E+00,+5.096537373338E+00,-27.006835916E-03
-2.135000E-06,+4.934437735326E+00,+5.075023554473E+00,+5.102190639609E+00,+27.166746858E-03
-2.132500E-06,+4.876334719797E+00,+5.140389445732E+00,+5.092022612080E+00,-48.363036610E-03
-2.130000E-06,+4.936793262983E+00,+5.159037372669E+00,+5.091198177415E+00,-67.835692425E-03
-2.127500E-06,+5.021592258621E+00,+5.102622486338E+00,+5.104585426016E+00,+1.964110702E-03
-2.125000E-06,+4.874764368026E+00,+5.103839508938E+00,+5.099992147170E+00,-3.843994637E-03
-2.122500E-06,+4.882223538938E+00,+5.158487749559E+00,+5.102818780306E+00,-55.665282541E-03
-2.120000E-06,+4.936008087097E+00,+5.149301191868E+00,+5.084995288034E+00,-64.302977660E-03
-2.117500E-06,+4.968985474290E+00,+5.100109923551E+00,+5.089941896022E+00,-10.164795277E-03
-2.115000E-06,+4.918734217615E+00,+5.091276695002E+00,+5.109178704861E+00,+17.901610346E-03
-2.112500E-06,+4.846105448203E+00,+5.166418025856E+00,+5.089627825673E+00,-76.785887538E-03
-2.110000E-06,+4.866127433284E+00,+5.154875940552E+00,+5.080519785570E+00,-74.351805561E-03
-2.107500E-06,+4.832364870206E+00,+5.104585426016E+00,+5.096537373338E+00,-8.046875402E-03
-2.105000E-06,+4.826868639008E+00,+5.143804960771E+00,+5.096066267815E+00,-47.735595218E-03
-2.102500E-06,+4.854742382944E+00,+5.180551191534E+00,+5.101915828054E+00,-78.630369918E-03
-2.100000E-06,+4.749921402226E+00,+5.159665513365E+00,+5.105017272745E+00,-54.644774751E-03
-2.097500E-06,+4.940719142411E+00,+5.116873428396E+00,+5.113575689738E+00,-3.295898946E-03
-2.095000E-06,+4.856705322658E+00,+5.143176820075E+00,+5.122919282603E+00,-20.255127082E-03
-2.092500E-06,+4.870445900655E+00,+5.177724558398E+00,+5.112633478693E+00,-65.086669049E-03
-2.090000E-06,+4.863771905627E+00,+5.148044910475E+00,+5.129750312681E+00,-18.292236501E-03
-2.087500E-06,+4.919519393501E+00,+5.118561556519E+00,+5.113575689738E+00,-4.982910627E-03
-2.085000E-06,+4.801743010670E+00,+5.158095161623E+00,+5.120877825339E+00,-37.213134516E-03
-2.082500E-06,+4.870445900655E+00,+5.171835739366E+00,+5.124568151932E+00,-47.264403822E-03
-2.080000E-06,+4.903815875790E+00,+5.139643528655E+00,+5.112711996280E+00,-26.927490215E-03
-2.077500E-06,+4.974874293431E+00,+5.137955400533E+00,+5.126059986087E+00,-11.893310863E-03
-2.075000E-06,+4.987044519657E+00,+5.147887875301E+00,+5.130928076487E+00,-16.956787312E-03
-2.072500E-06,+4.859453438257E+00,+5.180276379979E+00,+5.121663001210E+00,-58.610839116E-03
-2.070000E-06,+4.951711604809E+00,+5.168380965533E+00,+5.123704458474E+00,-44.674071849E-03
-2.067500E-06,+4.972518765775E+00,+5.148555274791E+00,+5.134382850320E+00,-14.169922140E-03
-2.065000E-06,+4.793891251815E+00,+5.182828201559E+00,+5.128336996113E+00,-54.488524755E-03
-2.062500E-06,+4.964274418977E+00,+5.166732096204E+00,+5.133479898068E+00,-33.248290855E-03
-2.060000E-06,+4.753847281653E+00,+5.163512875133E+00,+5.134696920668E+00,-28.812255797E-03
-2.057500E-06,+4.875549543911E+00,+5.164572862559E+00,+5.133165827720E+00,-31.403808474E-03
-2.055000E-06,+4.873194016254E+00,+5.162413628914E+00,+5.136031719649E+00,-26.378173821E-03
-2.052500E-06,+4.983118640230E+00,+5.180197862392E+00,+5.123311870539E+00,-56.882323529E-03
-2.050000E-06,+4.944645021838E+00,+5.158801819907E+00,+5.135482096539E+00,-23.316650452E-03
-2.047500E-06,+4.904601051676E+00,+5.153384106397E+00,+5.127551820242E+00,-25.828857427E-03
-2.045000E-06,+4.974481705489E+00,+5.184005965366E+00,+5.138387247262E+00,-45.616454641E-03
-2.042500E-06,+4.911667634645E+00,+5.169637246927E+00,+5.126256280055E+00,-43.377685159E-03
-2.040000E-06,+4.912452810530E+00,+5.151185613959E+00,+5.133048051339E+00,-18.133545099E-03
-2.037500E-06,+4.898712232534E+00,+5.172306844888E+00,+5.129004395603E+00,-43.298339458E-03
-2.035000E-06,+4.926585976471E+00,+5.167595789662E+00,+5.132812498578E+00,-34.779052539E-03
-2.032500E-06,+4.897927056649E+00,+5.166339508269E+00,+5.131006594074E+00,-35.329589636E-03
-2.030000E-06,+5.041221655759E+00,+5.159822548540E+00,+5.133440639274E+00,-26.378173821E-03
-2.027500E-06,+4.921874921158E+00,+5.158369973178E+00,+5.130378453378E+00,-27.988281207E-03
-2.025000E-06,+4.940719142411E+00,+5.184163000540E+00,+5.139565011068E+00,-44.593505445E-03
-2.022500E-06,+4.896356704877E+00,+5.169480211753E+00,+5.137955400533E+00,-31.522216674E-03
-2.020000E-06,+4.783683965303E+00,+5.165397297224E+00,+5.133833227210E+00,-31.561279174E-03
-2.017500E-06,+4.892038237507E+00,+5.183691895018E+00,+5.136816895520E+00,-46.871337425E-03
-2.015000E-06,+5.031799545132E+00,+5.163826945482E+00,+5.148673051171E+00,-15.150146728E-03
-2.012500E-06,+5.031799545133E+00,+5.179451945314E+00,+5.140742774875E+00,-38.706054404E-03
-2.010000E-06,+4.875549543911E+00,+5.173720161456E+00,+5.133990262384E+00,-39.727782897E-03
-2.007500E-06,+5.003140625311E+00,+5.169755023307E+00,+5.143412372836E+00,-26.339111321E-03
-2.005000E-06,+4.895964116936E+00,+5.180158603598E+00,+5.141999056268E+00,-38.155517307E-03
-2.002500E-06,+4.829224166664E+00,+5.171835739366E+00,+5.148869345139E+00,-22.962646553E-03
-2.000000E-06,+4.977622409030E+00,+5.167988377598E+00,+5.144825689404E+00,-23.160400455E-03
-1.997500E-06,+4.891645649564E+00,+5.186282975392E+00,+5.131595475978E+00,-54.683837250E-03
-1.995000E-06,+4.897534468706E+00,+5.183927447779E+00,+5.142548679378E+00,-41.375732079E-03
-1.992500E-06,+4.863379317684E+00,+5.187028892469E+00,+5.143019784900E+00,-44.005126552E-03
-1.990000E-06,+4.885756830423E+00,+5.187931844721E+00,+5.144904206991E+00,-43.023681261E-03
-1.987500E-06,+4.829224166664E+00,+5.197118402411E+00,+5.149968591359E+00,-47.145995622E-03
-1.985000E-06,+4.972126177832E+00,+5.203713879728E+00,+5.149379709455E+00,-54.329833352E-03
-1.982500E-06,+4.824905699294E+00,+5.186047422631E+00,+5.141174621604E+00,-44.869384345E-03
-1.980000E-06,+4.826083463122E+00,+5.186518528153E+00,+5.152206342591E+00,-34.307861143E-03
-1.977500E-06,+4.841786980833E+00,+5.195822862224E+00,+5.154169282268E+00,-41.650390276E-03
-1.975000E-06,+4.909312106989E+00,+5.195469533082E+00,+5.157074432991E+00,-38.392333708E-03
-1.972500E-06,+4.911667634646E+00,+5.187853327134E+00,+5.145532347688E+00,-42.318114871E-03
-1.970000E-06,+4.925800800585E+00,+5.181493402579E+00,+5.149850814978E+00,-31.639404172E-03
-1.967500E-06,+4.835898161691E+00,+5.197510990347E+00,+5.156721103849E+00,-40.786132483E-03
-1.965000E-06,+4.967415122520E+00,+5.196019156192E+00,+5.141527950746E+00,-54.488524755E-03
-1.962500E-06,+4.873586604198E+00,+5.178902322205E+00,+5.157035174198E+00,-21.865234468E-03
-1.960000E-06,+4.967415122519E+00,+5.190679960269E+00,+5.169872799688E+00,-20.804443476E-03
-1.957500E-06,+4.930119267956E+00,+5.217179645915E+00,+5.162570664088E+00,-54.605712252E-03
-1.955000E-06,+4.830009342550E+00,+5.194448804450E+00,+5.162963252023E+00,-31.483154175E-03
-1.952500E-06,+4.844142508489E+00,+5.189777008018E+00,+5.164023239449E+00,-25.750732429E-03
-1.950000E-06,+4.971341001947E+00,+5.217297422296E+00,+5.160529206823E+00,-56.763915329E-03
-1.947500E-06,+4.878690247453E+00,+5.220909231302E+00,+5.166143214301E+00,-54.761962249E-03
-1.945000E-06,+4.893608589278E+00,+5.203635362141E+00,+5.163434357546E+00,-40.198974293E-03
-1.942500E-06,+4.866127433284E+00,+5.195862121018E+00,+5.168066895185E+00,-27.791748008E-03
-1.940000E-06,+4.866127433285E+00,+5.223500311676E+00,+5.171050563495E+00,-52.445067769E-03
-1.937500E-06,+4.952496780693E+00,+5.223186241328E+00,+5.181140073437E+00,-42.042235970E-03
-1.935000E-06,+5.075769394723E+00,+5.192878452708E+00,+5.172934985585E+00,-19.940185683E-03
-1.932500E-06,+4.817053940438E+00,+5.201986492812E+00,+5.175722359927E+00,-26.260986323E-03
-1.930000E-06,+4.873979192140E+00,+5.219338879560E+00,+5.171992774540E+00,-47.342528821E-03
-1.927500E-06,+4.883793890708E+00,+5.215923364522E+00,+5.178117146334E+00,-37.802734112E-03
-1.925000E-06,+4.904601051676E+00,+5.199630965199E+00,+5.164612121353E+00,-35.015868940E-03
-1.922500E-06,+4.917556453787E+00,+5.200769470211E+00,+5.179805274456E+00,-20.960693473E-03
-1.920000E-06,+4.886542006309E+00,+5.237869030116E+00,+5.182357096037E+00,-55.509032544E-03
-1.917500E-06,+4.896356704878E+00,+5.224481781515E+00,+5.181846731721E+00,-42.631835567E-03
-1.915000E-06,+4.971341001946E+00,+5.208817522889E+00,+5.180629709121E+00,-28.184814405E-03
-1.912500E-06,+4.815876176610E+00,+5.213410801734E+00,+5.189816266811E+00,-23.591308649E-03
-1.910000E-06,+4.877119895682E+00,+5.236926819070E+00,+5.180865261882E+00,-56.058348938E-03
-1.907500E-06,+4.830009342549E+00,+5.219417397148E+00,+5.183574118637E+00,-35.839843531E-03
-1.905000E-06,+4.997251806170E+00,+5.218710738864E+00,+5.183848930192E+00,-34.859618943E-03
-1.902500E-06,+4.917556453787E+00,+5.220241831812E+00,+5.188717020592E+00,-31.520995971E-03
-1.900000E-06,+4.998822157940E+00,+5.236926819070E+00,+5.179294910140E+00,-57.628173122E-03
-1.897500E-06,+4.848460975860E+00,+5.230017271406E+00,+5.185340764347E+00,-44.672851146E-03
-1.895000E-06,+4.978407584917E+00,+5.212900437418E+00,+5.192171794424E+00,-20.726318478E-03
-1.892500E-06,+4.952496780694E+00,+5.227112120683E+00,+5.185380023140E+00,-41.728515274E-03
-1.890000E-06,+4.931297031784E+00,+5.230409859341E+00,+5.182749683972E+00,-47.657470220E-03
-1.887500E-06,+4.989400047314E+00,+5.222872170980E+00,+5.191465136140E+00,-31.403808474E-03
-1.885000E-06,+5.072628691181E+00,+5.219103326799E+00,+5.204027950076E+00,-15.072021730E-03
-1.882500E-06,+4.943859845954E+00,+5.231587623148E+00,+5.197118402411E+00,-34.466552546E-03
-1.880000E-06,+4.968200298404E+00,+5.245877824000E+00,+5.204891643534E+00,-40.982665682E-03
-1.877500E-06,+4.935222911212E+00,+5.231980211083E+00,+5.190915513031E+00,-41.060790680E-03
-1.875000E-06,+4.883401302767E+00,+5.225227698593E+00,+5.214706341921E+00,-10.518799175E-03
-1.872500E-06,+4.948178313323E+00,+5.243561555181E+00,+5.203439068173E+00,-40.119628592E-03
-1.870000E-06,+5.038866128103E+00,+5.243129708451E+00,+5.203478326966E+00,-39.647216493E-03
-1.867500E-06,+4.834327809919E+00,+5.239792711000E+00,+5.201907975225E+00,-37.882079813E-03
-1.865000E-06,+4.930511855899E+00,+5.252002195793E+00,+5.211330085676E+00,-40.667724282E-03
-1.862500E-06,+4.908134343160E+00,+5.245210424509E+00,+5.200887246592E+00,-44.320067951E-03
-1.860000E-06,+4.903815875790E+00,+5.253729582710E+00,+5.208110864605E+00,-45.616454641E-03
-1.857500E-06,+4.917949041731E+00,+5.249764444561E+00,+5.212036743960E+00,-37.724609114E-03
-1.855000E-06,+4.827653814893E+00,+5.248154834025E+00,+5.208503452541E+00,-39.647216493E-03
-1.852500E-06,+4.848068387917E+00,+5.251059984748E+00,+5.211997485167E+00,-39.058837600E-03
-1.850000E-06,+5.089902560663E+00,+5.245485236064E+00,+5.218789256451E+00,-26.693115220E-03
-1.847500E-06,+5.029444017476E+00,+5.235434984916E+00,+5.213135990180E+00,-22.296142662E-03
-1.845000E-06,+4.929726680013E+00,+5.249568150593E+00,+5.213214507767E+00,-36.351318129E-03
-1.842500E-06,+4.900675172247E+00,+5.252983665632E+00,+5.218985550419E+00,-33.995361150E-03
-1.840000E-06,+4.931297031784E+00,+5.236769783897E+00,+5.212978955005E+00,-23.787841847E-03
-1.837500E-06,+4.985081579944E+00,+5.256556215845E+00,+5.217022610741E+00,-39.531249698E-03
-1.835000E-06,+4.946215373610E+00,+5.246584482284E+00,+5.216983351947E+00,-29.598388592E-03
-1.832500E-06,+4.942682082124E+00,+5.264486492142E+00,+5.218710738864E+00,-45.771483934E-03
-1.830000E-06,+4.950926428923E+00,+5.258990261045E+00,+5.227583226206E+00,-31.405029177E-03
-1.827500E-06,+4.883793890709E+00,+5.256281404290E+00,+5.225109922212E+00,-31.168212776E-03
-1.825000E-06,+4.950926428922E+00,+5.267077572516E+00,+5.222558100631E+00,-44.515380446E-03
-1.822500E-06,+5.053391881985E+00,+5.265389444394E+00,+5.218828515244E+00,-46.557616729E-03
-1.820000E-06,+5.040436479874E+00,+5.262445034878E+00,+5.227347673444E+00,-35.093993938E-03
-1.817500E-06,+4.877905071567E+00,+5.264604268523E+00,+5.225502510148E+00,-39.099120802E-03
-1.815000E-06,+4.927371152356E+00,+5.256634733432E+00,+5.230017271406E+00,-26.614990222E-03
-1.812500E-06,+5.017273791251E+00,+5.255731781181E+00,+5.222950688567E+00,-32.778320162E-03
-1.810000E-06,+4.975266881375E+00,+5.258048050000E+00,+5.223186241328E+00,-34.859618943E-03
-1.807500E-06,+4.978014996972E+00,+5.253062183219E+00,+5.227701002586E+00,-25.357666031E-03
-1.805000E-06,+4.993325926741E+00,+5.254671793755E+00,+5.225149181006E+00,-29.520263594E-03
-1.802500E-06,+4.956030072178E+00,+5.241677133090E+00,+5.232726128161E+00,-8.947754288E-03
-1.800000E-06,+5.016096027421E+00,+5.252787371664E+00,+5.236141643199E+00,-16.641845913E-03
-1.797500E-06,+4.932474795612E+00,+5.243522296387E+00,+5.218749997657E+00,-24.769287138E-03
-1.795000E-06,+4.841001804947E+00,+5.220124055431E+00,+5.217375939883E+00,-2.745361849E-03
-1.792500E-06,+4.926585976472E+00,+5.263701316271E+00,+5.228132849315E+00,-35.565185334E-03
-1.790000E-06,+4.910097282874E+00,+5.273987120181E+00,+5.226012874464E+00,-47.969970213E-03
-1.787500E-06,+4.935222911212E+00,+5.217847045406E+00,+5.206736806831E+00,-11.107178068E-03
-1.785000E-06,+4.925800800586E+00,+5.225698804115E+00,+5.205990889754E+00,-19.705810688E-03
-1.782500E-06,+4.957993011893E+00,+5.254475499787E+00,+5.212115261547E+00,-42.357177370E-03
-1.780000E-06,+4.873194016255E+00,+5.278855210581E+00,+5.216041140902E+00,-62.811278475E-03
-1.777500E-06,+4.909704694933E+00,+5.236259419580E+00,+5.199356153644E+00,-36.900634523E-03
-1.775000E-06,+4.930511855898E+00,+5.230566894515E+00,+5.184634106063E+00,-45.928954634E-03
-1.772500E-06,+4.924623036757E+00,+5.261228012278E+00,+5.185576317108E+00,-75.648192251E-03
-1.770000E-06,+4.775047030563E+00,+5.233315010064E+00,+5.184163000540E+00,-49.149169405E-03
-1.767500E-06,+5.033762484847E+00,+5.236298678374E+00,+5.184045224160E+00,-52.249755274E-03
-1.765000E-06,+4.961133715436E+00,+5.233864633174E+00,+5.170500940385E+00,-63.360594869E-03
-1.762500E-06,+4.945037609781E+00,+5.235003138187E+00,+5.194134734102E+00,-40.864257481E-03
-1.760000E-06,+4.899889996363E+00,+5.245485236064E+00,+5.195783603431E+00,-49.698485799E-03
-1.757500E-06,+4.990577811141E+00,+5.259029519839E+00,+5.213999683638E+00,-45.026855045E-03
-1.755000E-06,+4.809594769526E+00,+5.234414256284E+00,+5.215648552967E+00,-18.763427897E-03
-1.752500E-06,+4.871231076541E+00,+5.234021668348E+00,+5.214941894683E+00,-19.075927890E-03
-1.750000E-06,+4.914808338188E+00,+5.238340135638E+00,+5.218867774038E+00,-19.468994288E-03
-1.747500E-06,+4.902245524020E+00,+5.262641328845E+00,+5.219338879560E+00,-43.298339458E-03
-1.745000E-06,+4.932082207669E+00,+5.261895411768E+00,+5.220202573018E+00,-41.690673478E-03
-1.742500E-06,+4.985474167887E+00,+5.243247484832E+00,+5.216315952457E+00,-26.928710918E-03
-1.740000E-06,+4.983118640230E+00,+5.256163627910E+00,+5.216983351947E+00,-39.176025097E-03
-1.737500E-06,+4.990185223200E+00,+5.255692522387E+00,+5.208503452541E+00,-47.185058121E-03
-1.735000E-06,+4.815876176611E+00,+5.246741517458E+00,+5.219417397147E+00,-27.320556612E-03
-1.732500E-06,+4.869268136826E+00,+5.237986806496E+00,+5.210701944979E+00,-27.281494113E-03
-1.730000E-06,+4.972126177832E+00,+5.229703201057E+00,+5.196019156192E+00,-33.680419751E-03
-1.727500E-06,+4.897534468706E+00,+5.242933414484E+00,+5.205402007850E+00,-37.528075915E-03
-1.725000E-06,+4.874764368026E+00,+5.245799306413E+00,+5.206069407341E+00,-39.727782897E-03
-1.722500E-06,+4.889290121908E+00,+5.234139444728E+00,+5.202928703857E+00,-31.207275275E-03
-1.720000E-06,+4.943859845953E+00,+5.236691266309E+00,+5.208267899779E+00,-28.419189400E-03
-1.717500E-06,+5.134264998196E+00,+5.243326002419E+00,+5.197079143618E+00,-46.243896033E-03
-1.715000E-06,+5.045932711073E+00,+5.240852698426E+00,+5.192878452708E+00,-47.969970213E-03
-1.712500E-06,+4.911667634646E+00,+5.236966077864E+00,+5.202143527986E+00,-34.819335741E-03
-1.710000E-06,+4.990185223199E+00,+5.235749055264E+00,+5.213528578115E+00,-22.218017663E-03
-1.707500E-06,+4.913630574360E+00,+5.232137246258E+00,+5.202379080747E+00,-29.754638589E-03
-1.705000E-06,+4.960348539549E+00,+5.251609607858E+00,+5.208739005302E+00,-42.867431265E-03
-1.702500E-06,+4.902245524020E+00,+5.233432786445E+00,+5.204342020425E+00,-29.088134697E-03
-1.700000E-06,+4.912452810532E+00,+5.227818778967E+00,+5.197353955173E+00,-30.462646386E-03
-1.697500E-06,+4.936793262983E+00,+5.225384733767E+00,+5.187421480405E+00,-37.960204812E-03
-1.695000E-06,+4.994896278512E+00,+5.212193779134E+00,+5.185026693998E+00,-27.164306616E-03
-1.692500E-06,+4.997251806169E+00,+5.228368402077E+00,+5.193035487882E+00,-35.329589636E-03
-1.690000E-06,+4.839431453177E+00,+5.222322547870E+00,+5.187931844721E+00,-34.388427548E-03
-1.687500E-06,+4.939933966525E+00,+5.218396668515E+00,+5.186832598502E+00,-31.561279173E-03
-1.685000E-06,+4.957993011893E+00,+5.222793653393E+00,+5.179923050837E+00,-42.867431265E-03
-1.682500E-06,+4.944252433896E+00,+5.219024809212E+00,+5.178234922714E+00,-40.787353186E-03
-1.680000E-06,+4.926585976472E+00,+5.213999683638E+00,+5.188717020592E+00,-25.279541033E-03
-1.677500E-06,+5.087939620949E+00,+5.225895098083E+00,+5.175800877514E+00,-50.091552197E-03
-1.675000E-06,+4.848853563802E+00,+5.217611492644E+00,+5.186518528153E+00,-31.090087778E-03
-1.672500E-06,+4.864557081513E+00,+5.221184042857E+00,+5.184123741747E+00,-37.056884520E-03
-1.670000E-06,+4.902245524019E+00,+5.220202573018E+00,+5.198688754153E+00,-21.510009867E-03
-1.667500E-06,+4.940326554469E+00,+5.226994344303E+00,+5.181257849818E+00,-45.732421435E-03
-1.665000E-06,+4.889682709851E+00,+5.238418653225E+00,+5.185026693998E+00,-53.387450560E-03
-1.662500E-06,+5.014133087710E+00,+5.223853640818E+00,+5.186282975392E+00,-37.567138414E-03
-1.660000E-06,+4.779758085876E+00,+5.220752196128E+00,+5.192799935121E+00,-27.950439411E-03
-1.657500E-06,+4.970163238118E+00,+5.218043339373E+00,+5.193506593405E+00,-24.533691440E-03
-1.655000E-06,+4.938363614754E+00,+5.215962623315E+00,+5.179137874966E+00,-36.822509525E-03
-1.652500E-06,+5.051036354329E+00,+5.214863377096E+00,+5.177214194082E+00,-37.646484116E-03
-1.650000E-06,+4.976052057260E+00,+5.205362749057E+00,+5.168773553469E+00,-36.585693123E-03
-1.647500E-06,+5.045540123130E+00,+5.211604897231E+00,+5.187342962818E+00,-24.259033243E-03
-1.645000E-06,+5.064776932325E+00,+5.217061869535E+00,+5.172149809714E+00,-44.908446844E-03
-1.642500E-06,+4.923837860871E+00,+5.208032347018E+00,+5.172032033333E+00,-35.997314230E-03
-1.640000E-06,+4.937578438868E+00,+5.204184985250E+00,+5.178823804617E+00,-25.357666031E-03
-1.637500E-06,+4.929334092070E+00,+5.219142585593E+00,+5.184163000540E+00,-34.975585738E-03
-1.635000E-06,+4.930511855898E+00,+5.199945035547E+00,+5.189659231637E+00,-10.281982774E-03
-1.632500E-06,+4.994111102627E+00,+5.214431530367E+00,+5.175408289579E+00,-39.020995804E-03
-1.630000E-06,+4.952496780694E+00,+5.220830713715E+00,+5.177017900114E+00,-43.809814056E-03
-1.627500E-06,+4.921482333215E+00,+5.213332284147E+00,+5.181297108611E+00,-32.032470569E-03
-1.625000E-06,+4.987829695543E+00,+5.223971417199E+00,+5.178195663921E+00,-45.772704637E-03
-1.622500E-06,+4.926585976470E+00,+5.210780462567E+00,+5.173877196630E+00,-36.900634523E-03
-1.620000E-06,+4.802528186557E+00,+5.209288628412E+00,+5.167831342424E+00,-41.453857077E-03
-1.617500E-06,+4.863771905629E+00,+5.212429331895E+00,+5.159626254572E+00,-52.799071667E-03
-1.615000E-06,+5.013740499766E+00,+5.205205713882E+00,+5.180943779469E+00,-24.259033243E-03
-1.612500E-06,+4.967807710461E+00,+5.206972359592E+00,+5.164101757036E+00,-42.867431265E-03
-1.610000E-06,+4.972126177832E+00,+5.196647296889E+00,+5.169480211753E+00,-27.164306616E-03
-1.607500E-06,+5.009814620338E+00,+5.192564382360E+00,+5.169597988133E+00,-22.963867256E-03
-1.605000E-06,+4.849638739689E+00,+5.202300563160E+00,+5.164298051004E+00,-37.999267311E-03
-1.602500E-06,+5.012955323880E+00,+5.195312497908E+00,+5.168066895185E+00,-27.242431614E-03
-1.600000E-06,+5.006673916796E+00,+5.192485864773E+00,+5.166732096204E+00,-25.750732429E-03
-1.597500E-06,+5.036118012503E+00,+5.189541455256E+00,+5.161000312346E+00,-28.537597600E-03
-1.595000E-06,+4.917163865845E+00,+5.188717020592E+00,+5.167517272075E+00,-21.197509874E-03
-1.592500E-06,+4.968592886348E+00,+5.190719219063E+00,+5.169558729340E+00,-21.157226672E-03
-1.590000E-06,+5.081265625922E+00,+5.193349558231E+00,+5.162413628914E+00,-30.933837781E-03
-1.587500E-06,+4.947393137438E+00,+5.183377824669E+00,+5.162021040978E+00,-21.353759871E-03
-1.585000E-06,+4.957207836006E+00,+5.189737749224E+00,+5.159744030952E+00,-29.991454990E-03
-1.582500E-06,+5.040043891932E+00,+5.188874055766E+00,+5.162452887707E+00,-26.417236320E-03
-1.580000E-06,+4.950926428923E+00,+5.194056216515E+00,+5.163512875133E+00,-30.540771384E-03
-1.577500E-06,+4.855920146773E+00,+5.183691895017E+00,+5.149183415488E+00,-34.505615045E-03
-1.575000E-06,+4.797031955357E+00,+5.168773553469E+00,+5.161785488217E+00,-6.986084410E-03
-1.572500E-06,+4.884971654537E+00,+5.185183729172E+00,+5.145375312513E+00,-39.804687192E-03
-1.570000E-06,+4.923445272929E+00,+5.177017900114E+00,+5.156995915404E+00,-20.018310681E-03
-1.567500E-06,+4.909704694932E+00,+5.178391957888E+00,+5.157074432991E+00,-21.314697371E-03
-1.565000E-06,+5.071058339409E+00,+5.186832598501E+00,+5.144825689404E+00,-42.003173471E-03
-1.562500E-06,+4.840216629062E+00,+5.170500940385E+00,+5.148673051172E+00,-21.824951266E-03
-1.560000E-06,+4.947000549495E+00,+5.171757221779E+00,+5.151578201894E+00,-20.177002084E-03
-1.557500E-06,+4.971733589890E+00,+5.189070349734E+00,+5.154915199346E+00,-34.152831850E-03
-1.555000E-06,+4.957207836007E+00,+5.165318779637E+00,+5.157859608862E+00,-7.457275806E-03
-1.552500E-06,+5.008636856510E+00,+5.191347359760E+00,+5.139565011068E+00,-51.779784581E-03
-1.550000E-06,+4.949356077151E+00,+5.187382221611E+00,+5.147966392888E+00,-39.412841498E-03
-1.547500E-06,+5.016096027423E+00,+5.187146668850E+00,+5.143373114042E+00,-43.769530854E-03
-1.545000E-06,+5.034940248676E+00,+5.184712623650E+00,+5.139015387958E+00,-45.694579639E-03
-1.542500E-06,+5.001177685598E+00,+5.168969847436E+00,+5.146710111494E+00,-22.258300865E-03
-1.540000E-06,+4.895964116937E+00,+5.181493402579E+00,+5.148594533584E+00,-32.896728362E-03
-1.537500E-06,+5.001177685598E+00,+5.179137874966E+00,+5.145571606481E+00,-33.563232254E-03
-1.535000E-06,+5.027873665707E+00,+5.178823804617E+00,+5.147966392888E+00,-30.853271377E-03
-1.532500E-06,+5.041221655761E+00,+5.172738691617E+00,+5.146356782352E+00,-26.378173821E-03
-1.530000E-06,+4.897534468707E+00,+5.167674307249E+00,+5.148673051172E+00,-18.997802892E-03
-1.527500E-06,+4.900282584303E+00,+5.171403892637E+00,+5.143451631630E+00,-27.949218707E-03
-1.525000E-06,+4.918734217616E+00,+5.170736493146E+00,+5.134775438255E+00,-35.958251732E-03
-1.522500E-06,+4.941504318296E+00,+5.164298051004E+00,+5.144119031120E+00,-20.175781381E-03
-1.520000E-06,+4.902245524020E+00,+5.156289257120E+00,+5.144276066294E+00,-12.010498361E-03
-1.517500E-06,+5.087939620950E+00,+5.171011304701E+00,+5.140428704526E+00,-30.578613180E-03
-1.515000E-06,+5.046717886958E+00,+5.156446292294E+00,+5.147966392887E+00,-8.477783596E-03
-1.512500E-06,+4.968200298404E+00,+5.166653578617E+00,+5.142744973345E+00,-23.905029345E-03
-1.510000E-06,+5.062421404668E+00,+5.165004709288E+00,+5.134225815145E+00,-30.775146378E-03
-1.507500E-06,+4.941896906237E+00,+5.163355839959E+00,+5.145924935623E+00,-17.429199411E-03
-1.505000E-06,+4.915593514075E+00,+5.168852071056E+00,+5.144747171816E+00,-24.102783247E-03
-1.502500E-06,+5.048680826672E+00,+5.159547736985E+00,+5.132184357881E+00,-27.359619111E-03
-1.500000E-06,+5.060851052898E+00,+5.168145412772E+00,+5.116402322874E+00,-51.739501379E-03
-1.497500E-06,+4.976837233145E+00,+5.163198804785E+00,+5.130378453378E+00,-32.817382661E-03
-1.495000E-06,+5.001177685597E+00,+5.157467020926E+00,+5.128572548874E+00,-28.890380796E-03
-1.492500E-06,+4.932474795613E+00,+5.160058101301E+00,+5.128219219732E+00,-31.835937370E-03
-1.490000E-06,+5.133087234366E+00,+5.163434357546E+00,+5.130928076487E+00,-32.503661965E-03
-1.487500E-06,+4.992148162913E+00,+5.149497485836E+00,+5.129671795094E+00,-19.821777483E-03
-1.485000E-06,+4.931297031784E+00,+5.162021040978E+00,+5.130928076487E+00,-31.090087778E-03
-1.482500E-06,+4.949748665095E+00,+5.138151694500E+00,+5.128651066461E+00,-9.498291385E-03
-1.480000E-06,+5.004318389140E+00,+5.142862749726E+00,+5.120956342926E+00,-21.903076264E-03
-1.477500E-06,+5.049466002558E+00,+5.149261933075E+00,+5.127434043861E+00,-21.826171969E-03
-1.475000E-06,+4.925800800586E+00,+5.152991518462E+00,+5.129750312681E+00,-23.238525453E-03
-1.472500E-06,+4.925408212644E+00,+5.147063440636E+00,+5.122526694668E+00,-24.533691440E-03
-1.470000E-06,+4.954852308351E+00,+5.147102699429E+00,+5.127865890590E+00,-19.234619293E-03
-1.467500E-06,+5.012562735937E+00,+5.158055902830E+00,+5.123233352952E+00,-34.819335741E-03
-1.465000E-06,+4.933652559441E+00,+5.153462623984E+00,+5.124332599171E+00,-29.127197197E-03
-1.462500E-06,+5.042399419588E+00,+5.144904206991E+00,+5.119503767564E+00,-25.396728530E-03
-1.460000E-06,+5.064776932326E+00,+5.142627196965E+00,+5.128179960939E+00,-14.444580338E-03
-1.457500E-06,+4.948963489210E+00,+5.150164885326E+00,+5.115852699764E+00,-34.309081846E-03
-1.455000E-06,+5.057710349356E+00,+5.144433101468E+00,+5.118443780138E+00,-25.987548829E-03
-1.452500E-06,+5.003533213255E+00,+5.152873742081E+00,+5.104820978777E+00,-48.049315914E-03
-1.450000E-06,+4.919519393501E+00,+5.141920538681E+00,+5.117423051506E+00,-24.493408238E-03
-1.447500E-06,+4.947393137438E+00,+5.135010991016E+00,+5.110042398319E+00,-24.965820336E-03
-1.445000E-06,+4.805668890099E+00,+5.136502825171E+00,+5.104781719983E+00,-31.717529170E-03
-1.442500E-06,+4.947393137437E+00,+5.140664257287E+00,+5.113811242500E+00,-26.850585919E-03
-1.440000E-06,+4.949356077151E+00,+5.129436242333E+00,+5.111063126951E+00,-18.370361500E-03
-1.437500E-06,+4.988614871429E+00,+5.137366518629E+00,+5.110631280222E+00,-26.732177719E-03
-1.435000E-06,+4.958778187778E+00,+5.146003453210E+00,+5.113104584216E+00,-32.896728362E-03
-1.432500E-06,+4.984296404057E+00,+5.142666455759E+00,+5.109414257622E+00,-33.249511558E-03
-1.430000E-06,+4.921874921158E+00,+5.143019784900E+00,+5.115695664590E+00,-27.320556612E-03
-1.427500E-06,+4.849246151746E+00,+5.135364320158E+00,+5.113261619390E+00,-22.099609463E-03
-1.425000E-06,+4.995681454398E+00,+5.144433101468E+00,+5.101248428564E+00,-43.182372664E-03
-1.422500E-06,+5.073021279125E+00,+5.132341393055E+00,+5.110788315396E+00,-21.550293069E-03
-1.420000E-06,+5.059280701127E+00,+5.138465764849E+00,+5.107529835532E+00,-30.933837781E-03
-1.417500E-06,+4.925800800585E+00,+5.137955400532E+00,+5.100659546661E+00,-37.292480217E-03
-1.415000E-06,+4.967415122518E+00,+5.125667398152E+00,+5.105959483790E+00,-19.705810688E-03
-1.412500E-06,+4.947785725380E+00,+5.129161430777E+00,+5.101326946151E+00,-27.830810507E-03
-1.410000E-06,+4.920304569387E+00,+5.128101443352E+00,+5.108393528990E+00,-19.705810688E-03
-1.407500E-06,+5.003140625313E+00,+5.128690325255E+00,+5.097950689906E+00,-30.737304583E-03
-1.405000E-06,+5.012955323880E+00,+5.131634734771E+00,+5.096223302990E+00,-35.408935338E-03
-1.402500E-06,+4.939541378582E+00,+5.127983666971E+00,+5.110670539016E+00,-17.310791211E-03
-1.400000E-06,+4.804098538328E+00,+5.132812498578E+00,+5.094809986422E+00,-37.999267311E-03
-1.397500E-06,+4.957993011892E+00,+5.136031719649E+00,+5.106783918454E+00,-29.244384694E-03
-1.395000E-06,+4.917949041730E+00,+5.125431845390E+00,+5.099206971299E+00,-26.221923824E-03
-1.392500E-06,+4.874764368024E+00,+5.129711053887E+00,+5.093907034170E+00,-35.800781032E-03
-1.390000E-06,+4.792320900046E+00,+5.130378453377E+00,+5.096458855751E+00,-33.917236152E-03
-1.387500E-06,+4.999607333827E+00,+5.122016330352E+00,+5.093475187441E+00,-28.537597601E-03
-1.385000E-06,+4.884186478652E+00,+5.137288001042E+00,+5.097322549209E+00,-39.962157892E-03
-1.382500E-06,+4.974874293432E+00,+5.127591079035E+00,+5.095595162293E+00,-31.992187367E-03
-1.380000E-06,+4.999607333826E+00,+5.130849558900E+00,+5.098971418538E+00,-31.876220573E-03
-1.377500E-06,+4.886542006309E+00,+5.133872486003E+00,+5.095202574357E+00,-38.666991905E-03
-1.375000E-06,+4.838646277292E+00,+5.116716393222E+00,+5.095673679880E+00,-21.038818471E-03
-1.372500E-06,+4.895964116935E+00,+5.122722988635E+00,+5.088293026693E+00,-34.427490047E-03
-1.370000E-06,+4.923445272929E+00,+5.117187498745E+00,+5.093318152267E+00,-23.865966845E-03
-1.367500E-06,+4.960741127491E+00,+5.116637875635E+00,+5.094495916073E+00,-22.138671962E-03
-1.365000E-06,+5.053784469928E+00,+5.116559358048E+00,+5.087664885996E+00,-28.890380796E-03
-1.362500E-06,+4.955244896292E+00,+5.114753453545E+00,+5.091630024144E+00,-23.120117253E-03
-1.360000E-06,+5.001177685595E+00,+5.112869031455E+00,+5.093161117093E+00,-19.705810689E-03
-1.357500E-06,+5.020021906850E+00,+5.114635677164E+00,+5.087468592028E+00,-27.164306615E-03
-1.355000E-06,+4.910882458761E+00,+5.112947549042E+00,+5.092532976396E+00,-20.411377079E-03
-1.352500E-06,+5.034547660733E+00,+5.123037058984E+00,+5.091669282938E+00,-31.364745975E-03
-1.350000E-06,+5.040436479875E+00,+5.119464508771E+00,+5.093946292964E+00,-25.516357433E-03
-1.347500E-06,+4.895571528992E+00,+5.113614948532E+00,+5.092375941222E+00,-21.235351670E-03
-1.345000E-06,+4.895178941050E+00,+5.127237749893E+00,+5.088450061867E+00,-38.785400106E-03
-1.342500E-06,+4.961133715435E+00,+5.111180903332E+00,+5.086683416157E+00,-24.494628941E-03
-1.340000E-06,+4.947000549496E+00,+5.120249684642E+00,+5.092297423635E+00,-27.950439410E-03
-1.337500E-06,+4.964667006920E+00,+5.118522297726E+00,+5.082168654899E+00,-36.351318129E-03
-1.335000E-06,+5.116598540770E+00,+5.115931217351E+00,+5.084916770447E+00,-31.011962779E-03
-1.332500E-06,+5.040043891931E+00,+5.122919282603E+00,+5.075023554473E+00,-47.891845215E-03
-1.330000E-06,+4.976052057261E+00,+5.111377197300E+00,+5.081226443854E+00,-30.147704986E-03
-1.327500E-06,+5.038866128105E+00,+5.100855840628E+00,+5.081069408679E+00,-19.782714984E-03
-1.325000E-06,+5.004318389138E+00,+5.108943152100E+00,+5.078556845892E+00,-30.382079981E-03
-1.322500E-06,+4.973303941661E+00,+5.110513503841E+00,+5.084798994067E+00,-25.711669929E-03
-1.320000E-06,+4.876334719798E+00,+5.099835111996E+00,+5.075416142408E+00,-24.415283240E-03
-1.317500E-06,+5.018451555079E+00,+5.111259420919E+00,+5.083385677499E+00,-27.871093709E-03
-1.315000E-06,+4.936793262982E+00,+5.101641016499E+00,+5.081383479028E+00,-20.255127082E-03
-1.312500E-06,+4.928941504129E+00,+5.113143843010E+00,+5.075533918789E+00,-37.606200914E-03
-1.310000E-06,+4.992540750855E+00,+5.104938755157E+00,+5.074866519299E+00,-30.069579988E-03
-1.307500E-06,+5.027481077763E+00,+5.102897297893E+00,+5.084681217686E+00,-18.212890800E-03
-1.305000E-06,+4.779758085876E+00,+5.115538629416E+00,+5.075965765518E+00,-39.569091494E-03
-1.302500E-06,+5.042006831645E+00,+5.100973617009E+00,+5.077614634847E+00,-23.355712951E-03
-1.300000E-06,+5.046717886959E+00,+5.102740262719E+00,+5.083896041815E+00,-18.841552895E-03
-1.297500E-06,+4.935222911212E+00,+5.107255023977E+00,+5.083660489054E+00,-23.592529351E-03
-1.295000E-06,+4.998036982054E+00,+5.097636619557E+00,+5.080519785570E+00,-17.113037309E-03
-1.292500E-06,+4.974089117547E+00,+5.101091393390E+00,+5.076868717770E+00,-24.219970744E-03
-1.290000E-06,+4.997251806169E+00,+5.099049936125E+00,+5.091276695002E+00,-7.769775799E-03
-1.287500E-06,+4.850816503516E+00,+5.093514446235E+00,+5.088175250312E+00,-5.336914525E-03
-1.285000E-06,+4.948570901266E+00,+5.098892900951E+00,+5.071019157531E+00,-27.869873006E-03
-1.282500E-06,+4.855527558829E+00,+5.096223302989E+00,+5.070783604770E+00,-25.435791029E-03
-1.280000E-06,+4.847283212032E+00,+5.099678076822E+00,+5.071568780641E+00,-28.106689407E-03
-1.277500E-06,+5.047110474901E+00,+5.100345476312E+00,+5.071608039434E+00,-28.734130799E-03
-1.275000E-06,+4.809594769525E+00,+5.095124056770E+00,+5.084210112163E+00,-10.911865573E-03
-1.272500E-06,+4.983903816114E+00,+5.107176506390E+00,+5.075416142409E+00,-31.757812372E-03
-1.270000E-06,+4.940719142411E+00,+5.104153579286E+00,+5.082325690073E+00,-21.824951266E-03
-1.267500E-06,+4.995288866457E+00,+5.102818780306E+00,+5.075651695170E+00,-27.164306616E-03
-1.265000E-06,+5.034155072789E+00,+5.107529835532E+00,+5.072196921337E+00,-35.330810339E-03
-1.262500E-06,+5.000785097655E+00,+5.098068466286E+00,+5.082639760422E+00,-15.426025628E-03
-1.260000E-06,+5.005103565024E+00,+5.110592021428E+00,+5.075023554473E+00,-35.565185334E-03
-1.257500E-06,+5.031014369249E+00,+5.099756594409E+00,+5.072196921337E+00,-27.556152310E-03
-1.255000E-06,+4.949356077151E+00,+5.091198177415E+00,+5.078164257957E+00,-13.031006150E-03
-1.252500E-06,+4.901460348133E+00,+5.097322549209E+00,+5.070037687692E+00,-27.281494113E-03
-1.250000E-06,+5.085191505348E+00,+5.099678076822E+00,+5.067014760589E+00,-32.659911961E-03
-1.247500E-06,+4.948963489209E+00,+5.092532976396E+00,+5.074238378602E+00,-18.291015798E-03
-1.245000E-06,+4.900675172249E+00,+5.096694408512E+00,+5.071961368576E+00,-24.730224639E-03
-1.242500E-06,+4.841001804946E+00,+5.098500313015E+00,+5.062774810885E+00,-35.722656034E-03
-1.240000E-06,+4.936008087096E+00,+5.085309358383E+00,+5.072903579621E+00,-12.403564758E-03
-1.237500E-06,+5.017273791252E+00,+5.096105526609E+00,+5.062382222950E+00,-33.720702953E-03
-1.235000E-06,+5.053784469927E+00,+5.086016016667E+00,+5.071490263053E+00,-14.522705336E-03
-1.232500E-06,+4.949748665094E+00,+5.094495916074E+00,+5.069998428899E+00,-24.494628941E-03
-1.230000E-06,+4.966629946634E+00,+5.093946292964E+00,+5.064659232976E+00,-29.283447193E-03
-1.227500E-06,+4.993325926743E+00,+5.088881908596E+00,+5.070391016834E+00,-18.488769700E-03
-1.225000E-06,+4.949356077151E+00,+5.094967021596E+00,+5.075337624821E+00,-19.627685690E-03
-1.222500E-06,+4.948963489209E+00,+5.093239634680E+00,+5.066896984208E+00,-26.340332024E-03
-1.220000E-06,+4.928156328241E+00,+5.098029207493E+00,+5.071882850989E+00,-26.143798826E-03
-1.217500E-06,+4.866520021228E+00,+5.084956029241E+00,+5.062303705363E+00,-22.648925857E-03
-1.215000E-06,+4.920304569387E+00,+5.080441267983E+00,+5.071019157531E+00,-9.420166387E-03
-1.212500E-06,+4.853564619118E+00,+5.095438127118E+00,+5.057788944105E+00,-37.645263412E-03
-1.210000E-06,+5.043577183415E+00,+5.093632222615E+00,+5.055943780808E+00,-37.684325911E-03
-1.207500E-06,+4.937971026812E+00,+5.086997486506E+00,+5.070469534421E+00,-16.524658416E-03
-1.205000E-06,+4.856705322658E+00,+5.078478328305E+00,+5.053666770782E+00,-24.808349637E-03
-1.202500E-06,+4.837468513462E+00,+5.087076004093E+00,+5.066936243002E+00,-20.136718882E-03
-1.200000E-06,+4.914023162302E+00,+5.078478328305E+00,+5.068820665092E+00,-9.654541382E-03
-1.197500E-06,+4.941504318297E+00,+5.084798994067E+00,+5.058417084802E+00,-26.379394524E-03
-1.195000E-06,+4.957993011892E+00,+5.085073805622E+00,+5.072746544447E+00,-12.325439760E-03
-1.192500E-06,+4.863771905628E+00,+5.090216707577E+00,+5.057514132550E+00,-32.698974461E-03
-1.190000E-06,+4.964274418978E+00,+5.091355212589E+00,+5.066229584718E+00,-25.123291036E-03
-1.187500E-06,+4.925800800585E+00,+5.083346418705E+00,+5.057082285821E+00,-26.262207026E-03
-1.185000E-06,+4.983903816114E+00,+5.093396669854E+00,+5.061518529492E+00,-31.876220572E-03
-1.182500E-06,+4.931689619726E+00,+5.082953830770E+00,+5.053077888879E+00,-29.873046789E-03
-1.180000E-06,+4.895964116936E+00,+5.089078202564E+00,+5.057278579788E+00,-31.795654168E-03
-1.177500E-06,+4.890467885738E+00,+5.076711682595E+00,+5.053823805956E+00,-22.885742258E-03
-1.175000E-06,+4.890467885735E+00,+5.066936243002E+00,+5.057278579789E+00,-9.654541382E-03
-1.172500E-06,+4.992540750856E+00,+5.086604898570E+00,+5.056375627537E+00,-30.225829985E-03
-1.170000E-06,+4.950926428923E+00,+5.070469534421E+00,+5.054844534589E+00,-15.621338124E-03
-1.167500E-06,+5.082050801808E+00,+5.080244974015E+00,+5.055158604937E+00,-25.083007834E-03
-1.165000E-06,+4.968985474290E+00,+5.083267901118E+00,+5.055394157698E+00,-27.869873006E-03
-1.162500E-06,+4.972126177832E+00,+5.081030149886E+00,+5.063717021931E+00,-17.309570508E-03
-1.160000E-06,+5.004318389138E+00,+5.063559986757E+00,+5.060183730511E+00,-3.372803241E-03
-1.157500E-06,+4.978800172859E+00,+5.080284232809E+00,+5.056218592363E+00,-24.062500044E-03
-1.155000E-06,+5.040436479873E+00,+5.085544911144E+00,+5.058691896356E+00,-26.849365216E-03
-1.152500E-06,+4.858668262372E+00,+5.084916770448E+00,+5.047777951749E+00,-37.136230221E-03
-1.150000E-06,+5.076554570607E+00,+5.085544911144E+00,+5.059477072227E+00,-26.065673827E-03
-1.147500E-06,+4.975266881375E+00,+5.074159861015E+00,+5.057906720485E+00,-16.250000219E-03
-1.145000E-06,+4.932082207670E+00,+5.080441267983E+00,+5.055315640111E+00,-25.123291036E-03
-1.142500E-06,+5.016488615365E+00,+5.074630966537E+00,+5.056728956679E+00,-17.899170104E-03
-1.140000E-06,+4.947000549495E+00,+5.080676820744E+00,+5.052567524562E+00,-28.106689407E-03
-1.137500E-06,+5.032192133077E+00,+5.085937499079E+00,+5.056846733059E+00,-29.088134697E-03
-1.135000E-06,+5.022377434506E+00,+5.069448805789E+00,+5.058142273247E+00,-11.304931970E-03
-1.132500E-06,+5.046717886959E+00,+5.074630966537E+00,+5.045343906549E+00,-29.284667896E-03
-1.130000E-06,+4.992540750854E+00,+5.064816268150E+00,+5.047306846227E+00,-17.506103706E-03
-1.127500E-06,+4.971341001946E+00,+5.066543655066E+00,+5.057514132550E+00,-9.027099990E-03
-1.125000E-06,+4.901460348136E+00,+5.081619031789E+00,+5.052410489388E+00,-29.205322195E-03
-1.122500E-06,+4.923445272928E+00,+5.070783604769E+00,+5.058063755660E+00,-12.716064751E-03
-1.120000E-06,+4.971341001946E+00,+5.062696293299E+00,+5.052489006975E+00,-10.203857776E-03
-1.117500E-06,+5.107961606031E+00,+5.079224245383E+00,+5.054923052176E+00,-24.298095742E-03
-1.115000E-06,+5.050643766384E+00,+5.061989635015E+00,+5.052567524562E+00,-9.420166388E-03
-1.112500E-06,+4.851601679401E+00,+5.077536117260E+00,+5.044676507059E+00,-32.856445160E-03
-1.110000E-06,+4.949356077150E+00,+5.086016016667E+00,+5.056100815982E+00,-29.913329992E-03
-1.107500E-06,+4.962311479263E+00,+5.070194722867E+00,+5.052292713008E+00,-17.900390807E-03
-1.105000E-06,+4.895964116936E+00,+5.090098931195E+00,+5.043930589982E+00,-46.165771034E-03
-1.102500E-06,+4.882223538936E+00,+5.072157662544E+00,+5.050133479363E+00,-22.021484465E-03
-1.100000E-06,+4.946215373608E+00,+5.066857725415E+00,+5.046914258291E+00,-19.940185683E-03
-1.097500E-06,+4.953674544522E+00,+5.081579772995E+00,+5.057082285821E+00,-24.494628941E-03
-1.095000E-06,+4.795461603588E+00,+5.066857725415E+00,+5.048641645208E+00,-18.214111503E-03
-1.092500E-06,+4.940719142410E+00,+5.065797737989E+00,+5.042242461859E+00,-23.552246149E-03
-1.090000E-06,+4.919519393503E+00,+5.060968906382E+00,+5.053509735608E+00,-7.457275806E-03
-1.087500E-06,+4.859060850315E+00,+5.064894785737E+00,+5.052096419040E+00,-12.795410453E-03
-1.085000E-06,+4.976837233144E+00,+5.064659232976E+00,+5.053666770782E+00,-10.989990571E-03
-1.082500E-06,+4.940326554468E+00,+5.062931846060E+00,+5.047149811053E+00,-15.778808823E-03
-1.080000E-06,+4.962704067205E+00,+5.059477072228E+00,+5.051468278343E+00,-8.006592200E-03
-1.077500E-06,+4.949356077152E+00,+5.074670225331E+00,+5.044166142743E+00,-30.500488182E-03
-1.075000E-06,+4.920304569386E+00,+5.060890388795E+00,+5.042988378937E+00,-17.899170104E-03
-1.072500E-06,+4.794283839758E+00,+5.064227386247E+00,+5.048013504511E+00,-16.212158423E-03
-1.070000E-06,+4.917163865846E+00,+5.068428077156E+00,+5.038748429233E+00,-29.676513590E-03
-1.067500E-06,+4.812735473067E+00,+5.068114006808E+00,+5.037335112665E+00,-30.776367082E-03
-1.065000E-06,+4.767980447593E+00,+5.076044283105E+00,+5.042438755827E+00,-33.602294752E-03
-1.062500E-06,+4.941504318294E+00,+5.069880652518E+00,+5.040789886498E+00,-29.088134697E-03
-1.060000E-06,+4.742069643374E+00,+5.077614634847E+00,+5.042281720652E+00,-35.330810339E-03
-1.057500E-06,+4.857097910599E+00,+5.066818466621E+00,+5.036864007143E+00,-29.951171787E-03
-1.055000E-06,+4.877119895682E+00,+5.064031092279E+00,+5.041653579956E+00,-22.374267660E-03
-1.052500E-06,+4.896356704880E+00,+5.070508793215E+00,+5.033487750898E+00,-37.017822020E-03
-1.050000E-06,+4.923445272928E+00,+5.057121544614E+00,+5.037806218188E+00,-19.312744291E-03
-1.047500E-06,+4.959563363664E+00,+5.059869660163E+00,+5.038905464407E+00,-20.960693473E-03
-1.045000E-06,+4.926585976472E+00,+5.057278579789E+00,+5.023044911814E+00,-34.229736145E-03
-1.042500E-06,+4.884971654538E+00,+5.054883793382E+00,+5.030072235859E+00,-24.808349637E-03
-1.040000E-06,+5.000392509712E+00,+5.047620916576E+00,+5.033958856420E+00,-13.658447543E-03
-1.037500E-06,+4.959563363664E+00,+5.065287373673E+00,+5.036510678001E+00,-28.773193298E-03
-1.035000E-06,+4.848853563801E+00,+5.059791142576E+00,+5.049976444188E+00,-9.813232785E-03
-1.032500E-06,+4.906563991389E+00,+5.063559986756E+00,+5.028815954465E+00,-34.739990040E-03
-1.030000E-06,+4.800957834787E+00,+5.073845790666E+00,+5.031446293633E+00,-42.396239868E-03
-1.027500E-06,+4.983903816117E+00,+5.059241519466E+00,+5.036353642827E+00,-22.884521555E-03
-1.025000E-06,+4.848853563803E+00,+5.083110865944E+00,+5.030268529827E+00,-52.838134166E-03
-1.022500E-06,+4.876727307737E+00,+5.056689697885E+00,+5.037413630253E+00,-19.273681792E-03
-1.020000E-06,+5.005888740911E+00,+5.065444408847E+00,+5.031760363981E+00,-33.680419751E-03
-1.017500E-06,+4.945822785666E+00,+5.061322235524E+00,+5.032820351407E+00,-28.498535101E-03
-1.015000E-06,+4.816661352496E+00,+5.051389760756E+00,+5.040868404085E+00,-10.518799175E-03
-1.012500E-06,+4.934830323270E+00,+5.061361494318E+00,+5.030464823794E+00,-30.893554579E-03
-1.010000E-06,+4.979977936689E+00,+5.045029836201E+00,+5.038434358885E+00,-6.593018013E-03
-1.007500E-06,+4.908134343160E+00,+5.051350501963E+00,+5.041889132717E+00,-9.459228886E-03
-1.005000E-06,+4.920304569387E+00,+5.062853328473E+00,+5.035293655401E+00,-27.557373013E-03
-1.002500E-06,+4.931297031783E+00,+5.048955715556E+00,+5.039729899072E+00,-9.223633188E-03
-1.000000E-06,+4.970555826060E+00,+5.050447549711E+00,+5.028933730846E+00,-21.510009867E-03
-997.500E-09,+5.025518138049E+00,+5.057514132550E+00,+5.029247801194E+00,-28.264160107E-03
-995.000E-09,+4.957993011890E+00,+5.050683102472E+00,+5.039455087517E+00,-11.224365566E-03
-992.500E-09,+4.954852308350E+00,+5.059123743085E+00,+5.037374371459E+00,-21.746826268E-03
-990.000E-09,+4.862986729741E+00,+5.055315640111E+00,+5.040083228214E+00,-15.230713132E-03
-987.500E-09,+4.877119895682E+00,+5.052449748182E+00,+5.036000313685E+00,-16.447754121E-03
-985.000E-09,+5.003533213253E+00,+5.068820665092E+00,+5.037727700601E+00,-31.090087778E-03
-982.500E-09,+5.023555198334E+00,+5.055786745634E+00,+5.039769157866E+00,-16.014404521E-03
-980.000E-09,+5.081265625921E+00,+5.063324433995E+00,+5.024458228381E+00,-38.863525104E-03
-977.500E-09,+4.888112358081E+00,+5.051625313517E+00,+5.018883479697E+00,-32.739257663E-03
-975.000E-09,+4.950926428921E+00,+5.048955715556E+00,+5.032545539852E+00,-16.407470918E-03
-972.500E-09,+4.938756202697E+00,+5.059437813434E+00,+5.028266331356E+00,-31.169433479E-03
-970.000E-09,+4.955637484237E+00,+5.049819409014E+00,+5.035136620227E+00,-14.678955332E-03
-967.500E-09,+4.919911981446E+00,+5.049740891427E+00,+5.027991519801E+00,-21.746826268E-03
-965.000E-09,+4.988614871428E+00,+5.058220790834E+00,+5.023123429401E+00,-35.093993938E-03
-962.500E-09,+4.905778815504E+00,+5.047267587433E+00,+5.027834484627E+00,-19.429931788E-03
-960.000E-09,+4.892038237508E+00,+5.058927449118E+00,+5.033330715723E+00,-25.594482432E-03
-957.500E-09,+4.976837233145E+00,+5.054962310969E+00,+5.031446293633E+00,-23.513183650E-03
-955.000E-09,+4.798602307128E+00,+5.047934986924E+00,+5.024615263555E+00,-23.316650452E-03
-952.500E-09,+4.952496780694E+00,+5.053980841131E+00,+5.027598931865E+00,-26.379394524E-03
-950.000E-09,+4.919519393501E+00,+5.054216393892E+00,+5.021710112833E+00,-32.503661965E-03
-947.500E-09,+4.877512483622E+00,+5.046835740705E+00,+5.026931532375E+00,-19.901123185E-03
-945.000E-09,+4.956422660120E+00,+5.063952574692E+00,+5.025086369078E+00,-38.863525104E-03
-942.500E-09,+5.013740499767E+00,+5.045422424137E+00,+5.036078831272E+00,-9.340820686E-03
-940.000E-09,+4.804098538328E+00,+5.055001569763E+00,+5.014722047581E+00,-40.277099291E-03
-937.500E-09,+5.000392509712E+00,+5.052253454214E+00,+5.022573806291E+00,-29.676513590E-03
-935.000E-09,+4.921089745274E+00,+5.049348303492E+00,+5.024301193207E+00,-25.045166038E-03
-932.500E-09,+4.972911353719E+00,+5.055040828556E+00,+5.021631595246E+00,-33.405761554E-03
-930.000E-09,+5.021592258620E+00,+5.041260992021E+00,+5.022495288704E+00,-18.763427897E-03
-927.500E-09,+4.892430825450E+00,+5.050251255743E+00,+5.026931532375E+00,-23.316650452E-03
-925.000E-09,+4.950926428923E+00,+5.062696293298E+00,+5.022495288704E+00,-40.198974293E-03
-922.500E-09,+4.831579694319E+00,+5.042870602556E+00,+5.020179019884E+00,-22.689209059E-03
-920.000E-09,+4.925015624699E+00,+5.038905464408E+00,+5.030582600175E+00,-8.319092193E-03
-917.500E-09,+4.932474795612E+00,+5.066543655066E+00,+5.029522612749E+00,-37.017822020E-03
-915.000E-09,+4.898319644593E+00,+5.056022298395E+00,+5.033095162962E+00,-22.923584054E-03
-912.500E-09,+4.882223538938E+00,+5.074120602221E+00,+5.027520414278E+00,-46.596679228E-03
-910.000E-09,+4.811950297183E+00,+5.065679961608E+00,+5.022338253530E+00,-43.338622660E-03
-907.500E-09,+4.792320900045E+00,+5.044558730679E+00,+5.018412374175E+00,-26.143798826E-03
-905.000E-09,+4.940719142410E+00,+5.058613378769E+00,+5.025557474601E+00,-33.052978359E-03
-902.500E-09,+4.841001804946E+00,+5.075298366028E+00,+5.031995916743E+00,-43.299560161E-03
-900.000E-09,+4.925800800586E+00,+5.043930589982E+00,+5.025243404252E+00,-18.685302899E-03
-897.500E-09,+4.935222911212E+00,+5.033409233310E+00,+5.027873743420E+00,-5.533447724E-03
-895.000E-09,+4.930511855898E+00,+5.072118403750E+00,+5.048170539685E+00,-23.944091843E-03
-892.500E-09,+4.873979192139E+00,+5.090923365861E+00,+5.032584798646E+00,-58.334960216E-03
-890.000E-09,+4.895964116935E+00,+5.025400439427E+00,+5.036864007143E+00,+11.463622208E-03
-887.500E-09,+4.936008087098E+00,+5.037217336285E+00,+5.038512876472E+00,+1.296386108E-03
-885.000E-09,+4.811165121298E+00,+5.094338880899E+00,+5.039847675453E+00,-54.488524754E-03
-882.500E-09,+4.833935221975E+00,+5.054255652685E+00,+5.035764760924E+00,-18.488769700E-03
-880.000E-09,+5.016881203306E+00,+5.023516017337E+00,+5.018804962110E+00,-4.708252430E-03
-877.500E-09,+4.897534468708E+00,+5.060654836033E+00,+5.036275125240E+00,-24.377441443E-03
-875.000E-09,+5.022377434504E+00,+5.080284232809E+00,+5.036864007143E+00,-43.416747659E-03
-872.500E-09,+4.893216001334E+00,+5.058927449118E+00,+5.028855213259E+00,-30.069579989E-03
-870.000E-09,+4.957993011889E+00,+5.035686243336E+00,+5.030032977065E+00,-5.650635221E-03
-867.500E-09,+4.949356077152E+00,+5.062342964157E+00,+5.030386306207E+00,-31.954345571E-03
-865.000E-09,+4.885756830422E+00,+5.086644157363E+00,+5.034508479530E+00,-52.132567776E-03
-862.500E-09,+4.952889368635E+00,+5.052803077324E+00,+5.037060301111E+00,-15.739746324E-03
-860.000E-09,+5.061636228784E+00,+5.044009107569E+00,+5.028933730846E+00,-15.072021729E-03
-857.500E-09,+4.957207836006E+00,+5.071019157530E+00,+5.029012248433E+00,-42.003173471E-03
-855.000E-09,+4.979977936688E+00,+5.079656092112E+00,+5.045186871375E+00,-34.466552546E-03
-852.500E-09,+4.965059594865E+00,+5.057828202898E+00,+5.023555276130E+00,-34.270019348E-03
-850.000E-09,+5.122879947853E+00,+5.039769157866E+00,+5.028305590149E+00,-11.461181966E-03
-847.500E-09,+4.886934594253E+00,+5.064266645040E+00,+5.029797424304E+00,-34.466552546E-03
-845.000E-09,+5.010599796222E+00,+5.080598303157E+00,+5.027441896691E+00,-53.153075566E-03
-842.500E-09,+4.902638111962E+00,+5.035332914195E+00,+5.036432160414E+00,+1.099852909E-03
-840.000E-09,+4.841786980835E+00,+5.046914258292E+00,+5.028698178085E+00,-18.214111503E-03
-837.500E-09,+4.955244896291E+00,+5.085191582002E+00,+5.036353642827E+00,-48.834228006E-03
-835.000E-09,+4.910882458760E+00,+5.068506594744E+00,+5.037963253362E+00,-30.540771384E-03
-832.500E-09,+5.021199670678E+00,+5.055747486840E+00,+5.030857411730E+00,-24.886474636E-03
-830.000E-09,+4.987829695543E+00,+5.060183730511E+00,+5.035215137814E+00,-24.964599633E-03
-827.500E-09,+4.890467885736E+00,+5.084210112164E+00,+5.027324120310E+00,-56.882323530E-03
-825.000E-09,+4.850423915574E+00,+5.075651695169E+00,+5.034115891594E+00,-41.531982075E-03
-822.500E-09,+4.806061478041E+00,+5.044558730678E+00,+5.047817210543E+00,+3.259276689E-03
-820.000E-09,+4.874764368025E+00,+5.074159861014E+00,+5.050918655234E+00,-23.238525453E-03
-817.500E-09,+4.809202181583E+00,+5.081147926266E+00,+5.039651381485E+00,-41.492919576E-03
-815.000E-09,+4.801743010672E+00,+5.075573177582E+00,+5.049976444188E+00,-25.594482432E-03
-812.500E-09,+4.879868011283E+00,+5.062421481743E+00,+5.045147612582E+00,-17.270508008E-03
-810.000E-09,+4.899889996362E+00,+5.065836996782E+00,+5.045972047246E+00,-19.862060685E-03
-807.500E-09,+4.902638111962E+00,+5.073531720318E+00,+5.040240263388E+00,-33.288574057E-03
-805.000E-09,+4.901460348134E+00,+5.059398554640E+00,+5.036785489556E+00,-22.611084061E-03
-802.500E-09,+4.912060222589E+00,+5.051114949201E+00,+5.048484610034E+00,-2.629395054E-03
-800.000E-09,+4.976837233145E+00,+5.068192524396E+00,+5.047385363814E+00,-20.804443477E-03
-797.500E-09,+4.945037609781E+00,+5.076515388628E+00,+5.039533605104E+00,-36.978759521E-03
-795.000E-09,+4.928941504127E+00,+5.054687499415E+00,+5.043145414111E+00,-11.539306965E-03
-792.500E-09,+4.923052684988E+00,+5.067446607318E+00,+5.046717964324E+00,-20.726318478E-03
-790.000E-09,+4.894393765166E+00,+5.076436871040E+00,+5.040004710627E+00,-36.429443127E-03
-787.500E-09,+4.985474167888E+00,+5.071882850989E+00,+5.038630652853E+00,-33.249511558E-03
-785.000E-09,+4.943859845953E+00,+5.075573177583E+00,+5.043223931698E+00,-32.344970562E-03
-782.500E-09,+5.056532585528E+00,+5.060654836034E+00,+5.037923994568E+00,-22.728271558E-03
-780.000E-09,+4.953281956581E+00,+5.084210112163E+00,+5.042046167891E+00,-42.161864874E-03
-777.500E-09,+4.940719142413E+00,+5.074945036885E+00,+5.039886934246E+00,-35.056152142E-03
-775.000E-09,+4.886542006308E+00,+5.063167398821E+00,+5.036864007143E+00,-26.300048822E-03
-772.500E-09,+4.864557081511E+00,+5.074984295679E+00,+5.041064698053E+00,-33.916015449E-03
-770.000E-09,+4.922660097041E+00,+5.070391016834E+00,+5.046129082420E+00,-24.259033243E-03
-767.500E-09,+4.912060222589E+00,+5.067328830937E+00,+5.046874999498E+00,-20.450439578E-03
-765.000E-09,+4.985474167888E+00,+5.054451946653E+00,+5.040475816149E+00,-13.973388942E-03
-762.500E-09,+4.910097282875E+00,+5.064423680215E+00,+5.057003768234E+00,-7.416992604E-03
-760.000E-09,+4.844142508489E+00,+5.071961368576E+00,+5.046207600008E+00,-25.750732429E-03
-757.500E-09,+4.941111730357E+00,+5.073845790666E+00,+5.049466079873E+00,-24.376220740E-03
-755.000E-09,+4.853564619115E+00,+5.059712624989E+00,+5.058299308421E+00,-1.409912660E-03
-752.500E-09,+4.830794518435E+00,+5.079891644873E+00,+5.048916456762E+00,-30.972900281E-03
-750.000E-09,+4.897534468706E+00,+5.072196921337E+00,+5.044715765853E+00,-27.479248015E-03
-747.500E-09,+4.981940876399E+00,+5.069448805789E+00,+5.041457285988E+00,-27.989501910E-03
-745.000E-09,+4.977622409033E+00,+5.083896041815E+00,+5.046835740705E+00,-37.056884519E-03
-742.500E-09,+4.879868011281E+00,+5.064502197801E+00,+5.050643843679E+00,-13.856201444E-03
-740.000E-09,+4.857490498543E+00,+5.074866519298E+00,+5.044794283440E+00,-30.069579988E-03
-737.500E-09,+4.844535096433E+00,+5.076711682595E+00,+5.049073491937E+00,-27.635498011E-03
-735.000E-09,+5.034155072788E+00,+5.058299308421E+00,+5.050840137646E+00,-7.457275806E-03
-732.500E-09,+5.012955323881E+00,+5.081030149886E+00,+5.038316582504E+00,-42.709960565E-03
-730.000E-09,+5.063206580551E+00,+5.073610237905E+00,+5.049034233143E+00,-24.573974642E-03
-727.500E-09,+4.960741127491E+00,+5.067525124905E+00,+5.052214195421E+00,-15.307617428E-03
-725.000E-09,+4.963489243091E+00,+5.071333227879E+00,+5.033252198137E+00,-38.077392309E-03
-722.500E-09,+4.858668262372E+00,+5.069252511821E+00,+5.047032034672E+00,-22.218017664E-03
-720.000E-09,+4.912452810529E+00,+5.064659232976E+00,+5.055865263221E+00,-8.790283589E-03
-717.500E-09,+4.976052057259E+00,+5.085230840796E+00,+5.041457285988E+00,-43.769530854E-03
-715.000E-09,+4.857490498545E+00,+5.073845790666E+00,+5.051546795930E+00,-22.296142662E-03
-712.500E-09,+4.888897533964E+00,+5.087821921170E+00,+5.048249057272E+00,-39.569091495E-03
-710.000E-09,+4.944645021839E+00,+5.087586368409E+00,+5.054766017001E+00,-32.816161958E-03
-707.500E-09,+4.887719770137E+00,+5.076358353454E+00,+5.050997172821E+00,-25.357666031E-03
-705.000E-09,+4.855920146771E+00,+5.095202574357E+00,+5.053352700434E+00,-41.846923475E-03
-702.500E-09,+4.852386855286E+00,+5.074316896189E+00,+5.054177135098E+00,-20.137939585E-03
-700.000E-09,+4.786039492960E+00,+5.086722674950E+00,+5.046521670356E+00,-40.198974293E-03
-697.500E-09,+4.922660097044E+00,+5.081187185060E+00,+5.048445351240E+00,-32.738036959E-03
-695.000E-09,+4.903030699906E+00,+5.084445664925E+00,+5.054608981827E+00,-29.832763587E-03
-692.500E-09,+4.934830323270E+00,+5.075730212757E+00,+5.043695037220E+00,-32.032470569E-03
-690.000E-09,+4.827653814893E+00,+5.070155464073E+00,+5.053902323543E+00,-16.251220922E-03
-687.500E-09,+4.905778815505E+00,+5.072000627370E+00,+5.064305903834E+00,-7.692871504E-03
-685.000E-09,+4.910097282874E+00,+5.084916770447E+00,+5.053195665259E+00,-31.717529170E-03
-682.500E-09,+5.010992384165E+00,+5.079538315731E+00,+5.051664572311E+00,-27.871093709E-03
-680.000E-09,+4.929726680014E+00,+5.072353956512E+00,+5.060654836033E+00,-11.695556962E-03
-677.500E-09,+4.903815875789E+00,+5.087939697551E+00,+5.053352700434E+00,-34.583740043E-03
-675.000E-09,+4.878690247455E+00,+5.070783604770E+00,+5.058613378769E+00,-12.166748357E-03
-672.500E-09,+4.930511855897E+00,+5.092179647254E+00,+5.048563127620E+00,-43.613280858E-03
-670.000E-09,+4.909312106989E+00,+5.083581971466E+00,+5.057985238073E+00,-25.594482432E-03
-667.500E-09,+4.881045775108E+00,+5.076397612248E+00,+5.057631908930E+00,-18.763427898E-03
-665.000E-09,+4.793891251816E+00,+5.099128453712E+00,+5.039062499582E+00,-60.062255098E-03
-662.500E-09,+4.908919519045E+00,+5.081815325757E+00,+5.059163001879E+00,-22.648925857E-03
-660.000E-09,+4.795461603587E+00,+5.089313755325E+00,+5.046678705530E+00,-42.630614864E-03
-657.500E-09,+4.924230448813E+00,+5.093592963822E+00,+5.053470476814E+00,-40.119628592E-03
-655.000E-09,+5.048288238727E+00,+5.077536117260E+00,+5.061518529492E+00,-16.014404521E-03
-652.500E-09,+4.934045147386E+00,+5.088410803073E+00,+5.053313441640E+00,-35.093993939E-03
-650.000E-09,+4.912452810532E+00,+5.076907976563E+00,+5.063010363647E+00,-13.895263943E-03
-647.500E-09,+4.979977936689E+00,+5.078713881067E+00,+5.068271041983E+00,-10.440674177E-03
-645.000E-09,+4.898319644593E+00,+5.086016016667E+00,+5.058848931531E+00,-27.164306616E-03
-642.500E-09,+4.876727307737E+00,+5.078007222783E+00,+5.062225187776E+00,-15.780029526E-03
-640.000E-09,+5.016881203307E+00,+5.075416142409E+00,+5.060105212924E+00,-15.308838131E-03
-637.500E-09,+4.951319016866E+00,+5.092179647254E+00,+5.052567524563E+00,-39.609374697E-03
-635.000E-09,+5.056139997585E+00,+5.073296167557E+00,+5.067564383698E+00,-5.728760220E-03
-632.500E-09,+4.989792635254E+00,+5.092650752777E+00,+5.055080087350E+00,-37.567138415E-03
-630.000E-09,+4.953281956577E+00,+5.098892900951E+00,+5.053980841130E+00,-44.908446844E-03
-627.500E-09,+4.926978564412E+00,+5.086683416157E+00,+5.049269785904E+00,-37.410888418E-03
-625.000E-09,+4.767195271708E+00,+5.108079458641E+00,+5.057906720485E+00,-50.169677195E-03
-622.500E-09,+4.943467258008E+00,+5.089353014118E+00,+5.067485866112E+00,-21.864013765E-03
-620.000E-09,+4.850423915575E+00,+5.096615890925E+00,+5.052724559737E+00,-43.887939054E-03
-617.500E-09,+5.016881203308E+00,+5.094338880899E+00,+5.057592650137E+00,-36.743163823E-03
-615.000E-09,+4.837075925523E+00,+5.090334483957E+00,+5.068035489221E+00,-22.296142662E-03
-612.500E-09,+4.970948414004E+00,+5.092415200015E+00,+5.050369032124E+00,-42.043456673E-03
-610.000E-09,+4.904601051677E+00,+5.085466393557E+00,+5.068506594744E+00,-16.956787312E-03
-607.500E-09,+5.054569645811E+00,+5.083856783021E+00,+5.064031092279E+00,-19.822998186E-03
-605.000E-09,+5.082835977693E+00,+5.094181845725E+00,+5.056022298395E+00,-38.155517307E-03
-602.500E-09,+5.024732962165E+00,+5.080009421254E+00,+5.062696293298E+00,-17.310791211E-03
-600.000E-09,+4.939148790640E+00,+5.075416142409E+00,+5.059712624989E+00,-15.701904528E-03
-597.500E-09,+4.822550171637E+00,+5.096458855751E+00,+5.059280778260E+00,-37.175292720E-03
-595.000E-09,+4.779758085876E+00,+5.080833855919E+00,+5.058613378769E+00,-22.218017664E-03
-592.500E-09,+4.851209091458E+00,+5.090687813099E+00,+5.064659232976E+00,-26.025390626E-03
-590.000E-09,+4.943074670065E+00,+5.096301820577E+00,+5.063717021931E+00,-32.581786963E-03
-587.500E-09,+4.881438363052E+00,+5.084956029241E+00,+5.064619974182E+00,-20.333252081E-03
-585.000E-09,+5.005103565022E+00,+5.103054333067E+00,+5.065522926434E+00,-37.528075915E-03
-582.500E-09,+4.912452810530E+00,+5.097479584383E+00,+5.069056217854E+00,-28.420410103E-03
-580.000E-09,+4.896749292822E+00,+5.113418654564E+00,+5.063559986756E+00,-49.854735796E-03
-577.500E-09,+4.953674544522E+00,+5.112358667138E+00,+5.067917712840E+00,-44.437255448E-03
-575.000E-09,+4.805668890101E+00,+5.115067523893E+00,+5.075259107234E+00,-39.805907895E-03
-572.500E-09,+4.869268136827E+00,+5.127669596622E+00,+5.077732411227E+00,-49.932860794E-03
-570.000E-09,+4.854349795002E+00,+5.144276066294E+00,+5.077379082086E+00,-66.893309634E-03
-567.500E-09,+4.842179568776E+00,+5.126884420752E+00,+5.075612436376E+00,-51.268309983E-03
-565.000E-09,+4.884186478652E+00,+5.084995288035E+00,+5.057671167724E+00,-27.320556612E-03
-562.500E-09,+4.832757458150E+00,+5.110945350570E+00,+5.082404207660E+00,-28.537597600E-03
-560.000E-09,+5.000392509709E+00,+5.152755965701E+00,+5.095202574357E+00,-57.550048124E-03
-557.500E-09,+4.980370524629E+00,+5.100698805455E+00,+5.085113064415E+00,-15.583496328E-03
-555.000E-09,+4.925800800587E+00,+5.061440011905E+00,+5.085701946318E+00,+24.261473485E-03
-552.500E-09,+4.947000549492E+00,+5.152598930526E+00,+5.114439383196E+00,-38.156738010E-03
-550.000E-09,+4.968985474291E+00,+5.182906719147E+00,+5.106509106899E+00,-76.392821141E-03
-547.500E-09,+4.888112358078E+00,+5.082600501629E+00,+5.088489320660E+00,+5.889891863E-03
-545.000E-09,+4.833935221979E+00,+5.082953830769E+00,+5.105095790332E+00,+22.142332908E-03
-542.500E-09,+4.914023162301E+00,+5.173877196630E+00,+5.121074119306E+00,-52.800292370E-03
-540.000E-09,+4.955637484236E+00,+5.161471417869E+00,+5.101248428564E+00,-60.218505096E-03
-537.500E-09,+4.953281956577E+00,+5.059751883782E+00,+5.086958227712E+00,+27.205809356E-03
-535.000E-09,+5.031014369246E+00,+5.097008478860E+00,+5.103682473764E+00,+6.673583254E-03
-532.500E-09,+5.020021906853E+00,+5.196647296888E+00,+5.101012875803E+00,-90.869139176E-03
-530.000E-09,+4.885756830423E+00,+5.136188754824E+00,+5.083817524228E+00,-52.366942771E-03
-527.500E-09,+4.920697157331E+00,+5.056532662711E+00,+5.094692210041E+00,+38.157957549E-03
-525.000E-09,+4.856705322658E+00,+5.126295538848E+00,+5.101562498912E+00,-24.730224638E-03
-522.500E-09,+4.915986102017E+00,+5.171325375049E+00,+5.102504709957E+00,-68.817137716E-03
-520.000E-09,+4.899889996362E+00,+5.106587624488E+00,+5.096223302990E+00,-10.362549180E-03
-517.500E-09,+4.863379317685E+00,+5.083228642324E+00,+5.104506908428E+00,+21.278075114E-03
-515.000E-09,+4.963489243090E+00,+5.151028578784E+00,+5.101641016499E+00,-49.383544400E-03
-512.500E-09,+4.910882458759E+00,+5.161903264598E+00,+5.094221104518E+00,-67.678221726E-03
-510.000E-09,+5.059280701125E+00,+5.110984609364E+00,+5.107608353119E+00,-3.372803241E-03
-507.500E-09,+4.932867383554E+00,+5.094613692454E+00,+5.112672737487E+00,+18.059081046E-03
-505.000E-09,+4.843357332606E+00,+5.189894784397E+00,+5.095909232641E+00,-93.980711371E-03
-502.500E-09,+4.974874293432E+00,+5.166182473095E+00,+5.111926820409E+00,-54.251708354E-03
-500.000E-09,+4.876334719797E+00,+5.108079458642E+00,+5.097008478861E+00,-11.068115570E-03
-497.500E-09,+4.917556453788E+00,+5.113693466118E+00,+5.093278893473E+00,-20.413818484E-03
-495.000E-09,+4.881045775110E+00,+5.180315638772E+00,+5.092454458809E+00,-87.857664633E-03
-492.500E-09,+4.892823413392E+00,+5.165043968082E+00,+5.093632222615E+00,-71.407469690E-03
-490.000E-09,+4.950141253036E+00,+5.111691267648E+00,+5.090884107067E+00,-20.804443476E-03
-487.500E-09,+4.999214745882E+00,+5.129082913190E+00,+5.102308415989E+00,-26.771240218E-03
-485.000E-09,+4.823727935466E+00,+5.178588251856E+00,+5.097479584383E+00,-81.104735097E-03
-482.500E-09,+4.917556453784E+00,+5.162295852533E+00,+5.112751255074E+00,-49.541015100E-03
-480.000E-09,+4.907741755219E+00,+5.113968277674E+00,+5.114125312848E+00,+157.470117E-06
-477.500E-09,+4.894001177221E+00,+5.138897611578E+00,+5.115695664590E+00,-23.199462954E-03
-475.000E-09,+4.769550799363E+00,+5.166810613791E+00,+5.124646669519E+00,-42.161864874E-03
-472.500E-09,+4.854349795003E+00,+5.155543340043E+00,+5.127198491100E+00,-28.342285105E-03
-470.000E-09,+4.975266881372E+00,+5.127944408178E+00,+5.131242146836E+00,+3.297118485E-03
-467.500E-09,+4.852386855288E+00,+5.152245601385E+00,+5.125274810216E+00,-26.967773417E-03
-465.000E-09,+4.947000549495E+00,+5.186754080914E+00,+5.122212624319E+00,-64.537352655E-03
-462.500E-09,+4.945430197724E+00,+5.147024181842E+00,+5.117226757539E+00,-29.794921791E-03
-460.000E-09,+4.808024417754E+00,+5.155425563662E+00,+5.139172423132E+00,-16.251220922E-03
-457.500E-09,+4.873194016252E+00,+5.160529206823E+00,+5.130339194584E+00,-30.186767485E-03
-455.000E-09,+4.851994267345E+00,+5.162727699262E+00,+5.141056845223E+00,-21.668701270E-03
-452.500E-09,+4.820587231924E+00,+5.164298051004E+00,+5.132145099087E+00,-32.149658067E-03
-450.000E-09,+4.851994267345E+00,+5.126531091610E+00,+5.124803704694E+00,-1.724854059E-03
-447.500E-09,+4.929334092071E+00,+5.162570664088E+00,+5.135874684474E+00,-26.693115220E-03
-445.000E-09,+4.776617382338E+00,+5.182121543276E+00,+5.117580086681E+00,-64.537352655E-03
-442.500E-09,+4.910097282876E+00,+5.150282661707E+00,+5.129318465952E+00,-20.960693473E-03
-440.000E-09,+4.873194016255E+00,+5.147887875301E+00,+5.130221418203E+00,-17.664795109E-03
-437.500E-09,+4.941111730352E+00,+5.175565324753E+00,+5.134657661875E+00,-40.904540683E-03
-435.000E-09,+4.895178941047E+00,+5.159508478192E+00,+5.140271669352E+00,-19.234619293E-03
-432.500E-09,+4.866127433283E+00,+5.157820350069E+00,+5.131281405630E+00,-26.535644520E-03
-430.000E-09,+4.947000549495E+00,+5.178195663920E+00,+5.135246543778E+00,-42.945556262E-03
-427.500E-09,+4.981548288455E+00,+5.176350500624E+00,+5.134147297558E+00,-42.199706670E-03
-425.000E-09,+4.843357332606E+00,+5.179687498075E+00,+5.127865890590E+00,-51.817626377E-03
-422.500E-09,+4.957207836008E+00,+5.155386304868E+00,+5.132694722197E+00,-22.687988356E-03
-420.000E-09,+4.856705322662E+00,+5.169323176578E+00,+5.119228956010E+00,-50.091552197E-03
-417.500E-09,+4.825298287236E+00,+5.176743088559E+00,+5.129985865442E+00,-46.752929225E-03
-415.000E-09,+4.928156328240E+00,+5.163041769611E+00,+5.125981468500E+00,-37.056884519E-03
-412.500E-09,+4.914023162302E+00,+5.174230525772E+00,+5.117187498745E+00,-57.038573526E-03
-410.000E-09,+4.950926428923E+00,+5.177646040811E+00,+5.134853955842E+00,-42.789306266E-03
-407.500E-09,+5.004318389137E+00,+5.170854269527E+00,+5.138858352784E+00,-31.993408071E-03
-405.000E-09,+4.929726680012E+00,+5.170422422798E+00,+5.134304332733E+00,-36.114501728E-03
-402.500E-09,+4.955637484233E+00,+5.164101757036E+00,+5.134343591526E+00,-29.754638589E-03
-400.000E-09,+4.925800800584E+00,+5.172385362476E+00,+5.149929332565E+00,-22.452392659E-03
-397.500E-09,+4.824905699295E+00,+5.176389759418E+00,+5.139682787449E+00,-36.704101324E-03
-395.000E-09,+4.928941504126E+00,+5.172934985585E+00,+5.135089508604E+00,-37.843017314E-03
-392.500E-09,+4.850031327631E+00,+5.163826945482E+00,+5.142705714552E+00,-21.118164173E-03
-390.000E-09,+4.961918891321E+00,+5.191936241663E+00,+5.145296794926E+00,-46.636962430E-03
-387.500E-09,+4.964274418975E+00,+5.178431216682E+00,+5.149850814978E+00,-28.576660100E-03
-385.000E-09,+4.859060850314E+00,+5.182906719146E+00,+5.136738377933E+00,-46.165771034E-03
-382.500E-09,+4.923445272928E+00,+5.177214194082E+00,+5.151381907926E+00,-25.830078130E-03
-380.000E-09,+4.802528186558E+00,+5.187225186437E+00,+5.139800563829E+00,-47.420653819E-03
-377.500E-09,+4.906956579332E+00,+5.193977698927E+00,+5.145571606481E+00,-48.402099109E-03
-375.000E-09,+4.827653814895E+00,+5.187853327134E+00,+5.148437498410E+00,-39.412841498E-03
-372.500E-09,+4.941111730354E+00,+5.197668025521E+00,+5.154208541062E+00,-43.455810158E-03
-370.000E-09,+4.774261854677E+00,+5.197510990347E+00,+5.147730840126E+00,-49.776610797E-03
-367.500E-09,+4.861023790028E+00,+5.199081342089E+00,+5.148555274791E+00,-50.522460390E-03
-365.000E-09,+4.768765623479E+00,+5.187460739199E+00,+5.142234609030E+00,-45.223388243E-03
-362.500E-09,+4.861808965911E+00,+5.180276379978E+00,+5.154797422965E+00,-25.476074231E-03
-360.000E-09,+4.945430197722E+00,+5.192721417534E+00,+5.164926191701E+00,-27.791748008E-03
-357.500E-09,+4.921874921159E+00,+5.202732409890E+00,+5.147848616507E+00,-54.880370449E-03
-355.000E-09,+4.912452810530E+00,+5.184398553302E+00,+5.156603327468E+00,-27.791748008E-03
-352.500E-09,+4.918734217616E+00,+5.203046480237E+00,+5.169794282101E+00,-33.249511558E-03
-350.000E-09,+4.808024417757E+00,+5.217847045405E+00,+5.158566267146E+00,-59.276122304E-03
-347.500E-09,+4.992933338796E+00,+5.193859922547E+00,+5.156210739533E+00,-37.646484116E-03
-345.000E-09,+4.946215373611E+00,+5.178195663921E+00,+5.168066895185E+00,-10.125732778E-03
-342.500E-09,+4.928156328244E+00,+5.215884105728E+00,+5.170932787114E+00,-44.948730046E-03
-340.000E-09,+5.017666379194E+00,+5.229153577948E+00,+5.157938126449E+00,-71.212157193E-03
-337.500E-09,+4.866520021225E+00,+5.194998427560E+00,+5.160568465617E+00,-34.426269343E-03
-335.000E-09,+4.994111102626E+00,+5.193271040643E+00,+5.154797422966E+00,-38.470458706E-03
-332.500E-09,+4.915200926133E+00,+5.217022610741E+00,+5.163591392720E+00,-53.427733763E-03
-330.000E-09,+5.001962861481E+00,+5.208739005302E+00,+5.155425563662E+00,-53.309325562E-03
-327.500E-09,+4.922267509102E+00,+5.182435613624E+00,+5.169990576069E+00,-12.441406554E-03
-325.000E-09,+4.942289494182E+00,+5.204577573186E+00,+5.162727699262E+00,-41.846923475E-03
-322.500E-09,+4.862986729742E+00,+5.209013816857E+00,+5.171403892637E+00,-37.606200913E-03
-320.000E-09,+4.847283212034E+00,+5.213214507767E+00,+5.176232724243E+00,-36.978759522E-03
-317.500E-09,+4.967415122517E+00,+5.193035487883E+00,+5.170265387624E+00,-22.767334058E-03
-315.000E-09,+4.992540750854E+00,+5.206776065625E+00,+5.183613377430E+00,-23.160400455E-03
-312.500E-09,+4.841786980835E+00,+5.231509105561E+00,+5.178941580998E+00,-52.563475970E-03
-310.000E-09,+4.917949041730E+00,+5.221537371999E+00,+5.179294910140E+00,-42.239989872E-03
-307.500E-09,+4.872016252426E+00,+5.207993088225E+00,+5.182396354830E+00,-25.593261729E-03
-305.000E-09,+4.837075925522E+00,+5.224128452373E+00,+5.167752824837E+00,-56.370848931E-03
-302.500E-09,+4.868482960939E+00,+5.234767585425E+00,+5.185340764347E+00,-49.422606899E-03
-300.000E-09,+4.945430197723E+00,+5.220045537845E+00,+5.187853327133E+00,-32.188720566E-03
-297.500E-09,+4.958778187779E+00,+5.200651693831E+00,+5.180197862392E+00,-20.451660281E-03
-295.000E-09,+4.912452810533E+00,+5.230566894515E+00,+5.177174935288E+00,-53.387450560E-03
-292.500E-09,+4.864949669457E+00,+5.233118716096E+00,+5.184320035714E+00,-48.796386210E-03
-290.000E-09,+4.924230448814E+00,+5.212193779135E+00,+5.180786744295E+00,-31.405029177E-03
-287.500E-09,+4.952496780695E+00,+5.217140387122E+00,+5.187225186437E+00,-29.912109288E-03
-285.000E-09,+4.918734217616E+00,+5.234100185935E+00,+5.180080086011E+00,-54.017333359E-03
-282.500E-09,+4.993325926743E+00,+5.229781718645E+00,+5.182474872418E+00,-47.303466322E-03
-280.000E-09,+4.894393765165E+00,+5.209602698761E+00,+5.196725814476E+00,-12.874756154E-03
-277.500E-09,+4.864164493568E+00,+5.222989947361E+00,+5.189384420083E+00,-33.602294753E-03
-275.000E-09,+4.892038237506E+00,+5.238418653225E+00,+5.191308100966E+00,-47.108153826E-03
-272.500E-09,+4.920304569383E+00,+5.231823175910E+00,+5.197236178792E+00,-34.583740044E-03
-270.000E-09,+5.040436479875E+00,+5.231509105560E+00,+5.208974558063E+00,-22.530517656E-03
-267.500E-09,+5.036903188388E+00,+5.231312811593E+00,+5.204459796805E+00,-26.850585919E-03
-265.000E-09,+4.934437735328E+00,+5.244621542606E+00,+5.198139131044E+00,-46.478271027E-03
-262.500E-09,+4.983118640231E+00,+5.241048992393E+00,+5.205205713883E+00,-35.839843531E-03
-260.000E-09,+4.830009342552E+00,+5.222950688567E+00,+5.204970161121E+00,-17.977295102E-03
-257.500E-09,+4.940326554470E+00,+5.232137246257E+00,+5.195901379811E+00,-36.232909928E-03
-255.000E-09,+4.912452810532E+00,+5.245092648128E+00,+5.206619030451E+00,-38.470458706E-03
-252.500E-09,+4.943074670070E+00,+5.240263816522E+00,+5.198453201392E+00,-41.806640273E-03
-250.000E-09,+4.921874921158E+00,+5.224442522722E+00,+5.194998427560E+00,-29.442138596E-03
-247.500E-09,+4.945037609779E+00,+5.236809042690E+00,+5.201240575734E+00,-35.565185334E-03
-245.000E-09,+4.915593514074E+00,+5.256320663084E+00,+5.196882849650E+00,-59.434813707E-03
-242.500E-09,+4.959955951605E+00,+5.232215763845E+00,+5.209916769109E+00,-22.296142662E-03
-240.000E-09,+4.999607333823E+00,+5.234728326632E+00,+5.213528578115E+00,-21.197509874E-03
-237.500E-09,+4.992148162912E+00,+5.256124369116E+00,+5.206422736483E+00,-49.697265096E-03
-235.000E-09,+4.952496780695E+00,+5.248468904374E+00,+5.217768527818E+00,-30.697021381E-03
-232.500E-09,+4.939148790641E+00,+5.253062183220E+00,+5.208228640986E+00,-44.830321846E-03
-230.000E-09,+4.914808338189E+00,+5.245406718477E+00,+5.213371542941E+00,-32.032470569E-03
-227.500E-09,+4.833935221976E+00,+5.260207283645E+00,+5.211173050502E+00,-49.030761205E-03
-225.000E-09,+4.961918891319E+00,+5.267077572516E+00,+5.225149181005E+00,-41.925048473E-03
-222.500E-09,+4.894786353108E+00,+5.251256278716E+00,+5.215805588141E+00,-35.447997836E-03
-220.000E-09,+4.968985474290E+00,+5.264722044903E+00,+5.217768527818E+00,-46.949462423E-03
-217.500E-09,+5.015310851536E+00,+5.261463565039E+00,+5.214038942431E+00,-47.420653819E-03
-215.000E-09,+5.011384972110E+00,+5.261424306245E+00,+5.214078201225E+00,-47.342528820E-03
-212.500E-09,+5.020414494793E+00,+5.257655462065E+00,+5.215059671064E+00,-42.592773068E-03
-210.000E-09,+5.017666379191E+00,+5.257105838955E+00,+5.217297422296E+00,-39.805907895E-03
-207.500E-09,+4.953281956579E+00,+5.256516957052E+00,+5.223068464948E+00,-33.444824053E-03
-205.000E-09,+5.013740499765E+00,+5.252787371665E+00,+5.213293025354E+00,-39.490966496E-03
-202.500E-09,+4.965452182804E+00,+5.258401379142E+00,+5.216551505218E+00,-41.846923475E-03
-200.000E-09,+4.945430197724E+00,+5.253022924426E+00,+5.230095788993E+00,-22.923584055E-03
-197.500E-09,+4.865734845340E+00,+5.261463565039E+00,+5.217454457470E+00,-44.005126552E-03
-195.000E-09,+4.965844770749E+00,+5.243365261213E+00,+5.225070663419E+00,-18.292236502E-03
-192.500E-09,+4.952496780694E+00,+5.255260675658E+00,+5.225541768941E+00,-29.715576090E-03
-190.000E-09,+5.041221655759E+00,+5.250745914400E+00,+5.230645412102E+00,-20.098877086E-03
-187.500E-09,+4.877905071570E+00,+5.253611806329E+00,+5.226876567922E+00,-26.732177719E-03
-185.000E-09,+4.947000549493E+00,+5.264172421793E+00,+5.225149181006E+00,-39.019775100E-03
-182.500E-09,+5.054962233759E+00,+5.234178703522E+00,+5.215962623315E+00,-18.214111503E-03
-180.000E-09,+5.020021906848E+00,+5.234021668348E+00,+5.213214507767E+00,-20.804443476E-03
-177.500E-09,+5.007066504740E+00,+5.267784230800E+00,+5.227347673445E+00,-40.433349287E-03
-175.000E-09,+5.052214118157E+00,+5.250981467161E+00,+5.214235236399E+00,-36.741943120E-03
-172.500E-09,+4.927371152359E+00,+5.219535173528E+00,+5.201907975225E+00,-17.624511907E-03
-170.000E-09,+4.987829695542E+00,+5.210858980154E+00,+5.207090135973E+00,-3.765869638E-03
-167.500E-09,+5.007066504736E+00,+5.244700060193E+00,+5.207050877179E+00,-37.645263412E-03
-165.000E-09,+5.056139997585E+00,+5.265978326297E+00,+5.199709482786E+00,-66.265868242E-03
-162.500E-09,+4.876727307738E+00,+5.221066266477E+00,+5.195076945147E+00,-25.986328127E-03
-160.000E-09,+4.760128688737E+00,+5.233315010064E+00,+5.195312497908E+00,-37.999267311E-03
-157.500E-09,+4.953281956581E+00,+5.262013188149E+00,+5.180040827217E+00,-81.968992891E-03
-155.000E-09,+4.884186478654E+00,+5.248468904374E+00,+5.191700688902E+00,-56.763915329E-03
-152.500E-09,+4.999214745884E+00,+5.243129708452E+00,+5.184673364856E+00,-58.452147714E-03
-150.000E-09,+4.882616126885E+00,+5.230645412103E+00,+5.183377824669E+00,-47.264403822E-03
-147.500E-09,+4.857883086487E+00,+5.241402321536E+00,+5.197079143618E+00,-44.320067951E-03
-145.000E-09,+4.905386227563E+00,+5.254985864103E+00,+5.206933100798E+00,-48.050536618E-03
-142.500E-09,+4.977229821082E+00,+5.253768841503E+00,+5.212586367070E+00,-41.179198881E-03
-140.000E-09,+4.910882458761E+00,+5.236220160787E+00,+5.217925562993E+00,-18.292236502E-03
-137.500E-09,+4.853957207058E+00,+5.237437183386E+00,+5.199866517960E+00,-37.567138414E-03
-135.000E-09,+5.084406329461E+00,+5.242344532580E+00,+5.218553703689E+00,-23.787841847E-03
-132.500E-09,+4.827261226953E+00,+5.254907346516E+00,+5.209524181173E+00,-45.379638240E-03
-130.000E-09,+4.910882458758E+00,+5.238654205987E+00,+5.203478326967E+00,-35.172118936E-03
-127.500E-09,+4.937185850924E+00,+5.228211366903E+00,+5.212821919831E+00,-15.386963129E-03
-125.000E-09,+5.023162610391E+00,+5.232686869367E+00,+5.204106467663E+00,-28.577880803E-03
-122.500E-09,+4.953674544523E+00,+5.241834168264E+00,+5.205441266644E+00,-36.389159925E-03
-120.000E-09,+4.905386227563E+00,+5.238654205987E+00,+5.206619030450E+00,-32.032470570E-03
-117.500E-09,+5.048288238730E+00,+5.239635675825E+00,+5.216787057980E+00,-22.845459056E-03
-115.000E-09,+4.827653814897E+00,+5.237554959767E+00,+5.196804332063E+00,-40.748290687E-03
-112.500E-09,+4.925015624697E+00,+5.233903891968E+00,+5.212664884657E+00,-21.236572374E-03
-110.000E-09,+5.020021906846E+00,+5.246898552632E+00,+5.216433728838E+00,-30.462646386E-03
-107.500E-09,+4.936793262984E+00,+5.237044595451E+00,+5.214156718812E+00,-22.884521556E-03
-105.000E-09,+5.009029444451E+00,+5.231038000038E+00,+5.203478326966E+00,-27.557373013E-03
-102.500E-09,+4.999607333823E+00,+5.239714193412E+00,+5.204695349567E+00,-35.015868940E-03
-100.000E-09,+4.888112358081E+00,+5.245406718477E+00,+5.198139131044E+00,-47.264403822E-03
-97.500E-09,+5.010599796228E+00,+5.236966077864E+00,+5.208032347018E+00,-28.930663998E-03
-95.000E-09,+4.964274418976E+00,+5.224442522722E+00,+5.210309357044E+00,-14.129638938E-03
-92.500E-09,+4.894001177223E+00,+5.229153577948E+00,+5.199238377263E+00,-29.912109288E-03
-90.000E-09,+4.774261854680E+00,+5.225306216180E+00,+5.199238377263E+00,-26.065673828E-03
-87.500E-09,+5.023947786276E+00,+5.227033603096E+00,+5.201633163670E+00,-25.397949233E-03
-85.000E-09,+4.955637484236E+00,+5.224285487548E+00,+5.198453201392E+00,-25.828857427E-03
-82.500E-09,+4.896749292822E+00,+5.222832912187E+00,+5.187342962818E+00,-35.487060336E-03
-80.000E-09,+4.899889996361E+00,+5.221615889587E+00,+5.186204457805E+00,-35.408935338E-03
-77.500E-09,+5.111102309572E+00,+5.232804645748E+00,+5.178627510650E+00,-54.173583356E-03
-75.000E-09,+5.054569645811E+00,+5.216433728838E+00,+5.182278578450E+00,-34.151611147E-03
-72.500E-09,+4.990577811142E+00,+5.220869972509E+00,+5.179962309630E+00,-40.904540684E-03
-70.000E-09,+5.060065877012E+00,+5.241637874296E+00,+5.187146668850E+00,-54.488524754E-03
-67.500E-09,+4.899497408418E+00,+5.223225500122E+00,+5.181846731720E+00,-41.375732080E-03
-65.000E-09,+4.848853563806E+00,+5.226405462399E+00,+5.193114005469E+00,-33.287353353E-03
-62.500E-09,+4.842964744662E+00,+5.216315952457E+00,+5.188285173863E+00,-28.028564409E-03
-60.000E-09,+4.917163865846E+00,+5.233864633173E+00,+5.190679960269E+00,-43.182372664E-03
-57.500E-09,+5.003140625311E+00,+5.225738062909E+00,+5.186282975391E+00,-39.451903997E-03
-55.000E-09,+5.049858590499E+00,+5.215491517793E+00,+5.193663628579E+00,-21.824951266E-03
-52.500E-09,+5.082443389750E+00,+5.222126253903E+00,+5.188599244211E+00,-33.522949052E-03
-50.000E-09,+4.872408840371E+00,+5.209759733934E+00,+5.189502196463E+00,-20.255127082E-03
-47.500E-09,+5.009814620337E+00,+5.213253766560E+00,+5.193742146166E+00,-19.509277490E-03
-45.000E-09,+4.948570901267E+00,+5.217454457470E+00,+5.194448804450E+00,-23.001709053E-03
-42.500E-09,+4.933652559441E+00,+5.209916769109E+00,+5.187107410056E+00,-22.806396557E-03
-40.000E-09,+5.009029444449E+00,+5.201593904877E+00,+5.188245915069E+00,-13.345947550E-03
-37.500E-09,+4.999607333824E+00,+5.227504708619E+00,+5.193035487882E+00,-34.466552546E-03
-35.000E-09,+4.956422660123E+00,+5.213293025354E+00,+5.177174935289E+00,-36.114501728E-03
-32.500E-09,+4.828831578722E+00,+5.219731467496E+00,+5.181885990515E+00,-37.841796612E-03
-30.000E-09,+5.041221655758E+00,+5.212978955005E+00,+5.176389759417E+00,-36.585693124E-03
-27.500E-09,+4.890860473678E+00,+5.211212309296E+00,+5.177292711669E+00,-33.916015449E-03
-25.000E-09,+4.912452810534E+00,+5.203164256618E+00,+5.176311241830E+00,-26.849365216E-03
-22.500E-09,+4.986651931715E+00,+5.208739005302E+00,+5.190758477856E+00,-17.977295103E-03
-20.000E-09,+5.022377434505E+00,+5.210466392218E+00,+5.188559985417E+00,-21.903076265E-03
-17.500E-09,+4.848068387919E+00,+5.213293025353E+00,+5.182121543275E+00,-31.169433479E-03
-15.000E-09,+4.873979192142E+00,+5.204656090773E+00,+5.179687498075E+00,-24.964599633E-03
-12.500E-09,+4.947393137438E+00,+5.217768527818E+00,+5.179098616172E+00,-38.665771202E-03
-10.000E-09,+4.936793262984E+00,+5.204420538012E+00,+5.177331970463E+00,-27.086181617E-03
-7.500E-09,+4.882223538942E+00,+5.197746543108E+00,+5.170815010733E+00,-26.928710918E-03
-5.000E-09,+4.917949041730E+00,+5.203713879728E+00,+5.151578201895E+00,-52.132567776E-03
-2.500E-09,+4.899104820479E+00,+5.196922108444E+00,+5.162806216850E+00,-34.112548648E-03
-0.0E+00,+5.076554570607E+00,+5.199159859676E+00,+5.180394156359E+00,-18.763427897E-03
+2.500E-09,+4.949748665094E+00,+5.206697548038E+00,+5.173131279553E+00,-33.563232254E-03
+5.000E-09,+4.946215373610E+00,+5.195940638605E+00,+5.177646040811E+00,-18.292236502E-03
+7.500E-09,+4.976052057259E+00,+5.197942837076E+00,+5.167831342424E+00,-30.108642488E-03
+10.000E-09,+4.933652559440E+00,+5.202614633508E+00,+5.166967648966E+00,-35.643310332E-03
+12.500E-09,+4.909704694934E+00,+5.199905776754E+00,+5.167399495695E+00,-32.503661965E-03
+15.000E-09,+4.813520648955E+00,+5.202300563160E+00,+5.179530462901E+00,-22.767334057E-03
+17.500E-09,+4.907349167270E+00,+5.182788942766E+00,+5.168891329850E+00,-13.895263943E-03
+20.000E-09,+4.987829695544E+00,+5.197432472760E+00,+5.164612121353E+00,-32.816161958E-03
+22.500E-09,+4.903423287848E+00,+5.202967962650E+00,+5.167085425346E+00,-35.878906030E-03
+25.000E-09,+5.109531957797E+00,+5.185811869869E+00,+5.170343905211E+00,-15.465088127E-03
+27.500E-09,+4.967807710465E+00,+5.193859922547E+00,+5.162806216849E+00,-31.051025279E-03
+30.000E-09,+4.876334719800E+00,+5.189109608527E+00,+5.154797422965E+00,-34.307861143E-03
+32.500E-09,+4.937578438868E+00,+5.173837937837E+00,+5.166025437920E+00,-7.810059001E-03
+35.000E-09,+4.845712860261E+00,+5.193663628579E+00,+5.154561870204E+00,-39.097900099E-03
+37.500E-09,+4.938363614754E+00,+5.182867460353E+00,+5.156917397817E+00,-25.947265627E-03
+40.000E-09,+5.025518138048E+00,+5.181571920166E+00,+5.159979583714E+00,-21.590576272E-03
+42.500E-09,+4.966629946634E+00,+5.195979897399E+00,+5.155896669185E+00,-40.080566092E-03
+45.000E-09,+4.910097282878E+00,+5.168930588643E+00,+5.154797422965E+00,-14.129638939E-03
+47.500E-09,+4.882616126879E+00,+5.189070349734E+00,+5.151107096371E+00,-37.960204813E-03
+50.000E-09,+4.972126177834E+00,+5.191386618553E+00,+5.143804960772E+00,-47.579345221E-03
+52.500E-09,+4.876334719799E+00,+5.177449746844E+00,+5.149536744630E+00,-27.910156209E-03
+55.000E-09,+4.825298287238E+00,+5.201593904876E+00,+5.159901066126E+00,-41.690673478E-03
+57.500E-09,+5.031406957189E+00,+5.174348302152E+00,+5.157388503340E+00,-16.958008015E-03
+60.000E-09,+5.000392509710E+00,+5.182357096037E+00,+5.139643528655E+00,-42.711181268E-03
+62.500E-09,+4.923052684988E+00,+5.177528264430E+00,+5.146906405462E+00,-30.618896382E-03
+65.000E-09,+4.894393765164E+00,+5.178352699095E+00,+5.152206342591E+00,-26.143798826E-03
+67.500E-09,+4.877512483630E+00,+5.179766015663E+00,+5.143255337661E+00,-36.507568126E-03
+70.000E-09,+4.924230448811E+00,+5.169087623817E+00,+5.146867146668E+00,-22.218017664E-03
+72.500E-09,+4.832364870207E+00,+5.166260990682E+00,+5.151538943100E+00,-14.719238535E-03
+75.000E-09,+4.788395020619E+00,+5.168852071056E+00,+5.135953202062E+00,-32.896728362E-03
+77.500E-09,+4.947000549495E+00,+5.167556530869E+00,+5.152559671733E+00,-14.993896731E-03
+80.000E-09,+4.983903816114E+00,+5.155504081250E+00,+5.146553076320E+00,-8.948974992E-03
+82.500E-09,+4.950926428923E+00,+5.170343905211E+00,+5.149340450662E+00,-20.999755972E-03
+85.000E-09,+4.921089745271E+00,+5.155190010901E+00,+5.147338252191E+00,-7.850342204E-03
+87.500E-09,+4.882616126881E+00,+5.167635048456E+00,+5.146553076320E+00,-21.079101674E-03
+90.000E-09,+5.030229193360E+00,+5.182514131211E+00,+5.145453830100E+00,-37.056884519E-03
+92.500E-09,+4.899497408417E+00,+5.168106153979E+00,+5.141645727126E+00,-26.457519523E-03
+95.000E-09,+4.975266881377E+00,+5.177253452875E+00,+5.143490890423E+00,-33.758544750E-03
+97.500E-09,+4.985474167887E+00,+5.169676505720E+00,+5.143373114043E+00,-26.300048822E-03
+100.000E-09,+4.868482960943E+00,+5.179216392553E+00,+5.136267272410E+00,-42.945556263E-03
+102.500E-09,+4.988614871430E+00,+5.168969847436E+00,+5.137719847772E+00,-31.246337774E-03
+105.000E-09,+5.063206580555E+00,+5.156446292294E+00,+5.139172423132E+00,-17.271728712E-03
+107.500E-09,+4.990577811144E+00,+5.154797422965E+00,+5.133597674449E+00,-21.197509874E-03
+110.000E-09,+5.072628691181E+00,+5.149772297391E+00,+5.139879081416E+00,-9.891357783E-03
+112.500E-09,+4.998036982051E+00,+5.156171480739E+00,+5.138151694500E+00,-18.016357601E-03
+115.000E-09,+4.914023162305E+00,+5.161471417869E+00,+5.130221418203E+00,-31.246337774E-03
+117.500E-09,+4.937971026813E+00,+5.142156091442E+00,+5.131477699597E+00,-10.676269875E-03
+120.000E-09,+4.999607333825E+00,+5.143255337662E+00,+5.118365262551E+00,-24.886474636E-03
+122.500E-09,+5.016488615366E+00,+5.157113691785E+00,+5.125392586597E+00,-31.718749873E-03
+125.000E-09,+4.870838488602E+00,+5.139800563830E+00,+5.125353327803E+00,-14.444580338E-03
+127.500E-09,+4.987829695543E+00,+5.158841078701E+00,+5.120799307752E+00,-38.038329810E-03
+130.000E-09,+4.965059594863E+00,+5.146239005971E+00,+5.127787373003E+00,-18.448486498E-03
+132.500E-09,+4.879475423339E+00,+5.149890073772E+00,+5.125588880564E+00,-24.298095743E-03
+135.000E-09,+5.101680198943E+00,+5.158723302320E+00,+5.115460111829E+00,-43.260497662E-03
+137.500E-09,+5.083621153577E+00,+5.148044910475E+00,+5.120760048958E+00,-27.281494113E-03
+140.000E-09,+5.043577183419E+00,+5.151107096372E+00,+5.118051192203E+00,-33.052978359E-03
+142.500E-09,+4.976837233150E+00,+5.152677448113E+00,+5.124685928313E+00,-27.988281206E-03
+145.000E-09,+5.031799545128E+00,+5.150321920500E+00,+5.126531091610E+00,-23.787841847E-03
+147.500E-09,+5.018844143022E+00,+5.153030777256E+00,+5.121623742416E+00,-31.403808474E-03
+150.000E-09,+5.026303313934E+00,+5.140193151765E+00,+5.116166770113E+00,-24.024658248E-03
+152.500E-09,+4.999607333826E+00,+5.141881279887E+00,+5.128219219732E+00,-13.659668246E-03
+155.000E-09,+4.911667634646E+00,+5.152991518462E+00,+5.113261619390E+00,-39.727782897E-03
+157.500E-09,+4.893216001334E+00,+5.141056845223E+00,+5.119817837913E+00,-21.236572373E-03
+160.000E-09,+5.056139997583E+00,+5.134539885494E+00,+5.115303076655E+00,-19.234619293E-03
+162.500E-09,+4.856705322658E+00,+5.144864948198E+00,+5.112829772661E+00,-32.031249867E-03
+165.000E-09,+5.055354821700E+00,+5.140899810049E+00,+5.128101443351E+00,-12.796631156E-03
+167.500E-09,+5.006673916795E+00,+5.143098302488E+00,+5.113379395770E+00,-29.715576090E-03
+170.000E-09,+5.096969143633E+00,+5.140114634177E+00,+5.116009734938E+00,-24.102783246E-03
+172.500E-09,+5.101287611003E+00,+5.149850814978E+00,+5.111573491267E+00,-38.273925508E-03
+175.000E-09,+5.020021906850E+00,+5.138151694500E+00,+5.112319408345E+00,-25.828857427E-03
+177.500E-09,+4.986651931715E+00,+5.137445036216E+00,+5.117580086680E+00,-19.862060685E-03
+180.000E-09,+5.044362359301E+00,+5.136895413107E+00,+5.120720790164E+00,-16.170654518E-03
+182.500E-09,+5.038473540161E+00,+5.142980526107E+00,+5.113026066629E+00,-29.951171787E-03
+185.000E-09,+5.129946530826E+00,+5.135717649300E+00,+5.115774182177E+00,-19.940185683E-03
+187.500E-09,+4.931297031789E+00,+5.134579144287E+00,+5.108629081751E+00,-25.947265627E-03
+190.000E-09,+4.944645021838E+00,+5.140978327636E+00,+5.108707599338E+00,-32.266845564E-03
+192.500E-09,+4.987044519656E+00,+5.133754709623E+00,+5.109374998829E+00,-24.377441444E-03
+195.000E-09,+4.994896278513E+00,+5.144197548707E+00,+5.107922423467E+00,-36.270751725E-03
+197.500E-09,+4.864949669454E+00,+5.129161430778E+00,+5.114557159577E+00,-14.600830334E-03
+200.000E-09,+4.961918891321E+00,+5.129200689571E+00,+5.111377197299E+00,-17.821045106E-03
+202.500E-09,+4.982333464343E+00,+5.136306531203E+00,+5.101758792880E+00,-34.544677544E-03
+205.000E-09,+4.884971654537E+00,+5.120328202229E+00,+5.115460111829E+00,-4.864502427E-03
+207.500E-09,+4.974481705488E+00,+5.128258478526E+00,+5.096027009022E+00,-32.229003768E-03
+210.000E-09,+4.891253061620E+00,+5.132812498577E+00,+5.098186242667E+00,-34.622802542E-03
+212.500E-09,+4.965452182806E+00,+5.134147297559E+00,+5.104389132048E+00,-29.755859293E-03
+215.000E-09,+4.840216629064E+00,+5.133126568926E+00,+5.104938755157E+00,-28.184814405E-03
+217.500E-09,+5.060065877012E+00,+5.124607410726E+00,+5.111180903332E+00,-13.424072548E-03
+220.000E-09,+4.792320900048E+00,+5.129043654397E+00,+5.091433730177E+00,-37.606200913E-03
+222.500E-09,+4.899104820478E+00,+5.127983666971E+00,+5.096066267815E+00,-31.914062369E-03
+225.000E-09,+5.038866128098E+00,+5.119778579119E+00,+5.109335740035E+00,-10.440674177E-03
+227.500E-09,+4.932082207671E+00,+5.132419910642E+00,+5.096184044196E+00,-36.232909928E-03
+230.000E-09,+4.905386227562E+00,+5.124175563997E+00,+5.094574433661E+00,-29.598388592E-03
+232.500E-09,+5.076554570609E+00,+5.114164571642E+00,+5.096419596957E+00,-17.742920108E-03
+235.000E-09,+4.959563363665E+00,+5.116873428397E+00,+5.096066267815E+00,-20.804443476E-03
+237.500E-09,+4.948570901266E+00,+5.112711996280E+00,+5.096615890925E+00,-16.093750222E-03
+240.000E-09,+4.940719142411E+00,+5.117266016332E+00,+5.100620287867E+00,-16.641845914E-03
+242.500E-09,+4.906563991388E+00,+5.124725187106E+00,+5.090844848273E+00,-33.878173653E-03
+245.000E-09,+4.944645021836E+00,+5.108786116926E+00,+5.095595162293E+00,-13.187256147E-03
+247.500E-09,+4.937578438868E+00,+5.113222360597E+00,+5.087154521680E+00,-26.064453125E-03
+250.000E-09,+5.090687736547E+00,+5.115381594242E+00,+5.093318152267E+00,-22.061767667E-03
+252.500E-09,+4.962311479267E+00,+5.117305275126E+00,+5.093749998996E+00,-23.552246150E-03
+255.000E-09,+4.950141253039E+00,+5.130456970964E+00,+5.095281091944E+00,-35.172118936E-03
+257.500E-09,+5.012955323885E+00,+5.118679332900E+00,+5.095359609531E+00,-23.316650451E-03
+260.000E-09,+5.082835977694E+00,+5.122605212254E+00,+5.088999684976E+00,-33.602294753E-03
+262.500E-09,+5.009029444452E+00,+5.124057787616E+00,+5.080990891092E+00,-43.062743760E-03
+265.000E-09,+4.945430197723E+00,+5.118129709790E+00,+5.093710740202E+00,-24.415283240E-03
+267.500E-09,+4.968985474289E+00,+5.119150438422E+00,+5.089353014118E+00,-29.794921791E-03
+270.000E-09,+4.868482960943E+00,+5.122919282603E+00,+5.093475187441E+00,-29.442138596E-03
+272.500E-09,+5.044754947248E+00,+5.108550564164E+00,+5.090216707576E+00,-18.330078298E-03
+275.000E-09,+5.010599796224E+00,+5.114282348022E+00,+5.088371544280E+00,-25.906982425E-03
+277.500E-09,+4.923052684985E+00,+5.105488378267E+00,+5.094731468835E+00,-10.754394873E-03
+280.000E-09,+5.022377434505E+00,+5.102426192371E+00,+5.089941896022E+00,-12.481689756E-03
+282.500E-09,+5.065169520268E+00,+5.116520099255E+00,+5.083621230260E+00,-32.895507659E-03
+285.000E-09,+5.075769394722E+00,+5.108079458642E+00,+5.091983353286E+00,-16.092529520E-03
+287.500E-09,+4.965844770747E+00,+5.116794910810E+00,+5.082286431279E+00,-34.505615046E-03
+290.000E-09,+5.059280701126E+00,+5.102112122022E+00,+5.081304961441E+00,-20.804443476E-03
+292.500E-09,+4.888897533964E+00,+5.109453516416E+00,+5.090962624654E+00,-18.488769700E-03
+295.000E-09,+5.072628691179E+00,+5.118522297725E+00,+5.090884107067E+00,-27.635498011E-03
+297.500E-09,+5.082050801807E+00,+5.103525438589E+00,+5.086016016667E+00,-17.507324409E-03
+300.000E-09,+4.957993011897E+00,+5.112476443519E+00,+5.071647298228E+00,-40.826415685E-03
+302.500E-09,+4.799387483014E+00,+5.105370601886E+00,+5.082129396105E+00,-23.238525453E-03
+305.000E-09,+4.931297031784E+00,+5.098735865777E+00,+5.074788001712E+00,-23.944091844E-03
+307.500E-09,+4.841001804948E+00,+5.102779521512E+00,+5.073728014286E+00,-29.049072198E-03
+310.000E-09,+4.988614871428E+00,+5.101876569260E+00,+5.089549308086E+00,-12.325439760E-03
+312.500E-09,+4.849638739686E+00,+5.101091393390E+00,+5.077693152434E+00,-23.394775450E-03
+315.000E-09,+4.907741755217E+00,+5.096851443687E+00,+5.084681217686E+00,-12.166748357E-03
+317.500E-09,+4.886934594251E+00,+5.102858039099E+00,+5.082482725247E+00,-20.372314580E-03
+320.000E-09,+4.823727935468E+00,+5.110042398319E+00,+5.071490263054E+00,-38.548583705E-03
+322.500E-09,+4.945822785666E+00,+5.108825375719E+00,+5.076633165009E+00,-32.188720566E-03
+325.000E-09,+4.903030699903E+00,+5.105566895854E+00,+5.079577574524E+00,-25.987548830E-03
+327.500E-09,+4.989007459370E+00,+5.102229898403E+00,+5.077379082086E+00,-24.847412136E-03
+330.000E-09,+5.050643766383E+00,+5.111612750060E+00,+5.079891644873E+00,-31.717529170E-03
+332.500E-09,+4.851994267344E+00,+5.102347674784E+00,+5.074984295679E+00,-27.359619112E-03
+335.000E-09,+4.879475423338E+00,+5.111377197299E+00,+5.082247172486E+00,-29.127197197E-03
+337.500E-09,+4.974089117545E+00,+5.104428390841E+00,+5.076750941389E+00,-27.673339807E-03
+340.000E-09,+4.915593514073E+00,+5.107843905880E+00,+5.082168654899E+00,-25.672607430E-03
+342.500E-09,+4.977229821087E+00,+5.108157976228E+00,+5.078635363480E+00,-29.519042891E-03
+345.000E-09,+5.001177685597E+00,+5.098578830603E+00,+5.076986494150E+00,-21.590576271E-03
+347.500E-09,+4.987044519657E+00,+5.108432787783E+00,+5.071333227879E+00,-37.095947018E-03
+350.000E-09,+4.925800800585E+00,+5.093710740202E+00,+5.080833855918E+00,-12.874756154E-03
+352.500E-09,+4.859846026197E+00,+5.090177448783E+00,+5.074395413776E+00,-15.780029526E-03
+355.000E-09,+4.965059594862E+00,+5.094181845725E+00,+5.071647298228E+00,-22.530517657E-03
+357.500E-09,+4.857097910597E+00,+5.093828516583E+00,+5.063559986756E+00,-30.266113187E-03
+360.000E-09,+4.984688991999E+00,+5.095595162293E+00,+5.074473931363E+00,-21.119384876E-03
+362.500E-09,+4.958385599837E+00,+5.101955086848E+00,+5.072079144957E+00,-29.873046790E-03
+365.000E-09,+4.960348539546E+00,+5.090727071893E+00,+5.079734609699E+00,-10.989990571E-03
+367.500E-09,+4.945822785668E+00,+5.092650752777E+00,+5.072903579621E+00,-19.743652485E-03
+370.000E-09,+5.050643766385E+00,+5.104703202396E+00,+5.070312499247E+00,-34.388427547E-03
+372.500E-09,+4.890467885735E+00,+5.095909232641E+00,+5.071765074608E+00,-24.141845746E-03
+375.000E-09,+4.991755574969E+00,+5.093553705028E+00,+5.067250313350E+00,-26.300048822E-03
+377.500E-09,+4.940326554469E+00,+5.098304019047E+00,+5.066896984208E+00,-31.403808473E-03
+380.000E-09,+4.887327182192E+00,+5.110277951080E+00,+5.060654836034E+00,-49.620360800E-03
+382.500E-09,+5.013740499766E+00,+5.098578830602E+00,+5.067289572143E+00,-31.286620976E-03
+385.000E-09,+4.881045775109E+00,+5.083817524228E+00,+5.062460740537E+00,-21.353759870E-03
+387.500E-09,+5.042006831646E+00,+5.097989948699E+00,+5.058534861182E+00,-39.451903997E-03
+390.000E-09,+4.924230448813E+00,+5.083189383531E+00,+5.071568780640E+00,-11.617431963E-03
+392.500E-09,+5.003533213253E+00,+5.091001883447E+00,+5.066072549543E+00,-24.926757838E-03
+395.000E-09,+5.123665123740E+00,+5.095516644706E+00,+5.060340765685E+00,-35.172118936E-03
+397.500E-09,+4.934830323269E+00,+5.088253767899E+00,+5.068820665092E+00,-19.429931788E-03
+400.000E-09,+4.892823413397E+00,+5.092297423635E+00,+5.057906720485E+00,-34.388427548E-03
+402.500E-09,+4.931689619726E+00,+5.083739006641E+00,+5.053823805956E+00,-29.912109289E-03
+405.000E-09,+4.829224166665E+00,+5.080127197634E+00,+5.066229584718E+00,-13.895263944E-03
+407.500E-09,+4.958778187779E+00,+5.087036745299E+00,+5.056611180298E+00,-30.422363184E-03
+410.000E-09,+5.040436479871E+00,+5.093553705028E+00,+5.058848931531E+00,-34.700927540E-03
+412.500E-09,+4.901852936075E+00,+5.081108667473E+00,+5.068506594744E+00,-12.600097957E-03
+415.000E-09,+4.855920146774E+00,+5.099128453712E+00,+5.057671167724E+00,-41.453857077E-03
+417.500E-09,+4.896356704876E+00,+5.087272298060E+00,+5.052646042150E+00,-34.622802542E-03
+420.000E-09,+4.935222911215E+00,+5.086251569428E+00,+5.060340765685E+00,-25.906982425E-03
+422.500E-09,+5.006281328855E+00,+5.089038943770E+00,+5.067250313350E+00,-21.784668064E-03
+425.000E-09,+4.872408840367E+00,+5.077457599673E+00,+5.064580715389E+00,-12.874756154E-03
+427.500E-09,+4.898319644596E+00,+5.085858981492E+00,+5.053509735608E+00,-32.346191266E-03
+430.000E-09,+4.945430197724E+00,+5.064266645041E+00,+5.059005966705E+00,-5.257568824E-03
+432.500E-09,+4.947393137437E+00,+5.069919911311E+00,+5.060890388795E+00,-9.027099990E-03
+435.000E-09,+4.917949041730E+00,+5.082796795596E+00,+5.053117147672E+00,-29.676513591E-03
+437.500E-09,+4.868875548885E+00,+5.075180589647E+00,+5.058848931530E+00,-16.328125217E-03
+440.000E-09,+4.927371152355E+00,+5.078870916241E+00,+5.051468278343E+00,-27.398681610E-03
+442.500E-09,+4.923052684983E+00,+5.088842649802E+00,+5.058024496866E+00,-30.815429581E-03
+445.000E-09,+4.960348539548E+00,+5.076436871041E+00,+5.065365891260E+00,-11.068115569E-03
+447.500E-09,+4.866520021227E+00,+5.087233039267E+00,+5.052803077324E+00,-34.426269344E-03
+450.000E-09,+5.056925173466E+00,+5.084995288034E+00,+5.053980841131E+00,-31.011962779E-03
+452.500E-09,+4.963881831035E+00,+5.072118403751E+00,+5.053980841130E+00,-18.134765802E-03
+455.000E-09,+4.966629946635E+00,+5.091512247763E+00,+5.044009107569E+00,-47.498778816E-03
+457.500E-09,+5.024732962162E+00,+5.082639760421E+00,+5.059398554640E+00,-23.238525453E-03
+460.000E-09,+4.943074670070E+00,+5.085309358383E+00,+5.056414886330E+00,-28.890380796E-03
+462.500E-09,+4.970555826062E+00,+5.077653893640E+00,+5.054177135098E+00,-23.474121151E-03
+465.000E-09,+4.797817131247E+00,+5.080676820744E+00,+5.057043027027E+00,-23.631591851E-03
+467.500E-09,+4.998429569999E+00,+5.085623428731E+00,+5.045422424137E+00,-40.197753589E-03
+470.000E-09,+4.924230448816E+00,+5.061204459144E+00,+5.054530464240E+00,-6.671143012E-03
+472.500E-09,+4.828046402837E+00,+5.068663629918E+00,+5.048877197969E+00,-19.783935687E-03
+475.000E-09,+5.064776932322E+00,+5.080205715221E+00,+5.054059358717E+00,-26.143798826E-03
+477.500E-09,+4.885756830423E+00,+5.067799936460E+00,+5.048327574859E+00,-19.468994288E-03
+480.000E-09,+5.023947786276E+00,+5.069841393725E+00,+5.055629710459E+00,-14.207763937E-03
+482.500E-09,+4.898319644591E+00,+5.073296167557E+00,+5.061282976730E+00,-12.010498361E-03
+485.000E-09,+4.786039492959E+00,+5.062931846060E+00,+5.056414886330E+00,-6.514893015E-03
+487.500E-09,+4.977622409031E+00,+5.071333227880E+00,+5.050643843679E+00,-20.687255979E-03
+490.000E-09,+5.122094771966E+00,+5.066386619892E+00,+5.049662373840E+00,-16.722412318E-03
+492.500E-09,+4.946215373611E+00,+5.073256908764E+00,+5.048131280891E+00,-25.123291037E-03
+495.000E-09,+4.995681454397E+00,+5.092690011570E+00,+5.040868404085E+00,-51.817626376E-03
+497.500E-09,+4.976052057261E+00,+5.071843592195E+00,+5.044951318614E+00,-26.888427715E-03
+500.000E-09,+5.001962861482E+00,+5.078399810718E+00,+5.045500941724E+00,-32.896728362E-03
+502.500E-09,+4.924623036759E+00,+5.081815325756E+00,+5.047738692956E+00,-34.073486148E-03
+505.000E-09,+4.897534468704E+00,+5.078713881066E+00,+5.042360238240E+00,-36.351318128E-03
+507.500E-09,+4.962704067212E+00,+5.078517587099E+00,+5.049583856253E+00,-28.930663998E-03
+510.000E-09,+4.884186478653E+00,+5.056493403918E+00,+5.042438755827E+00,-14.051513940E-03
+512.500E-09,+4.928156328236E+00,+5.072746544447E+00,+5.044558730679E+00,-28.184814406E-03
+515.000E-09,+5.056139997586E+00,+5.064109609866E+00,+5.043616519633E+00,-20.489502078E-03
+517.500E-09,+4.955637484237E+00,+5.065522926434E+00,+5.045147612582E+00,-20.372314580E-03
+520.000E-09,+4.921089745273E+00,+5.077065011738E+00,+5.036471419207E+00,-40.589599284E-03
+522.500E-09,+4.981155700520E+00,+5.073924308253E+00,+5.047032034672E+00,-26.889648418E-03
+525.000E-09,+4.902245524018E+00,+5.047620916576E+00,+5.047699434162E+00,+79.345119E-06
+527.500E-09,+4.873586604192E+00,+5.065640702815E+00,+5.049034233144E+00,-16.604004118E-03
+530.000E-09,+5.082050801805E+00,+5.065758479195E+00,+5.042595791001E+00,-23.160400455E-03
+532.500E-09,+4.883401302765E+00,+5.062617775712E+00,+5.049897926601E+00,-12.717285454E-03
+535.000E-09,+4.823727935467E+00,+5.076044283105E+00,+5.051468278343E+00,-24.573974642E-03
+537.500E-09,+5.035332836618E+00,+5.070194722866E+00,+5.048720162795E+00,-21.470947368E-03
+540.000E-09,+4.814305824842E+00,+5.065051820911E+00,+5.033487750898E+00,-31.561279173E-03
+542.500E-09,+5.035332836619E+00,+5.081108667473E+00,+5.044794283440E+00,-36.311034926E-03
+545.000E-09,+4.810379945415E+00,+5.074238378602E+00,+5.041889132717E+00,-32.344970562E-03
+547.500E-09,+5.031014369250E+00,+5.071686557021E+00,+5.042320979446E+00,-29.362792894E-03
+550.000E-09,+4.943074670067E+00,+5.067171795763E+00,+5.041339509608E+00,-25.828857426E-03
+552.500E-09,+5.086369269176E+00,+5.062460740537E+00,+5.039141017169E+00,-23.316650452E-03
+555.000E-09,+4.971341001949E+00,+5.072589509273E+00,+5.032702575027E+00,-39.884032894E-03
+557.500E-09,+4.952496780690E+00,+5.061008165176E+00,+5.037963253362E+00,-23.041992254E-03
+560.000E-09,+4.990970399085E+00,+5.061989635015E+00,+5.038591394059E+00,-23.394775450E-03
+562.500E-09,+5.008636856514E+00,+5.068114006808E+00,+5.036157348859E+00,-31.953124868E-03
+565.000E-09,+4.949356077152E+00,+5.044244660331E+00,+5.046286117595E+00,+2.042235700E-03
+567.500E-09,+4.961526303383E+00,+5.060772612415E+00,+5.039376569930E+00,-21.394043073E-03
+570.000E-09,+5.027873665702E+00,+5.072589509273E+00,+5.038748429233E+00,-33.839111154E-03
+572.500E-09,+4.869660724765E+00,+5.064227386247E+00,+5.035175879020E+00,-29.049072199E-03
+575.000E-09,+4.927371152359E+00,+5.074473931363E+00,+5.046286117595E+00,-28.184814405E-03
+577.500E-09,+4.997644394114E+00,+5.064109609866E+00,+5.041378768401E+00,-22.727050855E-03
+580.000E-09,+4.821372407809E+00,+5.068271041982E+00,+5.040789886498E+00,-27.479248015E-03
+582.500E-09,+4.859453438253E+00,+5.055629710459E+00,+5.041771356337E+00,-13.856201444E-03
+585.000E-09,+5.053784469926E+00,+5.056807474266E+00,+5.041732097543E+00,-15.072021730E-03
+587.500E-09,+5.044362359303E+00,+5.066661431447E+00,+5.040946921672E+00,-25.711669929E-03
+590.000E-09,+5.090687736547E+00,+5.053588253195E+00,+5.032781092614E+00,-20.804443476E-03
+592.500E-09,+4.837075925520E+00,+5.060654836034E+00,+5.041575062369E+00,-19.077148593E-03
+595.000E-09,+4.972126177832E+00,+5.062853328473E+00,+5.024850816317E+00,-37.999267310E-03
+597.500E-09,+5.057710349355E+00,+5.051743089898E+00,+5.035725502130E+00,-16.014404521E-03
+600.000E-09,+4.968985474288E+00,+5.049740891428E+00,+5.030739635349E+00,-18.997802892E-03
+602.500E-09,+5.057710349356E+00,+5.061911117427E+00,+5.031171482078E+00,-30.736083880E-03
+605.000E-09,+4.843357332603E+00,+5.037021042318E+00,+5.042831343762E+00,+5.809325459E-03
+607.500E-09,+4.994111102628E+00,+5.069998428899E+00,+5.042320979446E+00,-27.674560511E-03
+610.000E-09,+4.954852308350E+00,+5.066308102305E+00,+5.034508479530E+00,-31.795654168E-03
+612.500E-09,+4.945037609781E+00,+5.061636305873E+00,+5.035882537304E+00,-25.750732429E-03
+615.000E-09,+4.940719142413E+00,+5.070940639943E+00,+5.040868404085E+00,-30.069579987E-03
+617.500E-09,+4.882223538938E+00,+5.059908918956E+00,+5.040789886498E+00,-19.116211092E-03
+620.000E-09,+4.996466630282E+00,+5.069134735440E+00,+5.035921796098E+00,-33.209228355E-03
+622.500E-09,+4.952889368641E+00,+5.058495602388E+00,+5.032506281059E+00,-25.986328125E-03
+625.000E-09,+4.868482960939E+00,+5.048877197969E+00,+5.039298052343E+00,-9.576416384E-03
+627.500E-09,+4.956815248069E+00,+5.057396356169E+00,+5.024811557523E+00,-32.581786963E-03
+630.000E-09,+4.930511855899E+00,+5.035686243337E+00,+5.032859610201E+00,-2.823486847E-03
+632.500E-09,+4.929334092071E+00,+5.050290514536E+00,+5.038630652852E+00,-11.657715165E-03
+635.000E-09,+4.948570901266E+00,+5.058377826008E+00,+5.032859610201E+00,-25.516357434E-03
+637.500E-09,+4.928548916187E+00,+5.044558730679E+00,+5.031171482078E+00,-13.383789346E-03
+640.000E-09,+5.047503062843E+00,+5.045893529660E+00,+5.024772298730E+00,-21.119384876E-03
+642.500E-09,+5.003533213253E+00,+5.054530464240E+00,+5.021749371627E+00,-32.778320162E-03
+645.000E-09,+4.961918891320E+00,+5.044794283440E+00,+5.039612122691E+00,-5.179443826E-03
+647.500E-09,+4.874371780084E+00,+5.046168341215E+00,+5.032506281059E+00,-13.659668246E-03
+650.000E-09,+5.041221655758E+00,+5.045108353788E+00,+5.033958856420E+00,-11.146240567E-03
+652.500E-09,+5.075769394726E+00,+5.046874999498E+00,+5.029561871542E+00,-17.310791211E-03
+655.000E-09,+4.912452810532E+00,+5.077771670020E+00,+5.020061243504E+00,-57.706298119E-03
+657.500E-09,+5.024732962162E+00,+5.053156406466E+00,+5.034744032291E+00,-18.409423998E-03
+660.000E-09,+4.833150046095E+00,+5.045815012072E+00,+5.020846419375E+00,-24.964599633E-03
+662.500E-09,+4.877905071569E+00,+5.051114949201E+00,+5.036706971969E+00,-14.406738540E-03
+665.000E-09,+4.941504318297E+00,+5.057749685310E+00,+5.036942524730E+00,-20.804443476E-03
+667.500E-09,+4.932867383555E+00,+5.044872801027E+00,+5.026224874091E+00,-18.645019697E-03
+670.000E-09,+4.979192760801E+00,+5.041025439259E+00,+5.021553077659E+00,-19.468994287E-03
+672.500E-09,+4.939541378583E+00,+5.046678705530E+00,+5.030229271033E+00,-16.446533417E-03
+675.000E-09,+4.820587231926E+00,+5.051154207995E+00,+5.021710112833E+00,-29.442138596E-03
+677.500E-09,+4.955244896292E+00,+5.040632851324E+00,+5.031249999665E+00,-9.379883185E-03
+680.000E-09,+4.993325926739E+00,+5.043852072395E+00,+5.034115891594E+00,-9.732666381E-03
+682.500E-09,+4.949356077153E+00,+5.048994974350E+00,+5.020179019885E+00,-28.812255797E-03
+685.000E-09,+4.970555826062E+00,+5.034979585053E+00,+5.023751570097E+00,-11.224365566E-03
+687.500E-09,+4.979585348745E+00,+5.048484610034E+00,+5.027402637897E+00,-21.079101674E-03
+690.000E-09,+4.894393765165E+00,+5.052567524562E+00,+5.031838881569E+00,-20.726318478E-03
+692.500E-09,+4.889290121904E+00,+5.043380966873E+00,+5.025243404253E+00,-18.134765802E-03
+695.000E-09,+4.890467885737E+00,+5.068585112330E+00,+5.019825690743E+00,-48.756103007E-03
+697.500E-09,+4.786824668844E+00,+5.058024496866E+00,+5.027834484627E+00,-30.186767485E-03
+700.000E-09,+4.748351050453E+00,+5.069213253028E+00,+5.032781092614E+00,-36.429443127E-03
+702.500E-09,+4.897141880763E+00,+5.061243717936E+00,+5.025400439426E+00,-35.839843530E-03
+705.000E-09,+4.999607333827E+00,+5.071961368576E+00,+5.028776695672E+00,-43.182372664E-03
+707.500E-09,+5.042006831645E+00,+5.067250313350E+00,+5.023005653020E+00,-44.241942953E-03
+710.000E-09,+4.899889996364E+00,+5.032545539852E+00,+5.030896670523E+00,-1.646729061E-03
+712.500E-09,+4.843357332610E+00,+5.059202260672E+00,+5.027873743420E+00,-31.325683476E-03
+715.000E-09,+4.903030699904E+00,+5.072510991686E+00,+5.030268529827E+00,-42.239989872E-03
+717.500E-09,+4.904208463732E+00,+5.033173680549E+00,+5.024104899240E+00,-9.066162488E-03
+720.000E-09,+4.887327182194E+00,+5.028933730846E+00,+5.022024183181E+00,-6.907959412E-03
+722.500E-09,+5.074984218842E+00,+5.076005024311E+00,+5.043577260840E+00,-32.424316263E-03
+725.000E-09,+4.927371152358E+00,+5.075887247931E+00,+5.034901067466E+00,-40.982665682E-03
+727.500E-09,+4.873194016258E+00,+5.039926193040E+00,+5.033605527278E+00,-6.318359816E-03
+730.000E-09,+4.885756830421E+00,+5.041339509607E+00,+5.038277323710E+00,-3.060303248E-03
+732.500E-09,+4.874764368023E+00,+5.072864320828E+00,+5.036196607653E+00,-36.665038825E-03
+735.000E-09,+5.041221655759E+00,+5.085466393557E+00,+5.022887876640E+00,-62.574462073E-03
+737.500E-09,+4.859453438260E+00,+5.025793027362E+00,+5.031014446904E+00,+5.220946567E-03
+740.000E-09,+4.950926428922E+00,+5.069213253027E+00,+5.019747173156E+00,-49.461669397E-03
+742.500E-09,+4.925800800589E+00,+5.086604898570E+00,+5.033016645375E+00,-53.583983759E-03
+745.000E-09,+4.769550799368E+00,+5.051311243169E+00,+5.032781092614E+00,-18.526611496E-03
+747.500E-09,+4.868482960942E+00,+5.033527009691E+00,+5.028462625323E+00,-5.062256328E-03
+750.000E-09,+4.781328437648E+00,+5.050369032123E+00,+5.023201946988E+00,-27.164306615E-03
+752.500E-09,+4.905386227557E+00,+5.075769471550E+00,+5.033801821246E+00,-41.965331675E-03
+755.000E-09,+4.902245524019E+00,+5.050369032124E+00,+5.033958856420E+00,-16.407470919E-03
+757.500E-09,+4.856705322660E+00,+5.031171482078E+00,+5.024301193207E+00,-6.867676210E-03
+760.000E-09,+4.834720397865E+00,+5.058377826008E+00,+5.023201946988E+00,-35.172118936E-03
+762.500E-09,+4.925800800586E+00,+5.077693152434E+00,+5.024968592698E+00,-52.722167372E-03
+765.000E-09,+4.921874921161E+00,+5.044480213092E+00,+5.028776695672E+00,-15.701904529E-03
+767.500E-09,+4.970163238120E+00,+5.046835740705E+00,+5.033527009691E+00,-13.306885051E-03
+770.000E-09,+4.831579694323E+00,+5.075259107234E+00,+5.038512876472E+00,-36.741943120E-03
+772.500E-09,+4.883793890711E+00,+5.076593906215E+00,+5.037178077491E+00,-39.411620796E-03
+775.000E-09,+4.947000549494E+00,+5.063167398821E+00,+5.021317524898E+00,-41.846923474E-03
+777.500E-09,+4.861416377970E+00,+5.051271984375E+00,+5.037178077491E+00,-14.090576439E-03
+780.000E-09,+4.877905071568E+00,+5.079263504176E+00,+5.038826946820E+00,-40.433349288E-03
+782.500E-09,+4.809202181581E+00,+5.068781406298E+00,+5.025596733394E+00,-43.181151960E-03
+785.000E-09,+4.999607333822E+00,+5.037413630253E+00,+5.038983981994E+00,+1.571044304E-03
+787.500E-09,+4.906563991391E+00,+5.053784547163E+00,+5.032741833820E+00,-21.040039174E-03
+790.000E-09,+4.877119895679E+00,+5.076201318279E+00,+5.033880338833E+00,-42.318114870E-03
+792.500E-09,+4.959170775722E+00,+5.063402951583E+00,+5.038512876472E+00,-24.887695339E-03
+795.000E-09,+5.051428942270E+00,+5.064423680214E+00,+5.031681846395E+00,-32.738036959E-03
+797.500E-09,+4.841001804949E+00,+5.058024496866E+00,+5.034822549878E+00,-23.198242251E-03
+800.000E-09,+4.842572156720E+00,+5.068271041983E+00,+5.037649183014E+00,-30.618896383E-03
+802.500E-09,+4.967807710459E+00,+5.071961368576E+00,+5.043027637730E+00,-28.930663999E-03
+805.000E-09,+4.927371152357E+00,+5.045186871376E+00,+5.037335112666E+00,-7.850342204E-03
+807.500E-09,+4.902638111960E+00,+5.073806531873E+00,+5.040161745801E+00,-33.641357252E-03
+810.000E-09,+4.887327182195E+00,+5.081697549376E+00,+5.037492147840E+00,-44.202880453E-03
+812.500E-09,+4.954067132466E+00,+5.059516331021E+00,+5.042635049795E+00,-16.878662314E-03
+815.000E-09,+4.811165121299E+00,+5.069448805788E+00,+5.035450690575E+00,-33.995361150E-03
+817.500E-09,+4.942682082121E+00,+5.072746544447E+00,+5.043655778427E+00,-29.088134697E-03
+820.000E-09,+4.947000549494E+00,+5.084759735273E+00,+5.048406092446E+00,-36.351318129E-03
+822.500E-09,+4.951319016866E+00,+5.066818466621E+00,+5.038709170440E+00,-28.106689407E-03
+825.000E-09,+4.917163865840E+00,+5.072118403750E+00,+5.043616519633E+00,-28.499755804E-03
+827.500E-09,+4.820979819867E+00,+5.076358353453E+00,+5.048994974350E+00,-27.360839814E-03
+830.000E-09,+4.869268136823E+00,+5.066700690240E+00,+5.054766017001E+00,-11.932373362E-03
+832.500E-09,+4.879475423343E+00,+5.060144471718E+00,+5.044676507059E+00,-15.465088127E-03
+835.000E-09,+5.071058339406E+00,+5.063874057105E+00,+5.053274182846E+00,-10.596924174E-03
+837.500E-09,+5.009029444451E+00,+5.070391016834E+00,+5.041378768401E+00,-29.008788996E-03
+840.000E-09,+4.866127433287E+00,+5.066936243002E+00,+5.039298052343E+00,-27.635498012E-03
+842.500E-09,+4.911275046706E+00,+5.062892587266E+00,+5.039180275962E+00,-23.708496146E-03
+845.000E-09,+4.936008087095E+00,+5.056650439092E+00,+5.055786745634E+00,-860.596267E-06
+847.500E-09,+4.848853563802E+00,+5.072864320828E+00,+5.051782348692E+00,-21.079101674E-03
+850.000E-09,+4.951711604806E+00,+5.071647298227E+00,+5.046050564833E+00,-25.594482432E-03
+852.500E-09,+4.951319016863E+00,+5.069331029409E+00,+5.048641645208E+00,-20.686035276E-03
+855.000E-09,+4.895964116939E+00,+5.083896041814E+00,+5.049348303491E+00,-34.544677544E-03
+857.500E-09,+4.941111730349E+00,+5.079813127286E+00,+5.050054961775E+00,-29.755859292E-03
+860.000E-09,+5.049858590498E+00,+5.084367147337E+00,+5.043616519633E+00,-40.748290687E-03
+862.500E-09,+4.904601051675E+00,+5.066386619891E+00,+5.036706971969E+00,-29.676513590E-03
+865.000E-09,+4.925015624703E+00,+5.059869660163E+00,+5.055786745633E+00,-4.080811038E-03
+867.500E-09,+4.875549543912E+00,+5.074709484125E+00,+5.044519471885E+00,-30.186767486E-03
+870.000E-09,+4.928941504129E+00,+5.064580715389E+00,+5.048327574859E+00,-16.251220922E-03
+872.500E-09,+4.931297031785E+00,+5.063717021930E+00,+5.055197863730E+00,-8.516846095E-03
+875.000E-09,+4.900675172251E+00,+5.074788001712E+00,+5.054766017001E+00,-20.018310681E-03
+877.500E-09,+4.930904443841E+00,+5.064894785737E+00,+5.051703831105E+00,-13.188476850E-03
+880.000E-09,+4.944645021840E+00,+5.062303705364E+00,+5.049112750730E+00,-13.187256147E-03
+882.500E-09,+4.904208463730E+00,+5.079656092112E+00,+5.038120288537E+00,-41.533202778E-03
+885.000E-09,+4.835505573753E+00,+5.072353956512E+00,+5.048877197969E+00,-23.472900448E-03
+887.500E-09,+4.923052684982E+00,+5.085270099590E+00,+5.047817210544E+00,-37.448730214E-03
+890.000E-09,+4.862201553858E+00,+5.075730212757E+00,+5.046364635182E+00,-29.361572191E-03
+892.500E-09,+4.840609217003E+00,+5.076711682596E+00,+5.056218592362E+00,-20.490722781E-03
+895.000E-09,+4.821372407807E+00,+5.092847046744E+00,+5.047699434163E+00,-45.145263244E-03
+897.500E-09,+4.837468513461E+00,+5.082521984040E+00,+5.052410489388E+00,-30.108642487E-03
+900.000E-09,+4.760913864626E+00,+5.092061870873E+00,+5.040789886498E+00,-51.268309982E-03
+902.500E-09,+4.936400675037E+00,+5.081344220234E+00,+5.041575062369E+00,-39.765624693E-03
+905.000E-09,+4.779758085876E+00,+5.069841393724E+00,+5.043066896524E+00,-26.771240218E-03
+907.500E-09,+4.980763112577E+00,+5.088175250312E+00,+5.046129082421E+00,-42.043456673E-03
+910.000E-09,+4.949356077147E+00,+5.073217649970E+00,+5.052724559737E+00,-20.489502077E-03
+912.500E-09,+5.045540123128E+00,+5.077614634847E+00,+5.051978642659E+00,-25.633544930E-03
+915.000E-09,+4.859060850315E+00,+5.078713881067E+00,+5.045657976898E+00,-33.052978359E-03
+917.500E-09,+4.821372407807E+00,+5.077300564499E+00,+5.052999371292E+00,-24.298095742E-03
+920.000E-09,+4.962704067207E+00,+5.069605840964E+00,+5.047934986924E+00,-21.668701270E-03
+922.500E-09,+4.930511855898E+00,+5.073413943937E+00,+5.047974245717E+00,-25.437011732E-03
+925.000E-09,+4.946215373609E+00,+5.075259107235E+00,+5.060262248098E+00,-14.993896733E-03
+927.500E-09,+4.907349167273E+00,+5.079616833319E+00,+5.052214195421E+00,-27.398681611E-03
+930.000E-09,+4.858275674432E+00,+5.080755338331E+00,+5.040554333737E+00,-40.198974292E-03
+932.500E-09,+4.959170775722E+00,+5.081226443854E+00,+5.049623115046E+00,-31.599120970E-03
+935.000E-09,+4.985474167883E+00,+5.084131594576E+00,+5.046678705530E+00,-37.449950917E-03
+937.500E-09,+4.891645649561E+00,+5.078046481576E+00,+5.050369032124E+00,-27.674560510E-03
+940.000E-09,+5.024732962164E+00,+5.100463252692E+00,+5.051625313517E+00,-48.834228006E-03
+942.500E-09,+4.906956579328E+00,+5.087939697550E+00,+5.050251255743E+00,-37.685546615E-03
+945.000E-09,+4.880260599225E+00,+5.070940639944E+00,+5.054216393892E+00,-16.722412317E-03
+947.500E-09,+5.005496152970E+00,+5.088842649801E+00,+5.045422424137E+00,-43.417968361E-03
+950.000E-09,+4.951711604804E+00,+5.082639760421E+00,+5.046835740704E+00,-35.802001735E-03
+952.500E-09,+4.855920146768E+00,+5.081697549376E+00,+5.062107411395E+00,-19.587402488E-03
+955.000E-09,+5.102465374831E+00,+5.083581971467E+00,+5.057985238073E+00,-25.594482432E-03
+957.500E-09,+4.855920146769E+00,+5.071843592195E+00,+5.057514132550E+00,-14.326172137E-03
+960.000E-09,+4.911667634648E+00,+5.075887247931E+00,+5.075573177582E+00,-311.279873E-06
+962.500E-09,+4.893608589281E+00,+5.091237436209E+00,+5.056140074776E+00,-35.093993938E-03
+965.000E-09,+4.829224166667E+00,+5.073845790667E+00,+5.052724559737E+00,-21.119384876E-03
+967.500E-09,+4.901460348134E+00,+5.087193780474E+00,+5.056689697885E+00,-30.501708886E-03
+970.000E-09,+4.958778187776E+00,+5.085544911144E+00,+5.060497800860E+00,-25.045166038E-03
+972.500E-09,+4.981940876403E+00,+5.080755338332E+00,+5.064698491769E+00,-16.054687724E-03
+975.000E-09,+5.032584721015E+00,+5.088371544279E+00,+5.056336368744E+00,-32.032470569E-03
+977.500E-09,+4.931689619727E+00,+5.082207913692E+00,+5.065994031957E+00,-16.210937720E-03
+980.000E-09,+4.784469141193E+00,+5.100698805454E+00,+5.056100815982E+00,-44.593505444E-03
+982.500E-09,+4.881045775106E+00,+5.092140388460E+00,+5.053470476814E+00,-38.666991905E-03
+985.000E-09,+5.038866128100E+00,+5.071725815815E+00,+5.067485866111E+00,-4.237061035E-03
+987.500E-09,+4.987829695551E+00,+5.093632222615E+00,+5.049897926601E+00,-43.731689058E-03
+990.000E-09,+5.065562108209E+00,+5.079342021764E+00,+5.055394157698E+00,-23.944091844E-03
+992.500E-09,+4.946607961556E+00,+5.082364948867E+00,+5.059673366195E+00,-22.687988356E-03
+995.000E-09,+4.950926428923E+00,+5.098186242667E+00,+5.066229584717E+00,-31.954345572E-03
+997.500E-09,+4.850423915577E+00,+5.081697549376E+00,+5.059320037053E+00,-22.375488363E-03
+1.000000E-06,+4.910097282871E+00,+5.076593906216E+00,+5.061047423969E+00,-15.543213126E-03
+1.002500E-06,+4.995681454400E+00,+5.099835111996E+00,+5.064580715389E+00,-35.251464638E-03
+1.005000E-06,+4.947785725376E+00,+5.069213253028E+00,+5.058534861182E+00,-10.675049172E-03
+1.007500E-06,+4.895178941052E+00,+5.095987750229E+00,+5.068231783189E+00,-27.752685509E-03
+1.010000E-06,+4.959563363661E+00,+5.088135991518E+00,+5.053509735608E+00,-34.622802542E-03
+1.012500E-06,+4.950533840982E+00,+5.090177448784E+00,+5.060811871208E+00,-29.362792896E-03
+1.015000E-06,+5.014525675646E+00,+5.088607097041E+00,+5.059712624989E+00,-28.890380795E-03
+1.017500E-06,+4.954852308350E+00,+5.085937499080E+00,+5.060968906382E+00,-24.965820336E-03
+1.020000E-06,+4.926585976472E+00,+5.097950689905E+00,+5.055080087350E+00,-42.867431264E-03
+1.022500E-06,+4.883793890708E+00,+5.097754395938E+00,+5.056061557189E+00,-41.689452775E-03
+1.025000E-06,+4.858275674430E+00,+5.086330087015E+00,+5.069998428898E+00,-16.329345920E-03
+1.027500E-06,+4.980763112573E+00,+5.091630024144E+00,+5.060929647589E+00,-30.698242083E-03
+1.030000E-06,+4.897534468706E+00,+5.080205715221E+00,+5.058770413943E+00,-21.431884869E-03
+1.032500E-06,+4.869660724772E+00,+5.090648554305E+00,+5.059163001879E+00,-31.481933472E-03
+1.035000E-06,+4.999607333827E+00,+5.095045539183E+00,+5.057592650137E+00,-37.449950917E-03
+1.037500E-06,+5.058495525241E+00,+5.099678076822E+00,+5.070155464073E+00,-29.519042890E-03
+1.040000E-06,+4.952496780694E+00,+5.103682473764E+00,+5.062382222950E+00,-41.297607081E-03
+1.042500E-06,+4.811950297183E+00,+5.117148239951E+00,+5.061636305873E+00,-55.507811841E-03
+1.045000E-06,+4.775832206451E+00,+5.114282348023E+00,+5.078478328305E+00,-35.802001736E-03
+1.047500E-06,+4.776224794391E+00,+5.151617460688E+00,+5.077575376053E+00,-74.038084865E-03
+1.050000E-06,+4.932082207665E+00,+5.123311870539E+00,+5.072275438925E+00,-51.033934988E-03
+1.052500E-06,+4.777795146162E+00,+5.078046481577E+00,+5.065130338498E+00,-12.915039357E-03
+1.055000E-06,+4.943859845948E+00,+5.128336996112E+00,+5.078478328305E+00,-49.854735795E-03
+1.057500E-06,+4.859453438253E+00,+5.147848616507E+00,+5.085191582002E+00,-62.653807775E-03
+1.060000E-06,+4.989400047310E+00,+5.097479584384E+00,+5.078870916241E+00,-18.604736495E-03
+1.062500E-06,+4.875156955970E+00,+5.078478328304E+00,+5.075102072059E+00,-3.374023944E-03
+1.065000E-06,+4.832364870203E+00,+5.153933729506E+00,+5.121584483622E+00,-32.344970561E-03
+1.067500E-06,+4.930904443836E+00,+5.186911116089E+00,+5.108079458642E+00,-78.828123820E-03
+1.070000E-06,+4.926585976472E+00,+5.065522926436E+00,+5.083660489054E+00,+18.135985339E-03
+1.072500E-06,+4.892038237506E+00,+5.076672423801E+00,+5.106077260170E+00,+29.404295636E-03
+1.075000E-06,+4.899104820480E+00,+5.180315638771E+00,+5.109885363145E+00,-70.426024397E-03
+1.077500E-06,+4.851209091457E+00,+5.145021983373E+00,+5.101680275293E+00,-43.337401959E-03
+1.080000E-06,+4.856705322661E+00,+5.050054961777E+00,+5.092218906047E+00,+42.164305115E-03
+1.082500E-06,+4.924230448812E+00,+5.114007536466E+00,+5.101719534086E+00,-12.286377259E-03
+1.085000E-06,+4.710662607949E+00,+5.184241518127E+00,+5.101405463738E+00,-82.830809277E-03
+1.087500E-06,+4.906956579333E+00,+5.140978327637E+00,+5.081736808170E+00,-59.238280509E-03
+1.090000E-06,+4.936008087098E+00,+5.067799936460E+00,+5.090570036718E+00,+22.769774300E-03
+1.092500E-06,+4.846105448204E+00,+5.124999998661E+00,+5.110749056602E+00,-14.248047139E-03
+1.095000E-06,+4.742854819259E+00,+5.187696291959E+00,+5.096144785403E+00,-91.546629394E-03
+1.097500E-06,+4.751099166054E+00,+5.126766644372E+00,+5.098539571809E+00,-28.223876905E-03
+1.100000E-06,+4.826083463122E+00,+5.093239634680E+00,+5.108472046577E+00,+15.233153374E-03
+1.102500E-06,+4.877119895680E+00,+5.130299935789E+00,+5.096890702480E+00,-33.406982256E-03
+1.105000E-06,+4.909312106987E+00,+5.165868402746E+00,+5.106038001376E+00,-59.827880104E-03
+1.107500E-06,+4.885756830428E+00,+5.116794910810E+00,+5.096812184893E+00,-19.980468886E-03
+1.110000E-06,+5.036510600441E+00,+5.095909232641E+00,+5.102426192370E+00,+6.517333257E-03
+1.112500E-06,+4.806454065990E+00,+5.148869345139E+00,+5.095084797976E+00,-53.780516958E-03
+1.115000E-06,+4.782113613532E+00,+5.152755965701E+00,+5.100620287867E+00,-52.132567777E-03
+1.117500E-06,+4.921089745272E+00,+5.104781719984E+00,+5.100423993900E+00,-4.355469235E-03
+1.120000E-06,+4.938363614750E+00,+5.106038001377E+00,+5.108864634512E+00,+2.825927089E-03
+1.122500E-06,+4.929334092072E+00,+5.167203201726E+00,+5.092847046744E+00,-74.353026263E-03
+1.125000E-06,+4.954067132461E+00,+5.137288001043E+00,+5.107137247596E+00,-30.147704987E-03
+1.127500E-06,+4.930904443840E+00,+5.110160174700E+00,+5.107608353119E+00,-2.551270057E-03
+1.130000E-06,+5.031799545129E+00,+5.133597674448E+00,+5.097950689906E+00,-35.643310331E-03
+1.132500E-06,+4.942682082126E+00,+5.178706028237E+00,+5.108903893306E+00,-69.798583007E-03
+1.135000E-06,+4.770335975253E+00,+5.152834483289E+00,+5.114910488719E+00,-37.921142314E-03
+1.137500E-06,+4.973303941656E+00,+5.116873428397E+00,+5.110081657113E+00,-6.788330508E-03
+1.140000E-06,+4.845712860263E+00,+5.158330714384E+00,+5.111769785235E+00,-46.556396025E-03
+1.142500E-06,+4.913237986420E+00,+5.184987435204E+00,+5.126923679545E+00,-58.059081315E-03
+1.145000E-06,+4.995681454394E+00,+5.153933729507E+00,+5.129828830268E+00,-24.102783247E-03
+1.147500E-06,+4.876334719797E+00,+5.125745915739E+00,+5.121584483622E+00,-4.160156739E-03
+1.150000E-06,+4.922660097041E+00,+5.153227071223E+00,+5.123940011235E+00,-29.283447192E-03
+1.152500E-06,+4.959563363664E+00,+5.177331970463E+00,+5.120092649467E+00,-57.236327428E-03
+1.155000E-06,+4.997251806170E+00,+5.147416769779E+00,+5.123940011235E+00,-23.472900449E-03
+1.157500E-06,+4.887719770138E+00,+5.131085111661E+00,+5.131477699597E+00,+393.065816E-06
+1.160000E-06,+4.839431453176E+00,+5.162413628913E+00,+5.130064383029E+00,-32.344970562E-03
+1.162500E-06,+4.882616126878E+00,+5.179923050837E+00,+5.113929018880E+00,-65.989989341E-03
+1.165000E-06,+4.778972909995E+00,+5.142862749727E+00,+5.132027322706E+00,-10.833740576E-03
+1.167500E-06,+4.915593514068E+00,+5.143451631630E+00,+5.133676192036E+00,-9.772949583E-03
+1.170000E-06,+4.956422660124E+00,+5.170972045907E+00,+5.130456970965E+00,-40.511474285E-03
+1.172500E-06,+4.939541378583E+00,+5.165161744463E+00,+5.129436242332E+00,-35.722656035E-03
+1.175000E-06,+4.892823413396E+00,+5.166025437920E+00,+5.120485237403E+00,-45.535888236E-03
+1.177500E-06,+4.891645649564E+00,+5.154875940552E+00,+5.135756908094E+00,-19.116211092E-03
+1.180000E-06,+4.875549543910E+00,+5.183613377430E+00,+5.132576945816E+00,-51.033934988E-03
+1.182500E-06,+4.929334092065E+00,+5.168223930359E+00,+5.128651066461E+00,-39.570312197E-03
+1.185000E-06,+4.853564619121E+00,+5.159429960604E+00,+5.127708855416E+00,-31.717529170E-03
+1.187500E-06,+4.798209719182E+00,+5.169715764514E+00,+5.128572548874E+00,-41.140136382E-03
+1.190000E-06,+5.027873665699E+00,+5.170422422798E+00,+5.132105840294E+00,-38.314208710E-03
+1.192500E-06,+4.864949669455E+00,+5.166653578617E+00,+5.128965136810E+00,-37.685546615E-03
+1.195000E-06,+4.849638739691E+00,+5.161706970630E+00,+5.118443780139E+00,-43.260497662E-03
+1.197500E-06,+4.875942131853E+00,+5.164808415320E+00,+5.122683729842E+00,-42.121581672E-03
+1.200000E-06,+4.972126177828E+00,+5.171835739366E+00,+5.118914885661E+00,-52.916259165E-03
+1.202500E-06,+4.921089745267E+00,+5.177842334779E+00,+5.121152636894E+00,-56.687011034E-03
+1.205000E-06,+4.994896278515E+00,+5.158958855082E+00,+5.126531091610E+00,-32.425536967E-03
+1.207500E-06,+4.953281956576E+00,+5.168538000708E+00,+5.134108038765E+00,-34.426269344E-03
+1.210000E-06,+4.908526931101E+00,+5.181650437753E+00,+5.129043654397E+00,-52.603759171E-03
+1.212500E-06,+5.000785097657E+00,+5.168577259501E+00,+5.128454772494E+00,-40.119628592E-03
+1.215000E-06,+5.062421404666E+00,+5.184948176411E+00,+5.131713252358E+00,-53.231200564E-03
+1.217500E-06,+4.923445272928E+00,+5.175722359926E+00,+5.144472360262E+00,-31.247558477E-03
+1.220000E-06,+4.762484216399E+00,+5.184948176411E+00,+5.131320664423E+00,-53.624266961E-03
+1.222500E-06,+4.963489243089E+00,+5.183888188985E+00,+5.134932473429E+00,-48.952636206E-03
+1.225000E-06,+4.941504318297E+00,+5.155896669185E+00,+5.148594533584E+00,-7.298584404E-03
+1.227500E-06,+4.941111730353E+00,+5.180629709120E+00,+5.141213880397E+00,-39.412841498E-03
+1.230000E-06,+4.987044519657E+00,+5.173720161456E+00,+5.145689382862E+00,-28.028564409E-03
+1.232500E-06,+4.958385599834E+00,+5.177803075985E+00,+5.150675249643E+00,-27.125244116E-03
+1.235000E-06,+5.047503062841E+00,+5.179373427727E+00,+5.143569408010E+00,-35.802001735E-03
+1.237500E-06,+4.943859845947E+00,+5.177528264431E+00,+5.146553076319E+00,-30.972900281E-03
+1.240000E-06,+4.940719142411E+00,+5.177410488050E+00,+5.156053704358E+00,-21.353759871E-03
+1.242500E-06,+4.979977936685E+00,+5.186911116089E+00,+5.148280463236E+00,-38.627929406E-03
+1.245000E-06,+4.846498036142E+00,+5.189423678876E+00,+5.161000312346E+00,-28.419189400E-03
+1.247500E-06,+4.968592886344E+00,+5.193035487883E+00,+5.148790827552E+00,-44.240722250E-03
+1.250000E-06,+5.062421404669E+00,+5.194841392385E+00,+5.156132221946E+00,-38.704833701E-03
+1.252500E-06,+5.025125550111E+00,+5.180080086011E+00,+5.150871543610E+00,-29.205322195E-03
+1.255000E-06,+4.906956579332E+00,+5.197118402411E+00,+5.149772297391E+00,-47.342528821E-03
+1.257500E-06,+4.844142508488E+00,+5.203635362140E+00,+5.152913000875E+00,-50.718993589E-03
+1.260000E-06,+4.804883714217E+00,+5.198453201392E+00,+5.153070036049E+00,-45.379638239E-03
+1.262500E-06,+4.850031327627E+00,+5.189619972843E+00,+5.158055902829E+00,-31.560058471E-03
+1.265000E-06,+4.902245524018E+00,+5.193899181340E+00,+5.163591392721E+00,-30.303954982E-03
+1.267500E-06,+4.925408212642E+00,+5.213489319321E+00,+5.163434357546E+00,-50.051268994E-03
+1.270000E-06,+4.822942759584E+00,+5.182906719147E+00,+5.151342649133E+00,-31.561279173E-03
+1.272500E-06,+4.914023162303E+00,+5.179766015662E+00,+5.169558729340E+00,-10.205078478E-03
+1.275000E-06,+5.001962861479E+00,+5.215491517792E+00,+5.156681845056E+00,-58.804930908E-03
+1.277500E-06,+4.886542006306E+00,+5.198453201392E+00,+5.153933729507E+00,-44.515380446E-03
+1.280000E-06,+4.875549543910E+00,+5.190051819573E+00,+5.165318779636E+00,-24.730224640E-03
+1.282500E-06,+4.888504946022E+00,+5.203124997825E+00,+5.170383164005E+00,-32.738036960E-03
+1.285000E-06,+4.808024417755E+00,+5.211958226373E+00,+5.171364633843E+00,-40.589599285E-03
+1.287500E-06,+4.928548916183E+00,+5.205637560613E+00,+5.163787686688E+00,-41.846923476E-03
+1.290000E-06,+4.946215373611E+00,+5.197432472760E+00,+5.164219533417E+00,-33.209228355E-03
+1.292500E-06,+4.843749920542E+00,+5.209131593237E+00,+5.157467020927E+00,-51.660155677E-03
+1.295000E-06,+4.851994267347E+00,+5.234021668347E+00,+5.177803075985E+00,-56.214598935E-03
+1.297500E-06,+4.850423915578E+00,+5.211330085676E+00,+5.175565324753E+00,-35.761718532E-03
+1.300000E-06,+4.775047030562E+00,+5.204027950076E+00,+5.170972045908E+00,-33.052978358E-03
+1.302500E-06,+4.884971654540E+00,+5.211173050502E+00,+5.173170538347E+00,-37.999267310E-03
+1.305000E-06,+4.874764368024E+00,+5.228918025186E+00,+5.179216392553E+00,-49.698485799E-03
+1.307500E-06,+4.961133715434E+00,+5.211212309296E+00,+5.175604583546E+00,-35.605468537E-03
+1.310000E-06,+5.039651303984E+00,+5.192642899947E+00,+5.180158603598E+00,-12.481689756E-03
+1.312500E-06,+4.950533840980E+00,+5.220006279050E+00,+5.174740890088E+00,-45.261230039E-03
+1.315000E-06,+5.045932711074E+00,+5.236534231135E+00,+5.176311241830E+00,-60.218505096E-03
+1.317500E-06,+5.018058967132E+00,+5.206108666135E+00,+5.183966706573E+00,-22.138671962E-03
+1.320000E-06,+4.862986729743E+00,+5.191229583380E+00,+5.175918653895E+00,-15.308838131E-03
+1.322500E-06,+4.990970399088E+00,+5.230095788993E+00,+5.176311241830E+00,-53.780516958E-03
+1.325000E-06,+5.071843515295E+00,+5.224678075483E+00,+5.194919909972E+00,-29.754638590E-03
+1.327500E-06,+4.976837233145E+00,+5.213999683638E+00,+5.192132535631E+00,-21.864013766E-03
+1.330000E-06,+4.939148790634E+00,+5.228054331728E+00,+5.186597045740E+00,-41.453857077E-03
+1.332500E-06,+4.948963489211E+00,+5.235945349232E+00,+5.184202259333E+00,-51.739501379E-03
+1.335000E-06,+4.815091000724E+00,+5.245563753651E+00,+5.194213251688E+00,-51.346434981E-03
+1.337500E-06,+4.973696529603E+00,+5.223735864438E+00,+5.193467334611E+00,-30.266113187E-03
+1.340000E-06,+4.820587231927E+00,+5.224756593070E+00,+5.188167397482E+00,-36.585693124E-03
+1.342500E-06,+4.981548288452E+00,+5.244071919496E+00,+5.189698490431E+00,-54.370116554E-03
+1.345000E-06,+5.018451555080E+00,+5.243129708451E+00,+5.203635362140E+00,-39.490966496E-03
+1.347500E-06,+4.875549543914E+00,+5.228446919664E+00,+5.192721417534E+00,-35.722656033E-03
+1.350000E-06,+4.937578438867E+00,+5.225306216180E+00,+5.191543653728E+00,-33.758544749E-03
+1.352500E-06,+4.895964116941E+00,+5.233118716096E+00,+5.190012560779E+00,-43.103026962E-03
+1.355000E-06,+4.756202809318E+00,+5.235749055264E+00,+5.191857724076E+00,-43.887939054E-03
+1.357500E-06,+4.934045147384E+00,+5.223657346851E+00,+5.203046480237E+00,-20.607910278E-03
+1.360000E-06,+4.909312106988E+00,+5.223343276503E+00,+5.203242774205E+00,-20.098877087E-03
+1.362500E-06,+4.854742382946E+00,+5.245799306413E+00,+5.204459796805E+00,-41.336669580E-03
+1.365000E-06,+4.930511855897E+00,+5.240931216013E+00,+5.198845789327E+00,-42.081298470E-03
+1.367500E-06,+4.909704694929E+00,+5.224874369451E+00,+5.204145726457E+00,-20.726318478E-03
+1.370000E-06,+4.946215373611E+00,+5.236926819070E+00,+5.196568779302E+00,-40.355224289E-03
+1.372500E-06,+4.912845398474E+00,+5.245956341587E+00,+5.209720475141E+00,-36.232909929E-03
+1.375000E-06,+4.944645021837E+00,+5.262130964528E+00,+5.212664884657E+00,-49.461669398E-03
+1.377500E-06,+4.917949041727E+00,+5.239635675825E+00,+5.210113063076E+00,-29.520263594E-03
+1.380000E-06,+4.870053312715E+00,+5.255692522387E+00,+5.218239633340E+00,-37.449950917E-03
+1.382500E-06,+4.937578438869E+00,+5.251884419413E+00,+5.208110864605E+00,-43.769530854E-03
+1.385000E-06,+4.859846026201E+00,+5.239517899445E+00,+5.213528578115E+00,-25.987548829E-03
+1.387500E-06,+4.904601051677E+00,+5.250117773703E+00,+5.219378138354E+00,-30.737304583E-03
+1.390000E-06,+4.925800800585E+00,+5.246191894348E+00,+5.203478326967E+00,-42.711181267E-03
+1.392500E-06,+4.898319644593E+00,+5.249136303864E+00,+5.212468590690E+00,-36.663818121E-03
+1.395000E-06,+4.921089745272E+00,+5.235199432155E+00,+5.208739005302E+00,-26.456298819E-03
+1.397500E-06,+4.947393137443E+00,+5.246231153141E+00,+5.210505651012E+00,-35.722656033E-03
+1.400000E-06,+4.968200298402E+00,+5.257184356542E+00,+5.223186241328E+00,-33.995361151E-03
+1.402500E-06,+4.920697157323E+00,+5.257105838955E+00,+5.214392271573E+00,-42.709960565E-03
+1.405000E-06,+4.959563363666E+00,+5.252473301316E+00,+5.208660487715E+00,-43.809814056E-03
+1.407500E-06,+4.988222283486E+00,+5.256516957052E+00,+5.216080399695E+00,-40.433349289E-03
+1.410000E-06,+4.839431453179E+00,+5.272102698090E+00,+5.218789256451E+00,-53.309325562E-03
+1.412500E-06,+4.873979192137E+00,+5.267548678040E+00,+5.225502510148E+00,-42.042235971E-03
+1.415000E-06,+4.819802056039E+00,+5.277834481948E+00,+5.226719532747E+00,-51.112059986E-03
+1.417500E-06,+4.899497408417E+00,+5.270846416697E+00,+5.218710738863E+00,-52.132567776E-03
+1.420000E-06,+4.898319644592E+00,+5.276499682968E+00,+5.224913628244E+00,-51.583251382E-03
+1.422500E-06,+4.796246779472E+00,+5.253965135470E+00,+5.224678075483E+00,-29.284667896E-03
+1.425000E-06,+4.908526931102E+00,+5.254357723406E+00,+5.238732723573E+00,-15.621338124E-03
+1.427500E-06,+4.947393137439E+00,+5.265389444394E+00,+5.226955085509E+00,-38.431396208E-03
+1.430000E-06,+4.799387483016E+00,+5.255378452038E+00,+5.229860236232E+00,-25.516357433E-03
+1.432500E-06,+4.855920146772E+00,+5.249842962148E+00,+5.230409859341E+00,-19.429931789E-03
+1.435000E-06,+4.890467885737E+00,+5.252080713381E+00,+5.227975814141E+00,-24.102783246E-03
+1.437500E-06,+4.904601051674E+00,+5.242815638103E+00,+5.234689067838E+00,-8.123779698E-03
+1.440000E-06,+4.889682709854E+00,+5.231587623149E+00,+5.235670537677E+00,+4.083251279E-03
+1.442500E-06,+4.947785725380E+00,+5.235081655774E+00,+5.226091392051E+00,-8.986816788E-03
+1.445000E-06,+4.936008087101E+00,+5.257419909303E+00,+5.242737120515E+00,-14.678955333E-03
+1.447500E-06,+4.952496780693E+00,+5.257969532414E+00,+5.218985550419E+00,-38.980712602E-03
+1.450000E-06,+4.851994267347E+00,+5.217690010232E+00,+5.202614633509E+00,-15.072021730E-03
+1.452500E-06,+4.963096655145E+00,+5.212625625863E+00,+5.210113063076E+00,-2.510986854E-03
+1.455000E-06,+4.972911353717E+00,+5.261659859006E+00,+5.206619030451E+00,-55.037841148E-03
+1.457500E-06,+4.932082207668E+00,+5.255888816355E+00,+5.209759733934E+00,-46.126708535E-03
+1.460000E-06,+4.979192760800E+00,+5.239282346684E+00,+5.214627824334E+00,-24.652099641E-03
+1.462500E-06,+4.992148162914E+00,+5.239635675825E+00,+5.190444407508E+00,-49.188231904E-03
+1.465000E-06,+5.085976681236E+00,+5.241951944645E+00,+5.184005965366E+00,-57.943114521E-03
+1.467500E-06,+4.823335347526E+00,+5.255810298767E+00,+5.184084482953E+00,-71.722411088E-03
+1.470000E-06,+4.974481705485E+00,+5.232765386955E+00,+5.191700688902E+00,-41.060790680E-03
+1.472500E-06,+4.962704067205E+00,+5.233315010063E+00,+5.196372485334E+00,-36.939697021E-03
+1.475000E-06,+4.990185223194E+00,+5.242344532580E+00,+5.196882849650E+00,-45.457763238E-03
+1.477500E-06,+4.985081579946E+00,+5.247801504884E+00,+5.195822862224E+00,-51.975097077E-03
+1.480000E-06,+4.885756830424E+00,+5.239517899446E+00,+5.216355211250E+00,-23.160400457E-03
+1.482500E-06,+4.839038865238E+00,+5.244896354161E+00,+5.214431530367E+00,-30.461425683E-03
+1.485000E-06,+4.862201553857E+00,+5.225149181006E+00,+5.220516643366E+00,-4.630127433E-03
+1.487500E-06,+4.902638111966E+00,+5.247762246090E+00,+5.209681216347E+00,-38.077392309E-03
+1.490000E-06,+4.892823413393E+00,+5.248547421961E+00,+5.203164256618E+00,-45.379638240E-03
+1.492500E-06,+5.019236730961E+00,+5.245995600381E+00,+5.206776065625E+00,-39.216308300E-03
+1.495000E-06,+4.952496780694E+00,+5.247134105393E+00,+5.206697548037E+00,-40.433349287E-03
+1.497500E-06,+5.088724796837E+00,+5.237869030116E+00,+5.212154520341E+00,-25.711669929E-03
+1.500000E-06,+4.849638739690E+00,+5.257655462064E+00,+5.215648552967E+00,-42.003173471E-03
+1.502500E-06,+5.040829067821E+00,+5.253062183219E+00,+5.209956027902E+00,-43.103026962E-03
+1.505000E-06,+4.961133715436E+00,+5.234571291458E+00,+5.207953829431E+00,-26.614990222E-03
+1.507500E-06,+4.822157583697E+00,+5.242894155690E+00,+5.203007221444E+00,-39.884032893E-03
+1.510000E-06,+4.876334719794E+00,+5.240617145664E+00,+5.206933100799E+00,-33.680419751E-03
+1.512500E-06,+4.962704067205E+00,+5.237751253735E+00,+5.210858980154E+00,-26.889648418E-03
+1.515000E-06,+5.089117384779E+00,+5.240146040142E+00,+5.196961367238E+00,-43.182372663E-03
+1.517500E-06,+4.813128061012E+00,+5.226994344303E+00,+5.206030148547E+00,-20.961914176E-03
+1.520000E-06,+4.891253061622E+00,+5.230409859342E+00,+5.209524181173E+00,-20.882568475E-03
+1.522500E-06,+4.910097282876E+00,+5.249057786277E+00,+5.206461995277E+00,-42.592773067E-03
+1.525000E-06,+4.853564619117E+00,+5.230723929690E+00,+5.209759733934E+00,-20.960693474E-03
+1.527500E-06,+4.795461603586E+00,+5.229899495025E+00,+5.208150123398E+00,-21.746826268E-03
+1.530000E-06,+4.961133715431E+00,+5.232294281431E+00,+5.209053075650E+00,-23.238525453E-03
+1.532500E-06,+4.954067132468E+00,+5.230566894516E+00,+5.209838251521E+00,-20.725097776E-03
+1.535000E-06,+4.928941504126E+00,+5.241559356709E+00,+5.203949432489E+00,-37.606200913E-03
+1.537500E-06,+5.009814620341E+00,+5.217611492644E+00,+5.198374683805E+00,-19.233398590E-03
+1.540000E-06,+4.746780698688E+00,+5.229310613122E+00,+5.187460739198E+00,-41.846923475E-03
+1.542500E-06,+4.828831578720E+00,+5.223853640818E+00,+5.178980839792E+00,-44.869384344E-03
+1.545000E-06,+4.922660097041E+00,+5.226169909638E+00,+5.178274181508E+00,-47.891845214E-03
+1.547500E-06,+4.936400675042E+00,+5.236966077864E+00,+5.189816266811E+00,-47.147216325E-03
+1.550000E-06,+4.896749292823E+00,+5.216826316773E+00,+5.177096417701E+00,-39.727782897E-03
+1.552500E-06,+5.021592258623E+00,+5.223735864438E+00,+5.186675563327E+00,-37.056884519E-03
+1.555000E-06,+4.995681454395E+00,+5.225384733767E+00,+5.184948176411E+00,-40.433349288E-03
+1.557500E-06,+4.867305197116E+00,+5.214353012780E+00,+5.193428075818E+00,-20.922851677E-03
+1.560000E-06,+4.899104820479E+00,+5.206697548038E+00,+5.187617774372E+00,-19.075927891E-03
+1.562500E-06,+4.961526303376E+00,+5.225698804115E+00,+5.181807472928E+00,-43.887939054E-03
+1.565000E-06,+4.961133715434E+00,+5.228918025186E+00,+5.175761618721E+00,-53.153075566E-03
+1.567500E-06,+4.917949041731E+00,+5.223539570471E+00,+5.181297108610E+00,-42.238769171E-03
+1.570000E-06,+5.118954068424E+00,+5.220281090605E+00,+5.186282975392E+00,-33.995361150E-03
+1.572500E-06,+4.985081579947E+00,+5.218200374548E+00,+5.186793339708E+00,-31.403808475E-03
+1.575000E-06,+4.973696529608E+00,+5.228760990012E+00,+5.186204457805E+00,-42.552489864E-03
+1.577500E-06,+5.037295776330E+00,+5.216041140902E+00,+5.191975500456E+00,-24.062500044E-03
+1.580000E-06,+4.886542006314E+00,+5.228839507599E+00,+5.188874055766E+00,-39.962157892E-03
+1.582500E-06,+4.959955951613E+00,+5.224167711167E+00,+5.179844533250E+00,-44.318847247E-03
+1.585000E-06,+5.078124922377E+00,+5.222086995109E+00,+5.187774809547E+00,-34.307861143E-03
+1.587500E-06,+5.037295776329E+00,+5.217022610741E+00,+5.172149809715E+00,-44.869384344E-03
+1.590000E-06,+4.950141253038E+00,+5.213685613289E+00,+5.182828201560E+00,-30.853271377E-03
+1.592500E-06,+5.082835977695E+00,+5.214706341921E+00,+5.189031090940E+00,-25.671386727E-03
+1.595000E-06,+4.919519393506E+00,+5.214784859509E+00,+5.193820663753E+00,-20.960693473E-03
+1.597500E-06,+4.933652559442E+00,+5.209327887205E+00,+5.183691895018E+00,-25.633544931E-03
+1.600000E-06,+4.901460348129E+00,+5.203792397315E+00,+5.196490261714E+00,-7.298584404E-03
+1.602500E-06,+5.060065877011E+00,+5.210544909805E+00,+5.181061555850E+00,-29.479980392E-03
+1.605000E-06,+4.960348539547E+00,+5.201201316941E+00,+5.178195663921E+00,-23.001709052E-03
+1.607500E-06,+4.935222911211E+00,+5.214588565541E+00,+5.179451945314E+00,-35.134277141E-03
+1.610000E-06,+5.029444017475E+00,+5.225070663418E+00,+5.178431216682E+00,-46.636962429E-03
+1.612500E-06,+5.043969771362E+00,+5.208935299270E+00,+5.176821606146E+00,-32.110595568E-03
+1.615000E-06,+4.968985474290E+00,+5.212272296721E+00,+5.170736493146E+00,-41.531982075E-03
+1.617500E-06,+5.123272535798E+00,+5.206579771656E+00,+5.176036430276E+00,-30.539550679E-03
+1.620000E-06,+4.921089745276E+00,+5.212350814308E+00,+5.170265387624E+00,-42.081298469E-03
+1.622500E-06,+4.885364242480E+00,+5.201750940050E+00,+5.168263189153E+00,-33.485107255E-03
+1.625000E-06,+4.976052057262E+00,+5.190051819572E+00,+5.181336367404E+00,-8.712158591E-03
+1.627500E-06,+4.987044519657E+00,+5.206933100799E+00,+5.167203201727E+00,-39.727782897E-03
+1.630000E-06,+4.980763112569E+00,+5.196333226541E+00,+5.158644784733E+00,-37.684325912E-03
+1.632500E-06,+5.016488615361E+00,+5.189855525605E+00,+5.172503138856E+00,-17.348633006E-03
+1.635000E-06,+4.983903816114E+00,+5.192171794425E+00,+5.169087623818E+00,-23.082275457E-03
+1.637500E-06,+4.959170775717E+00,+5.193663628579E+00,+5.172189068508E+00,-21.470947367E-03
+1.640000E-06,+5.000392509714E+00,+5.186204457806E+00,+5.169872799688E+00,-16.329345921E-03
+1.642500E-06,+5.005496152964E+00,+5.188167397482E+00,+5.165515073604E+00,-22.650146560E-03
+1.645000E-06,+4.932867383560E+00,+5.192014759251E+00,+5.170108352449E+00,-21.903076265E-03
+1.647500E-06,+4.926193388525E+00,+5.201633163670E+00,+5.158880337494E+00,-42.750243768E-03
+1.650000E-06,+4.926585976476E+00,+5.180629709121E+00,+5.160764759585E+00,-19.862060685E-03
+1.652500E-06,+4.962311479262E+00,+5.185065952792E+00,+5.166339508269E+00,-18.723144695E-03
+1.655000E-06,+5.000392509710E+00,+5.200965764179E+00,+5.159822548540E+00,-41.138915678E-03
+1.657500E-06,+4.978014996975E+00,+5.187068151262E+00,+5.156956656611E+00,-30.108642487E-03
+1.660000E-06,+4.837075925525E+00,+5.185890387456E+00,+5.162727699262E+00,-23.160400455E-03
+1.662500E-06,+4.943859845953E+00,+5.184712623649E+00,+5.153776694333E+00,-30.932617077E-03
+1.665000E-06,+4.928941504131E+00,+5.181728955340E+00,+5.160450689236E+00,-21.275634873E-03
+1.667500E-06,+5.051428942271E+00,+5.182200060862E+00,+5.141135362810E+00,-41.060790679E-03
+1.670000E-06,+4.979977936693E+00,+5.177724558398E+00,+5.148201945649E+00,-29.520263594E-03
+1.672500E-06,+4.932082207671E+00,+5.169951317275E+00,+5.155111493313E+00,-14.837646735E-03
+1.675000E-06,+5.048288238727E+00,+5.183377824669E+00,+5.147416769778E+00,-35.958251732E-03
+1.677500E-06,+5.054569645813E+00,+5.170618716766E+00,+5.150910802404E+00,-19.704589985E-03
+1.680000E-06,+5.005888740909E+00,+5.175054960437E+00,+5.149301191868E+00,-25.750732429E-03
+1.682500E-06,+4.948963489209E+00,+5.176743088560E+00,+5.153580400366E+00,-23.159179752E-03
+1.685000E-06,+4.947000549495E+00,+5.173720161456E+00,+5.143098302488E+00,-30.618896382E-03
+1.687500E-06,+4.887327182193E+00,+5.185497799522E+00,+5.146749370288E+00,-38.746337608E-03
+1.690000E-06,+5.038866128097E+00,+5.183299307081E+00,+5.144197548707E+00,-39.097900098E-03
+1.692500E-06,+5.004318389136E+00,+5.176821606146E+00,+5.135953202062E+00,-40.865478184E-03
+1.695000E-06,+4.880260599226E+00,+5.183456342256E+00,+5.155975186771E+00,-27.479248015E-03
+1.697500E-06,+4.921089745273E+00,+5.181650437752E+00,+5.149104897900E+00,-32.542724464E-03
+1.700000E-06,+4.812735473075E+00,+5.188010362307E+00,+5.150557473262E+00,-37.449950916E-03
+1.702500E-06,+4.816661352498E+00,+5.170108352449E+00,+5.150439696881E+00,-19.665527486E-03
+1.705000E-06,+4.860631202087E+00,+5.156132221946E+00,+5.154875940552E+00,-1.253662664E-03
+1.707500E-06,+4.844535096431E+00,+5.173052761965E+00,+5.144119031120E+00,-28.930663997E-03
+1.710000E-06,+4.823727935469E+00,+5.169715764514E+00,+5.148044910474E+00,-21.668701270E-03
+1.712500E-06,+4.939933966521E+00,+5.158841078701E+00,+5.149418968249E+00,-9.420166387E-03
+1.715000E-06,+4.962704067209E+00,+5.165632849985E+00,+5.135403578952E+00,-30.225829985E-03
+1.717500E-06,+4.874764368022E+00,+5.160804018378E+00,+5.138897611577E+00,-21.904296968E-03
+1.720000E-06,+4.979192760800E+00,+5.160058101301E+00,+5.145296794926E+00,-14.759521738E-03
+1.722500E-06,+4.961918891321E+00,+5.167752824837E+00,+5.133165827720E+00,-34.583740044E-03
+1.725000E-06,+4.948570901268E+00,+5.160450689237E+00,+5.145610865275E+00,-14.837646735E-03
+1.727500E-06,+4.949356077155E+00,+5.165672108779E+00,+5.133479898067E+00,-32.188720567E-03
+1.730000E-06,+5.026303313934E+00,+5.164769156526E+00,+5.143412372836E+00,-21.353759870E-03
+1.732500E-06,+4.956030072178E+00,+5.166418025856E+00,+5.134579144287E+00,-31.835937371E-03
+1.735000E-06,+4.983118640229E+00,+5.173170538346E+00,+5.129043654397E+00,-44.124755455E-03
+1.737500E-06,+5.067917635869E+00,+5.163748427894E+00,+5.134461367906E+00,-29.283447193E-03
+1.740000E-06,+4.930511855901E+00,+5.168852071056E+00,+5.125431845391E+00,-43.416747658E-03
+1.742500E-06,+5.041221655757E+00,+5.164612121352E+00,+5.130182159410E+00,-34.426269343E-03
+1.745000E-06,+5.052999294040E+00,+5.152520412939E+00,+5.113889760087E+00,-38.626708703E-03
+1.747500E-06,+5.003533213251E+00,+5.156289257120E+00,+5.122173365525E+00,-34.112548648E-03
+1.750000E-06,+4.959563363667E+00,+5.150400438088E+00,+5.126295538848E+00,-24.102783247E-03
+1.752500E-06,+4.999999921769E+00,+5.146003453210E+00,+5.123468905712E+00,-22.531738360E-03
+1.755000E-06,+5.009029444452E+00,+5.143176820075E+00,+5.118522297726E+00,-24.652099641E-03
+1.757500E-06,+4.972126177832E+00,+5.152834483288E+00,+5.128611807668E+00,-24.219970744E-03
+1.760000E-06,+4.951711604810E+00,+5.154640387792E+00,+5.131870287532E+00,-22.767334058E-03
+1.762500E-06,+4.962311479264E+00,+5.152991518462E+00,+5.127237749893E+00,-25.750732429E-03
+1.765000E-06,+4.968985474288E+00,+5.143883478359E+00,+5.120485237403E+00,-23.394775450E-03
+1.767500E-06,+4.935615499153E+00,+5.153344847604E+00,+5.118600815312E+00,-34.741210744E-03
+1.770000E-06,+5.059280701123E+00,+5.151342649132E+00,+5.113732724913E+00,-37.606200913E-03
+1.772500E-06,+4.981155700520E+00,+5.142430902998E+00,+5.123037058984E+00,-19.390869290E-03
+1.775000E-06,+4.955637484237E+00,+5.166653578616E+00,+5.110434986254E+00,-56.214598934E-03
+1.777500E-06,+5.026695901879E+00,+5.142116832648E+00,+5.123037058984E+00,-19.077148592E-03
+1.780000E-06,+4.776617382339E+00,+5.151028578784E+00,+5.112633478694E+00,-38.392333708E-03
+1.782500E-06,+4.982333464344E+00,+5.146081970797E+00,+5.113497172151E+00,-32.581786963E-03
+1.785000E-06,+5.026303313932E+00,+5.125353327804E+00,+5.117580086681E+00,-7.769775799E-03
+1.787500E-06,+5.044362359302E+00,+5.146121229591E+00,+5.126727385577E+00,-19.390869289E-03
+1.790000E-06,+4.923445272930E+00,+5.154718905377E+00,+5.107058730010E+00,-47.657470218E-03
+1.792500E-06,+4.970948414002E+00,+5.132419910642E+00,+5.114400124403E+00,-18.017578304E-03
+1.795000E-06,+5.050643766383E+00,+5.145218277339E+00,+5.114439383196E+00,-30.775146379E-03
+1.797500E-06,+4.993718514688E+00,+5.136424307584E+00,+5.112240890758E+00,-24.179687542E-03
+1.800000E-06,+4.907741755220E+00,+5.134068779972E+00,+5.116088252525E+00,-17.977295103E-03
+1.802500E-06,+4.967415122516E+00,+5.145296794927E+00,+5.115774182177E+00,-29.520263594E-03
+1.805000E-06,+4.944645021841E+00,+5.138465764849E+00,+5.112397925932E+00,-26.065673828E-03
+1.807500E-06,+4.912452810530E+00,+5.130810300107E+00,+5.110788315396E+00,-20.019531385E-03
+1.810000E-06,+5.070273163519E+00,+5.132655463404E+00,+5.108472046577E+00,-24.180908245E-03
+1.812500E-06,+4.933652559447E+00,+5.129632536301E+00,+5.114400124403E+00,-15.229492430E-03
+1.815000E-06,+5.014525675652E+00,+5.139565011068E+00,+5.112083855583E+00,-27.479248015E-03
+1.817500E-06,+4.977229821090E+00,+5.136463566377E+00,+5.105527637060E+00,-30.932617078E-03
+1.820000E-06,+4.910882458770E+00,+5.133126568926E+00,+5.108786116925E+00,-24.337158242E-03
+1.822500E-06,+4.989792635256E+00,+5.135089508603E+00,+5.103643214970E+00,-31.442870973E-03
+1.825000E-06,+4.872408840371E+00,+5.120799307751E+00,+5.110906091777E+00,-9.891357783E-03
+1.827500E-06,+4.971733589894E+00,+5.128022925764E+00,+5.097047737654E+00,-30.972900280E-03
+1.830000E-06,+4.924230448814E+00,+5.120720790165E+00,+5.106352071725E+00,-14.366455339E-03
+1.832500E-06,+4.969378062233E+00,+5.127944408178E+00,+5.111298679713E+00,-16.643066616E-03
+1.835000E-06,+5.062421404669E+00,+5.142941267312E+00,+5.100777323041E+00,-42.161864873E-03
+1.837500E-06,+5.082050801806E+00,+5.125902950913E+00,+5.104349873254E+00,-21.550293069E-03
+1.840000E-06,+5.060851052895E+00,+5.129514759920E+00,+5.106430589312E+00,-23.082275457E-03
+1.842500E-06,+5.027481077761E+00,+5.130417712171E+00,+5.093907034170E+00,-36.507568126E-03
+1.845000E-06,+4.943859845954E+00,+5.123154835365E+00,+5.092532976396E+00,-30.618896382E-03
+1.847500E-06,+4.940719142411E+00,+5.118797109280E+00,+5.101994345641E+00,-16.800537316E-03
+1.850000E-06,+4.945430197727E+00,+5.130221418203E+00,+5.103289885828E+00,-26.927490214E-03
+1.852500E-06,+4.988222283486E+00,+5.126609609197E+00,+5.092611493983E+00,-33.994140448E-03
+1.855000E-06,+4.877119895683E+00,+5.140664257287E+00,+5.095595162293E+00,-45.064696840E-03
+1.857500E-06,+4.945037609785E+00,+5.120877825338E+00,+5.096655149719E+00,-24.219970743E-03
+1.860000E-06,+4.927371152356E+00,+5.125510362977E+00,+5.096223302989E+00,-29.283447193E-03
+1.862500E-06,+4.862986729740E+00,+5.120995601718E+00,+5.090962624654E+00,-30.030517489E-03
+1.865000E-06,+5.047503062837E+00,+5.117030463571E+00,+5.093082599506E+00,-23.944091843E-03
+1.867500E-06,+4.908134343168E+00,+5.127041455926E+00,+5.091590765350E+00,-35.446777134E-03
+1.870000E-06,+4.947785725381E+00,+5.118365262551E+00,+5.088057473931E+00,-30.303954983E-03
+1.872500E-06,+4.999999921767E+00,+5.107137247597E+00,+5.084210112163E+00,-22.924804758E-03
+1.875000E-06,+4.951711604808E+00,+5.116951945984E+00,+5.080048680047E+00,-36.900634523E-03
+1.877500E-06,+4.976052057266E+00,+5.108236493816E+00,+5.092297423634E+00,-15.936279523E-03
+1.880000E-06,+4.889682709853E+00,+5.115695664591E+00,+5.077065011738E+00,-38.626708703E-03
+1.882500E-06,+5.012955323877E+00,+5.121309672068E+00,+5.094181845725E+00,-27.125244117E-03
+1.885000E-06,+4.907741755219E+00,+5.107922423468E+00,+5.096851443686E+00,-11.068115570E-03
+1.887500E-06,+4.919519393497E+00,+5.123743717268E+00,+5.088410803073E+00,-35.329589636E-03
+1.890000E-06,+4.986259343768E+00,+5.114282348022E+00,+5.095909232641E+00,-18.370361500E-03
+1.892500E-06,+4.857490498547E+00,+5.115224559068E+00,+5.091904835699E+00,-23.317871155E-03
+1.895000E-06,+4.952496780692E+00,+5.132733980990E+00,+5.087821921170E+00,-44.908446843E-03
+1.897500E-06,+4.987044519658E+00,+5.106234295344E+00,+5.092847046744E+00,-13.383789345E-03
+1.900000E-06,+4.957993011889E+00,+5.115538629416E+00,+5.087586368409E+00,-27.950439410E-03
+1.902500E-06,+5.031406957190E+00,+5.112437184725E+00,+5.082757536803E+00,-29.677734293E-03
+1.905000E-06,+5.013740499767E+00,+5.105645413441E+00,+5.090805589479E+00,-14.837646735E-03
+1.907500E-06,+4.929726680017E+00,+5.109924621938E+00,+5.077496858466E+00,-32.424316263E-03
+1.910000E-06,+4.984688992000E+00,+5.107451317945E+00,+5.080362750396E+00,-27.086181617E-03
+1.912500E-06,+4.996466630282E+00,+5.108236493816E+00,+5.079616833318E+00,-28.616943302E-03
+1.915000E-06,+4.997251806166E+00,+5.097479584384E+00,+5.087664885996E+00,-9.813232785E-03
+1.917500E-06,+4.883793890704E+00,+5.096694408512E+00,+5.084602700099E+00,-12.089844061E-03
+1.920000E-06,+4.855134970893E+00,+5.105723931029E+00,+5.084367147337E+00,-21.353759871E-03
+1.922500E-06,+4.937578438870E+00,+5.116677134429E+00,+5.072275438924E+00,-44.398192949E-03
+1.925000E-06,+4.910882458764E+00,+5.104389132048E+00,+5.080127197634E+00,-24.259033243E-03
+1.927500E-06,+4.925408212642E+00,+5.109374998829E+00,+5.079459798144E+00,-29.912109289E-03
+1.930000E-06,+5.076554570602E+00,+5.108786116925E+00,+5.091119659827E+00,-17.664795109E-03
+1.932500E-06,+5.031014369249E+00,+5.104663943603E+00,+5.078282034337E+00,-26.378173821E-03
+1.935000E-06,+4.977622409034E+00,+5.109806845557E+00,+5.085309358382E+00,-24.493408238E-03
+1.937500E-06,+5.020021906848E+00,+5.099442524060E+00,+5.076711682596E+00,-22.728271558E-03
+1.940000E-06,+4.961133715435E+00,+5.114203830435E+00,+5.074316896189E+00,-39.884032894E-03
+1.942500E-06,+4.982726052289E+00,+5.097950689905E+00,+5.075887247931E+00,-22.060546963E-03
+1.945000E-06,+5.063206580552E+00,+5.083346418706E+00,+5.077614634847E+00,-5.728760220E-03
+1.947500E-06,+5.050251178442E+00,+5.094613692453E+00,+5.086526380983E+00,-8.084717198E-03
+1.950000E-06,+4.919519393506E+00,+5.098107725080E+00,+5.068663629919E+00,-29.442138595E-03
+1.952500E-06,+5.021984846559E+00,+5.089745602054E+00,+5.072000627370E+00,-17.741699404E-03
+1.955000E-06,+5.092258088318E+00,+5.085152323209E+00,+5.077928705195E+00,-7.220459406E-03
+1.957500E-06,+4.846105448207E+00,+5.090177448782E+00,+5.070822863564E+00,-19.351806789E-03
+1.960000E-06,+4.997251806166E+00,+5.101091393390E+00,+5.074316896189E+00,-26.771240218E-03
+1.962500E-06,+4.997644394114E+00,+5.095869973847E+00,+5.065012562117E+00,-30.854492080E-03
+1.965000E-06,+4.952496780693E+00,+5.078635363480E+00,+5.080048680047E+00,+1.412352901E-03
+1.967500E-06,+4.921482333216E+00,+5.105331343094E+00,+5.067446607318E+00,-37.880859111E-03
+1.970000E-06,+4.906171403447E+00,+5.102426192370E+00,+5.072118403750E+00,-30.303954983E-03
+1.972500E-06,+4.899497408416E+00,+5.097126255242E+00,+5.075847989137E+00,-21.275634873E-03
+1.975000E-06,+4.955637484236E+00,+5.108236493815E+00,+5.071411745466E+00,-36.822509524E-03
+1.977500E-06,+4.856705322653E+00,+5.093043340711E+00,+5.071372486673E+00,-21.667480565E-03
+1.980000E-06,+4.800172658905E+00,+5.100934358215E+00,+5.071568780640E+00,-29.361572192E-03
+1.982500E-06,+4.900675172249E+00,+5.090098931195E+00,+5.068035489221E+00,-22.060546964E-03
+1.985000E-06,+5.001177685595E+00,+5.092532976396E+00,+5.073217649969E+00,-19.312744291E-03
+1.987500E-06,+5.023162610393E+00,+5.099874370789E+00,+5.067014760588E+00,-32.856445160E-03
+1.990000E-06,+5.021592258623E+00,+5.092847046744E+00,+5.062617775712E+00,-30.225829984E-03
+1.992500E-06,+4.908919519043E+00,+5.097479584383E+00,+5.069802134931E+00,-27.674560511E-03
+1.995000E-06,+4.912452810533E+00,+5.093710740202E+00,+5.072825062034E+00,-20.882568475E-03
+1.997500E-06,+5.012170147997E+00,+5.085270099589E+00,+5.067132536970E+00,-18.134765801E-03
+2.000000E-06,+5.053784469928E+00,+5.093475187441E+00,+5.064188127454E+00,-29.283447193E-03
+2.002500E-06,+5.065169520269E+00,+5.093396669854E+00,+5.064423680215E+00,-28.969726497E-03
+2.005000E-06,+4.964274418976E+00,+5.088293026693E+00,+5.054766017002E+00,-33.524169755E-03
+2.007500E-06,+4.916378689954E+00,+5.096576632132E+00,+5.061950376221E+00,-34.622802543E-03
+2.010000E-06,+4.792320900047E+00,+5.084759735273E+00,+5.072903579621E+00,-11.854248364E-03
+2.012500E-06,+4.951711604809E+00,+5.086683416157E+00,+5.070194722866E+00,-16.485595917E-03
+2.015000E-06,+4.971341001945E+00,+5.102269157195E+00,+5.056022298396E+00,-46.243896031E-03
+2.017500E-06,+5.069880575586E+00,+5.088135991518E+00,+5.066425878685E+00,-21.706543066E-03
+2.020000E-06,+5.012170147998E+00,+5.101641016499E+00,+5.071961368576E+00,-29.676513590E-03
+2.022500E-06,+4.937185850930E+00,+5.083307159911E+00,+5.059869660163E+00,-23.433837948E-03
+2.025000E-06,+4.882616126882E+00,+5.082561242834E+00,+5.064973303324E+00,-17.584228705E-03
+2.027500E-06,+4.865734845346E+00,+5.084445664925E+00,+5.059477072227E+00,-24.965820337E-03
+2.030000E-06,+4.871623664486E+00,+5.084210112163E+00,+5.060262248098E+00,-23.944091844E-03
+2.032500E-06,+4.951319016859E+00,+5.089510049293E+00,+5.062539258124E+00,-26.967773417E-03
+2.035000E-06,+4.773476678796E+00,+5.084053076990E+00,+5.062382222950E+00,-21.668701270E-03
+2.037500E-06,+4.948178313322E+00,+5.072903579621E+00,+5.057239320995E+00,-15.661621325E-03
+2.040000E-06,+5.066347284089E+00,+5.078870916241E+00,+5.069056217853E+00,-9.813232786E-03
+2.042500E-06,+4.965844770757E+00,+5.091826318112E+00,+5.058731155150E+00,-33.092040858E-03
+2.045000E-06,+4.911667634644E+00,+5.076358353454E+00,+5.061361494318E+00,-14.993896732E-03
+2.047500E-06,+4.903423287848E+00,+5.093121858299E+00,+5.059163001879E+00,-33.955077948E-03
+2.050000E-06,+5.081265625918E+00,+5.093004081918E+00,+5.043930589983E+00,-49.071044406E-03
+2.052500E-06,+5.016096027426E+00,+5.078713881067E+00,+5.051429019549E+00,-27.282714817E-03
+2.055000E-06,+4.978407584919E+00,+5.094495916072E+00,+5.047934986924E+00,-46.556396025E-03
+2.057500E-06,+4.963096655150E+00,+5.079420539350E+00,+5.060065954131E+00,-19.351806790E-03
+2.060000E-06,+4.914808338189E+00,+5.087507850821E+00,+5.058848931530E+00,-28.656005801E-03
+2.062500E-06,+4.937971026810E+00,+5.082247172485E+00,+5.058456343595E+00,-23.787841847E-03
+2.065000E-06,+4.950926428923E+00,+5.085152323208E+00,+5.056571921505E+00,-28.577880803E-03
+2.067500E-06,+4.908134343161E+00,+5.081933102138E+00,+5.053863064750E+00,-28.066406205E-03
+2.070000E-06,+5.046717886959E+00,+5.074709484124E+00,+5.058927449118E+00,-15.780029526E-03
+2.072500E-06,+4.962704067204E+00,+5.075062813267E+00,+5.052057160247E+00,-23.002929756E-03
+2.075000E-06,+5.076554570608E+00,+5.078949433828E+00,+5.048877197969E+00,-30.069579988E-03
+2.077500E-06,+5.000785097659E+00,+5.071686557021E+00,+5.055708228047E+00,-15.975342022E-03
+2.080000E-06,+4.976052057256E+00,+5.069684358551E+00,+5.058927449118E+00,-10.753174171E-03
+2.082500E-06,+5.054177057874E+00,+5.076005024311E+00,+5.057828202898E+00,-18.175049004E-03
+2.085000E-06,+4.877119895679E+00,+5.073924308254E+00,+5.059241519465E+00,-14.678955333E-03
+2.087500E-06,+4.931689619727E+00,+5.085741205112E+00,+5.044126883949E+00,-41.611327778E-03
+2.090000E-06,+4.972126177831E+00,+5.091747800524E+00,+5.053745288369E+00,-37.999267310E-03
+2.092500E-06,+4.956422660122E+00,+5.078674622273E+00,+5.054491205447E+00,-24.179687542E-03
+2.095000E-06,+5.000392509709E+00,+5.094495916073E+00,+5.057985238072E+00,-36.507568125E-03
+2.097500E-06,+4.969378062233E+00,+5.081579772996E+00,+5.049505338666E+00,-32.071533068E-03
+2.100000E-06,+4.873979192142E+00,+5.103525438589E+00,+5.050526067298E+00,-52.996825568E-03
+2.102500E-06,+4.921874921162E+00,+5.081776066963E+00,+5.058848931530E+00,-22.924804757E-03
+2.105000E-06,+4.975266881370E+00,+5.081461996615E+00,+5.044323177917E+00,-37.135009518E-03
+2.107500E-06,+4.971733589885E+00,+5.077025752944E+00,+5.050643843679E+00,-26.378173821E-03
+2.110000E-06,+4.930511855900E+00,+5.071804333402E+00,+5.049348303492E+00,-22.452392659E-03
+2.112500E-06,+4.947785725380E+00,+5.076279835866E+00,+5.049426821079E+00,-26.849365216E-03
+2.115000E-06,+4.895964116937E+00,+5.077771670022E+00,+5.052803077324E+00,-24.964599634E-03
+2.117500E-06,+4.866127433291E+00,+5.060851130002E+00,+5.049819409015E+00,-11.029053070E-03
+2.120000E-06,+4.849638739688E+00,+5.071882850989E+00,+5.042281720653E+00,-29.598388592E-03
+2.122500E-06,+4.918341629673E+00,+5.076790200183E+00,+5.052920853705E+00,-23.867187549E-03
+2.125000E-06,+4.921874921157E+00,+5.062617775712E+00,+5.053195665259E+00,-9.420166388E-03
+2.127500E-06,+4.872801428304E+00,+5.070508793215E+00,+5.039612122692E+00,-30.893554579E-03
+2.130000E-06,+4.959563363666E+00,+5.073610237905E+00,+5.048798680381E+00,-24.808349637E-03
+2.132500E-06,+4.833935221973E+00,+5.069605840963E+00,+5.045854270865E+00,-23.748779349E-03
+2.135000E-06,+4.939933966526E+00,+5.082247172485E+00,+5.041260992021E+00,-40.982665680E-03
+2.137500E-06,+4.994503690566E+00,+5.073217649970E+00,+5.050526067299E+00,-22.687988356E-03
+2.140000E-06,+4.924230448816E+00,+5.064659232976E+00,+5.045657976898E+00,-18.997802892E-03
+2.142500E-06,+4.927763740299E+00,+5.081736808169E+00,+5.047346105021E+00,-34.387206843E-03
+2.145000E-06,+5.055354821696E+00,+5.067956971634E+00,+5.046443152769E+00,-21.510009867E-03
+2.147500E-06,+4.966629946633E+00,+5.072079144956E+00,+5.040750627704E+00,-31.325683475E-03
+2.150000E-06,+4.910097282876E+00,+5.073924308253E+00,+5.052724559736E+00,-21.197509874E-03
+2.152500E-06,+4.934437735325E+00,+5.064659232976E+00,+5.042085426685E+00,-22.570800858E-03
+2.155000E-06,+4.996466630280E+00,+5.065758479195E+00,+5.042046167891E+00,-23.709716849E-03
+2.157500E-06,+4.983903816112E+00,+5.051154207994E+00,+5.037963253363E+00,-13.188476849E-03
+2.160000E-06,+4.910882458766E+00,+5.061597047080E+00,+5.040789886498E+00,-20.804443478E-03
+2.162500E-06,+5.005103565029E+00,+5.071058416325E+00,+5.034704773498E+00,-36.350097426E-03
+2.165000E-06,+5.006673916793E+00,+5.066308102305E+00,+5.042046167891E+00,-24.259033243E-03
+2.167500E-06,+4.909312106990E+00,+5.075926506726E+00,+5.036864007142E+00,-39.058837601E-03
+2.170000E-06,+4.956422660116E+00,+5.082953830769E+00,+5.036471419207E+00,-46.478271027E-03
+2.172500E-06,+4.947000549495E+00,+5.070901381151E+00,+5.041810615130E+00,-29.088134698E-03
+2.175000E-06,+5.034155072786E+00,+5.072746544447E+00,+5.041103956846E+00,-31.639404172E-03
+2.177500E-06,+5.007851680621E+00,+5.051900125072E+00,+5.040397298562E+00,-11.500244465E-03
+2.180000E-06,+4.961133715437E+00,+5.063952574692E+00,+5.047149811053E+00,-16.800537316E-03
+2.182500E-06,+4.982333464345E+00,+5.059045225497E+00,+5.046246858801E+00,-12.796631154E-03
+2.185000E-06,+4.820587231926E+00,+5.051311243169E+00,+5.036471419207E+00,-14.837646735E-03
+2.187500E-06,+4.923837860873E+00,+5.062971104853E+00,+5.039886934246E+00,-23.081054754E-03
+2.190000E-06,+4.829224166668E+00,+5.067407348524E+00,+5.039141017169E+00,-28.262939402E-03
+2.192500E-06,+4.947000549489E+00,+5.063206657614E+00,+5.042438755827E+00,-20.764160274E-03
+2.195000E-06,+5.032584721016E+00,+5.066072549544E+00,+5.030504082589E+00,-35.565185334E-03
+2.197500E-06,+4.985866755831E+00,+5.053548994402E+00,+5.040986180466E+00,-12.559814755E-03
+2.200000E-06,+4.879475423342E+00,+5.062460740537E+00,+5.033252198136E+00,-29.205322195E-03
+2.202500E-06,+4.999999921773E+00,+5.067368089731E+00,+5.042046167891E+00,-25.318603532E-03
+2.205000E-06,+4.954852308348E+00,+5.057435614963E+00,+5.052960112498E+00,-4.473877436E-03
+2.207500E-06,+4.959563363661E+00,+5.064227386248E+00,+5.039847675453E+00,-24.376220741E-03
+2.210000E-06,+5.058495525240E+00,+5.057435614963E+00,+5.046207600007E+00,-11.224365566E-03
+2.212500E-06,+5.009814620336E+00,+5.053548994402E+00,+5.039258793549E+00,-14.287109639E-03
+2.215000E-06,+5.027873665700E+00,+5.062696293298E+00,+5.038355841298E+00,-24.337158240E-03
+2.217500E-06,+5.016096027429E+00,+5.056532662711E+00,+5.039533605104E+00,-16.995849811E-03
+2.220000E-06,+4.936008087102E+00,+5.067014760589E+00,+5.025871544950E+00,-41.138915677E-03
+2.222500E-06,+5.011384972112E+00,+5.058966707911E+00,+5.039690640279E+00,-19.273681791E-03
+2.225000E-06,+4.957207836009E+00,+5.054687499414E+00,+5.042124685478E+00,-12.559814754E-03
+2.227500E-06,+4.979585348751E+00,+5.062617775711E+00,+5.036903265936E+00,-25.711669929E-03
+2.230000E-06,+5.006673916794E+00,+5.052567524563E+00,+5.042203203066E+00,-10.362549179E-03
+2.232500E-06,+4.919519393503E+00,+5.054805275795E+00,+5.040829145291E+00,-13.973388941E-03
+2.235000E-06,+5.038866128105E+00,+5.067328830937E+00,+5.033880338833E+00,-33.446044756E-03
+2.237500E-06,+4.913237986416E+00,+5.044519471885E+00,+5.037099559904E+00,-7.416992603E-03
+2.240000E-06,+4.879475423333E+00,+5.062146670189E+00,+5.039533605104E+00,-22.611084062E-03
+2.242500E-06,+4.882616126878E+00,+5.059202260672E+00,+5.031760363982E+00,-27.438964812E-03
+2.245000E-06,+4.959563363661E+00,+5.052881594911E+00,+5.040475816149E+00,-12.403564759E-03
+2.247500E-06,+4.921482333215E+00,+5.067525124905E+00,+5.023673052510E+00,-43.847655853E-03
+2.250000E-06,+5.049073414610E+00,+5.055708228046E+00,+5.028619660497E+00,-27.086181617E-03
+2.252500E-06,+4.943859845956E+00,+5.051114949202E+00,+5.032545539852E+00,-18.566894699E-03
+2.255000E-06,+5.005888740915E+00,+5.063559986756E+00,+5.023044911814E+00,-40.511474285E-03
+2.257500E-06,+4.857883086481E+00,+5.052999371292E+00,+5.036667713175E+00,-16.329345920E-03
+2.260000E-06,+4.946215373605E+00,+5.065836996782E+00,+5.036314384033E+00,-29.520263594E-03
+2.262500E-06,+4.859060850317E+00,+5.064737750563E+00,+5.028227072562E+00,-36.507568125E-03
+2.265000E-06,+4.943074670066E+00,+5.062931846059E+00,+5.040318780975E+00,-22.611084061E-03
+2.267500E-06,+5.089117384781E+00,+5.061832599840E+00,+5.031995916742E+00,-29.833984291E-03
+2.270000E-06,+4.959563363667E+00,+5.042674308589E+00,+5.028305590150E+00,-14.366455339E-03
+2.272500E-06,+4.992148162911E+00,+5.046757223117E+00,+5.031917399155E+00,-14.836426032E-03
+2.275000E-06,+4.961133715438E+00,+5.044951318614E+00,+5.033016645375E+00,-11.932373363E-03
+2.277500E-06,+4.948570901265E+00,+5.041967650304E+00,+5.034115891595E+00,-7.849121500E-03
+2.280000E-06,+4.939933966527E+00,+5.033958856421E+00,+5.032938127788E+00,-1.019287670E-03
+2.282500E-06,+5.057317761411E+00,+5.046560929150E+00,+5.032192210711E+00,-14.366455339E-03
+2.285000E-06,+4.938363614754E+00,+5.039062499582E+00,+5.032702575026E+00,-6.356201612E-03
+2.287500E-06,+4.958385599825E+00,+5.047817210544E+00,+5.026499685645E+00,-21.315918076E-03
+2.290000E-06,+5.171560852753E+00,+5.058299308420E+00,+5.022652323878E+00,-35.643310332E-03
+2.292500E-06,+4.791143136220E+00,+5.054766017002E+00,+5.023476758543E+00,-31.285400274E-03
+2.295000E-06,+4.921089745273E+00,+5.052017901452E+00,+5.032388504678E+00,-19.627685690E-03
+2.297500E-06,+5.045540123129E+00,+5.042046167891E+00,+5.023358982162E+00,-18.684082195E-03
+2.300000E-06,+4.976052057266E+00,+5.050290514536E+00,+5.017391645542E+00,-32.896728362E-03
+2.302500E-06,+5.021984846568E+00,+5.048641645207E+00,+5.026460426852E+00,-22.177734461E-03
+2.305000E-06,+4.930511855901E+00,+5.048249057272E+00,+5.023201946988E+00,-25.045166037E-03
+2.307500E-06,+5.025910725994E+00,+5.058338567214E+00,+5.026146356504E+00,-32.189941269E-03
+2.310000E-06,+4.914023162306E+00,+5.040554333736E+00,+5.012288002382E+00,-28.262939403E-03
+2.312500E-06,+5.014133087707E+00,+5.053195665259E+00,+5.032035175536E+00,-21.158447374E-03
+2.315000E-06,+4.954067132466E+00,+5.066622172653E+00,+5.029718906717E+00,-36.900634523E-03
+2.317500E-06,+4.875156955972E+00,+5.055354898904E+00,+5.032820351408E+00,-22.531738359E-03
+2.320000E-06,+4.843357332604E+00,+5.057278579789E+00,+5.025164886665E+00,-32.110595568E-03
+2.322500E-06,+4.999607333825E+00,+5.075376883615E+00,+5.029365577575E+00,-46.008300335E-03
+2.325000E-06,+4.910097282875E+00,+5.053352700434E+00,+5.028855213259E+00,-24.493408238E-03
+2.327500E-06,+4.938363614755E+00,+5.047071293466E+00,+5.021670854040E+00,-25.397949233E-03
+2.330000E-06,+5.094613615976E+00,+5.072118403749E+00,+5.035529208162E+00,-36.585693123E-03
+2.332500E-06,+5.032192133078E+00,+5.076633165009E+00,+5.039415828724E+00,-37.214355219E-03
+2.335000E-06,+4.873979192146E+00,+5.057043027027E+00,+5.025871544949E+00,-31.168212776E-03
+2.337500E-06,+4.930904443833E+00,+5.042242461858E+00,+5.037492147839E+00,-4.748535632E-03
+2.340000E-06,+4.938363614752E+00,+5.081304961440E+00,+5.040554333737E+00,-40.748290685E-03
+2.342500E-06,+4.845320272314E+00,+5.081815325757E+00,+5.030464823794E+00,-51.347655684E-03
+2.345000E-06,+4.810379945415E+00,+5.031132223285E+00,+5.019904208330E+00,-11.224365566E-03
+2.347500E-06,+4.892430825443E+00,+5.047660175368E+00,+5.038120288536E+00,-9.538574587E-03
+2.350000E-06,+4.839431453181E+00,+5.080833855918E+00,+5.045186871375E+00,-35.643310332E-03
+2.352500E-06,+4.974089117548E+00,+5.051586054724E+00,+5.033330715724E+00,-18.251953299E-03
+2.355000E-06,+4.790750548279E+00,+5.016056846562E+00,+5.031995916743E+00,+15.938719764E-03
+2.357500E-06,+4.842964744656E+00,+5.050800878852E+00,+5.038787688026E+00,-12.010498360E-03
+2.360000E-06,+4.885756830422E+00,+5.078399810719E+00,+5.035529208162E+00,-42.867431265E-03
+2.362500E-06,+4.820587231920E+00,+5.056885991853E+00,+5.030111494653E+00,-26.771240218E-03
+2.365000E-06,+4.882616126879E+00,+5.014800565169E+00,+5.030661117762E+00,+15.860594766E-03
+2.367500E-06,+4.855134970884E+00,+5.071922109782E+00,+5.035136620227E+00,-36.782226322E-03
+2.370000E-06,+4.924230448810E+00,+5.086251569428E+00,+5.040004710627E+00,-46.243896032E-03
+2.372500E-06,+4.907741755215E+00,+5.044519471887E+00,+5.031956657949E+00,-12.561035459E-03
+2.375000E-06,+4.854349794999E+00,+5.045029836201E+00,+5.037413630252E+00,-7.613525802E-03
+2.377500E-06,+4.976444645202E+00,+5.065208856085E+00,+5.034115891594E+00,-31.090087777E-03
+2.380000E-06,+4.908526931107E+00,+5.094888504009E+00,+5.024144158033E+00,-70.740965797E-03
+2.382500E-06,+4.877119895690E+00,+5.042360238239E+00,+5.030661117762E+00,-11.696777664E-03
+2.385000E-06,+4.935222911205E+00,+5.047856469336E+00,+5.026107097711E+00,-21.746826266E-03
+2.387500E-06,+4.850816503517E+00,+5.083150124737E+00,+5.024026381652E+00,-59.119872307E-03
+2.390000E-06,+5.202967888170E+00,+5.068742147505E+00,+5.043695037219E+00,-25.045166039E-03
+2.392500E-06,+4.858668262380E+00,+5.035058102640E+00,+5.040397298562E+00,+5.338134064E-03
+2.395000E-06,+4.900675172250E+00,+5.064894785737E+00,+5.039298052343E+00,-25.594482431E-03
+2.397500E-06,+4.918734217619E+00,+5.077810928815E+00,+5.033841080040E+00,-43.967284755E-03
+2.400000E-06,+4.939933966523E+00,+5.053274182848E+00,+5.038826946820E+00,-14.444580339E-03
+2.402500E-06,+4.980763112566E+00,+5.047346105021E+00,+5.036903265937E+00,-10.440674176E-03
+2.405000E-06,+4.881045775109E+00,+5.059634107402E+00,+5.040318780975E+00,-19.312744291E-03
+2.407500E-06,+4.891253061622E+00,+5.080009421254E+00,+5.033487750898E+00,-46.518554230E-03
+2.410000E-06,+4.970555826054E+00,+5.065051820912E+00,+5.035529208162E+00,-29.520263595E-03
+2.412500E-06,+4.914415750244E+00,+5.048170539686E+00,+5.043498743253E+00,-4.670410635E-03
+2.415000E-06,+4.860631202088E+00,+5.070312499246E+00,+5.031053705698E+00,-39.256591500E-03
+2.417500E-06,+5.021199670681E+00,+5.072275438924E+00,+5.051860866279E+00,-20.411377079E-03
+2.420000E-06,+4.780543261772E+00,+5.073139132383E+00,+5.047542398988E+00,-25.594482432E-03
+2.422500E-06,+4.928548916183E+00,+5.065719220401E+00,+5.047738692956E+00,-17.977295101E-03
+2.425000E-06,+4.899889996364E+00,+5.072903579621E+00,+5.048955715556E+00,-23.944091844E-03
+2.427500E-06,+4.967415122524E+00,+5.082521984042E+00,+5.033841080039E+00,-48.677978011E-03
+2.430000E-06,+4.880260599220E+00,+5.050604584885E+00,+5.037649183015E+00,-12.952881152E-03
+2.432500E-06,+4.916378689958E+00,+5.049819409014E+00,+5.042988378936E+00,-6.829834415E-03
+2.435000E-06,+4.912452810533E+00,+5.068035489221E+00,+5.035058102640E+00,-32.974853360E-03
+2.437500E-06,+5.011777560047E+00,+5.063599245550E+00,+5.037492147840E+00,-26.104736327E-03
+2.440000E-06,+4.964274418977E+00,+5.047620916577E+00,+5.042595791001E+00,-5.023193830E-03
+2.442500E-06,+4.926978564414E+00,+5.070744345976E+00,+5.046482411562E+00,-24.259033243E-03
+2.445000E-06,+4.901460348136E+00,+5.062303705363E+00,+5.057828202898E+00,-4.473877436E-03
+2.447500E-06,+4.992933338792E+00,+5.076711682596E+00,+5.044009107568E+00,-32.698974462E-03
+2.450000E-06,+5.037295776333E+00,+5.059398554640E+00,+5.052489006976E+00,-6.907959412E-03
+2.452500E-06,+4.966237358691E+00,+5.068545853538E+00,+5.044597989471E+00,-23.944091845E-03
+2.455000E-06,+4.884971654539E+00,+5.086958227711E+00,+5.052017901453E+00,-34.937743941E-03
+2.457500E-06,+4.873194016255E+00,+5.072903579621E+00,+5.043498743253E+00,-29.401855393E-03
+2.460000E-06,+4.932867383561E+00,+5.077536117260E+00,+5.051939383866E+00,-25.594482432E-03
+2.462500E-06,+5.008244268570E+00,+5.074748742917E+00,+5.035607725750E+00,-39.136962597E-03
+2.465000E-06,+4.858275674432E+00,+5.071333227879E+00,+5.051860866278E+00,-19.468994288E-03
+2.467500E-06,+4.845320272322E+00,+5.068977700266E+00,+5.042320979446E+00,-26.654052721E-03
+2.470000E-06,+4.954067132461E+00,+5.058142273247E+00,+5.045815012072E+00,-12.325439760E-03
+2.472500E-06,+4.896356704878E+00,+5.064266645040E+00,+5.052096419040E+00,-12.167969059E-03
+2.475000E-06,+4.878690247456E+00,+5.072825062034E+00,+5.043380966873E+00,-29.442138596E-03
+2.477500E-06,+4.928941504129E+00,+5.057828202898E+00,+5.050761620060E+00,-7.065430111E-03
+2.480000E-06,+5.001177685596E+00,+5.066308102305E+00,+5.036392901621E+00,-29.913329991E-03
+2.482500E-06,+4.952889368636E+00,+5.073492461525E+00,+5.041535803575E+00,-31.954345572E-03
+2.485000E-06,+4.885756830419E+00,+5.062539258125E+00,+5.046286117594E+00,-16.251220923E-03
+2.487500E-06,+4.912845398468E+00,+5.071529521848E+00,+5.048877197969E+00,-22.648925858E-03
+2.490000E-06,+4.915593514074E+00,+5.075573177582E+00,+5.036785489557E+00,-38.785400105E-03
+2.492500E-06,+4.876334719794E+00,+5.073296167557E+00,+5.049230527111E+00,-24.062500045E-03
+2.495000E-06,+4.868482960941E+00,+5.088921167389E+00,+5.048641645208E+00,-40.277099290E-03
+2.497500E-06,+4.981940876395E+00,+5.069056217853E+00,+5.060733353621E+00,-8.320312896E-03
