x-axis,2,3
second,Volt,Ampere
10250,25,4.052980132
10500,25,4
10756,24.97203579,4.079470199
11012,24.97203579,4.026490066
11267,24.94407159,3.973509934
11523,24.94407159,3.947019868
11779,24.94407159,4.052980132
12035,24.91610738,3.947019868
12291,24.91610738,4.026490066
12547,24.94407159,4.079470199
12803,24.91610738,4.052980132
13058,24.94407159,4.158940397
13314,24.88814318,4.026490066
13570,24.88814318,3.920529801
13826,24.88814318,3.894039735
14082,24.86017897,4.105960265
14338,24.86017897,3.973509934
14593,24.86017897,3.973509934
14849,24.83221477,4.052980132
15105,24.83221477,3.920529801
15361,24.83221477,4.026490066
15617,24.83221477,3.947019868
15873,24.86017897,4.026490066
16129,24.86017897,4.079470199
16384,24.86017897,4
16640,24.83221477,4
16896,24.83221477,4
17152,24.80425056,3.973509934
17408,24.80425056,3.920529801
17664,24.80425056,4
17918,24.80425056,4.026490066
18168,24.80425056,4
18418,24.77628635,3.920529801
18668,24.77628635,3.973509934
18924,24.77628635,3.973509934
19179,24.77628635,3.973509934
19429,24.77628635,4.132450331
19679,24.74832215,3.920529801
19929,24.77628635,4
20184,24.77628635,4
20440,24.77628635,4.052980132
20696,24.74832215,3.920529801
20952,24.74832215,4.052980132
21208,24.74832215,4.026490066
21464,24.72035794,4.026490066
21720,24.72035794,4.052980132
21975,24.74832215,4.052980132
22231,24.74832215,3.894039735
22487,24.74832215,4
22743,24.74832215,3.947019868
22999,24.72035794,4.026490066
23255,24.72035794,4.185430464
23510,24.69239374,3.78807947
23766,24.69239374,3.973509934
24022,24.69239374,3.947019868
24278,24.72035794,4.052980132
24534,24.72035794,4.079470199
24790,24.69239374,3.947019868
25044,24.72035794,4.132450331
25294,24.72035794,4.026490066
25544,24.69239374,4.052980132
25794,24.69239374,4
26050,24.69239374,4.026490066
26305,24.66442953,4.052980132
26555,24.69239374,3.947019868
26805,24.69239374,3.973509934
27055,24.66442953,4
27311,24.66442953,3.920529801
27566,24.69239374,3.920529801
27822,24.69239374,3.973509934
28078,24.69239374,4
28334,24.69239374,4.026490066
28590,24.66442953,4.052980132
28846,24.66442953,4
29101,24.63646532,4.026490066
29357,24.66442953,4
29613,24.66442953,4.052980132
29869,24.63646532,3.894039735
30125,24.66442953,4.052980132
30381,24.63646532,4
30636,24.66442953,4.079470199
30892,24.66442953,3.973509934
31148,24.66442953,3.920529801
31404,24.63646532,3.947019868
31660,24.63646532,3.920529801
31916,24.63646532,4.079470199
32172,24.60850112,3.973509934
32427,24.60850112,3.920529801
32683,24.60850112,4
32939,24.60850112,4
33195,24.60850112,3.920529801
33451,24.60850112,4.052980132
33707,24.63646532,3.973509934
33961,24.60850112,4
34211,24.60850112,3.920529801
34461,24.60850112,3.973509934
34711,24.60850112,4
34967,24.60850112,4.052980132
35222,24.60850112,4.026490066
35472,24.60850112,3.947019868
35722,24.60850112,4.105960265
35972,24.58053691,4.132450331
36227,24.58053691,3.973509934
36483,24.58053691,3.867549669
36739,24.58053691,4.052980132
36995,24.60850112,4.079470199
37251,24.60850112,3.920529801
37507,24.60850112,3.973509934
37763,24.60850112,4
38018,24.58053691,3.947019868
38274,24.58053691,4.105960265
38530,24.58053691,4.052980132
38786,24.55257271,4
39042,24.58053691,4
39298,24.58053691,4.079470199
39553,24.55257271,4.079470199
39809,24.58053691,4
40065,24.58053691,4.105960265
40321,24.60850112,3.973509934
40577,24.58053691,4.079470199
40833,24.58053691,4.079470199
41089,24.55257271,3.920529801
41344,24.55257271,4.026490066
41600,24.55257271,3.973509934
41856,24.55257271,4.079470199
42112,24.55257271,4.052980132
42368,24.55257271,3.867549669
42624,24.55257271,4.052980132
42878,24.55257271,4
43128,24.55257271,3.947019868
43378,24.5246085,4.079470199
43628,24.55257271,3.973509934
43884,24.55257271,4.026490066
44139,24.55257271,4
44389,24.5246085,3.973509934
44639,24.5246085,3.894039735
44889,24.55257271,4
45144,24.4966443,4
45400,24.5246085,4
45656,24.4966443,4.052980132
45912,24.5246085,3.920529801
46168,24.5246085,4.079470199
46424,24.5246085,4.079470199
46680,24.5246085,4
46935,24.5246085,3.920529801
47191,24.5246085,4.026490066
47447,24.4966443,4.052980132
47703,24.4966443,3.973509934
47959,24.4966443,4.052980132
48215,24.4966443,4.052980132
48470,24.4966443,4
48726,24.5246085,3.894039735
48982,24.5246085,3.894039735
49238,24.5246085,4.052980132
49494,24.4966443,4
49750,24.4966443,4.079470199
50004,24.4966443,4
50254,24.46868009,4.026490066
50504,24.4966443,4.052980132
50754,24.4966443,3.867549669
51010,24.46868009,3.894039735
51265,24.4966443,3.894039735
51515,24.4966443,4
51765,24.4966443,3.947019868
52015,24.4966443,3.973509934
52271,24.4966443,4.026490066
52526,24.46868009,3.894039735
52782,24.46868009,4.079470199
53038,24.46868009,4
53294,24.46868009,4
53550,24.46868009,4.052980132
53806,24.4966443,3.973509934
54061,24.46868009,4.158940397
54317,24.4966443,4
54573,24.46868009,4.026490066
54829,24.46868009,4.079470199
55085,24.4966443,4
55341,24.4966443,3.973509934
55596,24.44071588,4.052980132
55852,24.46868009,4.052980132
56108,24.44071588,3.867549669
56364,24.44071588,3.867549669
56620,24.44071588,3.920529801
56876,24.46868009,3.920529801
57132,24.46868009,4
57387,24.46868009,3.894039735
57643,24.46868009,4.079470199
57899,24.44071588,4.026490066
58155,24.44071588,3.894039735
58411,24.44071588,4
58667,24.44071588,3.920529801
58921,24.44071588,4.026490066
59171,24.46868009,4
59421,24.44071588,4
59671,24.46868009,4
59927,24.4966443,4.105960265
60182,24.44071588,3.947019868
60432,24.44071588,4.105960265
60682,24.46868009,3.973509934
60932,24.44071588,3.973509934
61187,24.44071588,4.158940397
61443,24.44071588,4.026490066
61699,24.44071588,4.052980132
61955,24.41275168,4.079470199
62211,24.46868009,4.052980132
62467,24.44071588,4.052980132
62723,24.44071588,3.973509934
62978,24.44071588,3.947019868
63234,24.44071588,4
63490,24.41275168,4
63746,24.41275168,4.026490066
64002,24.41275168,3.920529801
64258,24.41275168,4
64513,24.41275168,4.026490066
64769,24.44071588,4.105960265
65025,24.44071588,4.026490066
65281,24.44071588,4.026490066
65537,24.41275168,3.973509934
65793,24.41275168,4
66049,24.41275168,4
66304,24.38478747,4
66560,24.38478747,3.947019868
66816,24.38478747,3.973509934
67072,24.41275168,4.026490066
67328,24.44071588,3.973509934
67584,24.41275168,3.947019868
67838,24.41275168,4
68088,24.38478747,4
68338,24.41275168,4.052980132
68588,24.38478747,4.026490066
68844,24.38478747,4.026490066
69099,24.38478747,4.026490066
69349,24.41275168,4.079470199
69599,24.38478747,3.894039735
69849,24.38478747,4.052980132
70104,24.41275168,3.973509934
70360,24.41275168,4.079470199
70616,24.41275168,3.973509934
70872,24.38478747,4.026490066
71128,24.38478747,3.973509934
71384,24.38478747,3.920529801
71640,24.35682327,4
71895,24.38478747,3.973509934
72151,24.38478747,3.973509934
72407,24.38478747,4.026490066
72663,24.38478747,3.920529801
72919,24.38478747,3.973509934
73175,24.38478747,4.079470199
73430,24.38478747,4.079470199
73686,24.38478747,3.973509934
73942,24.38478747,4.079470199
74198,24.38478747,4
74454,24.35682327,4
74710,24.35682327,3.920529801
74964,24.35682327,3.814569536
75214,24.38478747,3.947019868
75464,24.35682327,3.973509934
75714,24.35682327,4
75970,24.38478747,4
76225,24.38478747,4.026490066
76475,24.35682327,4
76725,24.35682327,4.105960265
76975,24.38478747,4.052980132
77231,24.35682327,4.026490066
77486,24.35682327,4.052980132
77742,24.32885906,4
77998,24.32885906,4.079470199
78254,24.32885906,4.052980132
78510,24.32885906,4
78766,24.35682327,3.973509934
79021,24.35682327,4.026490066
79277,24.35682327,4.026490066
79533,24.35682327,3.894039735
79789,24.35682327,4.026490066
80045,24.35682327,4.052980132
80301,24.32885906,4.052980132
80556,24.32885906,4.026490066
80812,24.32885906,4.026490066
81068,24.32885906,4.079470199
81324,24.32885906,3.947019868
81580,24.32885906,3.920529801
81836,24.35682327,4.026490066
82092,24.35682327,4.079470199
82347,24.32885906,3.894039735
82603,24.32885906,4
82859,24.32885906,3.973509934
83115,24.30089485,4.026490066
83371,24.30089485,3.973509934
83627,24.32885906,4
83881,24.30089485,4.026490066
84131,24.35682327,4
84381,24.30089485,4.052980132
84631,24.35682327,4.052980132
84887,24.35682327,3.920529801
85142,24.32885906,4
85392,24.30089485,3.973509934
85642,24.32885906,4.105960265
85892,24.32885906,4.105960265
86147,24.30089485,4.052980132
86403,24.30089485,3.920529801
86659,24.32885906,4
86915,24.32885906,4.026490066
87171,24.32885906,4.026490066
87427,24.32885906,4
87683,24.30089485,3.973509934
87938,24.30089485,4.105960265
88194,24.30089485,3.973509934
88450,24.32885906,4.026490066
88706,24.32885906,3.947019868
88962,24.32885906,4.052980132
89218,24.32885906,3.973509934
89473,24.30089485,4
89729,24.32885906,3.973509934
89985,24.30089485,4
90241,24.32885906,4.052980132
90497,24.30089485,4
90753,24.30089485,4.105960265
91009,24.30089485,4.026490066
91264,24.32885906,3.920529801
91520,24.32885906,3.947019868
91776,24.32885906,4
92032,24.30089485,3.867549669
92288,24.30089485,4.079470199
92544,24.30089485,4.026490066
92798,24.27293065,3.973509934
93048,24.32885906,4.079470199
93298,24.30089485,3.947019868
93548,24.27293065,4.052980132
93804,24.32885906,4.052980132
94059,24.32885906,4.132450331
94309,24.27293065,3.973509934
94559,24.27293065,3.947019868
94809,24.30089485,3.947019868
95064,24.30089485,4.052980132
95320,24.27293065,4.026490066
95576,24.27293065,4.105960265
95832,24.27293065,4
96088,24.30089485,4.132450331
96344,24.30089485,3.973509934
96600,24.32885906,4.052980132
96855,24.30089485,4.158940397
97111,24.27293065,3.973509934
97367,24.27293065,4.079470199
97623,24.27293065,3.947019868
97879,24.27293065,4.026490066
98135,24.27293065,4.079470199
98390,24.27293065,3.894039735
98646,24.30089485,4.026490066
98902,24.27293065,3.973509934
99158,24.27293065,4
99414,24.27293065,4.052980132
99670,24.27293065,4.079470199
99924,24.27293065,4.079470199
100174,24.30089485,4.052980132
100424,24.27293065,4
100674,24.27293065,4.105960265
100930,24.30089485,4.105960265
101185,24.27293065,4.052980132
101435,24.24496644,4.079470199
101685,24.27293065,3.973509934
101935,24.24496644,3.973509934
102191,24.24496644,3.973509934
102446,24.24496644,3.947019868
102702,24.27293065,4.079470199
102958,24.30089485,3.947019868
103214,24.27293065,3.920529801
103470,24.27293065,4.132450331
103726,24.24496644,3.894039735
103981,24.24496644,3.947019868
104237,24.27293065,4.026490066
104493,24.27293065,4.079470199
104749,24.27293065,4
105005,24.27293065,3.920529801
105261,24.27293065,4.026490066
105516,24.24496644,3.894039735
105772,24.24496644,4.026490066
106028,24.21700224,4.079470199
106284,24.27293065,4.026490066
106540,24.27293065,4
106796,24.27293065,4.052980132
107052,24.24496644,4.026490066
107307,24.27293065,4.052980132
107563,24.24496644,4.026490066
107819,24.24496644,3.973509934
108075,24.21700224,4.052980132
108331,24.24496644,4
108587,24.24496644,3.894039735
108841,24.24496644,3.947019868
109091,24.21700224,3.973509934
109341,24.24496644,4.026490066
109591,24.21700224,4.079470199
109847,24.24496644,4.132450331
110102,24.21700224,4.105960265
110352,24.27293065,4.105960265
110602,24.21700224,4.105960265
110852,24.21700224,3.920529801
111107,24.27293065,4
111363,24.24496644,4
111619,24.21700224,4
111875,24.24496644,4.079470199
112131,24.21700224,4.132450331
112387,24.21700224,4.052980132
112643,24.21700224,3.841059603
112898,24.18903803,4.026490066
113154,24.24496644,3.973509934
113410,24.24496644,4.079470199
113666,24.24496644,3.867549669
113922,24.24496644,3.947019868
114178,24.18903803,3.973509934
114433,24.18903803,3.920529801
114689,24.21700224,4.026490066
114945,24.21700224,4.079470199
115201,24.21700224,3.920529801
115457,24.24496644,4.052980132
115713,24.21700224,3.947019868
115969,24.21700224,4
116224,24.21700224,4.052980132
116480,24.21700224,3.947019868
116736,24.18903803,4
116992,24.18903803,3.947019868
117248,24.21700224,4.052980132
117504,24.21700224,3.973509934
117758,24.21700224,3.947019868
118008,24.21700224,3.947019868
118258,24.21700224,4.105960265
118508,24.18903803,3.973509934
118764,24.21700224,3.947019868
119019,24.18903803,3.894039735
119269,24.21700224,3.947019868
119519,24.21700224,3.973509934
119769,24.21700224,4.052980132
120024,24.21700224,3.973509934
120280,24.18903803,3.973509934
120536,24.21700224,4
120792,24.21700224,3.947019868
121048,24.18903803,3.920529801
121304,24.18903803,4
121560,24.18903803,4
121815,24.18903803,3.920529801
122071,24.21700224,4.132450331
122327,24.18903803,3.867549669
122583,24.21700224,4
122839,24.21700224,4.026490066
123095,24.21700224,4
123350,24.16107383,4
123606,24.18903803,4.052980132
123862,24.16107383,4
124118,24.16107383,3.973509934
124374,24.16107383,3.947019868
124630,24.21700224,4.026490066
124884,24.21700224,4.026490066
125134,24.16107383,4.052980132
125384,24.21700224,4
125634,24.18903803,3.973509934
125890,24.21700224,3.920529801
126145,24.18903803,4
126395,24.16107383,3.894039735
126645,24.16107383,4.052980132
126895,24.16107383,3.973509934
127151,24.16107383,3.973509934
127406,24.18903803,3.973509934
127662,24.18903803,4
127918,24.21700224,4
128174,24.21700224,3.947019868
128430,24.16107383,4.052980132
128686,24.16107383,4.026490066
128941,24.18903803,3.947019868
129197,24.18903803,4.079470199
129453,24.16107383,4.052980132
129709,24.16107383,4.026490066
129965,24.16107383,4.079470199
130221,24.16107383,4.052980132
130476,24.21700224,4.052980132
130732,24.21700224,3.894039735
130988,24.18903803,3.920529801
131244,24.16107383,3.947019868
131500,24.18903803,4.026490066
131756,24.16107383,3.973509934
132012,24.16107383,4.026490066
132267,24.13310962,4.026490066
132523,24.16107383,3.973509934
132779,24.16107383,4.026490066
133035,24.18903803,3.947019868
133291,24.18903803,4
133547,24.16107383,4
133801,24.16107383,4
134051,24.16107383,4.052980132
134301,24.16107383,4
134551,24.16107383,3.867549669
134807,24.16107383,4.132450331
135062,24.16107383,4.079470199
135312,24.16107383,4.026490066
135562,24.13310962,3.920529801
135812,24.16107383,4.052980132
136067,24.18903803,3.973509934
136323,24.16107383,3.973509934
136579,24.16107383,4
136835,24.16107383,3.947019868
137091,24.16107383,4.026490066
137347,24.13310962,3.920529801
137603,24.16107383,4
137858,24.16107383,4
138114,24.16107383,3.947019868
138370,24.16107383,3.894039735
138626,24.13310962,4.026490066
138882,24.16107383,4.026490066
139138,24.13310962,4.052980132
139393,24.13310962,4
139649,24.13310962,3.920529801
139905,24.16107383,4.052980132
140161,24.16107383,4
140417,24.16107383,4
140673,24.13310962,4
140929,24.13310962,4.052980132
141184,24.13310962,3.947019868
141440,24.10514541,4.026490066
141696,24.13310962,4.079470199
141952,24.13310962,4
142208,24.16107383,4.079470199
142464,24.16107383,4
142718,24.16107383,3.947019868
142968,24.16107383,3.973509934
143218,24.13310962,4.026490066
143468,24.13310962,4.026490066
143724,24.13310962,3.867549669
143979,24.10514541,4.026490066
144229,24.13310962,4.052980132
144479,24.13310962,3.920529801
144729,24.16107383,3.894039735
144984,24.16107383,4
145240,24.16107383,4.079470199
145496,24.13310962,3.973509934
145752,24.10514541,4
146008,24.13310962,4
146264,24.13310962,3.920529801
146520,24.10514541,4.052980132
146775,24.13310962,4.052980132
147031,24.16107383,3.920529801
147287,24.10514541,4
147543,24.10514541,3.920529801
147799,24.13310962,3.973509934
148055,24.10514541,4.026490066
148310,24.13310962,3.973509934
148566,24.10514541,4.052980132
148822,24.13310962,4.026490066
149078,24.13310962,4
149334,24.13310962,3.947019868
149590,24.10514541,3.973509934
149844,24.13310962,4
150094,24.10514541,3.920529801
150344,24.10514541,3.947019868
150594,24.10514541,3.920529801
150850,24.10514541,4.052980132
151105,24.10514541,4.052980132
151355,24.10514541,3.973509934
151605,24.07718121,4
151855,24.13310962,4.132450331
152111,24.10514541,4.026490066
152366,24.10514541,4
152622,24.07718121,3.947019868
152878,24.07718121,4.052980132
153134,24.10514541,3.920529801
153390,24.10514541,4.21192053
153646,24.07718121,3.947019868
153901,24.13310962,3.920529801
154157,24.13310962,3.973509934
154413,24.13310962,3.920529801
154669,24.10514541,3.947019868
154925,24.07718121,4.026490066
155181,24.10514541,3.947019868
155436,24.10514541,3.973509934
155692,24.07718121,4.026490066
155948,24.10514541,4.026490066
156204,24.10514541,4
156460,24.10514541,4.052980132
156716,24.10514541,4
156972,24.07718121,3.947019868
157227,24.10514541,3.973509934
157483,24.07718121,3.735099338
157739,24.07718121,4.079470199
157995,24.07718121,4.026490066
158251,24.049217,4
158507,24.07718121,3.947019868
158761,24.10514541,4
159011,24.07718121,4.026490066
159261,24.10514541,4
159511,24.07718121,3.920529801
159767,24.10514541,4
160022,24.07718121,4.026490066
160272,24.07718121,3.973509934
160522,24.10514541,4.052980132
160772,24.049217,4.026490066
161027,24.07718121,4.026490066
161283,24.10514541,3.894039735
161539,24.07718121,4.026490066
161795,24.07718121,3.973509934
162051,24.10514541,4.052980132
162307,24.07718121,3.947019868
162563,24.049217,4.052980132
162818,24.049217,4.052980132
163074,24.07718121,4.079470199
163330,24.07718121,4
163586,24.07718121,4.052980132
163842,24.07718121,3.947019868
164098,24.10514541,3.947019868
164353,24.07718121,4.132450331
164609,24.049217,3.920529801
164865,24.07718121,4.026490066
165121,24.07718121,3.920529801
165377,24.049217,3.894039735
165633,24.049217,3.947019868
165889,24.049217,3.973509934
166144,24.10514541,4.052980132
166400,24.049217,3.947019868
166656,24.049217,4.052980132
166912,24.049217,4
167168,24.049217,4.079470199
167424,24.07718121,4
167678,24.049217,3.947019868
167928,24.049217,4
168178,24.049217,4.105960265
168428,24.049217,4
168684,24.07718121,4
168939,24.07718121,4.026490066
169189,24.049217,3.973509934
169439,24.07718121,3.947019868
169689,24.049217,3.894039735
169944,24.0212528,4.052980132
170200,24.049217,3.947019868
170456,24.049217,4
170712,24.049217,3.947019868
170968,24.049217,4.052980132
171224,24.049217,3.947019868
171480,24.07718121,3.947019868
171735,24.049217,4.052980132
171991,24.0212528,4.026490066
172247,24.049217,4.026490066
172503,24.0212528,4.052980132
172759,24.049217,3.947019868
173015,24.049217,3.947019868
173270,24.049217,4.052980132
173526,24.049217,3.973509934
173782,24.049217,4.079470199
174038,24.049217,4.079470199
174294,24.049217,4
174550,24.0212528,4.21192053
174804,23.99328859,3.920529801
175054,24.049217,3.973509934
175304,24.0212528,4.026490066
175554,24.049217,3.947019868
175810,24.049217,4
176065,24.049217,4.026490066
176315,23.99328859,4.026490066
176565,24.049217,3.973509934
176815,24.0212528,4
177071,24.0212528,4
177326,24.0212528,3.920529801
177582,24.0212528,4
177838,24.049217,4.052980132
178094,24.0212528,4.079470199
178350,24.0212528,4
178606,23.99328859,4.079470199
178861,24.0212528,4.105960265
179117,24.0212528,3.920529801
179373,23.99328859,3.947019868
179629,23.99328859,4
179885,24.0212528,4
180141,24.0212528,3.947019868
180396,24.0212528,4
180652,24.0212528,3.78807947
180908,23.99328859,4.026490066
181164,24.0212528,3.894039735
181420,23.99328859,3.947019868
181676,23.99328859,4.026490066
181932,23.99328859,4.052980132
182187,23.99328859,4
182443,23.99328859,4.052980132
182699,23.99328859,4.079470199
182955,23.99328859,3.947019868
183211,24.0212528,4.052980132
183467,24.0212528,3.894039735
183721,24.0212528,4.026490066
183971,23.99328859,3.920529801
184221,24.0212528,4.026490066
184471,23.99328859,4.052980132
184727,23.99328859,4.026490066
184982,23.99328859,4.052980132
185232,24.0212528,4
185482,23.99328859,4
185732,23.99328859,3.947019868
185987,23.99328859,3.920529801
186243,23.99328859,4.052980132
186499,24.0212528,4.079470199
186755,23.99328859,4
187011,23.99328859,4
187267,24.0212528,4.026490066
187523,23.99328859,3.973509934
187778,23.96532438,4.079470199
188034,23.99328859,4
188290,23.99328859,3.894039735
188546,23.99328859,3.973509934
188802,23.99328859,4.132450331
189058,23.99328859,3.973509934
189313,23.99328859,3.973509934
189569,23.99328859,4
189825,23.99328859,3.973509934
190081,23.96532438,3.973509934
190337,23.99328859,4.052980132
190593,23.99328859,3.867549669
190849,23.96532438,4.026490066
191104,23.99328859,3.973509934
191360,23.99328859,3.973509934
191616,23.99328859,4.026490066
191872,23.99328859,4.079470199
192128,23.96532438,3.947019868
192384,23.96532438,3.973509934
192638,23.96532438,3.867549669
192888,23.99328859,4.026490066
193138,23.96532438,4.079470199
193388,23.93736018,4
193644,23.99328859,4.079470199
193899,23.99328859,4.026490066
194149,23.96532438,3.973509934
194399,23.99328859,4
194649,23.99328859,3.973509934
194904,23.96532438,3.920529801
195160,23.96532438,4.026490066
195416,23.96532438,3.947019868
195672,23.96532438,4
195928,23.99328859,4.052980132
196184,23.99328859,3.973509934
196440,23.96532438,3.867549669
196695,23.99328859,4
196951,23.96532438,4.026490066
197207,23.93736018,3.973509934
197463,23.93736018,4.026490066
197719,23.96532438,3.973509934
197975,23.96532438,3.920529801
198230,23.99328859,4
198486,23.99328859,3.920529801
198742,23.96532438,3.973509934
198998,23.96532438,4.079470199
199254,23.96532438,4.026490066
199510,23.96532438,4.052980132
199764,23.93736018,3.894039735
200014,23.96532438,4
200264,23.96532438,3.947019868
200514,23.96532438,4.052980132
200770,23.96532438,3.947019868
201025,23.96532438,4.026490066
201275,23.93736018,4.052980132
201525,23.96532438,3.973509934
201775,23.93736018,4
202031,23.93736018,4
202286,23.93736018,3.947019868
202542,23.96532438,4.079470199
202798,23.99328859,3.920529801
203054,23.99328859,3.973509934
203310,23.96532438,4.052980132
203566,23.96532438,3.973509934
203821,23.96532438,4.158940397
204077,23.93736018,4.026490066
204333,23.93736018,4.079470199
204589,23.93736018,3.920529801
204845,23.93736018,3.973509934
205101,23.96532438,3.920529801
205356,23.93736018,4.052980132
205612,23.96532438,3.973509934
205868,23.93736018,4.052980132
206124,23.93736018,3.973509934
206380,23.93736018,3.920529801
206636,23.93736018,4.026490066
206892,23.93736018,4.052980132
207147,23.93736018,4
207403,23.93736018,4.052980132
207659,23.96532438,3.947019868
207915,23.96532438,4
208171,23.93736018,4.079470199
208427,23.93736018,3.973509934
208681,23.90939597,3.947019868
208931,23.96532438,4.079470199
209181,23.93736018,3.973509934
209431,23.93736018,4.026490066
209687,23.93736018,3.973509934
209942,23.93736018,3.894039735
210192,23.93736018,3.973509934
210442,23.90939597,4.026490066
210692,23.93736018,3.867549669
210947,23.93736018,4.026490066
211203,23.90939597,4.052980132
211459,23.93736018,3.947019868
211715,23.90939597,3.973509934
211971,23.90939597,4
212227,23.93736018,3.894039735
212483,23.93736018,3.973509934
212738,23.93736018,4
212994,23.96532438,4.105960265
213250,23.93736018,4
213506,23.93736018,3.841059603
213762,23.90939597,4
214018,23.88143177,4.105960265
214273,23.90939597,4.079470199
214529,23.90939597,3.920529801
214785,23.93736018,3.814569536
215041,23.93736018,4.052980132
215297,23.93736018,4
215553,23.93736018,4.079470199
215809,23.90939597,4
216064,23.93736018,3.973509934
216320,23.90939597,3.920529801
216576,23.90939597,3.920529801
216832,23.90939597,4.052980132
217088,23.90939597,4.026490066
217344,23.90939597,4.052980132
217598,23.90939597,4
217848,23.93736018,4.026490066
218098,23.88143177,3.947019868
218348,23.93736018,4
218604,23.93736018,3.894039735
218859,23.90939597,4.052980132
219109,23.90939597,4
219359,23.93736018,3.973509934
219609,23.88143177,4.052980132
219864,23.88143177,4
220120,23.88143177,3.973509934
220376,23.88143177,4.026490066
220632,23.88143177,3.973509934
220888,23.90939597,3.947019868
221144,23.93736018,3.973509934
221400,23.90939597,4.079470199
221655,23.90939597,3.973509934
221911,23.90939597,4.079470199
222167,23.90939597,4.026490066
222423,23.90939597,3.920529801
222679,23.90939597,4
222935,23.88143177,4.052980132
223190,23.88143177,3.867549669
223446,23.88143177,4
223702,23.90939597,4
223958,23.90939597,4.026490066
224214,23.90939597,4.026490066
224470,23.90939597,4
224724,23.90939597,3.973509934
224974,23.88143177,3.920529801
225224,23.88143177,4.026490066
225474,23.88143177,4
225730,23.88143177,4.052980132
225985,23.85346756,4.158940397
226235,23.88143177,4.105960265
226485,23.85346756,4
226735,23.90939597,3.973509934
226991,23.90939597,3.947019868
227246,23.90939597,3.973509934
227502,23.88143177,3.973509934
227758,23.88143177,4.026490066
228014,23.85346756,3.973509934
228270,23.85346756,4
228526,23.85346756,4
228781,23.88143177,3.920529801
229037,23.88143177,3.973509934
229293,23.88143177,4.026490066
229549,23.90939597,4.052980132
229805,23.88143177,4.079470199
230061,23.88143177,4.079470199
230316,23.88143177,3.920529801
230572,23.85346756,4.079470199
230828,23.88143177,4.052980132
231084,23.88143177,4.026490066
231340,23.88143177,3.973509934
231596,23.88143177,3.973509934
231852,23.90939597,3.894039735
232107,23.88143177,3.920529801
232363,23.88143177,4.052980132
232619,23.85346756,4.026490066
232875,23.88143177,3.894039735
233131,23.85346756,4.105960265
233387,23.85346756,4
233641,23.85346756,3.947019868
233891,23.88143177,4
234141,23.85346756,4
234391,23.88143177,3.973509934
234647,23.88143177,3.920529801
234902,23.88143177,3.920529801
235152,23.85346756,4
235402,23.88143177,3.973509934
235652,23.85346756,3.867549669
235907,23.82550336,4.132450331
236163,23.85346756,4
236419,23.85346756,3.973509934
236675,23.88143177,3.973509934
236931,23.88143177,3.947019868
237187,23.88143177,3.920529801
237443,23.88143177,4.026490066
237698,23.85346756,4
237954,23.88143177,4.026490066
238210,23.85346756,3.973509934
238466,23.85346756,4.026490066
238722,23.82550336,4
238978,23.85346756,3.947019868
239233,23.88143177,4.026490066
239489,23.88143177,4
239745,23.85346756,4.052980132
240001,23.85346756,3.973509934
240257,23.85346756,4.026490066
240513,23.85346756,3.947019868
240769,23.82550336,4.052980132
241024,23.82550336,4.052980132
241280,23.85346756,3.947019868
241536,23.82550336,3.920529801
241792,23.85346756,4.026490066
242048,23.85346756,3.947019868
242304,23.85346756,3.947019868
242558,23.85346756,3.947019868
242808,23.82550336,3.973509934
243058,23.88143177,4.026490066
243308,23.82550336,4.079470199
243564,23.82550336,3.920529801
243819,23.82550336,3.947019868
244069,23.85346756,4.052980132
244319,23.82550336,4.079470199
244569,23.88143177,4.052980132
244824,23.85346756,4.026490066
245080,23.85346756,4.026490066
245336,23.85346756,3.894039735
245592,23.82550336,4.105960265
245848,23.82550336,3.894039735
246104,23.82550336,3.973509934
246360,23.82550336,3.841059603
246615,23.85346756,3.973509934
246871,23.88143177,3.920529801
247127,23.85346756,4.052980132
247383,23.85346756,3.947019868
247639,23.85346756,4
247895,23.82550336,3.894039735
248150,23.82550336,3.973509934
248406,23.82550336,4.026490066
248662,23.82550336,3.973509934
248918,23.82550336,3.894039735
249174,23.85346756,3.947019868
249430,23.85346756,3.947019868
249684,23.85346756,3.867549669
249934,23.82550336,4
250184,23.82550336,3.973509934
250434,23.82550336,4.026490066
250690,23.82550336,3.947019868
250945,23.82550336,3.947019868
251195,23.82550336,4
251445,23.82550336,3.947019868
251695,23.79753915,3.920529801
251951,23.82550336,4
252206,23.82550336,4.026490066
252462,23.85346756,3.973509934
252718,23.82550336,3.894039735
252974,23.82550336,4.026490066
253230,23.82550336,4.052980132
253486,23.79753915,4.052980132
253741,23.82550336,3.973509934
253997,23.82550336,3.894039735
254253,23.79753915,3.920529801
254509,23.82550336,4.052980132
254765,23.82550336,4
255021,23.82550336,4.052980132
255276,23.82550336,3.973509934
255532,23.82550336,4.052980132
255788,23.79753915,4.026490066
256044,23.79753915,4.052980132
256300,23.79753915,4.052980132
256556,23.79753915,4.052980132
256812,23.79753915,4.026490066
257067,23.79753915,4
257323,23.82550336,3.920529801
257579,23.82550336,4.105960265
257835,23.82550336,3.947019868
258091,23.79753915,4.026490066
258347,23.79753915,3.947019868
258601,23.79753915,4.052980132
258851,23.79753915,3.947019868
259101,23.79753915,3.920529801
259351,23.76957494,3.947019868
259607,23.79753915,3.920529801
259862,23.79753915,3.947019868
260112,23.79753915,3.947019868
260362,23.79753915,4.105960265
260612,23.79753915,3.947019868
260867,23.79753915,4.026490066
261123,23.76957494,3.894039735
261379,23.76957494,3.920529801
261635,23.79753915,4
261891,23.79753915,4.052980132
262147,23.79753915,4.052980132
262403,23.79753915,3.973509934
262658,23.79753915,3.920529801
262914,23.76957494,4.079470199
263170,23.79753915,3.920529801
263426,23.79753915,4.026490066
263682,23.76957494,3.920529801
263938,23.79753915,4
264193,23.76957494,3.920529801
264449,23.79753915,3.867549669
264705,23.79753915,4
264961,23.79753915,3.920529801
265217,23.79753915,3.867549669
265473,23.76957494,3.947019868
265729,23.76957494,3.973509934
265984,23.76957494,3.947019868
266240,23.76957494,3.947019868
266496,23.76957494,4
266752,23.79753915,3.920529801
267008,23.79753915,3.894039735
267264,23.79753915,3.973509934
267518,23.76957494,3.947019868
267768,23.76957494,3.920529801
268018,23.79753915,4
268268,23.74161074,3.973509934
268524,23.76957494,3.920529801
268779,23.76957494,3.947019868
269029,23.79753915,4
269279,23.76957494,4.079470199
269529,23.79753915,4.026490066
269784,23.76957494,3.973509934
270040,23.76957494,3.920529801
270296,23.76957494,4
270552,23.76957494,3.973509934
270808,23.76957494,3.973509934
271064,23.76957494,4
271320,23.79753915,3.947019868
271575,23.76957494,3.867549669
271831,23.76957494,4
272087,23.76957494,3.973509934
272343,23.76957494,4
272599,23.74161074,3.947019868
272855,23.74161074,4
273110,23.74161074,4.079470199
273366,23.76957494,4.026490066
273622,23.74161074,3.920529801
273878,23.79753915,3.867549669
274134,23.79753915,3.973509934
274390,23.76957494,3.894039735
274644,23.76957494,4.026490066
274894,23.74161074,4
275144,23.76957494,3.947019868
275394,23.74161074,4.052980132
275650,23.74161074,3.973509934
275905,23.74161074,3.920529801
276155,23.76957494,4.026490066
276405,23.74161074,3.894039735
276655,23.76957494,3.947019868
276911,23.76957494,4
277166,23.74161074,4.079470199
277422,23.74161074,3.920529801
277678,23.74161074,3.973509934
277934,23.71364653,4.026490066
278190,23.74161074,4.079470199
278446,23.71364653,3.947019868
278701,23.76957494,3.947019868
278957,23.76957494,4.026490066
279213,23.76957494,3.841059603
279469,23.74161074,3.973509934
279725,23.74161074,4.052980132
279981,23.74161074,3.947019868
280236,23.74161074,4.079470199
280492,23.71364653,3.973509934
280748,23.74161074,4.079470199
281004,23.74161074,3.947019868
281260,23.76957494,3.920529801
281516,23.76957494,3.947019868
281772,23.74161074,4.105960265
282027,23.74161074,3.973509934
282283,23.71364653,4.026490066
282539,23.71364653,4.052980132
282795,23.71364653,3.920529801
283051,23.71364653,3.973509934
283307,23.74161074,4
283561,23.74161074,3.947019868
283811,23.71364653,4.079470199
284061,23.74161074,3.894039735
284311,23.71364653,4.052980132
284567,23.71364653,4.105960265
284822,23.71364653,3.947019868
285072,23.71364653,3.78807947
285322,23.71364653,4
285572,23.71364653,3.947019868
285827,23.71364653,4.026490066
286083,23.71364653,4.026490066
286339,23.74161074,3.920529801
286595,23.74161074,3.920529801
286851,23.71364653,4.026490066
287107,23.71364653,3.947019868
287363,23.74161074,4
287618,23.71364653,4
287874,23.71364653,3.920529801
288130,23.68568233,3.867549669
288386,23.71364653,4.026490066
288642,23.74161074,4
288898,23.74161074,4
289153,23.74161074,3.973509934
289409,23.71364653,3.947019868
289665,23.71364653,4.026490066
289921,23.71364653,3.973509934
290177,23.68568233,4
290433,23.71364653,3.973509934
290689,23.68568233,4
290944,23.68568233,4.052980132
291200,23.68568233,4
291456,23.71364653,4
291712,23.74161074,3.973509934
291968,23.71364653,3.947019868
292224,23.71364653,4.026490066
292478,23.68568233,4.026490066
292728,23.68568233,3.867549669
292978,23.71364653,3.947019868
293228,23.68568233,3.947019868
293484,23.68568233,3.920529801
293739,23.68568233,4
293989,23.71364653,3.947019868
294239,23.68568233,3.894039735
294489,23.71364653,3.947019868
294744,23.71364653,3.947019868
295000,23.71364653,4.079470199
295256,23.68568233,3.814569536
295512,23.68568233,4
295768,23.68568233,4.052980132
296024,23.68568233,4.052980132
296280,23.68568233,4.052980132
296535,23.68568233,4.026490066
296791,23.71364653,4.026490066
297047,23.71364653,3.947019868
297303,23.68568233,3.947019868
297559,23.71364653,3.920529801
297815,23.65771812,4.105960265
298070,23.68568233,3.973509934
298326,23.65771812,3.920529801
298582,23.65771812,3.973509934
298838,23.68568233,3.973509934
299094,23.68568233,3.920529801
299350,23.71364653,3.894039735
299604,23.71364653,3.947019868
299854,23.65771812,3.920529801
300104,23.68568233,3.947019868
300354,23.68568233,3.973509934
300610,23.68568233,3.973509934
300865,23.68568233,4
301115,23.65771812,3.894039735
301365,23.68568233,3.947019868
301615,23.65771812,4
301871,23.65771812,4
302126,23.68568233,4
302382,23.65771812,3.814569536
302638,23.68568233,4
302894,23.68568233,3.841059603
303150,23.71364653,3.973509934
303406,23.68568233,4
303661,23.65771812,4.052980132
303917,23.65771812,3.920529801
304173,23.65771812,3.973509934
304429,23.65771812,3.894039735
304685,23.65771812,3.973509934
304941,23.65771812,3.920529801
305196,23.65771812,4.026490066
305452,23.65771812,3.841059603
305708,23.65771812,3.920529801
305964,23.65771812,4.026490066
306220,23.65771812,3.920529801
306476,23.68568233,3.867549669
306732,23.65771812,4.026490066
306987,23.65771812,3.947019868
307243,23.65771812,4.079470199
307499,23.65771812,4
307755,23.65771812,4
308011,23.65771812,4
308267,23.65771812,4
308521,23.65771812,4
308771,23.65771812,3.947019868
309021,23.65771812,3.973509934
309271,23.65771812,4
309527,23.65771812,3.973509934
309782,23.65771812,3.920529801
310032,23.65771812,3.973509934
310282,23.62975391,3.920529801
310532,23.68568233,3.867549669
310787,23.65771812,4
311043,23.65771812,3.920529801
311299,23.65771812,3.947019868
311555,23.65771812,4.052980132
311811,23.62975391,4.026490066
312067,23.62975391,4.105960265
312323,23.62975391,3.973509934
312578,23.62975391,3.894039735
312834,23.62975391,3.894039735
313090,23.65771812,3.920529801
313346,23.65771812,3.894039735
313602,23.68568233,3.947019868
313858,23.65771812,3.920529801
314113,23.65771812,4.026490066
314369,23.65771812,4.052980132
314625,23.62975391,3.920529801
314881,23.62975391,4.026490066
315137,23.62975391,4.026490066
315393,23.60178971,3.947019868
315649,23.60178971,4.158940397
315904,23.62975391,3.947019868
316160,23.65771812,3.973509934
316416,23.65771812,3.894039735
316672,23.65771812,3.841059603
316928,23.65771812,3.894039735
317184,23.62975391,4
317438,23.62975391,4.079470199
317688,23.60178971,3.947019868
317938,23.65771812,3.867549669
318188,23.62975391,3.920529801
318444,23.62975391,3.947019868
318699,23.62975391,3.841059603
318949,23.62975391,3.920529801
319199,23.62975391,3.973509934
319449,23.65771812,3.867549669
319704,23.62975391,3.973509934
319960,23.62975391,3.947019868
320216,23.62975391,4
320472,23.62975391,3.894039735
320728,23.62975391,4
320984,23.62975391,3.920529801
321240,23.62975391,3.973509934
321495,23.60178971,3.920529801
321751,23.62975391,3.973509934
322007,23.62975391,3.894039735
322263,23.62975391,3.920529801
322519,23.65771812,3.920529801
322775,23.60178971,3.973509934
323030,23.62975391,3.920529801
323286,23.62975391,4
323542,23.60178971,3.867549669
323798,23.60178971,3.867549669
324054,23.60178971,3.894039735
324310,23.60178971,4
324564,23.62975391,3.947019868
324814,23.62975391,3.973509934
325064,23.60178971,3.947019868
325314,23.62975391,3.894039735
325570,23.62975391,3.947019868
325825,23.62975391,4
326075,23.60178971,4
326325,23.62975391,3.814569536
326575,23.60178971,4.079470199
326831,23.60178971,3.947019868
327086,23.60178971,4.026490066
327342,23.60178971,4
327598,23.60178971,3.947019868
327854,23.62975391,3.894039735
328110,23.62975391,3.973509934
328366,23.60178971,3.947019868
328621,23.62975391,3.947019868
328877,23.60178971,3.973509934
329133,23.60178971,3.920529801
329389,23.60178971,3.947019868
329645,23.60178971,3.973509934
329901,23.60178971,4.052980132
330156,23.60178971,4.079470199
330412,23.60178971,4
330668,23.60178971,4
330924,23.60178971,4.105960265
331180,23.62975391,3.894039735
331436,23.60178971,3.973509934
331692,23.60178971,3.973509934
331947,23.60178971,3.894039735
332203,23.60178971,4
332459,23.60178971,3.841059603
332715,23.5738255,3.973509934
332971,23.60178971,3.947019868
333227,23.5738255,3.920529801
333481,23.5738255,4
333731,23.60178971,4.026490066
333981,23.5738255,4
334231,23.60178971,3.867549669
334487,23.60178971,3.920529801
334742,23.60178971,4.026490066
334992,23.5738255,4.052980132
335242,23.60178971,3.841059603
335492,23.60178971,4.079470199
335747,23.5738255,4.026490066
336003,23.5738255,3.867549669
336259,23.5738255,3.947019868
336515,23.5738255,3.920529801
336771,23.5738255,3.867549669
337027,23.60178971,3.947019868
337283,23.60178971,3.841059603
337538,23.60178971,4
337794,23.60178971,4
338050,23.5738255,3.947019868
338306,23.5458613,3.894039735
338562,23.5738255,4.052980132
338818,23.5738255,4.026490066
339073,23.5738255,3.973509934
339329,23.5738255,3.947019868
339585,23.60178971,4.026490066
339841,23.60178971,3.973509934
340097,23.60178971,3.920529801
340353,23.5738255,4.052980132
340609,23.5738255,3.973509934
340864,23.5738255,4.026490066
341120,23.5738255,3.920529801
341376,23.5738255,3.920529801
341632,23.5738255,4
341888,23.5458613,4.079470199
342144,23.5738255,3.867549669
342398,23.60178971,3.947019868
342648,23.5738255,3.973509934
342898,23.5738255,4
343148,23.5458613,3.947019868
343404,23.5738255,4.026490066
343659,23.5458613,3.867549669
343909,23.5738255,3.894039735
344159,23.5458613,3.867549669
344409,23.5458613,3.894039735
344664,23.5738255,3.947019868
344920,23.5738255,3.920529801
345176,23.5738255,3.920529801
345432,23.5738255,3.867549669
345688,23.5458613,4.052980132
345944,23.5458613,3.920529801
346200,23.5458613,4
346455,23.5458613,4
346711,23.5458613,4
346967,23.5458613,3.894039735
347223,23.5738255,4.026490066
347479,23.5738255,4
347735,23.5738255,3.973509934
347990,23.5738255,4.052980132
348246,23.5458613,3.867549669
348502,23.5458613,3.894039735
348758,23.5458613,4.052980132
349014,23.5458613,3.973509934
349270,23.5458613,3.920529801
349524,23.5458613,3.894039735
349774,23.5458613,3.973509934
350024,23.5458613,3.894039735
350274,23.5738255,4.026490066
350530,23.5738255,3.973509934
350785,23.5458613,3.947019868
351035,23.5458613,4.052980132
351285,23.5738255,3.973509934
351535,23.5458613,3.920529801
351791,23.5458613,3.920529801
352046,23.5458613,3.894039735
352302,23.5458613,3.947019868
352558,23.5738255,3.920529801
352814,23.5458613,3.894039735
353070,23.5738255,3.894039735
353326,23.5458613,3.920529801
353581,23.5458613,3.973509934
353837,23.51789709,3.947019868
354093,23.5458613,4
354349,23.51789709,4
354605,23.5458613,4
354861,23.5458613,3.947019868
355116,23.5458613,3.947019868
355372,23.5458613,3.947019868
355628,23.5458613,3.973509934
355884,23.5458613,4
356140,23.51789709,4.052980132
356396,23.51789709,3.920529801
356652,23.5458613,3.947019868
356907,23.51789709,3.867549669
357163,23.5458613,4.052980132
357419,23.5458613,4
357675,23.5458613,3.973509934
357931,23.5458613,3.973509934
358187,23.5458613,3.920529801
358441,23.51789709,4.026490066
358691,23.5458613,4.052980132
358941,23.5458613,3.894039735
359191,23.51789709,4
359447,23.5458613,3.867549669
359702,23.5458613,3.973509934
359952,23.51789709,3.867549669
360202,23.5458613,3.920529801
360452,23.51789709,4
360707,23.51789709,3.973509934
360963,23.48993289,4.079470199
361219,23.51789709,4
361475,23.51789709,3.973509934
361731,23.51789709,4.079470199
361987,23.5458613,3.973509934
362243,23.5458613,3.920529801
362498,23.51789709,3.894039735
362754,23.51789709,3.973509934
363010,23.48993289,4.026490066
363266,23.48993289,4.079470199
363522,23.51789709,3.947019868
363778,23.51789709,3.947019868
364033,23.48993289,3.973509934
364289,23.51789709,3.947019868
364545,23.5458613,3.973509934
364801,23.5458613,3.920529801
365057,23.51789709,3.867549669
365313,23.51789709,3.947019868
365569,23.51789709,3.973509934
365824,23.51789709,3.920529801
366080,23.48993289,4
366336,23.51789709,3.947019868
366592,23.48993289,4.052980132
366848,23.51789709,3.867549669
367104,23.51789709,4.026490066
367358,23.51789709,3.920529801
367608,23.48993289,3.973509934
367858,23.51789709,3.867549669
368108,23.51789709,3.867549669
368364,23.48993289,3.947019868
368619,23.48993289,4
368869,23.51789709,3.78807947
369119,23.48993289,3.973509934
369369,23.51789709,4.052980132
369624,23.51789709,3.841059603
369880,23.51789709,3.894039735
370136,23.51789709,3.920529801
370392,23.48993289,4.026490066
370648,23.48993289,3.867549669
370904,23.48993289,4.026490066
371160,23.48993289,3.894039735
371415,23.48993289,3.920529801
371671,23.51789709,3.920529801
371927,23.51789709,4
372183,23.48993289,3.920529801
372439,23.48993289,3.894039735
372695,23.48993289,4.026490066
372950,23.46196868,3.947019868
373206,23.48993289,3.973509934
373462,23.48993289,3.973509934
373718,23.51789709,3.920529801
373974,23.51789709,4.026490066
374230,23.48993289,3.920529801
374484,23.48993289,3.920529801
374734,23.48993289,3.973509934
374984,23.51789709,4.026490066
375234,23.48993289,3.920529801
375490,23.46196868,3.947019868
375745,23.46196868,3.894039735
375995,23.48993289,3.920529801
376245,23.46196868,4
376495,23.48993289,3.947019868
376751,23.48993289,4
377006,23.48993289,3.841059603
377262,23.48993289,3.973509934
377518,23.46196868,3.920529801
377774,23.46196868,3.947019868
378030,23.46196868,4
378286,23.48993289,3.973509934
378541,23.48993289,3.973509934
378797,23.48993289,3.867549669
379053,23.48993289,3.841059603
379309,23.48993289,3.920529801
379565,23.46196868,3.947019868
379821,23.46196868,3.920529801
380076,23.46196868,3.894039735
380332,23.46196868,4
380588,23.46196868,4.052980132
380844,23.48993289,3.947019868
381100,23.48993289,3.920529801
381356,23.48993289,3.894039735
381612,23.46196868,3.867549669
381867,23.43400447,3.841059603
382123,23.43400447,4
382379,23.46196868,3.894039735
382635,23.48993289,3.814569536
382891,23.48993289,3.894039735
383147,23.48993289,4
383401,23.46196868,3.894039735
383651,23.43400447,3.920529801
383901,23.46196868,3.894039735
384151,23.46196868,3.947019868
384407,23.46196868,3.867549669
384662,23.46196868,3.947019868
384912,23.43400447,3.894039735
385162,23.46196868,3.973509934
385412,23.46196868,3.920529801
385667,23.46196868,3.920529801
385923,23.43400447,4
386179,23.43400447,3.841059603
386435,23.43400447,3.947019868
386691,23.46196868,3.947019868
386947,23.46196868,3.947019868
387203,23.48993289,3.841059603
387458,23.46196868,3.920529801
387714,23.43400447,4
387970,23.43400447,3.973509934
388226,23.43400447,3.867549669
388482,23.46196868,3.947019868
388738,23.46196868,4
388993,23.46196868,3.894039735
389249,23.43400447,3.973509934
389505,23.43400447,3.894039735
389761,23.43400447,3.920529801
390017,23.43400447,3.920529801
390273,23.46196868,3.920529801
390529,23.43400447,3.814569536
390784,23.48993289,3.894039735
391040,23.43400447,3.867549669
391296,23.46196868,3.973509934
391552,23.43400447,3.947019868
391808,23.43400447,3.867549669
392064,23.43400447,3.947019868
392318,23.43400447,3.947019868
392568,23.46196868,3.947019868
392818,23.43400447,3.973509934
393068,23.46196868,3.920529801
393324,23.46196868,4.079470199
393579,23.43400447,3.947019868
393829,23.43400447,3.973509934
394079,23.46196868,3.920529801
394329,23.43400447,3.894039735
394584,23.43400447,4.026490066
394840,23.43400447,3.841059603
395096,23.43400447,3.947019868
395352,23.46196868,3.973509934
395608,23.46196868,3.947019868
395864,23.46196868,3.894039735
396120,23.43400447,4.026490066
396375,23.43400447,3.973509934
396631,23.40604027,3.920529801
396887,23.43400447,3.867549669
397143,23.43400447,3.947019868
397399,23.46196868,3.947019868
397655,23.46196868,3.867549669
397910,23.43400447,3.920529801
398166,23.43400447,3.894039735
398422,23.43400447,3.947019868
398678,23.43400447,3.78807947
398934,23.43400447,3.973509934
399190,23.43400447,4.026490066
399444,23.43400447,3.947019868
399694,23.43400447,3.920529801
399944,23.40604027,4
400194,23.43400447,3.867549669
400450,23.43400447,3.894039735
400705,23.43400447,4.052980132
400955,23.40604027,3.947019868
401205,23.46196868,3.920529801
401455,23.40604027,3.894039735
401711,23.40604027,3.894039735
401966,23.40604027,3.894039735
402222,23.43400447,4.052980132
402478,23.43400447,3.867549669
402734,23.43400447,3.920529801
402990,23.43400447,4
403246,23.43400447,3.973509934
403501,23.40604027,3.973509934
403757,23.43400447,3.867549669
404013,23.43400447,3.947019868
404269,23.40604027,3.894039735
404525,23.40604027,3.973509934
404781,23.40604027,4
405036,23.43400447,4.079470199
405292,23.43400447,4.026490066
405548,23.43400447,3.920529801
405804,23.43400447,3.973509934
406060,23.40604027,3.947019868
406316,23.40604027,3.814569536
406572,23.40604027,3.867549669
406827,23.40604027,3.973509934
407083,23.40604027,3.894039735
407339,23.40604027,3.920529801
407595,23.40604027,3.947019868
407851,23.43400447,3.920529801
408107,23.43400447,3.841059603
408361,23.43400447,4
408611,23.40604027,4.026490066
408861,23.43400447,3.867549669
409111,23.40604027,3.894039735
409367,23.40604027,3.814569536
409622,23.40604027,3.867549669
409872,23.40604027,3.947019868
410122,23.40604027,3.973509934
410372,23.40604027,3.920529801
410627,23.40604027,4
410883,23.43400447,3.814569536
411139,23.40604027,3.814569536
411395,23.40604027,4.026490066
411651,23.40604027,3.920529801
411907,23.40604027,3.814569536
412163,23.40604027,3.947019868
412418,23.37807606,3.841059603
412674,23.37807606,3.947019868
412930,23.37807606,3.920529801
413186,23.40604027,3.894039735
413442,23.43400447,4.052980132
413698,23.40604027,3.841059603
413953,23.40604027,3.947019868
414209,23.40604027,3.920529801
414465,23.40604027,3.920529801
414721,23.40604027,4
414977,23.37807606,3.973509934
415233,23.37807606,3.947019868
415489,23.37807606,3.894039735
415744,23.37807606,3.894039735
416000,23.37807606,3.841059603
416256,23.40604027,3.894039735
416512,23.40604027,3.920529801
416768,23.40604027,3.867549669
417024,23.40604027,3.867549669
417278,23.37807606,3.894039735
417528,23.37807606,3.973509934
417778,23.40604027,3.867549669
418028,23.37807606,3.947019868
418284,23.37807606,3.973509934
418539,23.37807606,3.867549669
418789,23.40604027,3.920529801
419039,23.37807606,3.973509934
419289,23.37807606,3.867549669
419544,23.40604027,3.867549669
419800,23.40604027,3.947019868
420056,23.40604027,3.814569536
420312,23.37807606,4
420568,23.37807606,4
420824,23.37807606,3.867549669
421080,23.37807606,3.841059603
421335,23.37807606,3.920529801
421591,23.37807606,3.867549669
421847,23.37807606,3.947019868
422103,23.35011186,3.947019868
422359,23.35011186,3.947019868
422615,23.37807606,4
422870,23.37807606,3.947019868
423126,23.37807606,3.973509934
423382,23.37807606,3.947019868
423638,23.37807606,4.052980132
423894,23.37807606,3.920529801
424150,23.37807606,3.841059603
424404,23.35011186,4.026490066
424654,23.37807606,4.026490066
424904,23.37807606,4
425154,23.35011186,4
425410,23.37807606,3.867549669
425665,23.35011186,3.920529801
425915,23.37807606,3.947019868
426165,23.35011186,3.735099338
426415,23.37807606,3.920529801
426671,23.37807606,3.894039735
426926,23.37807606,3.920529801
427182,23.35011186,3.947019868
427438,23.37807606,3.947019868
427694,23.35011186,4
427950,23.35011186,3.947019868
428206,23.35011186,3.867549669
428461,23.32214765,3.973509934
428717,23.35011186,3.841059603
428973,23.32214765,3.867549669
429229,23.32214765,3.894039735
429485,23.37807606,4
429741,23.37807606,3.78807947
429996,23.37807606,3.867549669
430252,23.35011186,3.894039735
430508,23.35011186,3.894039735
430764,23.35011186,3.920529801
431020,23.32214765,3.947019868
431276,23.32214765,3.867549669
431532,23.35011186,3.920529801
431787,23.32214765,4.026490066
432043,23.32214765,3.814569536
432299,23.35011186,3.814569536
432555,23.35011186,3.920529801
432811,23.37807606,3.867549669
433067,23.37807606,3.973509934
433321,23.35011186,3.947019868
433571,23.32214765,3.841059603
433821,23.35011186,3.920529801
434071,23.35011186,3.973509934
434327,23.32214765,4.026490066
434582,23.32214765,3.894039735
434832,23.35011186,4
435082,23.32214765,3.920529801
435332,23.32214765,3.920529801
435587,23.32214765,3.920529801
435843,23.32214765,3.973509934
436099,23.32214765,3.973509934
436355,23.35011186,3.920529801
436611,23.35011186,3.894039735
436867,23.35011186,3.947019868
437123,23.32214765,3.894039735
437378,23.32214765,3.920529801
437634,23.32214765,3.867549669
437890,23.32214765,3.894039735
438146,23.32214765,3.867549669
438402,23.32214765,4
438658,23.32214765,3.973509934
438913,23.32214765,3.814569536
439169,23.32214765,3.973509934
439425,23.35011186,4
439681,23.35011186,3.867549669
439937,23.32214765,3.841059603
440193,23.32214765,3.920529801
440449,23.32214765,3.973509934
440704,23.32214765,4
440960,23.32214765,3.78807947
441216,23.32214765,3.973509934
441472,23.32214765,3.841059603
441728,23.29418345,3.841059603
441984,23.32214765,4.079470199
442238,23.32214765,4
442488,23.32214765,3.867549669
442738,23.32214765,3.867549669
442988,23.32214765,3.894039735
443244,23.32214765,3.894039735
443499,23.35011186,3.814569536
443749,23.32214765,3.973509934
443999,23.32214765,3.973509934
444249,23.32214765,3.867549669
444504,23.32214765,3.894039735
444760,23.32214765,4.052980132
445016,23.32214765,3.920529801
445272,23.32214765,3.947019868
445528,23.29418345,3.973509934
445784,23.29418345,3.947019868
446040,23.29418345,4.026490066
446295,23.32214765,3.867549669
446551,23.29418345,3.947019868
446807,23.32214765,3.973509934
447063,23.32214765,3.841059603
447319,23.32214765,3.894039735
447575,23.32214765,3.894039735
447830,23.35011186,3.947019868
448086,23.32214765,3.947019868
448342,23.35011186,3.841059603
448598,23.32214765,3.973509934
448854,23.32214765,3.841059603
449110,23.32214765,4.026490066
449364,23.32214765,3.867549669
449614,23.29418345,3.894039735
449864,23.32214765,3.947019868
450114,23.32214765,3.920529801
450370,23.29418345,3.814569536
450625,23.29418345,4.026490066
450875,23.29418345,4.052980132
451125,23.32214765,3.920529801
451375,23.29418345,3.841059603
451631,23.29418345,3.841059603
451886,23.29418345,3.867549669
452142,23.29418345,3.894039735
452398,23.29418345,3.814569536
452654,23.29418345,3.947019868
452910,23.29418345,3.894039735
453166,23.32214765,3.814569536
453421,23.32214765,3.867549669
453677,23.32214765,3.920529801
453933,23.32214765,3.761589404
454189,23.32214765,3.78807947
454445,23.32214765,3.947019868
454701,23.29418345,3.947019868
454956,23.32214765,3.947019868
455212,23.29418345,3.894039735
455468,23.29418345,3.867549669
455724,23.29418345,4.079470199
455980,23.29418345,3.894039735
456236,23.29418345,4
456492,23.29418345,3.78807947
456747,23.26621924,3.947019868
457003,23.29418345,3.894039735
457259,23.29418345,3.894039735
457515,23.29418345,3.973509934
457771,23.26621924,3.920529801
458027,23.29418345,3.814569536
458281,23.29418345,3.973509934
458531,23.32214765,3.973509934
458781,23.29418345,3.867549669
459031,23.29418345,3.867549669
459287,23.32214765,3.947019868
459542,23.35011186,3.814569536
459792,23.32214765,3.867549669
460042,23.29418345,3.920529801
460292,23.32214765,3.814569536
460547,23.32214765,3.841059603
460803,23.32214765,3.920529801
461059,23.29418345,3.814569536
461315,23.29418345,3.814569536
461571,23.32214765,3.973509934
461827,23.29418345,3.841059603
462083,23.29418345,4
462338,23.26621924,3.920529801
462594,23.26621924,4.026490066
462850,23.26621924,4.052980132
463106,23.26621924,3.920529801
463362,23.26621924,3.841059603
463618,23.26621924,3.973509934
463873,23.26621924,3.867549669
464129,23.32214765,3.973509934
464385,23.29418345,3.841059603
464641,23.32214765,3.78807947
464897,23.32214765,3.973509934
465153,23.29418345,3.867549669
465409,23.26621924,3.920529801
465664,23.29418345,3.894039735
465920,23.29418345,3.841059603
466176,23.29418345,3.894039735
466432,23.29418345,3.920529801
466688,23.32214765,3.841059603
466944,23.29418345,3.973509934
467198,23.26621924,3.867549669
467448,23.29418345,3.78807947
467698,23.29418345,3.947019868
467948,23.26621924,4
468204,23.26621924,3.947019868
468459,23.26621924,3.973509934
468709,23.26621924,3.920529801
468959,23.26621924,3.947019868
469209,23.26621924,3.894039735
469464,23.29418345,4
469720,23.29418345,3.867549669
469976,23.29418345,4.026490066
470232,23.26621924,3.894039735
470488,23.26621924,3.947019868
470744,23.26621924,3.841059603
471000,23.26621924,4.052980132
471255,23.26621924,3.814569536
471511,23.26621924,3.867549669
471767,23.26621924,3.867549669
472023,23.26621924,3.947019868
472279,23.26621924,3.841059603
472535,23.26621924,3.920529801
472790,23.26621924,3.867549669
473046,23.26621924,3.920529801
473302,23.26621924,3.761589404
473558,23.26621924,3.894039735
473814,23.26621924,3.920529801
474070,23.26621924,3.894039735
474324,23.26621924,3.920529801
474574,23.26621924,3.947019868
474824,23.26621924,3.947019868
475074,23.26621924,3.867549669
475330,23.26621924,3.867549669
475585,23.26621924,3.920529801
475835,23.26621924,4.026490066
476085,23.26621924,3.947019868
476335,23.26621924,3.841059603
476591,23.26621924,3.947019868
476846,23.26621924,3.920529801
477102,23.26621924,3.761589404
477358,23.26621924,3.947019868
477614,23.23825503,3.894039735
477870,23.26621924,3.894039735
478126,23.23825503,3.841059603
478381,23.23825503,3.761589404
478637,23.26621924,3.894039735
478893,23.26621924,3.814569536
479149,23.26621924,4.026490066
479405,23.26621924,3.973509934
479661,23.26621924,3.894039735
479916,23.26621924,3.920529801
480172,23.29418345,3.894039735
480428,23.26621924,3.947019868
480684,23.26621924,3.973509934
480940,23.26621924,3.894039735
481196,23.26621924,3.735099338
481452,23.26621924,3.894039735
481707,23.26621924,3.973509934
481963,23.26621924,3.867549669
482219,23.26621924,3.920529801
482475,23.26621924,3.947019868
482731,23.26621924,3.867549669
482987,23.26621924,3.920529801
483241,23.23825503,3.867549669
483491,23.26621924,3.867549669
483741,23.26621924,3.920529801
483991,23.23825503,4
484247,23.23825503,3.973509934
484502,23.23825503,4
484752,23.26621924,3.894039735
485002,23.26621924,3.894039735
485252,23.23825503,3.920529801
485507,23.23825503,3.973509934
485763,23.23825503,3.894039735
486019,23.23825503,3.867549669
486275,23.23825503,3.973509934
486531,23.23825503,3.920529801
486787,23.26621924,4
487043,23.26621924,3.973509934
487298,23.26621924,3.947019868
487554,23.26621924,3.867549669
487810,23.26621924,3.947019868
488066,23.23825503,3.841059603
488322,23.23825503,3.947019868
488578,23.26621924,3.920529801
488833,23.26621924,3.841059603
489089,23.23825503,3.920529801
489345,23.23825503,3.920529801
489601,23.23825503,3.894039735
489857,23.23825503,3.894039735
490113,23.23825503,3.894039735
490369,23.23825503,3.814569536
490624,23.23825503,4
490880,23.23825503,3.867549669
491136,23.23825503,3.973509934
491392,23.23825503,3.867549669
491648,23.23825503,3.947019868
491904,23.23825503,3.920529801
492158,23.26621924,3.973509934
492408,23.23825503,3.920529801
492658,23.21029083,3.867549669
492908,23.26621924,3.894039735
493164,23.26621924,3.920529801
493419,23.23825503,3.947019868
493669,23.21029083,3.947019868
493919,23.21029083,3.947019868
494169,23.23825503,3.894039735
494424,23.23825503,3.920529801
494680,23.23825503,3.841059603
494936,23.21029083,3.973509934
495192,23.21029083,3.973509934
495448,23.21029083,3.867549669
495704,23.21029083,3.761589404
495960,23.21029083,3.814569536
496215,23.21029083,3.920529801
496471,23.21029083,3.78807947
496727,23.21029083,3.78807947
496983,23.23825503,3.814569536
497239,23.23825503,3.894039735
497495,23.23825503,3.78807947
497750,23.23825503,3.947019868
498006,23.21029083,3.894039735
498262,23.21029083,3.947019868
498518,23.21029083,3.947019868
498774,23.21029083,3.894039735
499030,23.21029083,3.947019868
499284,23.21029083,3.920529801
499534,23.23825503,3.973509934
499784,23.21029083,3.814569536
500034,23.21029083,3.841059603
500290,23.21029083,3.867549669
500545,23.21029083,3.867549669
500795,23.21029083,4
501045,23.21029083,3.894039735
501295,23.23825503,3.973509934
501551,23.21029083,3.894039735
501806,23.21029083,3.894039735
502062,23.21029083,3.867549669
502318,23.21029083,3.947019868
502574,23.21029083,4.052980132
502830,23.21029083,3.894039735
503086,23.21029083,3.920529801
503341,23.21029083,3.920529801
503597,23.18232662,3.841059603
503853,23.21029083,3.947019868
504109,23.18232662,4
504365,23.21029083,3.841059603
504621,23.21029083,3.947019868
504876,23.23825503,3.920529801
505132,23.21029083,3.841059603
505388,23.21029083,3.947019868
505644,23.21029083,3.841059603
505900,23.21029083,3.894039735
506156,23.21029083,3.947019868
506412,23.21029083,3.920529801
506667,23.18232662,3.814569536
506923,23.18232662,4.026490066
507179,23.18232662,3.894039735
507435,23.18232662,3.973509934
507691,23.21029083,4.079470199
507947,23.18232662,3.841059603
508201,23.18232662,3.920529801
508451,23.21029083,3.894039735
508701,23.18232662,3.894039735
508951,23.21029083,3.867549669
509207,23.21029083,3.947019868
509462,23.21029083,3.867549669
509712,23.18232662,3.920529801
509962,23.18232662,3.78807947
510212,23.21029083,3.867549669
510467,23.21029083,3.894039735
510723,23.18232662,3.920529801
510979,23.21029083,3.973509934
511235,23.18232662,3.841059603
511491,23.18232662,3.841059603
511747,23.18232662,3.894039735
512003,23.15436242,3.78807947
512258,23.18232662,3.973509934
512514,23.15436242,3.894039735
512770,23.18232662,3.867549669
513026,23.18232662,3.894039735
513282,23.18232662,4.052980132
513538,23.18232662,3.841059603
513793,23.21029083,3.894039735
514049,23.21029083,3.973509934
514305,23.21029083,3.78807947
514561,23.21029083,3.894039735
514817,23.21029083,4.026490066
515073,23.21029083,3.867549669
515329,23.18232662,3.920529801
515584,23.18232662,3.894039735
515840,23.18232662,4.026490066
516096,23.18232662,3.894039735
516352,23.18232662,3.973509934
516608,23.18232662,3.894039735
516864,23.15436242,3.841059603
517118,23.18232662,3.867549669
517368,23.18232662,3.867549669
517618,23.18232662,3.920529801
517868,23.15436242,3.920529801
518124,23.18232662,3.841059603
518379,23.18232662,3.867549669
518629,23.18232662,3.973509934
518879,23.15436242,3.814569536
519129,23.18232662,3.867549669
519384,23.18232662,3.894039735
519640,23.18232662,3.78807947
519896,23.21029083,3.973509934
520152,23.18232662,3.947019868
520408,23.18232662,3.947019868
520664,23.18232662,3.973509934
520920,23.18232662,3.814569536
521175,23.18232662,3.867549669
521431,23.18232662,3.920529801
521687,23.18232662,3.841059603
521943,23.15436242,3.78807947
522199,23.18232662,3.867549669
522455,23.15436242,3.867549669
522710,23.15436242,3.814569536
522966,23.15436242,3.894039735
523222,23.15436242,3.947019868
523478,23.15436242,3.841059603
523734,23.15436242,3.894039735
523990,23.15436242,4.052980132
524244,23.15436242,3.894039735
524494,23.18232662,3.78807947
524744,23.15436242,3.894039735
524994,23.18232662,4
525250,23.15436242,3.867549669
525505,23.15436242,3.867549669
525755,23.18232662,3.920529801
526005,23.15436242,3.867549669
526255,23.18232662,3.920529801
526511,23.18232662,3.894039735
526766,23.18232662,4
527022,23.18232662,3.814569536
527278,23.18232662,3.841059603
527534,23.18232662,3.973509934
527790,23.18232662,3.78807947
528046,23.18232662,3.894039735
528301,23.15436242,3.894039735
528557,23.15436242,3.841059603
528813,23.15436242,3.973509934
529069,23.15436242,3.920529801
529325,23.15436242,3.894039735
529581,23.15436242,3.920529801
529836,23.15436242,4.026490066
530092,23.15436242,3.920529801
530348,23.15436242,3.920529801
530604,23.15436242,4
530860,23.15436242,3.867549669
531116,23.15436242,3.867549669
531372,23.15436242,3.920529801
531627,23.15436242,3.78807947
531883,23.15436242,3.867549669
532139,23.18232662,3.841059603
532395,23.18232662,3.78807947
532651,23.15436242,3.841059603
532907,23.15436242,4
533161,23.15436242,3.841059603
533411,23.15436242,3.920529801
533661,23.15436242,3.894039735
533911,23.15436242,3.920529801
534167,23.15436242,4.026490066
534422,23.15436242,3.894039735
534672,23.15436242,3.867549669
534922,23.15436242,3.867549669
535172,23.15436242,3.841059603
535427,23.15436242,3.973509934
535683,23.15436242,3.867549669
535939,23.15436242,3.867549669
536195,23.15436242,3.947019868
536451,23.15436242,3.947019868
536707,23.15436242,3.78807947
536963,23.15436242,3.920529801
537218,23.15436242,3.947019868
537474,23.18232662,3.920529801
537730,23.15436242,3.920529801
537986,23.15436242,3.920529801
538242,23.15436242,4.026490066
538498,23.15436242,3.947019868
538753,23.15436242,3.841059603
539009,23.15436242,3.867549669
539265,23.15436242,3.973509934
539521,23.15436242,3.841059603
539777,23.12639821,3.841059603
540033,23.12639821,3.841059603
540289,23.15436242,3.973509934
540544,23.15436242,4
540800,23.12639821,3.841059603
541056,23.12639821,3.841059603
541312,23.12639821,3.947019868
541568,23.12639821,3.973509934
541824,23.12639821,3.708609272
542078,23.15436242,3.947019868
542328,23.15436242,3.920529801
542578,23.12639821,3.814569536
542828,23.15436242,3.920529801
543084,23.15436242,3.947019868
543339,23.15436242,3.867549669
543589,23.12639821,3.78807947
543839,23.12639821,3.947019868
544089,23.15436242,3.973509934
544344,23.15436242,3.814569536
544600,23.15436242,3.894039735
544856,23.15436242,3.841059603
545112,23.15436242,3.867549669
545368,23.12639821,3.973509934
545624,23.12639821,3.867549669
545880,23.12639821,3.814569536
546135,23.12639821,3.973509934
546391,23.098434,3.814569536
546647,23.12639821,3.867549669
546903,23.12639821,3.894039735
547159,23.12639821,3.894039735
547415,23.12639821,3.867549669
547670,23.12639821,3.894039735
547926,23.15436242,3.814569536
548182,23.15436242,3.841059603
548438,23.15436242,3.947019868
548694,23.15436242,3.947019868
548950,23.15436242,3.920529801
549204,23.15436242,3.947019868
549454,23.12639821,3.841059603
549704,23.12639821,3.814569536
549954,23.12639821,4.026490066
550210,23.15436242,3.814569536
550465,23.12639821,3.867549669
550715,23.12639821,4
550965,23.15436242,3.894039735
551215,23.12639821,3.78807947
551471,23.12639821,3.920529801
551726,23.098434,3.867549669
551982,23.098434,3.947019868
552238,23.098434,3.894039735
552494,23.098434,3.841059603
552750,23.098434,3.920529801
553006,23.12639821,3.867549669
553261,23.098434,3.894039735
553517,23.12639821,3.78807947
553773,23.12639821,3.920529801
554029,23.098434,3.814569536
554285,23.12639821,3.894039735
554541,23.12639821,3.947019868
554796,23.15436242,3.920529801
555052,23.15436242,3.894039735
555308,23.12639821,4
555564,23.12639821,3.947019868
555820,23.12639821,3.920529801
556076,23.12639821,3.920529801
556332,23.12639821,4
556587,23.12639821,3.947019868
556843,23.098434,3.867549669
557099,23.098434,3.894039735
557355,23.098434,3.947019868
557611,23.098434,3.841059603
557867,23.098434,3.867549669
558121,23.098434,3.867549669
558371,23.12639821,3.920529801
558621,23.098434,3.920529801
558871,23.098434,3.78807947
559127,23.098434,3.841059603
559382,23.098434,3.920529801
559632,23.12639821,3.841059603
559882,23.098434,3.894039735
560132,23.098434,3.841059603
560387,23.12639821,3.894039735
560643,23.12639821,3.894039735
560899,23.12639821,3.947019868
561155,23.098434,3.973509934
561411,23.12639821,3.920529801
561667,23.098434,3.814569536
561923,23.12639821,3.973509934
562178,23.098434,3.867549669
562434,23.098434,3.973509934
562690,23.098434,3.841059603
562946,23.098434,3.947019868
563202,23.098434,3.841059603
563458,23.098434,3.947019868
563713,23.098434,3.761589404
563969,23.098434,3.947019868
564225,23.098434,3.841059603
564481,23.098434,3.761589404
564737,23.098434,4
564993,23.098434,3.814569536
565249,23.098434,3.894039735
565504,23.12639821,3.920529801
565760,23.098434,3.920529801
566016,23.12639821,3.841059603
566272,23.12639821,3.920529801
566528,23.098434,3.814569536
566784,23.098434,3.867549669
567038,23.098434,3.814569536
567288,23.098434,3.947019868
567538,23.098434,3.894039735
567788,23.098434,3.841059603
568044,23.098434,3.947019868
568299,23.098434,3.867549669
568549,23.098434,3.867549669
568799,23.098434,3.947019868
569049,23.098434,3.78807947
569304,23.098434,3.947019868
569560,23.098434,4.026490066
569816,23.098434,3.761589404
570072,23.0704698,3.841059603
570328,23.098434,3.841059603
570584,23.098434,3.947019868
570840,23.098434,3.867549669
571095,23.098434,3.947019868
571351,23.12639821,3.814569536
571607,23.12639821,3.841059603
571863,23.098434,3.947019868
572119,23.098434,3.867549669
572375,23.098434,3.841059603
572630,23.098434,3.841059603
572886,23.098434,3.841059603
573142,23.098434,3.761589404
573398,23.0704698,3.814569536
573654,23.098434,3.947019868
573910,23.0704698,3.841059603
574164,23.098434,3.920529801
574414,23.098434,3.78807947
574664,23.098434,3.947019868
574914,23.0704698,3.867549669
575170,23.0704698,3.867549669
575425,23.0704698,3.841059603
575675,23.098434,3.841059603
575925,23.0704698,3.973509934
576175,23.098434,3.841059603
576431,23.098434,3.78807947
576686,23.098434,3.841059603
576942,23.098434,3.894039735
577198,23.098434,3.947019868
577454,23.098434,3.841059603
577710,23.098434,3.920529801
577966,23.098434,3.947019868
578221,23.098434,3.78807947
578477,23.098434,3.920529801
578733,23.098434,3.894039735
578989,23.0704698,3.867549669
579245,23.0704698,3.894039735
579501,23.0704698,3.947019868
579756,23.0704698,3.867549669
580012,23.0704698,3.920529801
580268,23.0704698,3.894039735
580524,23.0704698,3.947019868
580780,23.0704698,3.841059603
581036,23.098434,3.841059603
581292,23.098434,3.841059603
581547,23.098434,3.867549669
581803,23.098434,3.841059603
582059,23.098434,3.920529801
582315,23.098434,3.920529801
582571,23.098434,3.947019868
582827,23.0704698,3.973509934
583081,23.098434,3.920529801
583331,23.0704698,3.894039735
583581,23.098434,3.814569536
583831,23.0704698,3.947019868
584087,23.0704698,4.026490066
584342,23.0704698,3.841059603
584592,23.0704698,3.920529801
584842,23.0704698,3.920529801
585092,23.0704698,3.814569536
585347,23.0704698,3.814569536
585603,23.0704698,3.947019868
585859,23.0704698,3.867549669
586115,23.0704698,3.894039735
586371,23.0704698,3.894039735
586627,23.098434,3.841059603
586883,23.098434,3.920529801
587138,23.0704698,3.867549669
587394,23.098434,3.867549669
587650,23.098434,3.867549669
587906,23.0704698,3.894039735
588162,23.0704698,3.814569536
588418,23.0704698,4
588673,23.0704698,3.920529801
588929,23.0704698,3.814569536
589185,23.0704698,3.920529801
589441,23.0704698,3.682119205
589697,23.0704698,3.867549669
589953,23.0704698,3.973509934
590209,23.04250559,3.841059603
590464,23.0704698,3.841059603
590720,23.04250559,3.841059603
590976,23.04250559,3.814569536
591232,23.0704698,3.894039735
591488,23.04250559,3.814569536
591744,23.04250559,3.867549669
591998,23.0704698,3.841059603
592248,23.0704698,3.841059603
592498,23.04250559,4
592748,23.098434,3.920529801
593004,23.098434,3.867549669
593259,23.098434,3.78807947
593509,23.04250559,3.841059603
593759,23.0704698,3.867549669
594009,23.0704698,3.894039735
594264,23.0704698,3.894039735
594520,23.0704698,3.867549669
594776,23.04250559,3.920529801
595032,23.0704698,3.841059603
595288,23.0704698,4
595544,23.0704698,3.867549669
595800,23.0704698,3.894039735
596055,23.04250559,3.920529801
596311,23.04250559,3.841059603
596567,23.04250559,3.814569536
596823,23.04250559,3.973509934
597079,23.04250559,3.947019868
597335,23.04250559,3.894039735
597590,23.04250559,3.947019868
597846,23.04250559,3.867549669
598102,23.04250559,3.973509934
598358,23.0704698,3.867549669
598614,23.04250559,3.920529801
598870,23.0704698,3.841059603
599124,23.0704698,3.814569536
599374,23.04250559,3.920529801
599624,23.04250559,3.78807947
599874,23.0704698,3.735099338
600130,23.0704698,3.814569536
600385,23.0704698,4
600635,23.0704698,3.78807947
600885,23.04250559,3.814569536
601135,23.0704698,3.947019868
601391,23.04250559,3.867549669
601646,23.0704698,3.814569536
601902,23.0704698,3.947019868
602158,23.0704698,3.814569536
602414,23.04250559,3.867549669
602670,23.0704698,3.867549669
602926,23.0704698,3.973509934
603181,23.04250559,3.867549669
603437,23.04250559,3.867549669
603693,23.04250559,3.973509934
603949,23.04250559,3.761589404
604205,23.04250559,3.894039735
604461,23.04250559,3.867549669
604716,23.04250559,3.814569536
604972,23.04250559,3.894039735
605228,23.04250559,3.894039735
605484,23.04250559,3.920529801
605740,23.04250559,3.867549669
605996,23.04250559,3.867549669
606252,23.04250559,3.841059603
606507,23.04250559,3.78807947
606763,23.04250559,3.867549669
607019,23.04250559,3.867549669
607275,23.0704698,3.841059603
607531,23.0704698,3.920529801
607787,23.0704698,3.841059603
608041,23.0704698,3.947019868
608291,23.04250559,3.867549669
608541,23.04250559,3.947019868
608791,23.0704698,3.761589404
609047,23.0704698,3.894039735
609302,23.04250559,3.78807947
609552,23.01454139,3.841059603
609802,23.04250559,3.894039735
610052,23.04250559,3.814569536
610307,23.04250559,3.894039735
610563,23.04250559,3.867549669
610819,23.04250559,3.867549669
611075,23.04250559,3.867549669
611331,23.04250559,3.814569536
611587,23.04250559,3.735099338
611843,23.04250559,3.841059603
612098,23.04250559,3.867549669
612354,23.04250559,3.867549669
612610,23.01454139,3.894039735
612866,23.04250559,3.947019868
613122,23.04250559,3.841059603
613378,23.01454139,3.947019868
613633,23.01454139,3.841059603
613889,23.04250559,3.920529801
614145,23.04250559,3.841059603
614401,23.04250559,3.894039735
614657,23.04250559,3.920529801
614913,23.04250559,3.947019868
615169,23.04250559,3.947019868
615424,23.04250559,3.867549669
615680,23.04250559,3.78807947
615936,23.04250559,3.841059603
616192,23.04250559,3.814569536
616448,23.04250559,3.761589404
616704,23.04250559,3.947019868
616958,23.04250559,3.894039735
617208,23.01454139,3.867549669
617458,23.04250559,3.841059603
617708,23.04250559,3.920529801
617964,23.04250559,3.867549669
618219,23.01454139,3.947019868
618469,23.01454139,3.867549669
618719,23.04250559,3.920529801
618969,23.01454139,3.78807947
619224,23.01454139,3.841059603
619480,23.01454139,3.78807947
619736,22.98657718,3.947019868
619992,23.01454139,3.973509934
620248,23.01454139,3.920529801
620504,23.01454139,3.814569536
620760,23.01454139,3.947019868
621015,23.01454139,3.894039735
621271,23.01454139,3.78807947
621527,23.01454139,3.867549669
621783,23.04250559,3.973509934
622039,23.04250559,3.920529801
622295,23.04250559,3.947019868
622550,23.04250559,3.894039735
622806,23.04250559,3.841059603
623062,23.04250559,3.894039735
623318,23.04250559,3.761589404
623574,23.04250559,3.867549669
623830,23.01454139,3.867549669
624084,23.04250559,3.761589404
624334,23.01454139,3.947019868
624584,23.04250559,3.841059603
624834,23.04250559,3.814569536
625090,23.01454139,3.894039735
625345,23.01454139,3.841059603
625595,23.01454139,3.867549669
625845,23.04250559,3.947019868
626095,23.01454139,3.894039735
626351,23.01454139,3.920529801
626606,23.01454139,3.841059603
626862,23.01454139,3.867549669
627118,22.98657718,3.867549669
627374,23.01454139,4
627630,22.98657718,3.814569536
627886,23.01454139,3.814569536
628141,23.01454139,3.814569536
628397,22.98657718,3.920529801
628653,22.98657718,3.867549669
628909,22.98657718,4
629165,22.98657718,3.947019868
629421,22.98657718,3.841059603
629676,22.98657718,3.841059603
629932,23.01454139,3.761589404
630188,23.01454139,3.920529801
630444,23.04250559,3.894039735
630700,23.04250559,3.841059603
630956,23.01454139,3.973509934
631212,23.04250559,3.867549669
631467,23.04250559,3.814569536
631723,23.04250559,3.867549669
631979,23.04250559,3.894039735
632235,23.04250559,3.814569536
632491,23.04250559,3.894039735
632747,23.04250559,3.841059603
633001,23.01454139,3.78807947
633251,22.98657718,3.947019868
633501,23.04250559,3.894039735
633751,23.04250559,3.894039735
634007,23.01454139,3.814569536
634262,22.98657718,3.867549669
634512,22.98657718,3.841059603
634762,23.01454139,3.920529801
635012,22.98657718,3.841059603
635267,22.98657718,3.947019868
635523,22.98657718,3.841059603
635779,23.01454139,3.894039735
636035,23.01454139,3.841059603
636291,22.98657718,3.947019868
636547,22.98657718,3.973509934
636803,22.98657718,4
637058,22.98657718,3.867549669
637314,22.98657718,4.026490066
637570,22.98657718,3.894039735
637826,22.98657718,3.973509934
638082,22.98657718,3.947019868
638338,22.98657718,3.920529801
638593,22.98657718,3.814569536
638849,22.98657718,3.814569536
639105,22.98657718,3.920529801
639361,23.01454139,3.894039735
639617,23.01454139,3.920529801
639873,23.01454139,3.841059603
640129,23.01454139,3.841059603
640384,23.01454139,3.947019868
640640,23.01454139,3.973509934
640896,23.01454139,3.78807947
641152,22.98657718,3.894039735
641408,23.01454139,3.920529801
641664,23.01454139,3.947019868
641918,23.01454139,3.867549669
642168,22.98657718,3.894039735
642418,23.01454139,3.894039735
642668,22.98657718,3.761589404
642924,22.98657718,3.841059603
643179,22.98657718,3.920529801
643429,23.01454139,3.814569536
643679,22.98657718,3.78807947
643929,22.98657718,3.78807947
644184,22.98657718,3.920529801
644440,23.01454139,3.947019868
644696,22.98657718,3.867549669
644952,22.98657718,4.026490066
645208,22.98657718,3.920529801
645464,23.01454139,3.947019868
645720,23.01454139,3.761589404
645975,22.98657718,3.947019868
646231,23.01454139,3.814569536
646487,23.01454139,3.735099338
646743,23.01454139,3.841059603
646999,23.01454139,3.841059603
647255,23.01454139,3.814569536
647510,22.98657718,3.761589404
647766,22.98657718,3.947019868
648022,23.01454139,3.894039735
648278,22.98657718,3.894039735
648534,22.98657718,3.920529801
648790,22.98657718,3.735099338
649044,22.98657718,3.920529801
649294,22.95861298,3.894039735
649544,23.01454139,4
649794,22.98657718,4.105960265
650050,22.98657718,3.894039735
650305,22.98657718,4.026490066
650555,22.98657718,3.78807947
650805,23.01454139,3.867549669
651055,22.98657718,3.973509934
651311,22.98657718,3.973509934
651566,22.98657718,3.920529801
651822,22.98657718,3.867549669
652078,22.98657718,3.78807947
652334,22.95861298,3.894039735
652590,22.95861298,3.894039735
652846,22.98657718,3.761589404
653101,22.98657718,3.761589404
653357,22.98657718,3.894039735
653613,22.98657718,3.78807947
653869,22.98657718,3.947019868
654125,22.98657718,3.841059603
654381,23.01454139,3.841059603
654636,22.98657718,3.894039735
654892,23.01454139,3.973509934
655148,22.98657718,3.682119205
655404,22.98657718,3.735099338
655660,22.98657718,3.814569536
655916,22.98657718,3.920529801
656172,22.98657718,3.867549669
656427,22.98657718,3.947019868
656683,22.98657718,3.894039735
656939,22.95861298,3.867549669
657195,22.98657718,3.973509934
657451,22.95861298,3.814569536
657707,22.95861298,4
657961,22.98657718,3.867549669
658211,23.01454139,3.841059603
658461,22.98657718,3.814569536
658711,22.95861298,3.867549669
658967,22.98657718,3.920529801
659222,22.98657718,3.920529801
659472,22.95861298,3.973509934
659722,22.95861298,3.894039735
659972,22.98657718,3.814569536
660227,22.98657718,3.841059603
660483,22.98657718,3.761589404
660739,22.98657718,3.867549669
660995,22.95861298,3.920529801
661251,22.95861298,3.814569536
661507,22.98657718,3.78807947
661763,22.98657718,4
662018,22.95861298,3.867549669
662274,22.95861298,3.841059603
662530,22.95861298,3.867549669
662786,22.95861298,3.841059603
663042,22.95861298,3.78807947
663298,22.98657718,3.973509934
663553,22.98657718,3.814569536
663809,22.98657718,3.78807947
664065,22.98657718,3.867549669
664321,22.98657718,3.814569536
664577,22.98657718,3.867549669
664833,22.98657718,3.894039735
665089,22.98657718,3.947019868
665344,22.95861298,3.867549669
665600,22.95861298,3.814569536
665856,22.98657718,3.841059603
666112,22.95861298,3.920529801
666368,22.95861298,3.920529801
666624,22.95861298,3.973509934
666878,22.95861298,3.841059603
667128,22.98657718,3.78807947
667378,22.98657718,3.867549669
667628,22.95861298,3.894039735
667884,22.95861298,3.920529801
668139,22.95861298,3.708609272
668389,22.98657718,3.894039735
668639,22.95861298,3.894039735
668889,22.98657718,3.867549669
669144,22.98657718,3.973509934
669400,22.98657718,3.841059603
669656,22.98657718,3.867549669
669912,22.98657718,3.761589404
670168,22.98657718,3.814569536
670424,22.98657718,3.894039735
670680,22.98657718,3.867549669
670935,22.98657718,3.761589404
671191,22.95861298,3.894039735
671447,22.95861298,3.814569536
671703,22.95861298,3.973509934
671959,22.95861298,3.761589404
672215,22.93064877,3.920529801
672470,22.95861298,3.841059603
672726,22.95861298,3.761589404
672982,22.93064877,3.920529801
673238,22.95861298,3.894039735
673494,22.95861298,3.841059603
673750,22.95861298,3.841059603
674004,22.95861298,3.841059603
674254,22.95861298,3.841059603
674504,22.93064877,3.947019868
674754,22.95861298,3.920529801
675010,22.98657718,3.814569536
675265,22.98657718,3.841059603
675515,22.95861298,3.920529801
675765,22.95861298,3.973509934
676015,22.95861298,3.867549669
676271,22.95861298,3.894039735
676526,22.95861298,3.867549669
676782,22.93064877,3.947019868
677038,22.93064877,3.867549669
677294,22.93064877,3.867549669
677550,22.95861298,3.867549669
677806,22.95861298,3.867549669
678061,22.93064877,3.973509934
678317,22.93064877,3.867549669
678573,22.93064877,3.78807947
678829,22.95861298,3.867549669
679085,22.95861298,3.841059603
679341,22.95861298,3.867549669
679596,22.95861298,3.920529801
679852,22.98657718,3.894039735
680108,22.95861298,3.814569536
680364,22.95861298,3.841059603
680620,22.95861298,3.920529801
680876,22.93064877,3.894039735
681132,22.95861298,3.894039735
681387,22.93064877,3.947019868
681643,22.93064877,3.920529801
681899,22.95861298,3.947019868
682155,22.93064877,3.867549669
682411,22.93064877,3.947019868
682667,22.93064877,3.894039735
682921,22.93064877,3.78807947
683171,22.95861298,3.894039735
683421,22.93064877,3.841059603
683671,22.93064877,3.761589404
683927,22.93064877,3.841059603
684182,22.93064877,3.867549669
684432,22.95861298,3.814569536
684682,22.93064877,3.814569536
684932,22.93064877,3.867549669
685187,22.93064877,3.867549669
685443,22.93064877,3.894039735
685699,22.93064877,3.78807947
685955,22.93064877,4.026490066
686211,22.93064877,3.841059603
686467,22.95861298,3.841059603
686723,22.95861298,3.867549669
686978,22.95861298,3.920529801
687234,22.95861298,3.761589404
687490,22.95861298,3.973509934
687746,22.93064877,3.814569536
688002,22.95861298,3.814569536
688258,22.95861298,3.894039735
688513,22.93064877,3.920529801
688769,22.95861298,3.78807947
689025,22.95861298,3.947019868
689281,22.95861298,3.735099338
689537,22.93064877,3.867549669
689793,22.93064877,3.761589404
690049,22.93064877,3.841059603
690304,22.93064877,3.841059603
690560,22.93064877,3.894039735
690816,22.93064877,3.841059603
691072,22.93064877,3.920529801
691328,22.93064877,3.973509934
691584,22.93064877,3.894039735
691838,22.93064877,3.761589404
692088,22.95861298,3.973509934
692338,22.93064877,3.814569536
692588,22.93064877,3.920529801
692844,22.93064877,3.867549669
693099,22.93064877,3.761589404
693349,22.93064877,3.814569536
693599,22.93064877,3.973509934
693849,22.93064877,3.78807947
694104,22.93064877,3.973509934
694360,22.93064877,3.867549669
694616,22.93064877,3.894039735
694872,22.93064877,3.814569536
695128,22.93064877,3.894039735
695384,22.95861298,3.920529801
695640,22.93064877,3.867549669
695895,22.93064877,3.973509934
696151,22.93064877,3.973509934
696407,22.93064877,3.841059603
696663,22.93064877,3.841059603
696919,22.93064877,3.761589404
697175,22.93064877,3.894039735
697430,22.93064877,3.814569536
697686,22.93064877,3.894039735
697942,22.93064877,3.920529801
698198,22.90268456,3.78807947
698454,22.93064877,3.735099338
698710,22.90268456,3.841059603
698964,22.93064877,3.920529801
699214,22.95861298,3.78807947
699464,22.93064877,3.894039735
699714,22.93064877,3.920529801
699970,22.93064877,3.867549669
700225,22.93064877,3.894039735
700475,22.93064877,3.841059603
700725,22.93064877,3.78807947
700975,22.90268456,3.947019868
701231,22.90268456,3.920529801
701486,22.93064877,3.867549669
701742,22.93064877,3.78807947
701998,22.93064877,3.920529801
702254,22.93064877,3.814569536
702510,22.93064877,3.78807947
702766,22.93064877,3.867549669
703021,22.93064877,3.761589404
703277,22.93064877,3.894039735
703533,22.93064877,3.761589404
703789,22.93064877,3.867549669
704045,22.93064877,3.894039735
704301,22.93064877,3.867549669
704556,22.93064877,3.841059603
704812,22.90268456,3.920529801
705068,22.90268456,3.814569536
705324,22.93064877,3.894039735
705580,22.90268456,4
705836,22.90268456,3.814569536
706092,22.90268456,3.78807947
706347,22.87472036,3.973509934
706603,22.87472036,3.708609272
706859,22.87472036,3.867549669
707115,22.90268456,3.867549669
707371,22.90268456,3.814569536
707627,22.90268456,3.841059603
707881,22.90268456,3.894039735
708131,22.93064877,3.761589404
708381,22.90268456,3.894039735
708631,22.90268456,4
708887,22.90268456,3.947019868
709142,22.90268456,3.867549669
709392,22.90268456,3.814569536
709642,22.87472036,3.920529801
709892,22.90268456,3.867549669
710147,22.93064877,3.973509934
710403,22.93064877,3.947019868
710659,22.93064877,3.867549669
710915,22.93064877,3.947019868
711171,22.93064877,3.841059603
711427,22.93064877,3.894039735
711683,22.93064877,3.894039735
711938,22.90268456,3.894039735
712194,22.90268456,3.894039735
712450,22.90268456,3.841059603
712706,22.90268456,3.814569536
712962,22.90268456,3.867549669
713218,22.87472036,3.920529801
713473,22.90268456,3.867549669
713729,22.90268456,3.894039735
713985,22.87472036,3.814569536
714241,22.90268456,3.867549669
714497,22.90268456,3.947019868
714753,22.87472036,3.814569536
715009,22.90268456,3.841059603
715264,22.87472036,3.947019868
715520,22.90268456,3.920529801
715776,22.90268456,3.841059603
716032,22.90268456,3.894039735
716288,22.93064877,3.841059603
716544,22.90268456,3.973509934
716798,22.90268456,3.761589404
717048,22.87472036,3.947019868
717298,22.93064877,3.814569536
717548,22.90268456,3.920529801
717804,22.90268456,3.814569536
718059,22.90268456,3.894039735
718309,22.87472036,3.894039735
718559,22.93064877,3.867549669
718809,22.90268456,3.867549669
719064,22.87472036,3.841059603
719320,22.87472036,3.841059603
719576,22.87472036,3.814569536
719832,22.87472036,3.814569536
720088,22.87472036,3.920529801
720344,22.90268456,3.814569536
720600,22.90268456,3.867549669
720855,22.90268456,3.920529801
721111,22.90268456,3.761589404
721367,22.90268456,3.867549669
721623,22.90268456,3.867549669
721879,22.93064877,3.814569536
722135,22.90268456,3.814569536
722390,22.90268456,3.814569536
722646,22.90268456,3.78807947
722902,22.90268456,3.735099338
723158,22.87472036,3.867549669
723414,22.90268456,4
723670,22.87472036,3.867549669
723924,22.87472036,4
724174,22.90268456,3.735099338
724424,22.87472036,3.867549669
724674,22.90268456,3.735099338
724930,22.87472036,3.867549669
725185,22.87472036,3.894039735
725435,22.90268456,3.735099338
725685,22.87472036,3.841059603
725935,22.90268456,3.841059603
726191,22.87472036,3.867549669
726446,22.90268456,3.867549669
726702,22.87472036,3.947019868
726958,22.90268456,3.841059603
727214,22.90268456,3.841059603
727470,22.90268456,3.841059603
727726,22.90268456,3.947019868
727981,22.87472036,3.841059603
728237,22.87472036,3.894039735
728493,22.87472036,3.947019868
728749,22.90268456,3.947019868
729005,22.87472036,3.867549669
729261,22.87472036,3.78807947
729516,22.87472036,3.78807947
729772,22.87472036,4.026490066
730028,22.87472036,3.78807947
730284,22.87472036,3.973509934
730540,22.87472036,3.894039735
730796,22.87472036,3.894039735
731052,22.87472036,3.708609272
731307,22.87472036,3.920529801
731563,22.87472036,3.894039735
731819,22.87472036,3.814569536
732075,22.90268456,3.947019868
732331,22.87472036,4
732587,22.90268456,3.947019868
732841,22.87472036,3.973509934
733091,22.87472036,3.761589404
733341,22.87472036,3.867549669
733591,22.87472036,3.867549669
733847,22.87472036,3.841059603
734102,22.87472036,3.814569536
734352,22.84675615,3.920529801
734602,22.87472036,3.920529801
734852,22.87472036,3.894039735
735107,22.87472036,3.867549669
735363,22.87472036,3.841059603
735619,22.87472036,3.894039735
735875,22.84675615,3.973509934
736131,22.87472036,3.841059603
736387,22.87472036,3.894039735
736643,22.87472036,3.814569536
736898,22.84675615,3.920529801
737154,22.87472036,3.867549669
737410,22.87472036,3.841059603
737666,22.87472036,3.894039735
737922,22.87472036,3.841059603
738178,22.87472036,3.947019868
738433,22.90268456,3.894039735
738689,22.90268456,3.894039735
738945,22.87472036,3.841059603
739201,22.87472036,3.973509934
739457,22.87472036,3.814569536
739713,22.87472036,3.920529801
739969,22.87472036,3.841059603
740224,22.87472036,3.735099338
740480,22.84675615,3.867549669
740736,22.87472036,3.867549669
740992,22.84675615,3.867549669
741248,22.84675615,3.920529801
741504,22.84675615,3.920529801
741758,22.87472036,3.735099338
742008,22.87472036,3.841059603
742258,22.87472036,3.947019868
742508,22.87472036,3.867549669
742764,22.84675615,3.894039735
743019,22.84675615,3.841059603
743269,22.87472036,3.841059603
743519,22.84675615,3.894039735
743769,22.87472036,3.841059603
744024,22.87472036,3.894039735
744280,22.87472036,3.841059603
744536,22.87472036,3.814569536
744792,22.90268456,3.841059603
745048,22.90268456,3.78807947
745304,22.87472036,3.761589404
745560,22.87472036,3.814569536
745815,22.87472036,3.78807947
746071,22.87472036,3.841059603
746327,22.87472036,3.78807947
746583,22.87472036,3.78807947
746839,22.87472036,3.814569536
747095,22.87472036,3.761589404
747350,22.87472036,3.894039735
747606,22.87472036,3.867549669
747862,22.84675615,3.841059603
748118,22.84675615,3.841059603
748374,22.81879195,3.920529801
748630,22.84675615,3.894039735
748884,22.87472036,3.841059603
749134,22.87472036,3.78807947
749384,22.84675615,3.867549669
749634,22.84675615,3.894039735
749890,22.84675615,3.867549669
750145,22.84675615,3.78807947
750395,22.87472036,3.761589404
750645,22.84675615,3.920529801
750895,22.87472036,3.894039735
751151,22.87472036,3.814569536
751406,22.87472036,3.867549669
751662,22.84675615,3.947019868
751918,22.87472036,3.682119205
752174,22.84675615,3.894039735
752430,22.87472036,3.78807947
752686,22.84675615,3.947019868
752941,22.87472036,3.867549669
753197,22.84675615,3.920529801
753453,22.84675615,3.920529801
753709,22.84675615,3.920529801
753965,22.84675615,3.841059603
754221,22.81879195,3.920529801
754476,22.84675615,3.841059603
754732,22.81879195,3.78807947
754988,22.84675615,3.841059603
755244,22.84675615,3.920529801
755500,22.84675615,3.867549669
755756,22.84675615,3.814569536
756012,22.87472036,3.841059603
756267,22.87472036,3.894039735
756523,22.87472036,3.894039735
756779,22.87472036,3.78807947
757035,22.87472036,3.920529801
757291,22.84675615,3.867549669
757547,22.84675615,3.814569536
757801,22.84675615,3.814569536
758051,22.84675615,3.867549669
758301,22.84675615,3.655629139
758551,22.84675615,4.026490066
758807,22.84675615,3.894039735
759062,22.84675615,3.78807947
759312,22.81879195,3.920529801
759562,22.87472036,3.920529801
759812,22.84675615,3.841059603
760067,22.84675615,3.78807947
760323,22.84675615,3.814569536
760579,22.84675615,3.814569536
760835,22.81879195,3.814569536
761091,22.84675615,3.814569536
761347,22.84675615,3.761589404
761603,22.84675615,3.735099338
761858,22.81879195,3.894039735
762114,22.84675615,3.814569536
762370,22.81879195,3.947019868
762626,22.81879195,3.629139073
762882,22.81879195,3.867549669
763138,22.81879195,3.920529801
763393,22.84675615,3.894039735
763649,22.81879195,3.761589404
763905,22.81879195,3.814569536
764161,22.84675615,3.920529801
764417,22.87472036,3.708609272
764673,22.84675615,3.867549669
764929,22.87472036,3.814569536
765184,22.84675615,3.814569536
765440,22.87472036,3.78807947
765696,22.87472036,3.894039735
765952,22.84675615,3.814569536
766208,22.84675615,3.867549669
766464,22.81879195,4
766718,22.81879195,3.867549669
766968,22.81879195,3.920529801
767218,22.81879195,3.841059603
767468,22.84675615,3.920529801
767724,22.84675615,3.867549669
767979,22.81879195,3.920529801
768229,22.81879195,3.814569536
768479,22.84675615,3.920529801
768729,22.81879195,3.841059603
768984,22.81879195,4.026490066
769240,22.81879195,3.867549669
769496,22.81879195,3.947019868
769752,22.81879195,3.894039735
770008,22.81879195,3.947019868
770264,22.81879195,3.735099338
770520,22.81879195,3.867549669
770775,22.81879195,3.947019868
771031,22.81879195,3.947019868
771287,22.81879195,3.894039735
771543,22.81879195,3.947019868
771799,22.81879195,3.841059603
772055,22.84675615,3.920529801
772310,22.84675615,3.841059603
772566,22.84675615,3.947019868
772822,22.84675615,3.841059603
773078,22.84675615,3.708609272
773334,22.84675615,3.894039735
773590,22.81879195,3.841059603
773844,22.84675615,3.867549669
774094,22.81879195,3.735099338
774344,22.84675615,3.841059603
774594,22.81879195,3.841059603
774850,22.81879195,3.973509934
775105,22.81879195,3.814569536
775355,22.81879195,3.841059603
775605,22.84675615,3.761589404
775855,22.81879195,3.973509934
776111,22.81879195,3.78807947
776366,22.81879195,3.867549669
776622,22.79082774,3.920529801
776878,22.81879195,3.814569536
777134,22.81879195,3.761589404
777390,22.81879195,3.867549669
777646,22.81879195,3.867549669
777901,22.81879195,3.894039735
778157,22.81879195,3.894039735
778413,22.81879195,3.78807947
778669,22.84675615,3.761589404
778925,22.81879195,3.841059603
779181,22.81879195,3.814569536
779436,22.81879195,3.867549669
779692,22.81879195,3.947019868
779948,22.84675615,3.841059603
780204,22.81879195,3.867549669
780460,22.84675615,3.814569536
780716,22.81879195,3.920529801
780972,22.81879195,4.026490066
781227,22.81879195,3.894039735
781483,22.81879195,3.841059603
781739,22.81879195,3.894039735
781995,22.81879195,3.841059603
782251,22.81879195,3.841059603
782507,22.79082774,3.867549669
782761,22.81879195,3.841059603
783011,22.81879195,3.920529801
783261,22.81879195,3.867549669
783511,22.81879195,3.814569536
783767,22.81879195,3.920529801
784022,22.81879195,3.841059603
784272,22.81879195,3.920529801
784522,22.81879195,3.761589404
784772,22.81879195,3.78807947
785027,22.84675615,3.920529801
785283,22.84675615,3.78807947
785539,22.84675615,3.867549669
785795,22.81879195,3.867549669
786051,22.81879195,3.841059603
786307,22.81879195,3.841059603
786563,22.81879195,3.867549669
786818,22.81879195,3.841059603
787074,22.81879195,3.867549669
787330,22.81879195,3.814569536
787586,22.81879195,3.867549669
787842,22.81879195,3.867549669
788098,22.81879195,3.814569536
788353,22.81879195,3.867549669
788609,22.81879195,3.814569536
788865,22.79082774,3.841059603
789121,22.79082774,3.867549669
789377,22.79082774,3.78807947
789633,22.79082774,3.947019868
789889,22.79082774,3.920529801
790144,22.81879195,3.761589404
790400,22.79082774,3.894039735
790656,22.81879195,3.920529801
790912,22.81879195,3.78807947
791168,22.81879195,3.761589404
791424,22.81879195,3.841059603
791678,22.84675615,3.78807947
791928,22.81879195,3.761589404
792178,22.81879195,3.920529801
792428,22.81879195,3.867549669
792684,22.81879195,3.920529801
792939,22.81879195,3.867549669
793189,22.81879195,3.735099338
793439,22.79082774,3.814569536
793689,22.81879195,3.867549669
793944,22.81879195,3.841059603
794200,22.81879195,3.920529801
794456,22.81879195,3.867549669
794712,22.81879195,3.78807947
794968,22.81879195,3.841059603
795224,22.81879195,3.735099338
795480,22.81879195,3.78807947
795735,22.81879195,3.841059603
795991,22.81879195,3.841059603
796247,22.81879195,3.894039735
796503,22.81879195,3.841059603
796759,22.81879195,3.920529801
797015,22.81879195,3.761589404
797270,22.81879195,3.761589404
797526,22.79082774,3.841059603
797782,22.81879195,3.761589404
798038,22.79082774,3.682119205
798294,22.79082774,3.867549669
798550,22.81879195,3.814569536
798804,22.79082774,3.761589404
799054,22.76286353,3.761589404
799304,22.81879195,3.78807947
799554,22.79082774,3.735099338
799810,22.79082774,3.894039735
800065,22.76286353,3.761589404
800315,22.76286353,3.814569536
800565,22.81879195,3.920529801
800815,22.79082774,3.761589404
801071,22.76286353,3.814569536
801326,22.79082774,3.920529801
801582,22.76286353,3.894039735
801838,22.79082774,3.708609272
802094,22.76286353,3.867549669
802350,22.81879195,3.841059603
802606,22.76286353,3.814569536
802861,22.79082774,3.894039735
803117,22.79082774,3.814569536
803373,22.76286353,3.814569536
803629,22.76286353,3.867549669
803885,22.79082774,3.920529801
804141,22.79082774,3.78807947
804396,22.79082774,3.814569536
804652,22.79082774,3.947019868
804908,22.79082774,3.894039735
805164,22.81879195,3.841059603
805420,22.81879195,3.894039735
805676,22.81879195,3.761589404
805932,22.81879195,3.947019868
806187,22.81879195,3.894039735
806443,22.81879195,3.894039735
806699,22.81879195,3.761589404
806955,22.81879195,3.841059603
807211,22.81879195,3.735099338
807467,22.81879195,3.973509934
807721,22.81879195,3.814569536
807971,22.76286353,3.814569536
808221,22.81879195,3.78807947
808471,22.81879195,3.761589404
808727,22.79082774,3.761589404
808982,22.81879195,3.682119205
809232,22.79082774,3.78807947
809482,22.81879195,3.841059603
809732,22.79082774,3.761589404
809987,22.81879195,3.867549669
810243,22.79082774,3.973509934
810499,22.79082774,3.841059603
810755,22.79082774,3.867549669
811011,22.76286353,3.841059603
811267,22.79082774,3.841059603
811523,22.76286353,3.761589404
811778,22.76286353,3.814569536
812034,22.76286353,3.814569536
812290,22.79082774,3.761589404
812546,22.79082774,3.682119205
812802,22.79082774,3.841059603
813058,22.79082774,3.867549669
813313,22.76286353,3.867549669
813569,22.79082774,3.947019868
813825,22.79082774,3.894039735
814081,22.79082774,3.735099338
814337,22.79082774,3.761589404
814593,22.79082774,3.867549669
814849,22.79082774,3.867549669
815104,22.81879195,3.761589404
815360,22.79082774,3.78807947
815616,22.81879195,3.814569536
815872,22.81879195,3.814569536
816128,22.81879195,3.841059603
816384,22.81879195,3.894039735
816638,22.81879195,3.761589404
816888,22.79082774,3.761589404
817138,22.79082774,3.814569536
817388,22.79082774,3.708609272
817644,22.79082774,3.867549669
817899,22.79082774,3.761589404
818149,22.79082774,3.894039735
818399,22.79082774,3.841059603
818649,22.79082774,3.814569536
818904,22.79082774,3.761589404
819160,22.79082774,3.973509934
819416,22.76286353,3.894039735
819672,22.79082774,3.920529801
819928,22.76286353,3.867549669
820184,22.76286353,3.920529801
820440,22.79082774,3.867549669
820695,22.76286353,3.841059603
820951,22.79082774,3.814569536
821207,22.79082774,3.814569536
821463,22.79082774,3.867549669
821719,22.79082774,3.78807947
821975,22.79082774,3.894039735
822230,22.79082774,3.841059603
822486,22.81879195,3.78807947
822742,22.81879195,3.894039735
822998,22.81879195,3.814569536
823254,22.79082774,3.78807947
823510,22.79082774,3.867549669
823764,22.79082774,3.735099338
824014,22.76286353,3.78807947
824264,22.79082774,3.735099338
824514,22.79082774,4
824770,22.79082774,3.78807947
825025,22.76286353,3.761589404
825275,22.76286353,3.761589404
825525,22.81879195,3.78807947
825775,22.76286353,3.867549669
826031,22.79082774,3.761589404
826286,22.76286353,3.78807947
826542,22.79082774,3.814569536
826798,22.76286353,3.894039735
827054,22.76286353,3.761589404
827310,22.76286353,3.761589404
827566,22.79082774,3.814569536
827821,22.79082774,3.920529801
828077,22.79082774,3.814569536
828333,22.79082774,4
828589,22.79082774,3.920529801
828845,22.79082774,3.841059603
829101,22.79082774,3.920529801
829356,22.79082774,3.841059603
829612,22.76286353,3.814569536
829868,22.79082774,3.841059603
830124,22.79082774,3.867549669
830380,22.76286353,3.78807947
830636,22.76286353,3.814569536
830892,22.76286353,3.814569536
831147,22.76286353,3.867549669
831403,22.76286353,3.867549669
831659,22.76286353,3.735099338
831915,22.79082774,3.814569536
832171,22.79082774,3.814569536
832427,22.79082774,3.841059603
832681,22.79082774,3.841059603
832931,22.79082774,3.761589404
833181,22.79082774,3.78807947
833431,22.79082774,3.761589404
833687,22.79082774,3.894039735
833942,22.79082774,3.761589404
834192,22.76286353,3.841059603
834442,22.79082774,3.761589404
834692,22.79082774,3.894039735
834947,22.79082774,3.947019868
835203,22.76286353,3.814569536
835459,22.76286353,3.78807947
835715,22.76286353,3.814569536
835971,22.76286353,3.78807947
836227,22.76286353,3.920529801
836483,22.76286353,3.894039735
836738,22.76286353,3.814569536
836994,22.76286353,3.735099338
837250,22.76286353,3.78807947
837506,22.76286353,3.894039735
837762,22.79082774,3.814569536
838018,22.79082774,3.841059603
838273,22.79082774,3.814569536
838529,22.81879195,3.841059603
838785,22.79082774,3.947019868
839041,22.76286353,3.841059603
839297,22.76286353,3.708609272
839553,22.79082774,3.920529801
839809,22.79082774,3.920529801
840064,22.76286353,3.894039735
840320,22.76286353,3.920529801
840576,22.76286353,3.761589404
840832,22.76286353,3.761589404
841088,22.76286353,3.867549669
841344,22.76286353,3.867549669
841598,22.76286353,3.841059603
841848,22.79082774,3.841059603
842098,22.76286353,3.841059603
842348,22.76286353,3.867549669
842604,22.76286353,3.78807947
842859,22.76286353,3.947019868
843109,22.76286353,3.841059603
843359,22.76286353,3.814569536
843609,22.79082774,3.947019868
843864,22.79082774,3.867549669
844120,22.79082774,3.78807947
844376,22.76286353,3.841059603
844632,22.79082774,3.814569536
844888,22.76286353,3.867549669
845144,22.79082774,3.894039735
845400,22.76286353,3.841059603
845655,22.79082774,3.894039735
845911,22.73489933,3.814569536
846167,22.76286353,3.761589404
846423,22.76286353,3.78807947
846679,22.73489933,3.814569536
846935,22.76286353,3.867549669
847190,22.73489933,3.894039735
847446,22.76286353,3.814569536
847702,22.76286353,3.78807947
847958,22.76286353,3.947019868
848214,22.76286353,3.894039735
848470,22.76286353,3.761589404
848724,22.79082774,3.841059603
848974,22.76286353,3.894039735
849224,22.76286353,3.841059603
849474,22.79082774,3.78807947
849730,22.76286353,3.867549669
849985,22.76286353,3.814569536
850235,22.76286353,3.894039735
850485,22.79082774,3.841059603
850735,22.76286353,3.761589404
850991,22.76286353,3.814569536
851246,22.76286353,3.894039735
851502,22.73489933,3.78807947
851758,22.76286353,3.78807947
852014,22.76286353,3.973509934
852270,22.73489933,3.920529801
852526,22.76286353,3.867549669
852781,22.76286353,3.920529801
853037,22.76286353,3.814569536
853293,22.76286353,3.841059603
853549,22.76286353,3.682119205
853805,22.76286353,3.841059603
854061,22.76286353,3.814569536
854316,22.73489933,3.761589404
854572,22.76286353,3.814569536
854828,22.76286353,3.735099338
855084,22.76286353,3.682119205
855340,22.73489933,3.841059603
855596,22.76286353,3.894039735
855852,22.76286353,3.814569536
856107,22.76286353,3.78807947
856363,22.76286353,3.761589404
856619,22.76286353,3.920529801
856875,22.76286353,3.947019868
857131,22.73489933,3.78807947
857387,22.76286353,3.78807947
857641,22.76286353,3.841059603
857891,22.76286353,3.841059603
858141,22.76286353,3.894039735
858391,22.76286353,3.78807947
858647,22.73489933,3.78807947
858902,22.76286353,3.814569536
859152,22.73489933,3.894039735
859402,22.73489933,3.78807947
859652,22.76286353,3.841059603
859907,22.76286353,3.814569536
860163,22.76286353,3.761589404
860419,22.76286353,3.841059603
860675,22.73489933,3.841059603
860931,22.73489933,3.761589404
861187,22.73489933,3.947019868
861443,22.73489933,3.947019868
861698,22.73489933,3.867549669
861954,22.76286353,3.867549669
862210,22.76286353,3.920529801
862466,22.76286353,3.78807947
862722,22.76286353,3.894039735
862978,22.76286353,3.78807947
863233,22.73489933,3.814569536
863489,22.73489933,3.78807947
863745,22.73489933,3.78807947
864001,22.73489933,3.841059603
864257,22.73489933,3.761589404
864513,22.73489933,3.841059603
864769,22.73489933,3.814569536
865024,22.73489933,3.920529801
865280,22.76286353,3.867549669
865536,22.79082774,3.814569536
865792,22.76286353,3.841059603
866048,22.73489933,3.867549669
866304,22.76286353,3.761589404
866558,22.76286353,3.761589404
866808,22.73489933,3.814569536
867058,22.76286353,3.973509934
867308,22.70693512,3.947019868
867564,22.73489933,3.947019868
867819,22.73489933,3.841059603
868069,22.76286353,3.78807947
868319,22.73489933,3.920529801
868569,22.76286353,3.841059603
868824,22.76286353,3.814569536
869080,22.76286353,3.867549669
869336,22.73489933,3.920529801
869592,22.76286353,3.814569536
869848,22.76286353,3.867549669
870104,22.73489933,3.761589404
870360,22.73489933,3.841059603
870615,22.73489933,3.947019868
870871,22.70693512,3.761589404
871127,22.73489933,3.78807947
871383,22.76286353,3.867549669
871639,22.76286353,3.867549669
871895,22.76286353,3.761589404
872150,22.76286353,3.735099338
872406,22.76286353,3.841059603
872662,22.76286353,3.841059603
872918,22.76286353,3.894039735
873174,22.73489933,3.894039735
873430,22.73489933,3.814569536
873684,22.73489933,3.78807947
873934,22.73489933,3.973509934
874184,22.76286353,3.841059603
874434,22.70693512,3.841059603
874690,22.73489933,3.841059603
874945,22.73489933,3.867549669
875195,22.76286353,3.920529801
875445,22.73489933,3.867549669
875695,22.73489933,3.655629139
875951,22.73489933,3.814569536
876206,22.73489933,3.78807947
876462,22.73489933,3.841059603
876718,22.76286353,3.894039735
876974,22.73489933,3.761589404
877230,22.73489933,3.78807947
877486,22.76286353,3.867549669
877741,22.73489933,3.894039735
877997,22.73489933,3.867549669
878253,22.73489933,3.735099338
878509,22.70693512,3.841059603
878765,22.73489933,3.920529801
879021,22.73489933,3.841059603
879276,22.73489933,3.867549669
879532,22.73489933,3.814569536
879788,22.76286353,3.841059603
880044,22.76286353,3.78807947
880300,22.76286353,3.841059603
880556,22.73489933,3.841059603
880812,22.73489933,3.867549669
881067,22.73489933,3.867549669
881323,22.73489933,3.841059603
881579,22.73489933,3.894039735
881835,22.70693512,3.867549669
882091,22.70693512,3.841059603
882347,22.70693512,3.761589404
882601,22.70693512,3.761589404
882851,22.76286353,3.867549669
883101,22.73489933,3.655629139
883351,22.73489933,3.814569536
883607,22.76286353,3.814569536
883862,22.73489933,3.78807947
884112,22.70693512,3.841059603
884362,22.70693512,3.78807947
884612,22.73489933,3.867549669
884867,22.73489933,3.841059603
885123,22.73489933,3.814569536
885379,22.73489933,3.894039735
885635,22.70693512,3.841059603
885891,22.70693512,3.814569536
886147,22.70693512,3.867549669
886403,22.70693512,3.761589404
886658,22.70693512,3.682119205
886914,22.70693512,3.894039735
887170,22.73489933,3.78807947
887426,22.73489933,3.761589404
887682,22.73489933,3.735099338
887938,22.73489933,3.78807947
888193,22.73489933,3.867549669
888449,22.73489933,3.867549669
888705,22.73489933,3.814569536
888961,22.73489933,3.841059603
889217,22.70693512,3.814569536
889473,22.70693512,3.735099338
889729,22.70693512,3.894039735
889984,22.70693512,3.814569536
890240,22.70693512,3.78807947
890496,22.70693512,3.867549669
890752,22.70693512,3.867549669
891008,22.70693512,3.841059603
891264,22.73489933,3.814569536
891518,22.73489933,3.814569536
891768,22.70693512,3.735099338
892018,22.70693512,3.894039735
892268,22.73489933,3.947019868
892524,22.70693512,3.867549669
892779,22.73489933,3.814569536
893029,22.70693512,3.920529801
893279,22.73489933,3.894039735
893529,22.70693512,3.78807947
893784,22.70693512,3.841059603
894040,22.70693512,3.761589404
894296,22.70693512,3.841059603
894552,22.70693512,3.814569536
894808,22.70693512,3.735099338
895064,22.70693512,3.814569536
895320,22.70693512,3.761589404
895575,22.70693512,3.78807947
895831,22.70693512,3.708609272
896087,22.73489933,3.814569536
896343,22.73489933,3.814569536
896599,22.73489933,3.814569536
896855,22.73489933,3.814569536
897110,22.70693512,3.841059603
897366,22.70693512,3.867549669
897622,22.70693512,3.894039735
897878,22.70693512,3.841059603
898134,22.70693512,3.814569536
898390,22.70693512,3.841059603
898644,22.67897092,4
898894,22.70693512,3.841059603
899144,22.70693512,3.814569536
899394,22.70693512,3.761589404
899650,22.70693512,3.78807947
899905,22.70693512,3.867549669
900155,22.70693512,3.735099338
900405,22.70693512,3.814569536
900655,22.70693512,3.761589404
900911,22.73489933,3.894039735
901166,22.70693512,3.867549669
901422,22.70693512,3.708609272
901678,22.70693512,3.761589404
901934,22.70693512,3.947019868
902190,22.70693512,3.735099338
902446,22.70693512,3.78807947
902701,22.70693512,3.814569536
902957,22.70693512,3.894039735
903213,22.70693512,3.920529801
903469,22.67897092,3.894039735
903725,22.67897092,3.761589404
903981,22.67897092,3.841059603
904236,22.70693512,3.894039735
904492,22.67897092,3.78807947
904748,22.70693512,3.841059603
905004,22.70693512,3.867549669
905260,22.70693512,3.841059603
905516,22.70693512,3.841059603
905772,22.70693512,3.841059603
906027,22.70693512,3.735099338
906283,22.70693512,3.761589404
906539,22.70693512,3.947019868
906795,22.70693512,3.841059603
907051,22.70693512,3.894039735
907307,22.70693512,3.920529801
907561,22.70693512,3.761589404
907811,22.67897092,3.894039735
908061,22.70693512,3.735099338
908311,22.67897092,3.78807947
908567,22.70693512,3.867549669
908822,22.67897092,3.841059603
909072,22.70693512,3.814569536
909322,22.67897092,3.920529801
909572,22.70693512,3.78807947
909827,22.70693512,3.867549669
910083,22.70693512,3.814569536
910339,22.70693512,3.947019868
910595,22.70693512,3.78807947
910851,22.70693512,3.894039735
911107,22.70693512,3.814569536
911363,22.67897092,3.841059603
911618,22.67897092,3.682119205
911874,22.67897092,3.867549669
912130,22.67897092,3.814569536
912386,22.70693512,3.761589404
912642,22.67897092,3.814569536
912898,22.67897092,3.947019868
913153,22.67897092,3.735099338
913409,22.70693512,3.920529801
913665,22.67897092,3.761589404
913921,22.70693512,3.655629139
914177,22.70693512,3.814569536
914433,22.70693512,4
914689,22.70693512,3.814569536
914944,22.70693512,3.841059603
915200,22.70693512,3.841059603
915456,22.70693512,3.814569536
915712,22.70693512,3.814569536
915968,22.67897092,3.761589404
916224,22.70693512,3.814569536
916478,22.70693512,3.867549669
916728,22.67897092,3.867549669
916978,22.70693512,3.867549669
917228,22.67897092,3.867549669
917484,22.67897092,3.894039735
917739,22.67897092,3.841059603
917989,22.70693512,3.814569536
918239,22.67897092,3.841059603
918489,22.67897092,4
918744,22.67897092,3.78807947
919000,22.70693512,3.761589404
919256,22.67897092,3.735099338
919512,22.70693512,3.761589404
919768,22.70693512,3.867549669
920024,22.70693512,3.867549669
920280,22.70693512,3.814569536
920535,22.70693512,3.841059603
920791,22.67897092,3.761589404
921047,22.67897092,3.867549669
921303,22.67897092,3.78807947
921559,22.67897092,3.761589404
921815,22.67897092,3.841059603
922070,22.67897092,3.841059603
922326,22.67897092,3.920529801
922582,22.67897092,3.682119205
922838,22.65100671,3.708609272
923094,22.67897092,3.841059603
923350,22.65100671,3.814569536
923604,22.70693512,3.78807947
923854,22.67897092,3.894039735
924104,22.67897092,3.78807947
924354,22.67897092,3.841059603
924610,22.67897092,3.735099338
924865,22.67897092,3.947019868
925115,22.70693512,3.841059603
925365,22.65100671,3.78807947
925615,22.70693512,3.78807947
925871,22.70693512,3.814569536
926126,22.70693512,3.841059603
926382,22.67897092,3.735099338
926638,22.70693512,3.841059603
926894,22.67897092,3.761589404
927150,22.67897092,3.894039735
927406,22.70693512,3.814569536
927661,22.67897092,3.867549669
927917,22.67897092,3.867549669
928173,22.67897092,3.841059603
928429,22.67897092,3.761589404
928685,22.67897092,3.894039735
928941,22.65100671,3.761589404
929196,22.67897092,3.947019868
929452,22.67897092,3.761589404
929708,22.67897092,3.867549669
929964,22.70693512,3.973509934
930220,22.70693512,3.814569536
930476,22.70693512,3.867549669
930732,22.70693512,3.78807947
930987,22.67897092,3.814569536
931243,22.70693512,3.841059603
931499,22.67897092,3.78807947
931755,22.67897092,3.78807947
932011,22.67897092,3.841059603
932267,22.67897092,3.761589404
932521,22.67897092,3.894039735
932771,22.67897092,3.894039735
933021,22.67897092,3.894039735
933271,22.65100671,3.814569536
933527,22.67897092,3.841059603
933782,22.65100671,3.761589404
934032,22.67897092,3.841059603
934282,22.67897092,3.867549669
934532,22.65100671,3.735099338
934787,22.67897092,3.947019868
935043,22.67897092,3.78807947
935299,22.67897092,3.78807947
935555,22.70693512,3.920529801
935811,22.67897092,3.814569536
936067,22.70693512,3.814569536
936323,22.67897092,3.814569536
936578,22.67897092,3.973509934
936834,22.70693512,3.78807947
937090,22.67897092,3.920529801
937346,22.67897092,3.867549669
937602,22.70693512,3.814569536
937858,22.67897092,3.735099338
938113,22.65100671,3.814569536
938369,22.67897092,3.841059603
938625,22.65100671,3.894039735
938881,22.65100671,3.761589404
939137,22.65100671,3.867549669
939393,22.65100671,3.78807947
939649,22.65100671,3.814569536
939904,22.65100671,3.894039735
940160,22.65100671,3.78807947
940416,22.65100671,3.841059603
940672,22.65100671,3.682119205
940928,22.67897092,3.78807947
941184,22.67897092,3.761589404
941438,22.67897092,3.761589404
941688,22.65100671,3.814569536
941938,22.65100671,3.867549669
942188,22.67897092,3.708609272
942444,22.67897092,3.761589404
942699,22.67897092,3.814569536
942949,22.65100671,3.894039735
943199,22.67897092,3.814569536
943449,22.65100671,3.814569536
943704,22.67897092,3.814569536
943960,22.65100671,3.841059603
944216,22.65100671,3.814569536
944472,22.65100671,3.894039735
944728,22.65100671,3.867549669
944984,22.65100671,3.973509934
945240,22.65100671,3.78807947
945495,22.65100671,3.708609272
945751,22.65100671,3.78807947
946007,22.65100671,3.920529801
946263,22.65100671,3.894039735
946519,22.65100671,3.867549669
946775,22.67897092,3.841059603
947030,22.65100671,3.761589404
947286,22.67897092,3.841059603
947542,22.67897092,3.814569536
947798,22.67897092,3.78807947
948054,22.67897092,3.920529801
948310,22.65100671,3.841059603
948564,22.67897092,3.814569536
948814,22.65100671,3.761589404
949064,22.67897092,3.78807947
949314,22.65100671,3.841059603
949570,22.65100671,3.841059603
949825,22.65100671,3.867549669
950075,22.65100671,3.814569536
950325,22.67897092,3.814569536
950575,22.65100671,3.814569536
950831,22.65100671,3.78807947
951086,22.65100671,3.78807947
951342,22.65100671,3.841059603
951598,22.65100671,3.841059603
951854,22.65100671,3.814569536
952110,22.67897092,3.867549669
952366,22.65100671,3.761589404
952621,22.67897092,3.655629139
952877,22.67897092,3.841059603
953133,22.67897092,3.78807947
953389,22.65100671,3.78807947
953645,22.65100671,3.78807947
953901,22.65100671,3.867549669
954156,22.65100671,3.814569536
954412,22.62304251,3.841059603
954668,22.65100671,3.841059603
954924,22.65100671,3.894039735
955180,22.65100671,3.814569536
955436,22.65100671,3.841059603
955692,22.65100671,3.735099338
955947,22.65100671,3.761589404
956203,22.65100671,3.78807947
956459,22.67897092,3.735099338
956715,22.65100671,3.814569536
956971,22.65100671,3.894039735
957227,22.65100671,3.78807947
957481,22.65100671,3.78807947
957731,22.65100671,3.814569536
957981,22.65100671,3.761589404
958231,22.65100671,3.708609272
958487,22.65100671,3.867549669
958742,22.65100671,3.841059603
958992,22.65100671,3.814569536
959242,22.65100671,3.708609272
959492,22.65100671,3.761589404
959747,22.62304251,3.841059603
960003,22.65100671,3.814569536
960259,22.65100671,3.78807947
960515,22.65100671,3.78807947
960771,22.67897092,3.78807947
961027,22.65100671,3.655629139
961283,22.65100671,3.920529801
961538,22.65100671,3.735099338
961794,22.65100671,3.841059603
962050,22.65100671,3.973509934
962306,22.65100671,3.920529801
962562,22.65100671,3.735099338
962818,22.65100671,3.735099338
963073,22.65100671,3.894039735
963329,22.62304251,3.761589404
963585,22.65100671,3.814569536
963841,22.65100671,3.761589404
964097,22.65100671,3.920529801
964353,22.62304251,4.026490066
964609,22.65100671,3.78807947
964864,22.65100671,3.841059603
965120,22.65100671,3.973509934
965376,22.65100671,3.708609272
965632,22.65100671,3.894039735
965888,22.65100671,3.761589404
966144,22.65100671,3.78807947
966398,22.65100671,3.78807947
966648,22.62304251,3.682119205
966898,22.65100671,3.867549669
967148,22.65100671,3.841059603
967404,22.62304251,3.761589404
967659,22.65100671,3.814569536
967909,22.62304251,3.761589404
968159,22.65100671,3.761589404
968409,22.62304251,3.78807947
968664,22.62304251,3.78807947
968920,22.62304251,3.761589404
969176,22.62304251,3.708609272
969432,22.62304251,3.708609272
969688,22.62304251,3.682119205
969944,22.65100671,3.814569536
970200,22.65100671,3.78807947
970455,22.65100671,3.841059603
970711,22.65100671,3.761589404
970967,22.65100671,3.841059603
971223,22.65100671,3.841059603
971479,22.65100671,3.920529801
971735,22.65100671,3.629139073
971990,22.65100671,3.814569536
972246,22.65100671,3.761589404
972502,22.65100671,3.735099338
972758,22.65100671,3.841059603
973014,22.62304251,3.78807947
973270,22.65100671,3.814569536
973524,22.62304251,3.78807947
973774,22.65100671,3.655629139
974024,22.65100671,3.761589404
974274,22.62304251,3.761589404
974530,22.62304251,3.814569536
974785,22.62304251,3.841059603
975035,22.65100671,3.708609272
975285,22.62304251,3.841059603
975535,22.62304251,3.761589404
975791,22.62304251,3.708609272
976046,22.62304251,3.761589404
976302,22.62304251,3.735099338
976558,22.62304251,3.78807947
976814,22.65100671,3.867549669
977070,22.65100671,3.814569536
977326,22.65100671,3.708609272
977581,22.65100671,3.655629139
977837,22.65100671,3.735099338
978093,22.65100671,3.814569536
978349,22.65100671,3.867549669
978605,22.65100671,3.814569536
978861,22.65100671,3.682119205
979116,22.65100671,3.682119205
979372,22.62304251,3.841059603
979628,22.62304251,3.894039735
979884,22.65100671,3.920529801
980140,22.62304251,3.708609272
980396,22.65100671,3.867549669
980652,22.65100671,3.841059603
980907,22.65100671,3.78807947
981163,22.62304251,3.841059603
981419,22.62304251,3.841059603
981675,22.62304251,3.761589404
981931,22.62304251,3.814569536
982187,22.62304251,3.735099338
982441,22.62304251,3.947019868
982691,22.65100671,3.78807947
982941,22.65100671,3.867549669
983191,22.62304251,3.814569536
983447,22.62304251,3.655629139
983702,22.62304251,3.735099338
983952,22.65100671,3.867549669
984202,22.62304251,3.761589404
984452,22.62304251,3.841059603
984707,22.62304251,3.841059603
984963,22.65100671,3.761589404
985219,22.65100671,3.814569536
985475,22.65100671,3.761589404
985731,22.65100671,3.78807947
985987,22.65100671,3.761589404
986243,22.65100671,3.682119205
986498,22.65100671,3.761589404
986754,22.62304251,3.920529801
987010,22.62304251,3.78807947
987266,22.62304251,3.761589404
987522,22.62304251,3.814569536
987778,22.62304251,3.814569536
988033,22.5950783,3.867549669
988289,22.5950783,3.867549669
988545,22.62304251,3.894039735
988801,22.62304251,3.841059603
989057,22.62304251,3.867549669
989313,22.62304251,3.761589404
989569,22.62304251,3.814569536
989824,22.62304251,3.814569536
990080,22.62304251,3.814569536
990336,22.62304251,3.894039735
990592,22.62304251,3.894039735
990848,22.65100671,3.814569536
991104,22.65100671,3.841059603
991358,22.62304251,3.947019868
991608,22.5950783,3.920529801
991858,22.62304251,3.841059603
992108,22.62304251,3.841059603
992364,22.62304251,3.814569536
992619,22.62304251,3.814569536
992869,22.5950783,3.761589404
993119,22.65100671,3.78807947
993369,22.62304251,3.814569536
993624,22.5950783,3.682119205
993880,22.62304251,3.867549669
994136,22.5950783,3.867549669
994392,22.62304251,3.894039735
994648,22.62304251,3.841059603
994904,22.5950783,3.867549669
995160,22.62304251,3.867549669
995415,22.5950783,3.920529801
995671,22.5950783,3.78807947
995927,22.62304251,3.920529801
996183,22.62304251,3.78807947
996439,22.62304251,3.78807947
996695,22.65100671,3.78807947
996950,22.62304251,3.867549669
997206,22.62304251,3.708609272
997462,22.62304251,3.761589404
997718,22.62304251,3.894039735
997974,22.62304251,3.655629139
998230,22.62304251,3.841059603
998484,22.62304251,3.841059603
998734,22.5950783,3.761589404
998984,22.62304251,3.78807947
999234,22.62304251,3.682119205
999490,22.5950783,3.78807947
999745,22.5950783,3.735099338
999995,22.62304251,3.761589404
1000245,22.62304251,3.841059603
1000495,22.5950783,3.814569536
1000751,22.5950783,3.867549669
1001006,22.5950783,3.78807947
1001262,22.5950783,3.735099338
1001518,22.62304251,3.814569536
1001774,22.5950783,3.78807947
1002030,22.62304251,3.78807947
1002286,22.62304251,3.814569536
1002541,22.62304251,3.814569536
1002797,22.62304251,3.708609272
1003053,22.62304251,3.841059603
1003309,22.62304251,3.761589404
1003565,22.62304251,3.867549669
1003821,22.62304251,3.841059603
1004076,22.62304251,3.78807947
1004332,22.62304251,3.761589404
1004588,22.62304251,3.867549669
1004844,22.62304251,3.78807947
1005100,22.5950783,3.841059603
1005356,22.5950783,3.867549669
1005612,22.5950783,3.894039735
1005867,22.5950783,3.841059603
1006123,22.5950783,3.761589404
1006379,22.5950783,3.78807947
1006635,22.5950783,3.867549669
1006891,22.5950783,3.947019868
1007147,22.5950783,3.682119205
1007401,22.5950783,3.814569536
1007651,22.62304251,3.735099338
1007901,22.5950783,3.655629139
1008151,22.5950783,3.78807947
1008407,22.5950783,3.708609272
1008662,22.5950783,3.894039735
1008912,22.5950783,3.841059603
1009162,22.5950783,3.708609272
1009412,22.5950783,3.814569536
1009667,22.62304251,3.78807947
1009923,22.62304251,3.894039735
1010179,22.62304251,3.682119205
1010435,22.62304251,3.814569536
1010691,22.5950783,3.735099338
1010947,22.5950783,3.735099338
1011203,22.62304251,3.629139073
1011458,22.5950783,3.814569536
1011714,22.62304251,3.735099338
1011970,22.5950783,3.841059603
1012226,22.5950783,3.708609272
1012482,22.5950783,3.78807947
1012738,22.5950783,3.814569536
1012993,22.5950783,3.735099338
1013249,22.5950783,3.78807947
1013505,22.5950783,3.78807947
1013761,22.5950783,3.708609272
1014017,22.5950783,3.814569536
1014273,22.5950783,3.655629139
1014529,22.56711409,3.814569536
1014784,22.56711409,3.841059603
1015040,22.5950783,3.841059603
1015296,22.5950783,3.78807947
1015552,22.56711409,3.894039735
1015808,22.5950783,3.894039735
1016064,22.5950783,3.708609272
1016318,22.5950783,3.814569536
1016568,22.62304251,3.920529801
1016818,22.5950783,3.78807947
1017068,22.5950783,3.841059603
1017324,22.5950783,3.78807947
1017579,22.5950783,3.814569536
1017829,22.5950783,3.814569536
1018079,22.5950783,3.78807947
1018329,22.5950783,3.814569536
1018584,22.5950783,3.708609272
1018840,22.5950783,3.920529801
1019096,22.5950783,3.841059603
1019352,22.5950783,3.735099338
1019608,22.5950783,3.867549669
1019864,22.5950783,3.761589404
1020120,22.5950783,3.735099338
1020375,22.5950783,3.761589404
1020631,22.5950783,3.841059603
1020887,22.5950783,3.761589404
1021143,22.5950783,3.735099338
1021399,22.5950783,3.841059603
1021655,22.5950783,3.920529801
1021910,22.5950783,3.761589404
1022166,22.56711409,3.841059603
1022422,22.56711409,3.761589404
1022678,22.56711409,3.814569536
1022934,22.56711409,3.841059603
1023190,22.56711409,3.894039735
1023444,22.5950783,3.867549669
1023694,22.5950783,3.867549669
1023944,22.5950783,3.78807947
1024194,22.5950783,3.78807947
1024450,22.5950783,3.78807947
1024705,22.56711409,3.814569536
1024955,22.62304251,3.735099338
1025205,22.56711409,3.894039735
1025455,22.56711409,3.655629139
1025711,22.5950783,3.867549669
1025966,22.56711409,3.973509934
1026222,22.56711409,3.894039735
1026478,22.5950783,3.814569536
1026734,22.5950783,3.57615894
1026990,22.5950783,3.894039735
1027246,22.5950783,3.841059603
1027501,22.5950783,3.841059603
1027757,22.5950783,3.78807947
1028013,22.5950783,3.708609272
1028269,22.5950783,3.814569536
1028525,22.5950783,3.655629139
1028781,22.5950783,3.735099338
1029036,22.5950783,3.735099338
1029292,22.56711409,3.973509934
1029548,22.56711409,3.814569536
1029804,22.56711409,3.761589404
1030060,22.56711409,3.867549669
1030316,22.56711409,3.867549669
1030572,22.56711409,3.735099338
1030827,22.56711409,3.78807947
1031083,22.56711409,3.894039735
1031339,22.56711409,3.78807947
1031595,22.56711409,3.761589404
1031851,22.56711409,3.682119205
1032107,22.56711409,3.629139073
1032361,22.56711409,3.814569536
1032611,22.56711409,3.867549669
1032861,22.56711409,3.735099338
1033111,22.5950783,3.735099338
1033367,22.5950783,3.78807947
1033622,22.5950783,3.761589404
1033872,22.56711409,3.841059603
1034122,22.56711409,3.682119205
1034372,22.5950783,3.761589404
1034627,22.5950783,3.814569536
1034883,22.56711409,3.867549669
1035139,22.56711409,3.814569536
1035395,22.56711409,3.947019868
1035651,22.5950783,3.708609272
1035907,22.56711409,3.78807947
1036163,22.56711409,3.867549669
1036418,22.56711409,3.814569536
1036674,22.53914989,3.894039735
1036930,22.56711409,3.682119205
1037186,22.53914989,3.841059603
1037442,22.56711409,3.708609272
1037698,22.56711409,3.814569536
1037953,22.56711409,3.629139073
1038209,22.56711409,3.735099338
1038465,22.56711409,3.708609272
1038721,22.56711409,3.78807947
1038977,22.56711409,3.867549669
1039233,22.56711409,3.735099338
1039489,22.5950783,3.78807947
1039744,22.5950783,3.708609272
1040000,22.5950783,3.814569536
1040256,22.56711409,3.682119205
1040512,22.56711409,3.814569536
1040768,22.5950783,3.735099338
1041024,22.56711409,3.814569536
1041278,22.56711409,3.735099338
1041528,22.56711409,3.761589404
1041778,22.5950783,3.814569536
1042028,22.56711409,3.814569536
1042284,22.56711409,3.682119205
1042539,22.56711409,3.735099338
1042789,22.56711409,3.735099338
1043039,22.53914989,3.735099338
1043289,22.56711409,3.761589404
1043544,22.56711409,3.841059603
1043800,22.56711409,3.841059603
1044056,22.56711409,3.841059603
1044312,22.5950783,3.814569536
1044568,22.56711409,3.735099338
1044824,22.5950783,3.708609272
1045080,22.5950783,3.708609272
1045335,22.56711409,3.761589404
1045591,22.56711409,3.735099338
1045847,22.56711409,3.78807947
1046103,22.53914989,3.867549669
1046359,22.56711409,3.814569536
1046615,22.53914989,3.841059603
1046870,22.53914989,3.814569536
1047126,22.56711409,3.78807947
1047382,22.56711409,3.78807947
1047638,22.5950783,3.841059603
1047894,22.56711409,3.841059603
1048150,22.56711409,3.78807947
1048404,22.56711409,3.894039735
1048654,22.53914989,3.947019868
1048904,22.56711409,3.735099338
1049154,22.5950783,3.867549669
1049410,22.56711409,3.814569536
1049665,22.56711409,3.814569536
1049915,22.56711409,3.867549669
1050165,22.5950783,3.78807947
1050415,22.56711409,3.761589404
1050671,22.56711409,3.682119205
1050926,22.53914989,3.682119205
1051182,22.53914989,3.78807947
1051438,22.53914989,3.841059603
1051694,22.53914989,3.814569536
1051950,22.53914989,3.735099338
1052206,22.53914989,3.708609272
1052461,22.56711409,3.841059603
1052717,22.56711409,3.735099338
1052973,22.5950783,3.841059603
1053229,22.5950783,3.708609272
1053485,22.5950783,3.841059603
1053741,22.56711409,3.708609272
1053996,22.56711409,3.814569536
1054252,22.56711409,3.682119205
1054508,22.53914989,3.735099338
1054764,22.56711409,3.78807947
1055020,22.56711409,3.841059603
1055276,22.53914989,3.682119205
1055532,22.53914989,3.761589404
1055787,22.53914989,3.814569536
1056043,22.53914989,3.761589404
1056299,22.53914989,3.761589404
1056555,22.53914989,3.814569536
1056811,22.53914989,3.78807947
1057067,22.53914989,3.735099338
1057321,22.56711409,3.78807947
1057571,22.56711409,3.708609272
1057821,22.53914989,3.78807947
1058071,22.56711409,3.814569536
1058327,22.56711409,3.841059603
1058582,22.56711409,3.761589404
1058832,22.53914989,3.814569536
1059082,22.56711409,3.735099338
1059332,22.56711409,3.708609272
1059587,22.56711409,3.682119205
1059843,22.56711409,3.78807947
1060099,22.56711409,3.894039735
1060355,22.53914989,3.814569536
1060611,22.53914989,3.761589404
1060867,22.53914989,3.682119205
1061123,22.53914989,3.761589404
1061378,22.53914989,3.78807947
1061634,22.53914989,3.682119205
1061890,22.53914989,3.78807947
1062146,22.56711409,3.814569536
1062402,22.56711409,3.894039735
1062658,22.53914989,3.841059603
1062913,22.56711409,3.708609272
1063169,22.56711409,3.761589404
1063425,22.56711409,3.761589404
1063681,22.56711409,3.814569536
1063937,22.56711409,3.708609272
1064193,22.53914989,3.814569536
1064449,22.53914989,3.735099338
1064704,22.53914989,3.682119205
1064960,22.53914989,3.761589404
1065216,22.53914989,3.735099338
1065472,22.53914989,3.841059603
1065728,22.53914989,3.708609272
1065984,22.53914989,3.920529801
1066238,22.53914989,3.814569536
1066488,22.53914989,3.78807947
1066738,22.53914989,3.708609272
1066988,22.56711409,3.841059603
1067244,22.56711409,3.735099338
1067499,22.56711409,3.735099338
1067749,22.53914989,3.814569536
1067999,22.53914989,3.761589404
1068249,22.53914989,3.78807947
1068504,22.53914989,3.708609272
1068760,22.53914989,3.708609272
1069016,22.53914989,3.78807947
1069272,22.53914989,3.894039735
1069528,22.53914989,3.841059603
1069784,22.53914989,3.78807947
1070040,22.53914989,3.841059603
1070295,22.53914989,3.78807947
1070551,22.53914989,3.708609272
1070807,22.56711409,3.708609272
1071063,22.53914989,3.814569536
1071319,22.56711409,3.947019868
1071575,22.53914989,3.735099338
1071830,22.53914989,3.735099338
1072086,22.53914989,3.78807947
1072342,22.53914989,3.814569536
1072598,22.53914989,3.78807947
1072854,22.53914989,3.78807947
1073110,22.53914989,3.78807947
1073364,22.53914989,3.682119205
1073614,22.56711409,3.735099338
1073864,22.53914989,3.78807947
1074114,22.53914989,3.708609272
1074370,22.53914989,3.78807947
1074625,22.53914989,3.682119205
1074875,22.53914989,3.655629139
1075125,22.53914989,3.814569536
1075375,22.53914989,3.814569536
1075631,22.53914989,3.78807947
1075886,22.56711409,3.735099338
1076142,22.56711409,3.735099338
1076398,22.53914989,3.867549669
1076654,22.53914989,3.78807947
1076910,22.53914989,3.841059603
1077166,22.53914989,3.894039735
1077421,22.53914989,3.867549669
1077677,22.53914989,3.78807947
1077933,22.53914989,3.735099338
1078189,22.53914989,3.78807947
1078445,22.51118568,3.735099338
1078701,22.51118568,3.894039735
1078956,22.53914989,3.78807947
1079212,22.53914989,3.814569536
1079468,22.53914989,3.814569536
1079724,22.53914989,3.78807947
1079980,22.56711409,3.761589404
1080236,22.56711409,3.735099338
1080492,22.53914989,3.735099338
1080747,22.53914989,3.814569536
1081003,22.53914989,3.78807947
1081259,22.53914989,3.735099338
1081515,22.53914989,3.682119205
1081771,22.53914989,3.841059603
1082027,22.53914989,3.894039735
1082281,22.53914989,3.761589404
1082531,22.53914989,3.735099338
1082781,22.53914989,3.78807947
1083031,22.53914989,3.814569536
1083287,22.53914989,3.78807947
1083542,22.51118568,3.761589404
1083792,22.53914989,3.761589404
1084042,22.53914989,3.841059603
1084292,22.53914989,3.814569536
1084547,22.53914989,3.867549669
1084803,22.53914989,3.78807947
1085059,22.53914989,3.894039735
1085315,22.53914989,3.655629139
1085571,22.53914989,3.708609272
1085827,22.53914989,3.78807947
1086083,22.53914989,3.761589404
1086338,22.53914989,3.708609272
1086594,22.53914989,3.78807947
1086850,22.53914989,3.761589404
1087106,22.53914989,3.814569536
1087362,22.51118568,3.761589404
1087618,22.53914989,3.867549669
1087873,22.53914989,3.867549669
1088129,22.51118568,3.78807947
1088385,22.51118568,3.761589404
1088641,22.51118568,3.735099338
1088897,22.53914989,3.920529801
1089153,22.51118568,3.814569536
1089409,22.53914989,3.814569536
1089664,22.53914989,3.78807947
1089920,22.53914989,3.761589404
1090176,22.53914989,3.761589404
1090432,22.53914989,3.814569536
1090688,22.53914989,3.920529801
1090944,22.53914989,3.761589404
1091198,22.53914989,3.814569536
1091448,22.53914989,3.735099338
1091698,22.53914989,3.814569536
1091948,22.53914989,3.841059603
1092204,22.51118568,3.814569536
1092459,22.51118568,3.814569536
1092709,22.53914989,3.814569536
1092959,22.53914989,3.761589404
1093209,22.53914989,3.708609272
1093464,22.51118568,3.814569536
1093720,22.53914989,3.814569536
1093976,22.53914989,3.78807947
1094232,22.53914989,3.814569536
1094488,22.53914989,3.735099338
1094744,22.53914989,3.814569536
1095000,22.53914989,3.761589404
1095255,22.53914989,3.735099338
1095511,22.53914989,3.735099338
1095767,22.53914989,3.841059603
1096023,22.53914989,3.841059603
1096279,22.51118568,3.814569536
1096535,22.51118568,3.814569536
1096790,22.48322148,3.814569536
1097046,22.48322148,3.814569536
1097302,22.51118568,3.894039735
1097558,22.51118568,3.867549669
1097814,22.51118568,3.814569536
1098070,22.51118568,3.761589404
1098324,22.53914989,3.78807947
1098574,22.53914989,3.78807947
1098824,22.51118568,3.708609272
1099074,22.53914989,3.682119205
1099330,22.53914989,3.867549669
1099585,22.53914989,3.920529801
1099835,22.51118568,3.841059603
1100085,22.51118568,3.814569536
1100335,22.51118568,3.814569536
1100591,22.51118568,3.761589404
1100846,22.51118568,3.655629139
1101102,22.51118568,3.78807947
1101358,22.51118568,3.78807947
1101614,22.51118568,3.761589404
1101870,22.51118568,3.841059603
1102126,22.51118568,3.814569536
1102381,22.51118568,3.841059603
1102637,22.51118568,3.894039735
1102893,22.48322148,3.761589404
1103149,22.51118568,3.814569536
1103405,22.53914989,3.814569536
1103661,22.51118568,3.867549669
1103916,22.53914989,3.920529801
1104172,22.53914989,3.78807947
1104428,22.53914989,3.78807947
1104684,22.53914989,3.814569536
1104940,22.51118568,3.78807947
1105196,22.51118568,3.841059603
1105452,22.53914989,3.761589404
1105707,22.51118568,3.920529801
1105963,22.51118568,3.867549669
1106219,22.48322148,3.78807947
1106475,22.51118568,3.78807947
1106731,22.48322148,3.761589404
1106987,22.51118568,3.867549669
1107241,22.48322148,3.841059603
1107491,22.51118568,3.867549669
1107741,22.51118568,3.708609272
1107991,22.51118568,3.841059603
1108247,22.53914989,3.735099338
1108502,22.53914989,3.78807947
1108752,22.51118568,3.78807947
1109002,22.51118568,3.735099338
1109252,22.51118568,3.682119205
1109507,22.51118568,3.78807947
1109763,22.51118568,3.78807947
1110019,22.51118568,3.78807947
1110275,22.48322148,3.78807947
1110531,22.51118568,3.761589404
1110787,22.51118568,3.761589404
1111043,22.51118568,3.761589404
1111298,22.51118568,3.841059603
1111554,22.51118568,3.761589404
1111810,22.51118568,3.78807947
1112066,22.48322148,3.761589404
1112322,22.48322148,3.78807947
1112578,22.51118568,3.708609272
1112833,22.51118568,3.78807947
1113089,22.51118568,3.761589404
1113345,22.51118568,3.78807947
1113601,22.51118568,3.814569536
1113857,22.51118568,3.761589404
1114113,22.48322148,3.867549669
1114369,22.51118568,3.814569536
1114624,22.48322148,3.708609272
1114880,22.48322148,3.894039735
1115136,22.48322148,3.841059603
1115392,22.48322148,3.841059603
1115648,22.51118568,3.78807947
1115904,22.48322148,3.814569536
1116158,22.51118568,3.814569536
1116408,22.51118568,3.814569536
1116658,22.48322148,3.947019868
1116908,22.51118568,3.814569536
1117164,22.51118568,3.682119205
1117419,22.51118568,3.761589404
1117669,22.48322148,3.814569536
1117919,22.51118568,3.894039735
1118169,22.51118568,3.761589404
1118424,22.51118568,3.735099338
1118680,22.51118568,3.867549669
1118936,22.51118568,3.708609272
1119192,22.51118568,3.708609272
1119448,22.48322148,3.78807947
1119704,22.48322148,3.867549669
1119960,22.48322148,3.841059603
1120215,22.48322148,3.814569536
1120471,22.48322148,3.682119205
1120727,22.48322148,3.735099338
1120983,22.48322148,3.894039735
1121239,22.48322148,3.841059603
1121495,22.48322148,3.841059603
1121750,22.48322148,3.814569536
1122006,22.48322148,3.761589404
1122262,22.48322148,3.761589404
1122518,22.51118568,3.761589404
1122774,22.48322148,3.761589404
1123030,22.48322148,3.735099338
1123284,22.51118568,3.682119205
1123534,22.48322148,3.78807947
1123784,22.48322148,3.814569536
1124034,22.51118568,3.629139073
1124290,22.51118568,3.735099338
1124545,22.51118568,3.708609272
1124795,22.51118568,3.814569536
1125045,22.48322148,3.78807947
1125295,22.51118568,3.867549669
1125551,22.48322148,3.761589404
1125806,22.51118568,3.78807947
1126062,22.48322148,3.761589404
1126318,22.51118568,3.841059603
1126574,22.51118568,3.708609272
1126830,22.48322148,3.841059603
1127086,22.51118568,3.708609272
1127341,22.51118568,3.682119205
1127597,22.51118568,3.814569536
1127853,22.51118568,3.761589404
1128109,22.48322148,3.814569536
1128365,22.51118568,3.655629139
1128621,22.48322148,3.78807947
1128876,22.48322148,3.814569536
1129132,22.48322148,3.814569536
1129388,22.48322148,3.841059603
1129644,22.48322148,3.78807947
1129900,22.48322148,3.814569536
1130156,22.48322148,3.814569536
1130412,22.48322148,3.655629139
1130667,22.48322148,3.761589404
1130923,22.48322148,3.761589404
1131179,22.48322148,3.708609272
1131435,22.48322148,3.814569536
1131691,22.48322148,3.735099338
1131947,22.48322148,3.682119205
1132201,22.48322148,3.655629139
1132451,22.51118568,3.655629139
1132701,22.48322148,3.894039735
1132951,22.48322148,3.708609272
1133207,22.48322148,3.78807947
1133462,22.48322148,3.78807947
1133712,22.48322148,3.841059603
1133962,22.45525727,3.920529801
1134212,22.48322148,3.708609272
1134467,22.51118568,3.761589404
1134723,22.51118568,3.735099338
1134979,22.48322148,3.78807947
1135235,22.51118568,3.735099338
1135491,22.48322148,3.735099338
1135747,22.48322148,3.761589404
1136003,22.48322148,3.761589404
1136258,22.48322148,3.920529801
1136514,22.48322148,3.735099338
1136770,22.48322148,3.814569536
1137026,22.48322148,3.841059603
1137282,22.48322148,3.841059603
1137538,22.48322148,3.814569536
1137793,22.45525727,3.78807947
1138049,22.48322148,3.78807947
1138305,22.48322148,3.78807947
1138561,22.48322148,3.708609272
1138817,22.48322148,3.708609272
1139073,22.48322148,3.761589404
1139329,22.48322148,3.78807947
1139584,22.48322148,3.78807947
1139840,22.48322148,3.735099338
1140096,22.48322148,3.682119205
1140352,22.48322148,3.814569536
1140608,22.51118568,3.761589404
1140864,22.51118568,3.708609272
1141118,22.48322148,3.761589404
1141368,22.48322148,3.735099338
1141618,22.48322148,3.814569536
1141868,22.48322148,3.708609272
1142124,22.48322148,3.814569536
1142379,22.48322148,3.708609272
1142629,22.45525727,3.735099338
1142879,22.48322148,3.841059603
1143129,22.48322148,3.894039735
1143384,22.45525727,3.78807947
1143640,22.45525727,3.78807947
1143896,22.48322148,3.78807947
1144152,22.48322148,3.841059603
1144408,22.48322148,3.735099338
1144664,22.45525727,3.761589404
1144920,22.48322148,3.841059603
1145175,22.48322148,3.841059603
1145431,22.48322148,3.735099338
1145687,22.48322148,3.841059603
1145943,22.48322148,3.814569536
1146199,22.48322148,3.761589404
1146455,22.48322148,3.814569536
1146710,22.48322148,3.814569536
1146966,22.48322148,3.761589404
1147222,22.48322148,3.841059603
1147478,22.48322148,3.682119205
1147734,22.48322148,3.761589404
1147990,22.48322148,3.761589404
1148244,22.48322148,3.867549669
1148494,22.45525727,3.814569536
1148744,22.48322148,3.761589404
1148994,22.45525727,3.78807947
1149250,22.48322148,3.735099338
1149505,22.45525727,3.735099338
1149755,22.48322148,3.735099338
1150005,22.48322148,3.708609272
1150255,22.45525727,3.708609272
1150511,22.45525727,3.761589404
1150766,22.45525727,3.735099338
1151022,22.45525727,3.841059603
1151278,22.45525727,3.814569536
1151534,22.45525727,3.814569536
1151790,22.45525727,3.735099338
1152046,22.45525727,3.867549669
1152301,22.45525727,3.735099338
1152557,22.48322148,3.761589404
1152813,22.48322148,3.841059603
1153069,22.48322148,3.78807947
1153325,22.48322148,3.708609272
1153581,22.48322148,3.761589404
1153836,22.48322148,3.629139073
1154092,22.48322148,3.894039735
1154348,22.48322148,3.78807947
1154604,22.48322148,3.761589404
1154860,22.48322148,3.682119205
1155116,22.48322148,3.78807947
1155372,22.48322148,3.735099338
1155627,22.45525727,3.814569536
1155883,22.48322148,3.761589404
1156139,22.48322148,3.761589404
1156395,22.48322148,3.761589404
1156651,22.48322148,3.761589404
1156907,22.45525727,3.735099338
1157161,22.45525727,3.814569536
1157411,22.48322148,3.708609272
1157661,22.45525727,3.735099338
1157911,22.45525727,3.920529801
1158167,22.45525727,3.841059603
1158422,22.45525727,3.841059603
1158672,22.48322148,3.761589404
1158922,22.45525727,3.761589404
1159172,22.45525727,3.814569536
1159427,22.45525727,3.761589404
1159683,22.48322148,3.814569536
1159939,22.48322148,3.78807947
1160195,22.48322148,3.761589404
1160451,22.48322148,3.814569536
1160707,22.48322148,3.78807947
1160963,22.48322148,3.814569536
1161218,22.48322148,3.708609272
1161474,22.48322148,3.682119205
1161730,22.48322148,3.682119205
1161986,22.48322148,3.735099338
1162242,22.48322148,3.814569536
1162498,22.48322148,3.735099338
1162753,22.45525727,3.841059603
1163009,22.45525727,3.814569536
1163265,22.45525727,3.761589404
1163521,22.45525727,3.867549669
1163777,22.45525727,3.78807947
1164033,22.45525727,3.735099338
1164289,22.42729306,3.78807947
1164544,22.45525727,3.708609272
1164800,22.45525727,3.682119205
1165056,22.45525727,3.814569536
1165312,22.42729306,3.761589404
1165568,22.45525727,3.735099338
1165824,22.48322148,3.761589404
1166078,22.48322148,3.735099338
1166328,22.45525727,3.841059603
1166578,22.45525727,3.78807947
1166828,22.48322148,3.761589404
1167084,22.48322148,3.682119205
1167339,22.48322148,3.867549669
1167589,22.42729306,3.708609272
1167839,22.42729306,3.867549669
1168089,22.48322148,3.735099338
1168344,22.48322148,3.761589404
1168600,22.45525727,3.814569536
1168856,22.45525727,3.841059603
1169112,22.45525727,3.78807947
1169368,22.45525727,3.735099338
1169624,22.45525727,3.78807947
1169880,22.45525727,3.708609272
1170135,22.45525727,3.708609272
1170391,22.45525727,3.735099338
1170647,22.45525727,3.78807947
1170903,22.42729306,3.735099338
1171159,22.42729306,3.629139073
1171415,22.45525727,3.78807947
1171670,22.45525727,3.735099338
1171926,22.45525727,3.78807947
1172182,22.42729306,3.78807947
1172438,22.42729306,3.867549669
1172694,22.45525727,3.78807947
1172950,22.45525727,3.761589404
1173204,22.42729306,3.78807947
1173454,22.45525727,3.78807947
1173704,22.42729306,3.814569536
1173954,22.48322148,3.761589404
1174210,22.45525727,3.761589404
1174465,22.45525727,3.629139073
1174715,22.45525727,3.708609272
1174965,22.45525727,3.629139073
1175215,22.48322148,3.761589404
1175471,22.45525727,3.78807947
1175726,22.48322148,3.78807947
1175982,22.45525727,3.682119205
1176238,22.45525727,3.867549669
1176494,22.45525727,3.57615894
1176750,22.45525727,3.735099338
1177006,22.42729306,3.78807947
1177261,22.45525727,3.761589404
1177517,22.45525727,3.841059603
1177773,22.42729306,3.708609272
1178029,22.42729306,3.78807947
1178285,22.42729306,3.761589404
1178541,22.42729306,3.682119205
1178796,22.45525727,3.735099338
1179052,22.42729306,3.735099338
1179308,22.45525727,3.708609272
1179564,22.42729306,3.735099338
1179820,22.42729306,3.761589404
1180076,22.45525727,3.841059603
1180332,22.45525727,3.629139073
1180587,22.42729306,3.549668874
1180843,22.42729306,3.78807947
1181099,22.42729306,3.682119205
1181355,22.45525727,3.735099338
1181611,22.45525727,3.735099338
1181867,22.45525727,3.814569536
1182121,22.45525727,3.761589404
1182371,22.42729306,3.761589404
1182621,22.42729306,3.708609272
1182871,22.42729306,3.761589404
1183127,22.48322148,3.735099338
1183382,22.42729306,3.814569536
1183632,22.42729306,3.629139073
1183882,22.42729306,3.841059603
1184132,22.45525727,3.761589404
1184387,22.45525727,3.761589404
1184643,22.42729306,3.867549669
1184899,22.42729306,3.735099338
1185155,22.42729306,3.735099338
1185411,22.45525727,3.682119205
1185667,22.42729306,3.708609272
1185923,22.45525727,3.708609272
1186178,22.42729306,3.814569536
1186434,22.42729306,3.682119205
1186690,22.42729306,3.761589404
1186946,22.42729306,3.708609272
1187202,22.42729306,3.814569536
1187458,22.42729306,3.682119205
1187713,22.42729306,3.78807947
1187969,22.42729306,3.78807947
1188225,22.42729306,3.708609272
1188481,22.42729306,3.78807947
1188737,22.42729306,3.814569536
1188993,22.42729306,3.708609272
1189249,22.45525727,3.761589404
1189504,22.42729306,3.867549669
1189760,22.42729306,3.708609272
1190016,22.45525727,3.894039735
1190272,22.45525727,3.761589404
1190528,22.45525727,3.735099338
1190784,22.45525727,3.735099338
1191038,22.45525727,3.841059603
1191288,22.42729306,3.708609272
1191538,22.42729306,3.78807947
1191788,22.42729306,3.78807947
1192044,22.45525727,3.708609272
1192299,22.42729306,3.894039735
1192549,22.42729306,3.814569536
1192799,22.45525727,3.814569536
1193049,22.42729306,3.78807947
1193304,22.45525727,3.655629139
1193560,22.45525727,3.655629139
1193816,22.42729306,3.708609272
1194072,22.42729306,3.814569536
1194328,22.42729306,3.735099338
1194584,22.42729306,3.761589404
1194840,22.42729306,3.814569536
1195095,22.42729306,3.655629139
1195351,22.42729306,3.78807947
1195607,22.42729306,3.655629139
1195863,22.42729306,3.682119205
1196119,22.42729306,3.735099338
1196375,22.42729306,3.708609272
1196630,22.42729306,3.78807947
1196886,22.42729306,3.708609272
1197142,22.42729306,3.761589404
1197398,22.42729306,3.735099338
1197654,22.45525727,3.708609272
1197910,22.42729306,3.78807947
1198164,22.45525727,3.708609272
1198414,22.42729306,3.78807947
1198664,22.42729306,3.708609272
1198914,22.42729306,3.708609272
1199170,22.42729306,3.78807947
1199425,22.42729306,3.841059603
1199675,22.42729306,3.761589404
1199925,22.45525727,3.78807947
1200175,22.42729306,3.867549669
1200431,22.42729306,3.761589404
1200686,22.42729306,3.841059603
1200942,22.42729306,3.735099338
1201198,22.42729306,3.761589404
1201454,22.42729306,3.708609272
1201710,22.42729306,3.682119205
1201966,22.42729306,3.761589404
1202221,22.42729306,3.708609272
1202477,22.39932886,3.841059603
1202733,22.39932886,3.735099338
1202989,22.42729306,3.761589404
1203245,22.42729306,3.78807947
1203501,22.42729306,3.682119205
1203756,22.45525727,3.735099338
1204012,22.45525727,3.761589404
1204268,22.42729306,3.814569536
1204524,22.42729306,3.78807947
1204780,22.42729306,3.761589404
1205036,22.42729306,3.814569536
1205292,22.42729306,3.708609272
1205547,22.42729306,3.78807947
1205803,22.42729306,3.735099338
1206059,22.42729306,3.735099338
1206315,22.42729306,3.841059603
1206571,22.42729306,3.841059603
1206827,22.39932886,3.761589404
1207081,22.42729306,3.814569536
1207331,22.42729306,3.655629139
1207581,22.42729306,3.814569536
1207831,22.42729306,3.682119205
1208087,22.42729306,3.841059603
1208342,22.42729306,3.78807947
1208592,22.42729306,3.841059603
1208842,22.42729306,3.761589404
1209092,22.42729306,3.78807947
1209347,22.42729306,3.814569536
1209603,22.45525727,3.841059603
1209859,22.42729306,3.735099338
1210115,22.42729306,3.735099338
1210371,22.42729306,3.78807947
1210627,22.42729306,3.761589404
1210883,22.42729306,3.78807947
1211138,22.42729306,3.708609272
1211394,22.42729306,3.761589404
1211650,22.39932886,3.682119205
1211906,22.39932886,3.761589404
1212162,22.39932886,3.708609272
1212418,22.39932886,3.894039735
1212673,22.42729306,3.841059603
1212929,22.39932886,3.682119205
1213185,22.39932886,3.78807947
1213441,22.42729306,3.761589404
1213697,22.42729306,3.761589404
1213953,22.42729306,3.841059603
1214209,22.42729306,3.814569536
1214464,22.42729306,3.78807947
1214720,22.42729306,3.814569536
1214976,22.42729306,3.629139073
1215232,22.42729306,3.655629139
1215488,22.42729306,3.814569536
1215744,22.39932886,3.708609272
1215998,22.39932886,3.841059603
1216248,22.42729306,3.841059603
1216498,22.39932886,3.78807947
1216748,22.39932886,3.78807947
1217004,22.39932886,3.708609272
1217259,22.42729306,3.78807947
1217509,22.42729306,3.655629139
1217759,22.39932886,3.761589404
1218009,22.42729306,3.841059603
1218264,22.42729306,3.814569536
1218520,22.42729306,3.894039735
1218776,22.42729306,3.735099338
1219032,22.39932886,3.78807947
1219288,22.42729306,3.761589404
1219544,22.39932886,3.761589404
1219800,22.39932886,3.761589404
1220055,22.39932886,3.867549669
1220311,22.39932886,3.78807947
1220567,22.42729306,3.655629139
1220823,22.42729306,3.78807947
1221079,22.42729306,3.735099338
1221335,22.42729306,3.78807947
1221590,22.42729306,3.735099338
1221846,22.42729306,3.602649007
1222102,22.42729306,3.78807947
1222358,22.39932886,3.708609272
1222614,22.42729306,3.708609272
1222870,22.42729306,3.867549669
1223124,22.39932886,3.920529801
1223374,22.42729306,3.947019868
1223624,22.39932886,3.708609272
1223874,22.39932886,3.735099338
1224130,22.39932886,3.814569536
1224385,22.39932886,3.894039735
1224635,22.42729306,3.735099338
1224885,22.39932886,3.708609272
1225135,22.42729306,3.78807947
1225391,22.42729306,3.708609272
1225646,22.42729306,3.761589404
1225902,22.42729306,3.682119205
1226158,22.42729306,3.629139073
1226414,22.42729306,3.655629139
1226670,22.39932886,3.735099338
1226926,22.39932886,3.682119205
1227181,22.39932886,3.735099338
1227437,22.39932886,3.708609272
1227693,22.39932886,3.735099338
1227949,22.39932886,3.708609272
1228205,22.42729306,3.814569536
1228461,22.39932886,3.735099338
1228716,22.39932886,3.735099338
1228972,22.42729306,3.682119205
1229228,22.42729306,3.761589404
1229484,22.42729306,3.841059603
1229740,22.42729306,3.708609272
1229996,22.42729306,3.735099338
1230252,22.42729306,3.814569536
1230507,22.39932886,3.682119205
1230763,22.39932886,3.814569536
1231019,22.39932886,3.761589404
1231275,22.39932886,3.655629139
1231531,22.39932886,3.78807947
1231787,22.39932886,3.814569536
1232041,22.37136465,3.78807947
1232291,22.39932886,3.814569536
1232541,22.37136465,3.78807947
1232791,22.39932886,3.761589404
1233047,22.42729306,3.814569536
1233302,22.39932886,3.78807947
1233552,22.37136465,3.761589404
1233802,22.39932886,3.841059603
1234052,22.39932886,3.841059603
1234307,22.39932886,3.708609272
1234563,22.39932886,3.761589404
1234819,22.39932886,3.761589404
1235075,22.37136465,3.735099338
1235331,22.37136465,3.761589404
1235587,22.39932886,3.814569536
1235843,22.39932886,3.655629139
1236098,22.37136465,3.78807947
1236354,22.37136465,3.735099338
1236610,22.39932886,3.814569536
1236866,22.39932886,3.735099338
1237122,22.42729306,3.682119205
1237378,22.42729306,3.682119205
1237633,22.42729306,3.78807947
1237889,22.42729306,3.629139073
1238145,22.39932886,3.761589404
1238401,22.42729306,3.867549669
1238657,22.39932886,3.814569536
1238913,22.37136465,3.78807947
1239169,22.39932886,3.708609272
1239424,22.39932886,3.814569536
1239680,22.37136465,3.814569536
1239936,22.37136465,3.78807947
1240192,22.37136465,3.814569536
1240448,22.39932886,3.841059603
1240704,22.39932886,3.814569536
1240958,22.37136465,3.841059603
1241208,22.39932886,3.867549669
1241458,22.37136465,3.735099338
1241708,22.37136465,3.78807947
1241964,22.39932886,3.814569536
1242219,22.39932886,3.735099338
1242469,22.39932886,3.735099338
1242719,22.37136465,3.761589404
1242969,22.39932886,3.78807947
1243224,22.39932886,3.735099338
1243480,22.39932886,3.602649007
1243736,22.39932886,3.735099338
1243992,22.37136465,3.708609272
1244248,22.39932886,3.814569536
1244504,22.37136465,3.78807947
1244760,22.37136465,3.761589404
1245015,22.39932886,3.841059603
1245271,22.37136465,3.78807947
1245527,22.37136465,3.761589404
1245783,22.39932886,3.629139073
1246039,22.39932886,3.655629139
1246295,22.37136465,3.78807947
1246550,22.39932886,3.814569536
1246806,22.39932886,3.682119205
1247062,22.39932886,3.761589404
1247318,22.39932886,3.735099338
1247574,22.39932886,3.814569536
1247830,22.37136465,3.78807947
1248084,22.39932886,3.655629139
1248334,22.37136465,3.814569536
1248584,22.39932886,3.735099338
1248834,22.39932886,3.708609272
1249090,22.39932886,3.735099338
1249345,22.37136465,3.761589404
1249595,22.37136465,3.867549669
1249845,22.39932886,3.761589404
1250095,22.37136465,3.735099338
1250351,22.37136465,3.841059603
1250606,22.37136465,3.78807947
1250862,22.37136465,3.78807947
1251118,22.39932886,3.655629139
1251374,22.39932886,3.841059603
1251630,22.39932886,3.78807947
1251886,22.39932886,3.841059603
1252141,22.37136465,3.735099338
1252397,22.39932886,3.78807947
1252653,22.39932886,3.735099338
1252909,22.39932886,3.78807947
1253165,22.42729306,3.761589404
1253421,22.37136465,3.708609272
1253676,22.37136465,3.841059603
1253932,22.37136465,3.735099338
1254188,22.37136465,3.814569536
1254444,22.39932886,3.761589404
1254700,22.37136465,3.814569536
1254956,22.37136465,3.841059603
1255212,22.37136465,3.867549669
1255467,22.37136465,3.867549669
1255723,22.37136465,3.708609272
1255979,22.37136465,3.78807947
1256235,22.39932886,3.78807947
1256491,22.37136465,3.841059603
1256747,22.39932886,3.682119205
1257001,22.37136465,3.655629139
1257251,22.37136465,3.841059603
1257501,22.37136465,3.682119205
1257751,22.39932886,3.708609272
1258007,22.39932886,3.735099338
1258262,22.39932886,3.814569536
1258512,22.37136465,3.814569536
1258762,22.37136465,3.761589404
1259012,22.39932886,3.841059603
1259267,22.37136465,3.735099338
1259523,22.37136465,3.841059603
1259779,22.37136465,3.761589404
1260035,22.37136465,3.78807947
1260291,22.37136465,3.735099338
1260547,22.37136465,3.841059603
1260803,22.37136465,3.78807947
1261058,22.37136465,3.78807947
1261314,22.37136465,3.814569536
1261570,22.37136465,3.814569536
1261826,22.37136465,3.735099338
1262082,22.37136465,3.814569536
1262338,22.37136465,3.629139073
1262593,22.39932886,3.841059603
1262849,22.37136465,3.814569536
1263105,22.39932886,3.761589404
1263361,22.39932886,3.761589404
1263617,22.39932886,3.78807947
1263873,22.39932886,3.629139073
1264129,22.37136465,3.761589404
1264384,22.37136465,3.655629139
1264640,22.37136465,3.78807947
1264896,22.37136465,3.655629139
1265152,22.37136465,3.682119205
1265408,22.37136465,3.735099338
1265664,22.37136465,3.761589404
1265918,22.37136465,3.78807947
1266168,22.39932886,3.78807947
1266418,22.37136465,3.761589404
1266668,22.37136465,3.629139073
1266924,22.37136465,3.814569536
1267179,22.39932886,3.735099338
1267429,22.37136465,3.761589404
1267679,22.37136465,3.655629139
1267929,22.37136465,3.78807947
1268184,22.39932886,3.841059603
1268440,22.37136465,3.682119205
1268696,22.37136465,3.708609272
1268952,22.37136465,3.78807947
1269208,22.37136465,3.841059603
1269464,22.39932886,3.735099338
1269720,22.37136465,3.761589404
1269975,22.37136465,3.629139073
1270231,22.37136465,3.78807947
1270487,22.37136465,3.78807947
1270743,22.37136465,3.761589404
1270999,22.37136465,3.655629139
1271255,22.37136465,3.682119205
1271510,22.37136465,3.761589404
1271766,22.37136465,3.682119205
1272022,22.37136465,3.735099338
1272278,22.37136465,3.682119205
1272534,22.37136465,3.708609272
1272790,22.37136465,3.735099338
1273044,22.37136465,3.867549669
1273294,22.37136465,3.761589404
1273544,22.37136465,3.78807947
1273794,22.37136465,3.78807947
1274050,22.37136465,3.735099338
1274305,22.39932886,3.814569536
1274555,22.37136465,3.78807947
1274805,22.37136465,3.814569536
1275055,22.37136465,3.814569536
1275311,22.39932886,3.78807947
1275566,22.39932886,3.735099338
1275822,22.39932886,3.761589404
1276078,22.39932886,3.814569536
1276334,22.37136465,3.735099338
1276590,22.37136465,3.708609272
1276846,22.37136465,3.814569536
1277101,22.37136465,3.867549669
1277357,22.37136465,3.814569536
1277613,22.37136465,3.602649007
1277869,22.37136465,3.761589404
1278125,22.37136465,3.814569536
1278381,22.37136465,3.708609272
1278636,22.37136465,3.629139073
1278892,22.39932886,3.682119205
1279148,22.39932886,3.761589404
1279404,22.37136465,3.761589404
1279660,22.37136465,3.761589404
1279916,22.37136465,3.867549669
1280172,22.39932886,3.78807947
1280427,22.37136465,3.708609272
1280683,22.37136465,3.655629139
1280939,22.37136465,3.761589404
1281195,22.37136465,3.682119205
1281451,22.37136465,3.814569536
1281707,22.37136465,3.735099338
1281961,22.37136465,3.78807947
1282211,22.37136465,3.814569536
1282461,22.37136465,3.708609272
1282711,22.34340045,3.841059603
1282967,22.37136465,3.682119205
1283222,22.37136465,3.761589404
1283472,22.37136465,3.708609272
1283722,22.37136465,3.708609272
1283972,22.37136465,3.761589404
1284227,22.37136465,3.708609272
1284483,22.37136465,3.841059603
1284739,22.37136465,3.78807947
1284995,22.37136465,3.761589404
1285251,22.37136465,3.708609272
1285507,22.34340045,3.761589404
1285763,22.37136465,3.814569536
1286018,22.34340045,3.78807947
1286274,22.37136465,3.761589404
1286530,22.34340045,3.761589404
1286786,22.37136465,3.682119205
1287042,22.34340045,3.682119205
1287298,22.37136465,3.708609272
1287553,22.37136465,3.761589404
1287809,22.37136465,3.682119205
1288065,22.37136465,3.78807947
1288321,22.37136465,3.761589404
1288577,22.37136465,3.708609272
1288833,22.37136465,3.708609272
1289089,22.37136465,3.682119205
1289344,22.37136465,3.735099338
1289600,22.34340045,3.78807947
1289856,22.34340045,3.735099338
1290112,22.34340045,3.735099338
1290368,22.34340045,3.78807947
1290624,22.37136465,3.682119205
1290878,22.37136465,3.735099338
1291128,22.37136465,3.814569536
1291378,22.34340045,3.735099338
1291628,22.37136465,3.735099338
1291884,22.37136465,3.761589404
1292139,22.37136465,3.867549669
1292389,22.37136465,3.841059603
1292639,22.37136465,3.735099338
1292889,22.37136465,3.682119205
1293144,22.37136465,3.78807947
1293400,22.37136465,3.867549669
1293656,22.37136465,3.735099338
1293912,22.34340045,3.761589404
1294168,22.34340045,3.708609272
1294424,22.34340045,3.841059603
1294680,22.34340045,3.814569536
1294935,22.34340045,3.761589404
1295191,22.34340045,3.761589404
1295447,22.37136465,3.708609272
1295703,22.37136465,3.814569536
1295959,22.39932886,3.655629139
1296215,22.37136465,3.629139073
1296470,22.37136465,3.761589404
1296726,22.37136465,3.761589404
1296982,22.37136465,3.682119205
1297238,22.37136465,3.841059603
1297494,22.34340045,3.735099338
1297750,22.34340045,3.761589404
1298004,22.37136465,3.655629139
1298254,22.37136465,3.761589404
1298504,22.37136465,3.735099338
1298754,22.34340045,3.735099338
1299010,22.34340045,3.761589404
1299265,22.34340045,3.78807947
1299515,22.37136465,3.735099338
1299765,22.34340045,3.735099338
1300015,22.37136465,3.708609272
1300271,22.37136465,3.629139073
1300526,22.37136465,3.814569536
1300782,22.37136465,3.814569536
1301038,22.37136465,3.761589404
1301294,22.37136465,3.761589404
1301550,22.37136465,3.629139073
1301806,22.37136465,3.655629139
1302061,22.37136465,3.841059603
1302317,22.34340045,3.78807947
1302573,22.31543624,3.708609272
1302829,22.34340045,3.814569536
1303085,22.34340045,3.78807947
1303341,22.34340045,3.814569536
1303596,22.37136465,3.78807947
1303852,22.34340045,3.682119205
1304108,22.34340045,3.682119205
1304364,22.37136465,3.708609272
1304620,22.39932886,3.735099338
1304876,22.37136465,3.735099338
1305132,22.37136465,3.78807947
1305387,22.37136465,3.682119205
1305643,22.37136465,3.78807947
1305899,22.37136465,3.867549669
1306155,22.34340045,3.735099338
1306411,22.34340045,3.682119205
1306667,22.34340045,3.841059603
1306921,22.31543624,3.841059603
1307171,22.37136465,3.708609272
1307421,22.37136465,3.735099338
1307671,22.34340045,3.761589404
1307927,22.34340045,3.708609272
1308182,22.34340045,3.814569536
1308432,22.37136465,3.629139073
1308682,22.34340045,3.735099338
1308932,22.37136465,3.867549669
1309187,22.37136465,3.655629139
1309443,22.37136465,3.78807947
1309699,22.37136465,3.708609272
1309955,22.37136465,3.814569536
1310211,22.37136465,3.814569536
1310467,22.34340045,3.78807947
1310723,22.37136465,3.629139073
1310978,22.34340045,3.841059603
1311234,22.34340045,3.629139073
1311490,22.34340045,3.761589404
1311746,22.34340045,3.682119205
1312002,22.34340045,3.682119205
1312258,22.34340045,3.78807947
1312513,22.34340045,3.761589404
1312769,22.34340045,3.735099338
1313025,22.31543624,3.78807947
1313281,22.37136465,3.867549669
1313537,22.37136465,3.735099338
1313793,22.37136465,3.867549669
1314049,22.34340045,3.735099338
1314304,22.34340045,3.761589404
1314560,22.34340045,3.682119205
1314816,22.34340045,3.708609272
1315072,22.31543624,3.735099338
1315328,22.31543624,3.708609272
1315584,22.34340045,3.682119205
1315838,22.31543624,3.735099338
1316088,22.34340045,3.841059603
1316338,22.34340045,3.761589404
1316588,22.31543624,3.629139073
1316844,22.31543624,3.682119205
1317099,22.34340045,3.814569536
1317349,22.34340045,3.708609272
1317599,22.31543624,3.78807947
1317849,22.37136465,3.814569536
1318104,22.37136465,3.761589404
1318360,22.34340045,3.708609272
1318616,22.34340045,3.629139073
1318872,22.34340045,3.814569536
1319128,22.34340045,3.814569536
1319384,22.31543624,3.682119205
1319640,22.31543624,3.735099338
1319895,22.34340045,3.761589404
1320151,22.31543624,3.814569536
1320407,22.31543624,3.708609272
1320663,22.34340045,3.655629139
1320919,22.31543624,3.841059603
1321175,22.34340045,3.735099338
1321430,22.34340045,3.78807947
1321686,22.37136465,3.78807947
1321942,22.37136465,3.708609272
1322198,22.34340045,3.78807947
1322454,22.34340045,3.735099338
1322710,22.34340045,3.708609272
1322964,22.34340045,3.841059603
1323214,22.31543624,3.708609272
1323464,22.37136465,3.761589404
1323714,22.34340045,3.708609272
1323970,22.34340045,3.735099338
1324225,22.34340045,3.78807947
1324475,22.34340045,3.655629139
1324725,22.34340045,3.708609272
1324975,22.34340045,3.708609272
1325231,22.34340045,3.761589404
1325486,22.31543624,3.814569536
1325742,22.34340045,3.761589404
1325998,22.37136465,3.814569536
1326254,22.34340045,3.708609272
1326510,22.37136465,3.841059603
1326766,22.34340045,3.735099338
1327021,22.34340045,3.78807947
1327277,22.34340045,3.735099338
1327533,22.34340045,3.761589404
1327789,22.34340045,3.761589404
1328045,22.34340045,3.761589404
1328301,22.31543624,3.78807947
1328556,22.34340045,3.735099338
1328812,22.34340045,3.841059603
1329068,22.31543624,3.814569536
1329324,22.34340045,3.867549669
1329580,22.34340045,3.78807947
1329836,22.31543624,3.708609272
1330092,22.34340045,3.655629139
1330347,22.34340045,3.708609272
1330603,22.34340045,3.761589404
1330859,22.34340045,3.708609272
1331115,22.37136465,3.682119205
1331371,22.34340045,3.708609272
1331627,22.34340045,3.735099338
1331881,22.34340045,3.735099338
1332131,22.31543624,3.78807947
1332381,22.34340045,3.708609272
1332631,22.31543624,3.735099338
1332887,22.31543624,3.655629139
1333142,22.31543624,3.814569536
1333392,22.31543624,3.708609272
1333642,22.34340045,3.814569536
1333892,22.31543624,3.78807947
1334147,22.31543624,3.841059603
1334403,22.34340045,3.708609272
1334659,22.31543624,3.814569536
1334915,22.31543624,3.78807947
1335171,22.34340045,3.629139073
1335427,22.34340045,3.708609272
1335683,22.34340045,3.708609272
1335938,22.34340045,3.814569536
1336194,22.34340045,3.78807947
1336450,22.34340045,3.708609272
1336706,22.34340045,3.78807947
1336962,22.34340045,3.867549669
1337218,22.34340045,3.761589404
1337473,22.31543624,3.708609272
1337729,22.31543624,3.735099338
1337985,22.31543624,3.735099338
1338241,22.31543624,3.841059603
1338497,22.34340045,3.78807947
1338753,22.31543624,3.735099338
1339009,22.31543624,3.708609272
1339264,22.31543624,3.761589404
1339520,22.31543624,3.78807947
1339776,22.31543624,3.708609272
1340032,22.31543624,3.735099338
1340288,22.34340045,3.867549669
1340544,22.34340045,3.761589404
1340798,22.34340045,3.708609272
1341048,22.34340045,3.655629139
1341298,22.31543624,3.708609272
1341548,22.34340045,3.708609272
1341804,22.34340045,3.78807947
1342059,22.31543624,3.761589404
1342309,22.31543624,3.682119205
1342559,22.34340045,3.735099338
1342809,22.31543624,3.708609272
1343064,22.34340045,3.761589404
1343320,22.31543624,3.708609272
1343576,22.34340045,3.78807947
1343832,22.31543624,3.735099338
1344088,22.31543624,3.814569536
1344344,22.31543624,3.78807947
1344600,22.31543624,3.78807947
1344855,22.31543624,3.761589404
1345111,22.31543624,3.735099338
1345367,22.34340045,3.761589404
1345623,22.34340045,3.629139073
1345879,22.34340045,3.735099338
1346135,22.34340045,3.761589404
1346390,22.34340045,3.708609272
1346646,22.31543624,3.735099338
1346902,22.34340045,3.814569536
1347158,22.31543624,3.761589404
1347414,22.34340045,3.708609272
1347670,22.34340045,3.57615894
1347924,22.31543624,3.735099338
1348174,22.34340045,3.867549669
1348424,22.34340045,3.735099338
1348674,22.31543624,3.761589404
1348930,22.31543624,3.814569536
1349185,22.31543624,3.841059603
1349435,22.34340045,3.735099338
1349685,22.31543624,3.655629139
1349935,22.31543624,3.761589404
1350191,22.31543624,3.761589404
1350446,22.31543624,3.78807947
1350702,22.31543624,3.682119205
1350958,22.34340045,3.867549669
1351214,22.34340045,3.682119205
1351470,22.34340045,3.682119205
1351726,22.34340045,3.708609272
1351981,22.31543624,3.761589404
1352237,22.31543624,3.735099338
1352493,22.34340045,3.841059603
1352749,22.31543624,3.761589404
1353005,22.34340045,3.655629139
1353261,22.31543624,3.735099338
1353516,22.34340045,3.761589404
1353772,22.31543624,3.78807947
1354028,22.31543624,3.655629139
1354284,22.31543624,3.814569536
1354540,22.31543624,3.735099338
1354796,22.31543624,3.78807947
1355052,22.31543624,3.761589404
1355307,22.31543624,3.894039735
1355563,22.34340045,3.655629139
1355819,22.31543624,3.682119205
1356075,22.31543624,3.761589404
1356331,22.34340045,3.78807947
1356587,22.31543624,3.78807947
1356841,22.34340045,3.735099338
1357091,22.31543624,3.708609272
1357341,22.34340045,3.814569536
1357591,22.31543624,3.708609272
1357847,22.31543624,3.78807947
1358102,22.31543624,3.708609272
1358352,22.31543624,3.735099338
1358602,22.34340045,3.920529801
1358852,22.31543624,3.708609272
1359107,22.31543624,3.78807947
1359363,22.28747204,3.841059603
1359619,22.31543624,3.708609272
1359875,22.31543624,3.814569536
1360131,22.31543624,3.761589404
1360387,22.31543624,3.761589404
1360643,22.34340045,3.78807947
1360898,22.31543624,3.682119205
1361154,22.31543624,3.735099338
1361410,22.34340045,3.735099338
1361666,22.34340045,3.735099338
1361922,22.31543624,3.841059603
1362178,22.31543624,3.682119205
1362433,22.31543624,3.602649007
1362689,22.31543624,3.629139073
1362945,22.31543624,3.629139073
1363201,22.31543624,3.708609272
1363457,22.31543624,3.735099338
1363713,22.31543624,3.894039735
1363969,22.31543624,3.708609272
1364224,22.31543624,3.78807947
1364480,22.31543624,3.708609272
1364736,22.31543624,3.602649007
1364992,22.31543624,3.708609272
1365248,22.34340045,3.708609272
1365504,22.31543624,3.682119205
1365758,22.31543624,3.602649007
1366008,22.31543624,3.655629139
1366258,22.31543624,3.682119205
1366508,22.34340045,3.761589404
1366764,22.34340045,3.78807947
1367019,22.34340045,3.708609272
1367269,22.28747204,3.735099338
1367519,22.34340045,3.761589404
1367769,22.31543624,3.761589404
1368024,22.31543624,3.708609272
1368280,22.28747204,3.655629139
1368536,22.31543624,3.735099338
1368792,22.31543624,3.708609272
1369048,22.31543624,3.761589404
1369304,22.28747204,3.78807947
1369560,22.31543624,3.735099338
1369815,22.28747204,3.682119205
1370071,22.31543624,3.814569536
1370327,22.34340045,3.841059603
1370583,22.31543624,3.655629139
1370839,22.34340045,3.761589404
1371095,22.34340045,3.761589404
1371350,22.31543624,3.708609272
1371606,22.31543624,3.708609272
1371862,22.31543624,3.708609272
1372118,22.31543624,3.761589404
1372374,22.31543624,3.761589404
1372630,22.31543624,3.735099338
1372884,22.31543624,3.682119205
1373134,22.28747204,3.682119205
1373384,22.31543624,3.78807947
1373634,22.31543624,3.708609272
1373890,22.31543624,3.894039735
1374145,22.31543624,3.735099338
1374395,22.31543624,3.655629139
1374645,22.31543624,3.735099338
1374895,22.28747204,3.655629139
1375151,22.31543624,3.682119205
1375406,22.28747204,3.761589404
1375662,22.31543624,3.814569536
1375918,22.34340045,3.682119205
1376174,22.31543624,3.78807947
1376430,22.34340045,3.655629139
1376686,22.31543624,3.708609272
1376941,22.31543624,3.78807947
1377197,22.31543624,3.761589404
1377453,22.31543624,3.682119205
1377709,22.31543624,3.655629139
1377965,22.31543624,3.682119205
1378221,22.31543624,3.761589404
1378476,22.31543624,3.78807947
1378732,22.28747204,3.655629139
1378988,22.28747204,3.708609272
1379244,22.28747204,3.867549669
1379500,22.31543624,3.814569536
1379756,22.28747204,3.655629139
1380012,22.31543624,3.78807947
1380267,22.28747204,3.78807947
1380523,22.31543624,3.708609272
1380779,22.31543624,3.655629139
1381035,22.34340045,3.735099338
1381291,22.31543624,3.761589404
1381547,22.34340045,3.629139073
1381801,22.31543624,3.708609272
1382051,22.28747204,3.761589404
1382301,22.31543624,3.735099338
1382551,22.31543624,3.682119205
1382807,22.31543624,3.814569536
1383062,22.28747204,3.655629139
1383312,22.28747204,3.735099338
1383562,22.31543624,3.735099338
1383812,22.28747204,3.761589404
1384067,22.28747204,3.735099338
1384323,22.28747204,3.761589404
1384579,22.28747204,3.735099338
1384835,22.28747204,3.761589404
1385091,22.28747204,3.655629139
1385347,22.28747204,3.78807947
1385603,22.31543624,3.708609272
1385858,22.31543624,3.841059603
1386114,22.31543624,3.708609272
1386370,22.31543624,3.78807947
1386626,22.31543624,3.761589404
1386882,22.28747204,3.761589404
1387138,22.31543624,3.814569536
1387393,22.28747204,3.682119205
1387649,22.28747204,3.629139073
1387905,22.31543624,3.78807947
1388161,22.28747204,3.735099338
1388417,22.28747204,3.78807947
1388673,22.28747204,3.57615894
1388929,22.28747204,3.814569536
1389184,22.31543624,3.655629139
1389440,22.28747204,3.841059603
1389696,22.28747204,3.814569536
1389952,22.31543624,3.761589404
1390208,22.28747204,3.708609272
1390464,22.31543624,3.78807947
1390718,22.31543624,3.708609272
1390968,22.28747204,3.735099338
1391218,22.28747204,3.841059603
1391468,22.31543624,3.735099338
1391724,22.31543624,3.682119205
1391979,22.28747204,3.841059603
1392229,22.28747204,3.814569536
1392479,22.28747204,3.708609272
1392729,22.28747204,3.78807947
1392984,22.31543624,3.682119205
1393240,22.28747204,3.629139073
1393496,22.28747204,3.78807947
1393752,22.28747204,3.761589404
1394008,22.28747204,3.735099338
1394264,22.28747204,3.708609272
1394520,22.28747204,3.682119205
1394775,22.25950783,3.682119205
1395031,22.28747204,3.814569536
1395287,22.28747204,3.814569536
1395543,22.28747204,3.682119205
1395799,22.25950783,3.708609272
1396055,22.28747204,3.735099338
1396310,22.28747204,3.682119205
1396566,22.31543624,3.78807947
1396822,22.28747204,3.735099338
1397078,22.31543624,3.78807947
1397334,22.31543624,3.78807947
1397590,22.28747204,3.655629139
1397844,22.28747204,3.735099338
1398094,22.28747204,3.814569536
1398344,22.28747204,3.814569536
1398594,22.28747204,3.761589404
1398850,22.28747204,3.682119205
1399105,22.28747204,3.655629139
1399355,22.28747204,3.708609272
1399605,22.31543624,3.761589404
1399855,22.28747204,3.867549669
1400111,22.25950783,3.682119205
1400366,22.25950783,3.735099338
1400622,22.25950783,3.655629139
1400878,22.28747204,3.682119205
1401134,22.25950783,3.78807947
1401390,22.28747204,3.814569536
1401646,22.25950783,3.735099338
1401901,22.25950783,3.814569536
1402157,22.28747204,3.867549669
1402413,22.28747204,3.761589404
1402669,22.28747204,3.761589404
1402925,22.31543624,3.735099338
1403181,22.28747204,3.78807947
1403436,22.31543624,3.761589404
1403692,22.31543624,3.841059603
1403948,22.31543624,3.78807947
1404204,22.28747204,3.78807947
1404460,22.25950783,3.814569536
1404716,22.25950783,3.735099338
1404972,22.25950783,3.682119205
1405227,22.28747204,3.78807947
1405483,22.25950783,3.78807947
1405739,22.28747204,3.78807947
1405995,22.25950783,3.682119205
1406251,22.28747204,3.735099338
1406507,22.25950783,3.708609272
1406761,22.28747204,3.761589404
1407011,22.28747204,3.655629139
1407261,22.25950783,3.708609272
1407511,22.28747204,3.814569536
1407767,22.28747204,3.814569536
1408022,22.31543624,3.761589404
1408272,22.28747204,3.708609272
1408522,22.28747204,3.841059603
1408772,22.28747204,3.708609272
1409027,22.28747204,3.841059603
1409283,22.28747204,3.708609272
1409539,22.25950783,3.78807947
1409795,22.25950783,3.841059603
1410051,22.28747204,3.761589404
1410307,22.28747204,3.841059603
1410563,22.28747204,3.78807947
1410818,22.25950783,3.761589404
1411074,22.25950783,3.708609272
1411330,22.25950783,3.735099338
1411586,22.28747204,3.708609272
1411842,22.28747204,3.682119205
1412098,22.28747204,3.735099338
1412353,22.28747204,3.708609272
1412609,22.28747204,3.682119205
1412865,22.28747204,3.78807947
1413121,22.31543624,3.735099338
1413377,22.28747204,3.735099338
1413633,22.28747204,3.78807947
1413889,22.25950783,3.708609272
1414144,22.25950783,3.761589404
1414400,22.28747204,3.761589404
1414656,22.25950783,3.708609272
1414912,22.25950783,3.735099338
1415168,22.25950783,3.735099338
1415424,22.25950783,3.735099338
1415678,22.25950783,3.682119205
1415928,22.28747204,3.78807947
1416178,22.25950783,3.682119205
1416428,22.25950783,3.708609272
1416684,22.25950783,3.735099338
1416939,22.28747204,3.629139073
1417189,22.28747204,3.761589404
1417439,22.28747204,3.78807947
1417689,22.28747204,3.814569536
1417944,22.25950783,3.841059603
1418200,22.28747204,3.735099338
1418456,22.25950783,3.761589404
1418712,22.28747204,3.655629139
1418968,22.28747204,3.761589404
1419224,22.25950783,3.814569536
1419480,22.25950783,3.655629139
1419735,22.25950783,3.761589404
1419991,22.25950783,3.735099338
1420247,22.25950783,3.841059603
1420503,22.25950783,3.735099338
1420759,22.25950783,3.735099338
1421015,22.25950783,3.682119205
1421270,22.28747204,3.682119205
1421526,22.31543624,3.682119205
1421782,22.28747204,3.655629139
1422038,22.28747204,3.708609272
1422294,22.28747204,3.735099338
1422550,22.25950783,3.78807947
1422804,22.28747204,3.735099338
1423054,22.25950783,3.78807947
1423304,22.28747204,3.708609272
1423554,22.25950783,3.814569536
1423810,22.25950783,3.867549669
1424065,22.25950783,3.761589404
1424315,22.28747204,3.761589404
1424565,22.25950783,3.814569536
1424815,22.25950783,3.78807947
1425071,22.25950783,3.814569536
1425326,22.25950783,3.814569536
1425582,22.28747204,3.78807947
1425838,22.28747204,3.78807947
1426094,22.28747204,3.761589404
1426350,22.28747204,3.735099338
1426606,22.25950783,3.735099338
1426861,22.28747204,3.735099338
1427117,22.28747204,3.78807947
1427373,22.25950783,3.735099338
1427629,22.25950783,3.814569536
1427885,22.25950783,3.708609272
1428141,22.25950783,3.735099338
1428396,22.25950783,3.708609272
1428652,22.25950783,3.814569536
1428908,22.25950783,3.814569536
1429164,22.28747204,3.814569536
1429420,22.28747204,3.682119205
1429676,22.25950783,3.655629139
1429932,22.28747204,3.814569536
1430187,22.25950783,3.735099338
1430443,22.28747204,3.735099338
1430699,22.28747204,3.841059603
1430955,22.28747204,3.735099338
1431211,22.25950783,3.814569536
1431467,22.25950783,3.814569536
1431721,22.25950783,3.708609272
1431971,22.25950783,3.682119205
1432221,22.25950783,3.735099338
1432471,22.25950783,3.735099338
1432727,22.25950783,3.78807947
1432982,22.25950783,3.682119205
1433232,22.25950783,3.761589404
1433482,22.25950783,3.655629139
1433732,22.28747204,3.735099338
1433987,22.28747204,3.708609272
1434243,22.28747204,3.814569536
1434499,22.25950783,3.735099338
1434755,22.25950783,3.78807947
1435011,22.25950783,3.682119205
1435267,22.25950783,3.682119205
1435523,22.25950783,3.841059603
1435778,22.25950783,3.682119205
1436034,22.25950783,3.761589404
1436290,22.25950783,3.602649007
1436546,22.25950783,3.708609272
1436802,22.28747204,3.708609272
1437058,22.28747204,3.78807947
1437313,22.28747204,3.629139073
1437569,22.28747204,3.78807947
1437825,22.25950783,3.735099338
1438081,22.25950783,3.814569536
1438337,22.25950783,3.735099338
1438593,22.25950783,3.735099338
1438849,22.25950783,3.708609272
1439104,22.25950783,3.682119205
1439360,22.25950783,3.735099338
1439616,22.25950783,3.629139073
1439872,22.25950783,3.78807947
1440128,22.25950783,3.761589404
1440384,22.28747204,3.735099338
1440638,22.25950783,3.682119205
1440888,22.25950783,3.682119205
1441138,22.28747204,3.735099338
1441388,22.25950783,3.735099338
1441644,22.25950783,3.735099338
1441899,22.25950783,3.682119205
1442149,22.28747204,3.78807947
1442399,22.25950783,3.708609272
1442649,22.25950783,3.78807947
1442904,22.28747204,3.894039735
1443160,22.25950783,3.761589404
1443416,22.25950783,3.841059603
1443672,22.28747204,3.78807947
1443928,22.25950783,3.841059603
1444184,22.25950783,3.682119205
1444440,22.25950783,3.708609272
1444695,22.25950783,3.708609272
1444951,22.25950783,3.682119205
1445207,22.25950783,3.761589404
1445463,22.25950783,3.708609272
1445719,22.25950783,3.735099338
1445975,22.25950783,3.814569536
1446230,22.25950783,3.761589404
1446486,22.28747204,3.920529801
1446742,22.28747204,3.708609272
1446998,22.28747204,3.735099338
1447254,22.28747204,3.78807947
1447510,22.25950783,3.761589404
1447764,22.25950783,3.894039735
1448014,22.25950783,3.761589404
1448264,22.28747204,3.735099338
1448514,22.25950783,3.735099338
1448770,22.25950783,3.814569536
1449025,22.25950783,3.814569536
1449275,22.28747204,3.761589404
1449525,22.28747204,3.602649007
1449775,22.25950783,3.708609272
1450031,22.25950783,3.655629139
1450286,22.25950783,3.814569536
1450542,22.25950783,3.682119205
1450798,22.25950783,3.708609272
1451054,22.25950783,3.735099338
1451310,22.28747204,3.682119205
1451566,22.28747204,3.708609272
1451821,22.25950783,3.814569536
1452077,22.25950783,3.708609272
1452333,22.25950783,3.761589404
1452589,22.25950783,3.682119205
1452845,22.25950783,3.894039735
1453101,22.25950783,3.761589404
1453356,22.25950783,3.761589404
1453612,22.25950783,3.761589404
1453868,22.25950783,3.78807947
1454124,22.23154362,3.894039735
1454380,22.25950783,3.735099338
1454636,22.25950783,3.735099338
1454892,22.25950783,3.708609272
1455147,22.25950783,3.761589404
1455403,22.25950783,3.655629139
1455659,22.25950783,3.78807947
1455915,22.25950783,3.682119205
1456171,22.25950783,3.629139073
1456427,22.28747204,3.78807947
1456681,22.25950783,3.761589404
1456931,22.25950783,3.708609272
1457181,22.23154362,3.682119205
1457431,22.25950783,3.708609272
1457687,22.28747204,3.655629139
1457942,22.25950783,3.655629139
1458192,22.25950783,3.682119205
1458442,22.25950783,3.655629139
1458692,22.25950783,3.814569536
1458947,22.28747204,3.814569536
1459203,22.25950783,3.78807947
1459459,22.25950783,3.761589404
1459715,22.23154362,3.602649007
1459971,22.23154362,3.682119205
1460227,22.23154362,3.629139073
1460483,22.25950783,3.655629139
1460738,22.25950783,3.655629139
1460994,22.25950783,3.761589404
1461250,22.25950783,3.602649007
1461506,22.25950783,3.682119205
1461762,22.25950783,3.682119205
1462018,22.25950783,3.841059603
1462273,22.25950783,3.78807947
1462529,22.25950783,3.682119205
1462785,22.25950783,3.735099338
1463041,22.25950783,3.814569536
1463297,22.25950783,3.708609272
1463553,22.25950783,3.761589404
1463809,22.25950783,3.655629139
1464064,22.23154362,3.761589404
1464320,22.25950783,3.867549669
1464576,22.25950783,3.761589404
1464832,22.23154362,3.735099338
1465088,22.23154362,3.708609272
1465344,22.23154362,3.708609272
1465598,22.23154362,3.761589404
1465848,22.25950783,3.761589404
1466098,22.25950783,3.761589404
1466348,22.25950783,3.629139073
1466604,22.25950783,3.841059603
1466859,22.25950783,3.735099338
1467109,22.25950783,3.735099338
1467359,22.23154362,3.78807947
1467609,22.25950783,3.735099338
1467864,22.25950783,3.682119205
1468120,22.25950783,3.841059603
1468376,22.25950783,3.841059603
1468632,22.25950783,3.814569536
1468888,22.25950783,3.841059603
1469144,22.23154362,3.735099338
1469400,22.23154362,3.57615894
1469655,22.23154362,3.655629139
1469911,22.23154362,3.602649007
1470167,22.23154362,3.655629139
1470423,22.23154362,3.682119205
1470679,22.23154362,3.761589404
1470935,22.23154362,3.735099338
1471190,22.25950783,3.708609272
1471446,22.23154362,3.708609272
1471702,22.25950783,3.78807947
1471958,22.25950783,3.761589404
1472214,22.25950783,3.682119205
1472470,22.25950783,3.708609272
1472724,22.25950783,3.708609272
1472974,22.23154362,3.867549669
1473224,22.23154362,3.735099338
1473474,22.25950783,3.735099338
1473730,22.25950783,3.57615894
1473985,22.25950783,3.841059603
1474235,22.23154362,3.708609272
1474485,22.25950783,3.761589404
1474735,22.23154362,3.814569536
1474991,22.23154362,3.602649007
1475246,22.20357942,3.708609272
1475502,22.23154362,3.708609272
1475758,22.23154362,3.735099338
1476014,22.23154362,3.867549669
1476270,22.23154362,3.655629139
1476526,22.23154362,3.735099338
1476781,22.25950783,3.78807947
1477037,22.25950783,3.708609272
1477293,22.25950783,3.78807947
1477549,22.25950783,3.814569536
1477805,22.25950783,3.682119205
1478061,22.25950783,3.735099338
1478316,22.25950783,3.629139073
1478572,22.25950783,3.735099338
1478828,22.25950783,3.78807947
1479084,22.23154362,3.78807947
1479340,22.20357942,3.78807947
1479596,22.23154362,3.735099338
1479852,22.23154362,3.682119205
1480107,22.23154362,3.708609272
1480363,22.23154362,3.761589404
1480619,22.23154362,3.629139073
1480875,22.25950783,3.708609272
1481131,22.25950783,3.655629139
1481387,22.25950783,3.629139073
1481641,22.25950783,3.708609272
1481891,22.23154362,3.708609272
1482141,22.23154362,3.682119205
1482391,22.23154362,3.708609272
1482647,22.25950783,3.735099338
1482902,22.23154362,3.814569536
1483152,22.23154362,3.682119205
1483402,22.25950783,3.57615894
1483652,22.23154362,3.814569536
1483907,22.23154362,3.78807947
1484163,22.23154362,3.841059603
1484419,22.23154362,3.682119205
1484675,22.23154362,3.841059603
1484931,22.23154362,3.682119205
1485187,22.20357942,3.814569536
1485443,22.23154362,3.814569536
1485698,22.25950783,3.78807947
1485954,22.25950783,3.655629139
1486210,22.25950783,3.78807947
1486466,22.25950783,3.735099338
1486722,22.25950783,3.78807947
1486978,22.23154362,3.682119205
1487233,22.23154362,3.78807947
1487489,22.23154362,3.655629139
1487745,22.23154362,3.655629139
1488001,22.23154362,3.682119205
1488257,22.23154362,3.841059603
1488513,22.23154362,3.78807947
1488769,22.23154362,3.867549669
1489024,22.20357942,3.761589404
1489280,22.23154362,3.629139073
1489536,22.23154362,3.655629139
1489792,22.23154362,3.841059603
1490048,22.23154362,3.814569536
1490304,22.25950783,3.78807947
1490558,22.25950783,3.761589404
1490808,22.23154362,3.761589404
1491058,22.20357942,3.655629139
1491308,22.25950783,3.894039735
1491564,22.23154362,3.602649007
1491819,22.23154362,3.735099338
1492069,22.23154362,3.814569536
1492319,22.25950783,3.78807947
1492569,22.23154362,3.761589404
1492824,22.23154362,3.735099338
1493080,22.23154362,3.735099338
1493336,22.20357942,3.57615894
1493592,22.23154362,3.761589404
1493848,22.20357942,3.682119205
1494104,22.23154362,3.78807947
1494360,22.23154362,3.735099338
1494615,22.20357942,3.629139073
1494871,22.23154362,3.629139073
1495127,22.20357942,3.682119205
1495383,22.23154362,3.655629139
1495639,22.23154362,3.682119205
1495895,22.23154362,3.761589404
1496150,22.25950783,3.814569536
1496406,22.23154362,3.708609272
1496662,22.23154362,3.735099338
1496918,22.23154362,3.682119205
1497174,22.23154362,3.814569536
1497430,22.23154362,3.761589404
1497684,22.25950783,3.841059603
1497934,22.23154362,3.682119205
1498184,22.25950783,3.629139073
1498434,22.20357942,3.708609272
1498690,22.23154362,3.735099338
1498945,22.20357942,3.655629139
1499195,22.23154362,3.708609272
1499445,22.23154362,3.761589404
1499695,22.20357942,3.761589404
1499951,22.23154362,3.629139073
1500206,22.20357942,3.708609272
1500462,22.20357942,3.761589404
1500718,22.23154362,3.735099338
1500974,22.23154362,3.708609272
1501230,22.25950783,3.78807947
1501486,22.25950783,3.735099338
1501741,22.23154362,3.655629139
1501997,22.23154362,3.761589404
1502253,22.23154362,3.735099338
1502509,22.23154362,3.735099338
1502765,22.23154362,3.814569536
1503021,22.23154362,3.655629139
1503276,22.20357942,3.735099338
1503532,22.20357942,3.655629139
1503788,22.20357942,3.602649007
1504044,22.20357942,3.708609272
1504300,22.20357942,3.841059603
1504556,22.23154362,3.761589404
1504812,22.23154362,3.761589404
1505067,22.20357942,3.735099338
1505323,22.23154362,3.735099338
1505579,22.25950783,3.841059603
1505835,22.25950783,3.761589404
1506091,22.23154362,3.78807947
1506347,22.23154362,3.735099338
1506601,22.20357942,3.708609272
1506851,22.23154362,3.735099338
1507101,22.25950783,3.655629139
1507351,22.23154362,3.761589404
1507607,22.23154362,3.629139073
1507862,22.20357942,3.682119205
1508112,22.23154362,3.735099338
1508362,22.23154362,3.894039735
1508612,22.20357942,3.708609272
1508867,22.20357942,3.708609272
1509123,22.20357942,3.735099338
1509379,22.23154362,3.78807947
1509635,22.23154362,3.708609272
1509891,22.25950783,3.78807947
1510147,22.23154362,3.761589404
1510403,22.23154362,3.682119205
1510658,22.23154362,3.602649007
1510914,22.20357942,3.682119205
1511170,22.20357942,3.682119205
1511426,22.20357942,3.867549669
1511682,22.20357942,3.814569536
1511938,22.20357942,3.708609272
1512193,22.20357942,3.708609272
1512449,22.20357942,3.735099338
1512705,22.20357942,3.735099338
1512961,22.23154362,3.761589404
1513217,22.23154362,3.629139073
1513473,22.23154362,3.682119205
1513729,22.23154362,3.655629139
1513984,22.23154362,3.814569536
1514240,22.20357942,3.708609272
1514496,22.23154362,3.841059603
1514752,22.23154362,3.708609272
1515008,22.20357942,3.735099338
1515264,22.20357942,3.629139073
1515518,22.20357942,3.735099338
1515768,22.23154362,3.735099338
1516018,22.23154362,3.78807947
1516268,22.20357942,3.894039735
1516524,22.20357942,3.629139073
1516779,22.20357942,3.761589404
1517029,22.20357942,3.814569536
1517279,22.20357942,3.761589404
1517529,22.20357942,3.708609272
1517784,22.25950783,3.655629139
1518040,22.23154362,3.708609272
1518296,22.23154362,3.682119205
1518552,22.23154362,3.735099338
1518808,22.23154362,3.655629139
1519064,22.23154362,3.708609272
1519320,22.23154362,3.814569536
1519575,22.20357942,3.708609272
1519831,22.20357942,3.708609272
1520087,22.20357942,3.629139073
1520343,22.20357942,3.602649007
1520599,22.20357942,3.814569536
1520855,22.20357942,3.735099338
1521110,22.20357942,3.655629139
1521366,22.20357942,3.708609272
1521622,22.23154362,3.708609272
1521878,22.23154362,3.761589404
1522134,22.23154362,3.682119205
1522390,22.23154362,3.682119205
1522644,22.20357942,3.761589404
1522894,22.20357942,3.78807947
1523144,22.23154362,3.682119205
1523394,22.20357942,3.735099338
1523650,22.20357942,3.78807947
1523905,22.20357942,3.735099338
1524155,22.20357942,3.655629139
1524405,22.23154362,3.735099338
1524655,22.20357942,3.814569536
1524911,22.20357942,3.708609272
1525166,22.20357942,3.602649007
1525422,22.20357942,3.682119205
1525678,22.23154362,3.761589404
1525934,22.23154362,3.761589404
1526190,22.23154362,3.682119205
1526446,22.23154362,3.735099338
1526701,22.23154362,3.708609272
1526957,22.20357942,3.602649007
1527213,22.20357942,3.655629139
1527469,22.20357942,3.682119205
1527725,22.20357942,3.735099338
1527981,22.20357942,3.735099338
1528236,22.20357942,3.867549669
1528492,22.20357942,3.708609272
1528748,22.20357942,3.814569536
1529004,22.23154362,3.78807947
1529260,22.20357942,3.814569536
1529516,22.20357942,3.761589404
1529772,22.20357942,3.814569536
1530027,22.23154362,3.708609272
1530283,22.23154362,3.78807947
1530539,22.23154362,3.682119205
1530795,22.20357942,3.761589404
1531051,22.23154362,3.708609272
1531307,22.23154362,3.814569536
1531561,22.20357942,3.814569536
1531811,22.20357942,3.708609272
1532061,22.23154362,3.629139073
1532311,22.20357942,3.841059603
1532567,22.20357942,3.735099338
1532822,22.20357942,3.708609272
1533072,22.23154362,3.814569536
1533322,22.20357942,3.841059603
1533572,22.20357942,3.708609272
1533827,22.20357942,3.814569536
1534083,22.20357942,3.735099338
1534339,22.23154362,3.735099338
1534595,22.23154362,3.735099338
1534851,22.20357942,3.708609272
1535107,22.20357942,3.867549669
1535363,22.23154362,3.655629139
1535618,22.20357942,3.708609272
1535874,22.23154362,3.735099338
1536130,22.20357942,3.761589404
1536386,22.20357942,3.682119205
1536642,22.20357942,3.708609272
1536898,22.20357942,3.761589404
1537153,22.20357942,3.735099338
1537409,22.20357942,3.814569536
1537665,22.20357942,3.708609272
1537921,22.20357942,3.814569536
1538177,22.17561521,3.629139073
1538433,22.17561521,3.708609272
1538689,22.20357942,3.761589404
1538944,22.23154362,3.735099338
1539200,22.20357942,3.682119205
1539456,22.20357942,3.735099338
1539712,22.23154362,3.708609272
1539968,22.20357942,3.655629139
1540224,22.20357942,3.814569536
1540478,22.23154362,3.78807947
1540728,22.17561521,3.78807947
1540978,22.23154362,3.655629139
1541228,22.20357942,3.549668874
1541484,22.20357942,3.682119205
1541739,22.17561521,3.708609272
1541989,22.20357942,3.735099338
1542239,22.20357942,3.655629139
1542489,22.20357942,3.841059603
1542744,22.17561521,3.629139073
1543000,22.20357942,3.655629139
1543256,22.20357942,3.682119205
1543512,22.20357942,3.682119205
1543768,22.20357942,3.814569536
1544024,22.23154362,3.894039735
1544280,22.23154362,3.814569536
1544535,22.20357942,3.761589404
1544791,22.20357942,3.655629139
1545047,22.20357942,3.761589404
1545303,22.20357942,3.708609272
1545559,22.20357942,3.682119205
1545815,22.20357942,3.708609272
1546070,22.20357942,3.814569536
1546326,22.20357942,3.78807947
1546582,22.17561521,3.682119205
1546838,22.17561521,3.735099338
1547094,22.20357942,3.78807947
1547350,22.20357942,3.735099338
1547604,22.20357942,3.814569536
1547854,22.20357942,3.761589404
1548104,22.17561521,3.655629139
1548354,22.20357942,3.655629139
1548610,22.23154362,3.735099338
1548865,22.20357942,3.682119205
1549115,22.20357942,3.629139073
1549365,22.17561521,3.78807947
1549615,22.20357942,3.735099338
1549871,22.20357942,3.655629139
1550126,22.20357942,3.894039735
1550382,22.20357942,3.708609272
1550638,22.20357942,3.761589404
1550894,22.17561521,3.814569536
1551150,22.20357942,3.78807947
1551406,22.17561521,3.655629139
1551661,22.17561521,3.682119205
1551917,22.17561521,3.78807947
1552173,22.17561521,3.602649007
1552429,22.20357942,3.708609272
1552685,22.20357942,3.867549669
1552941,22.20357942,3.682119205
1553196,22.20357942,3.78807947
1553452,22.20357942,3.761589404
1553708,22.20357942,3.708609272
1553964,22.20357942,3.814569536
1554220,22.20357942,3.735099338
1554476,22.20357942,3.735099338
1554732,22.20357942,3.761589404
1554987,22.20357942,3.682119205
1555243,22.17561521,3.78807947
1555499,22.17561521,3.761589404
1555755,22.17561521,3.735099338
1556011,22.17561521,3.735099338
1556267,22.17561521,3.761589404
1556521,22.17561521,3.682119205
1556771,22.20357942,3.761589404
1557021,22.17561521,3.655629139
1557271,22.20357942,3.814569536
1557527,22.20357942,3.761589404
1557782,22.20357942,3.682119205
1558032,22.17561521,3.761589404
1558282,22.17561521,3.655629139
1558532,22.20357942,3.78807947
1558787,22.20357942,3.682119205
1559043,22.17561521,3.602649007
1559299,22.17561521,3.735099338
1559555,22.20357942,3.682119205
1559811,22.17561521,3.78807947
1560067,22.17561521,3.708609272
1560323,22.17561521,3.735099338
1560578,22.14765101,3.78807947
1560834,22.17561521,3.78807947
1561090,22.17561521,3.841059603
1561346,22.17561521,3.761589404
1561602,22.20357942,3.682119205
1561858,22.20357942,3.682119205
1562113,22.17561521,3.655629139
1562369,22.17561521,3.814569536
1562625,22.20357942,3.735099338
1562881,22.17561521,3.655629139
1563137,22.20357942,3.708609272
1563393,22.17561521,3.735099338
1563649,22.17561521,3.682119205
1563904,22.17561521,3.655629139
1564160,22.17561521,3.735099338
1564416,22.20357942,3.735099338
1564672,22.20357942,3.735099338
1564928,22.20357942,3.655629139
1565184,22.20357942,3.708609272
1565438,22.17561521,3.708609272
1565688,22.17561521,3.78807947
1565938,22.20357942,3.761589404
1566188,22.20357942,3.814569536
1566444,22.17561521,3.682119205
1566699,22.17561521,3.735099338
1566949,22.20357942,3.682119205
1567199,22.17561521,3.682119205
1567449,22.17561521,3.814569536
1567704,22.17561521,3.814569536
1567960,22.20357942,3.708609272
1568216,22.20357942,3.761589404
1568472,22.20357942,3.57615894
1568728,22.20357942,3.814569536
1568984,22.20357942,3.761589404
1569240,22.17561521,3.735099338
1569495,22.20357942,3.78807947
1569751,22.20357942,3.655629139
1570007,22.17561521,3.708609272
1570263,22.17561521,3.708609272
1570519,22.17561521,3.761589404
1570775,22.17561521,3.682119205
1571030,22.17561521,3.735099338
1571286,22.17561521,3.682119205
1571542,22.17561521,3.814569536
1571798,22.20357942,3.629139073
1572054,22.20357942,3.735099338
1572310,22.20357942,3.708609272
1572564,22.20357942,3.814569536
1572814,22.20357942,3.867549669
1573064,22.20357942,3.761589404
1573314,22.20357942,3.78807947
1573570,22.17561521,3.735099338
1573825,22.17561521,3.735099338
1574075,22.20357942,3.735099338
1574325,22.20357942,3.629139073
1574575,22.17561521,3.655629139
1574831,22.17561521,3.78807947
1575086,22.17561521,3.761589404
1575342,22.17561521,3.708609272
1575598,22.17561521,3.629139073
1575854,22.17561521,3.682119205
1576110,22.20357942,3.735099338
1576366,22.20357942,3.867549669
1576621,22.20357942,3.708609272
1576877,22.17561521,3.602649007
1577133,22.17561521,3.629139073
1577389,22.17561521,3.814569536
1577645,22.20357942,3.708609272
1577901,22.20357942,3.735099338
1578156,22.17561521,3.761589404
1578412,22.17561521,3.735099338
1578668,22.17561521,3.629139073
1578924,22.17561521,3.735099338
1579180,22.17561521,3.735099338
1579436,22.17561521,3.814569536
1579692,22.20357942,3.761589404
1579947,22.20357942,3.735099338
1580203,22.20357942,3.78807947
1580459,22.20357942,3.682119205
1580715,22.20357942,3.814569536
1580971,22.20357942,3.655629139
1581227,22.17561521,3.602649007
1581481,22.20357942,3.682119205
1581731,22.17561521,3.814569536
1581981,22.20357942,3.761589404
1582231,22.17561521,3.761589404
1582487,22.14765101,3.708609272
1582742,22.14765101,3.735099338
1582992,22.17561521,3.735099338
1583242,22.20357942,3.78807947
1583492,22.17561521,3.735099338
1583747,22.17561521,3.682119205
1584003,22.14765101,3.735099338
1584259,22.17561521,3.841059603
1584515,22.17561521,3.735099338
1584771,22.20357942,3.655629139
1585027,22.17561521,3.761589404
1585283,22.20357942,3.708609272
1585538,22.17561521,3.629139073
1585794,22.17561521,3.735099338
1586050,22.20357942,3.867549669
1586306,22.14765101,3.602649007
1586562,22.14765101,3.708609272
1586818,22.14765101,3.682119205
1587073,22.14765101,3.708609272
1587329,22.17561521,3.708609272
1587585,22.17561521,3.682119205
1587841,22.17561521,3.708609272
1588097,22.17561521,3.761589404
1588353,22.17561521,3.78807947
1588609,22.20357942,3.735099338
1588864,22.20357942,3.867549669
1589120,22.17561521,3.735099338
1589376,22.17561521,3.708609272
1589632,22.20357942,3.682119205
1589888,22.17561521,3.761589404
1590144,22.14765101,3.841059603
1590398,22.14765101,3.682119205
1590648,22.17561521,3.57615894
1590898,22.17561521,3.682119205
1591148,22.17561521,3.867549669
1591404,22.14765101,3.708609272
1591659,22.17561521,3.735099338
1591909,22.20357942,3.682119205
1592159,22.17561521,3.735099338
1592409,22.20357942,3.735099338
1592664,22.20357942,3.682119205
1592920,22.20357942,3.735099338
1593176,22.17561521,3.708609272
1593432,22.17561521,3.708609272
1593688,22.17561521,3.735099338
1593944,22.17561521,3.761589404
1594200,22.17561521,3.735099338
1594455,22.17561521,3.761589404
1594711,22.14765101,3.655629139
1594967,22.17561521,3.814569536
1595223,22.14765101,3.629139073
1595479,22.17561521,3.708609272
1595735,22.17561521,3.841059603
1595990,22.17561521,3.78807947
1596246,22.20357942,3.682119205
1596502,22.20357942,3.682119205
1596758,22.20357942,3.682119205
1597014,22.17561521,3.708609272
1597270,22.17561521,3.814569536
1597524,22.17561521,3.78807947
1597774,22.17561521,3.708609272
1598024,22.20357942,3.735099338
1598274,22.14765101,3.708609272
1598530,22.14765101,3.708609272
1598785,22.14765101,3.708609272
1599035,22.17561521,3.78807947
1599285,22.17561521,3.655629139
1599535,22.14765101,3.78807947
1599791,22.17561521,3.78807947
1600046,22.17561521,3.708609272
1600302,22.20357942,3.841059603
1600558,22.17561521,3.761589404
1600814,22.17561521,3.682119205
1601070,22.17561521,3.78807947
1601326,22.17561521,3.761589404
1601581,22.17561521,3.78807947
1601837,22.14765101,3.735099338
1602093,22.17561521,3.814569536
1602349,22.14765101,3.629139073
1602605,22.17561521,3.708609272
1602861,22.14765101,3.655629139
1603116,22.14765101,3.682119205
1603372,22.14765101,3.78807947
1603628,22.14765101,3.57615894
1603884,22.17561521,3.735099338
1604140,22.17561521,3.655629139
1604396,22.17561521,3.602649007
1604652,22.20357942,3.78807947
1604907,22.17561521,3.655629139
1605163,22.17561521,3.814569536
1605419,22.17561521,3.761589404
1605675,22.14765101,3.735099338
1605931,22.17561521,3.761589404
1606187,22.17561521,3.78807947
1606441,22.14765101,3.78807947
1606691,22.14765101,3.655629139
1606941,22.17561521,3.735099338
1607191,22.14765101,3.629139073
1607447,22.14765101,3.682119205
1607702,22.14765101,3.761589404
1607952,22.17561521,3.523178808
1608202,22.17561521,3.761589404
1608452,22.14765101,3.78807947
1608707,22.14765101,3.708609272
1608963,22.17561521,3.708609272
1609219,22.20357942,3.629139073
1609475,22.17561521,3.761589404
1609731,22.20357942,3.761589404
1609987,22.17561521,3.761589404
1610243,22.17561521,3.814569536
1610498,22.17561521,3.761589404
1610754,22.14765101,3.708609272
1611010,22.14765101,3.629139073
1611266,22.14765101,3.814569536
1611522,22.14765101,3.682119205
1611778,22.14765101,3.629139073
1612033,22.17561521,3.682119205
1612289,22.14765101,3.655629139
1612545,22.14765101,3.761589404
1612801,22.14765101,3.708609272
1613057,22.17561521,3.655629139
1613313,22.17561521,3.78807947
1613569,22.17561521,3.735099338
1613824,22.17561521,3.708609272
1614080,22.17561521,3.708609272
1614336,22.17561521,3.761589404
1614592,22.17561521,3.761589404
1614848,22.14765101,3.735099338
1615104,22.17561521,3.682119205
1615358,22.14765101,3.761589404
1615608,22.14765101,3.655629139
1615858,22.14765101,3.708609272
1616108,22.14765101,3.655629139
1616364,22.14765101,3.708609272
1616619,22.14765101,3.708609272
1616869,22.17561521,3.78807947
1617119,22.17561521,3.655629139
1617369,22.17561521,3.761589404
1617624,22.17561521,3.708609272
1617880,22.17561521,3.735099338
1618136,22.20357942,3.682119205
1618392,22.17561521,3.629139073
1618648,22.14765101,3.761589404
1618904,22.17561521,3.735099338
1619160,22.17561521,3.761589404
1619415,22.17561521,3.708609272
1619671,22.14765101,3.655629139
1619927,22.14765101,3.841059603
1620183,22.14765101,3.682119205
1620439,22.14765101,3.682119205
1620695,22.14765101,3.682119205
1620950,22.17561521,3.814569536
1621206,22.17561521,3.78807947
1621462,22.17561521,3.682119205
1621718,22.17561521,3.682119205
1621974,22.17561521,3.735099338
1622230,22.14765101,3.735099338
1622484,22.17561521,3.682119205
1622734,22.14765101,3.814569536
1622984,22.17561521,3.735099338
1623234,22.14765101,3.708609272
1623490,22.14765101,3.629139073
1623745,22.14765101,3.78807947
1623995,22.17561521,3.629139073
1624245,22.14765101,3.655629139
1624495,22.14765101,3.655629139
1624751,22.14765101,3.735099338
1625006,22.17561521,3.629139073
1625262,22.17561521,3.602649007
1625518,22.17561521,3.655629139
1625774,22.17561521,3.78807947
1626030,22.17561521,3.629139073
1626286,22.14765101,3.602649007
1626541,22.14765101,3.761589404
1626797,22.14765101,3.761589404
1627053,22.14765101,3.761589404
1627309,22.14765101,3.655629139
1627565,22.14765101,3.708609272
1627821,22.14765101,3.78807947
1628076,22.14765101,3.602649007
1628332,22.14765101,3.655629139
1628588,22.17561521,3.78807947
1628844,22.17561521,3.761589404
1629100,22.17561521,3.735099338
1629356,22.17561521,3.708609272
1629612,22.14765101,3.735099338
1629867,22.17561521,3.708609272
1630123,22.17561521,3.761589404
1630379,22.14765101,3.629139073
1630635,22.14765101,3.682119205
1630891,22.14765101,3.629139073
1631147,22.14765101,3.708609272
1631401,22.14765101,3.735099338
1631651,22.17561521,3.708609272
1631901,22.14765101,3.814569536
1632151,22.14765101,3.735099338
1632407,22.14765101,3.78807947
1632662,22.17561521,3.682119205
1632912,22.14765101,3.682119205
1633162,22.14765101,3.708609272
1633412,22.17561521,3.78807947
1633667,22.17561521,3.629139073
1633923,22.14765101,3.655629139
1634179,22.14765101,3.814569536
1634435,22.14765101,3.761589404
1634691,22.14765101,3.761589404
1634947,22.14765101,3.655629139
1635203,22.14765101,3.655629139
1635458,22.14765101,3.629139073
1635714,22.14765101,3.841059603
1635970,22.14765101,3.761589404
1636226,22.14765101,3.708609272
1636482,22.14765101,3.682119205
1636738,22.14765101,3.682119205
1636993,22.14765101,3.78807947
1637249,22.17561521,3.735099338
1637505,22.17561521,3.814569536
1637761,22.17561521,3.735099338
1638017,22.14765101,3.708609272
1638273,22.14765101,3.708609272
1638529,22.14765101,3.682119205
1638784,22.14765101,3.682119205
1639040,22.14765101,3.761589404
1639296,22.14765101,3.682119205
1639552,22.14765101,3.708609272
1639808,22.14765101,3.735099338
1640064,22.14765101,3.78807947
1640318,22.14765101,3.761589404
1640568,22.14765101,3.708609272
1640818,22.14765101,3.78807947
1641068,22.14765101,3.735099338
1641324,22.14765101,3.708609272
1641579,22.17561521,3.78807947
1641829,22.14765101,3.735099338
1642079,22.14765101,3.78807947
1642329,22.14765101,3.682119205
1642584,22.17561521,3.602649007
1642840,22.17561521,3.761589404
1643096,22.14765101,3.78807947
1643352,22.17561521,3.78807947
1643608,22.14765101,3.708609272
1643864,22.14765101,3.708609272
1644120,22.14765101,3.735099338
1644375,22.14765101,3.814569536
1644631,22.1196868,3.629139073
1644887,22.14765101,3.761589404
1645143,22.14765101,3.682119205
1645399,22.14765101,3.708609272
1645655,22.14765101,3.761589404
1645910,22.17561521,3.761589404
1646166,22.14765101,3.655629139
1646422,22.17561521,3.78807947
1646678,22.17561521,3.78807947
1646934,22.17561521,3.78807947
1647190,22.14765101,3.708609272
1647444,22.17561521,3.761589404
1647694,22.14765101,3.841059603
1647944,22.14765101,3.629139073
1648194,22.14765101,3.761589404
1648450,22.14765101,3.78807947
1648705,22.1196868,3.735099338
1648955,22.14765101,3.735099338
1649205,22.14765101,3.761589404
1649455,22.14765101,3.78807947
1649711,22.14765101,3.761589404
1649966,22.14765101,3.655629139
1650222,22.14765101,3.735099338
1650478,22.14765101,3.629139073
1650734,22.17561521,3.708609272
1650990,22.17561521,3.841059603
1651246,22.14765101,3.708609272
1651501,22.14765101,3.735099338
1651757,22.14765101,3.682119205
1652013,22.14765101,3.78807947
1652269,22.14765101,3.735099338
1652525,22.14765101,3.814569536
1652781,22.1196868,3.708609272
1653036,22.14765101,3.78807947
1653292,22.14765101,3.841059603
1653548,22.14765101,3.735099338
1653804,22.14765101,3.761589404
1654060,22.14765101,3.78807947
1654316,22.14765101,3.523178808
1654572,22.14765101,3.602649007
1654827,22.14765101,3.655629139
1655083,22.14765101,3.814569536
1655339,22.14765101,3.761589404
1655595,22.14765101,3.841059603
1655851,22.14765101,3.655629139
1656107,22.14765101,3.708609272
1656361,22.14765101,3.814569536
1656611,22.14765101,3.761589404
1656861,22.14765101,3.841059603
1657111,22.14765101,3.761589404
1657367,22.1196868,3.655629139
1657622,22.1196868,3.78807947
1657872,22.14765101,3.708609272
1658122,22.14765101,3.78807947
1658372,22.14765101,3.735099338
1658627,22.14765101,3.655629139
1658883,22.14765101,3.602649007
1659139,22.14765101,3.629139073
1659395,22.14765101,3.761589404
1659651,22.14765101,3.814569536
1659907,22.14765101,3.761589404
1660163,22.17561521,3.708609272
1660418,22.14765101,3.708609272
1660674,22.14765101,3.78807947
1660930,22.14765101,3.735099338
1661186,22.1196868,3.708609272
1661442,22.1196868,3.761589404
1661698,22.1196868,3.735099338
1661953,22.1196868,3.655629139
1662209,22.1196868,3.761589404
1662465,22.14765101,3.682119205
1662721,22.1196868,3.78807947
1662977,22.14765101,3.814569536
1663233,22.1196868,3.708609272
1663489,22.14765101,3.708609272
1663744,22.14765101,3.708609272
1664000,22.14765101,3.761589404
1664256,22.14765101,3.735099338
1664512,22.14765101,3.78807947
1664768,22.14765101,3.735099338
1665024,22.14765101,3.682119205
1665278,22.14765101,3.735099338
1665528,22.14765101,3.655629139
1665778,22.14765101,3.708609272
1666028,22.14765101,3.814569536
1666284,22.14765101,3.761589404
1666539,22.1196868,3.761589404
1666789,22.14765101,3.682119205
1667039,22.14765101,3.682119205
1667289,22.14765101,3.761589404
1667544,22.14765101,3.708609272
1667800,22.14765101,3.57615894
1668056,22.14765101,3.78807947
1668312,22.14765101,3.735099338
1668568,22.14765101,3.682119205
1668824,22.14765101,3.761589404
1669080,22.14765101,3.735099338
1669335,22.14765101,3.682119205
1669591,22.14765101,3.735099338
1669847,22.14765101,3.735099338
1670103,22.14765101,3.735099338
1670359,22.1196868,3.655629139
1670615,22.14765101,3.735099338
1670870,22.1196868,3.735099338
1671126,22.1196868,3.682119205
1671382,22.1196868,3.708609272
1671638,22.14765101,3.814569536
1671894,22.14765101,3.735099338
1672150,22.17561521,3.708609272
1672404,22.14765101,3.708609272
1672654,22.14765101,3.735099338
1672904,22.14765101,3.78807947
1673154,22.14765101,3.682119205
1673410,22.14765101,3.814569536
1673665,22.1196868,3.814569536
1673915,22.14765101,3.735099338
1674165,22.14765101,3.761589404
1674415,22.1196868,3.761589404
1674671,22.14765101,3.682119205
1674926,22.1196868,3.761589404
1675182,22.14765101,3.629139073
1675438,22.1196868,3.708609272
1675694,22.1196868,3.708609272
1675950,22.14765101,3.735099338
1676206,22.1196868,3.708609272
1676461,22.14765101,3.655629139
1676717,22.14765101,3.682119205
1676973,22.14765101,3.602649007
1677229,22.14765101,3.78807947
1677485,22.14765101,3.841059603
1677741,22.14765101,3.761589404
1677996,22.14765101,3.814569536
1678252,22.14765101,3.761589404
1678508,22.14765101,3.708609272
1678764,22.1196868,3.708609272
1679020,22.1196868,3.894039735
1679276,22.1196868,3.761589404
1679532,22.14765101,3.708609272
1679787,22.1196868,3.761589404
1680043,22.1196868,3.735099338
1680299,22.1196868,3.57615894
1680555,22.1196868,3.655629139
1680811,22.1196868,3.602649007
1681067,22.14765101,3.655629139
1681321,22.14765101,3.814569536
1681571,22.14765101,3.735099338
1681821,22.1196868,3.708609272
1682071,22.14765101,3.78807947
1682327,22.14765101,3.735099338
1682582,22.14765101,3.78807947
1682832,22.1196868,3.655629139
1683082,22.14765101,3.708609272
1683332,22.14765101,3.735099338
1683587,22.1196868,3.761589404
1683843,22.1196868,3.761589404
1684099,22.1196868,3.761589404
1684355,22.1196868,3.682119205
1684611,22.1196868,3.682119205
1684867,22.1196868,3.708609272
1685123,22.14765101,3.761589404
1685378,22.1196868,3.629139073
1685634,22.14765101,3.708609272
1685890,22.14765101,3.761589404
1686146,22.14765101,3.735099338
1686402,22.14765101,3.761589404
1686658,22.14765101,3.708609272
1686913,22.14765101,3.78807947
1687169,22.1196868,3.761589404
1687425,22.14765101,3.735099338
1687681,22.14765101,3.841059603
1687937,22.1196868,3.708609272
1688193,22.1196868,3.57615894
1688449,22.1196868,3.708609272
1688704,22.1196868,3.867549669
1688960,22.1196868,3.629139073
1689216,22.1196868,3.629139073
1689472,22.1196868,3.708609272
1689728,22.1196868,3.655629139
1689984,22.14765101,3.735099338
1690238,22.14765101,3.708609272
1690488,22.1196868,3.708609272
1690738,22.1196868,3.602649007
1690988,22.14765101,3.629139073
1691244,22.1196868,3.682119205
1691499,22.1196868,3.655629139
1691749,22.1196868,3.682119205
1691999,22.14765101,3.682119205
1692249,22.1196868,3.682119205
1692504,22.1196868,3.655629139
1692760,22.1196868,3.655629139
1693016,22.1196868,3.735099338
1693272,22.1196868,3.761589404
1693528,22.1196868,3.761589404
1693784,22.1196868,3.761589404
1694040,22.1196868,3.708609272
1694295,22.14765101,3.78807947
1694551,22.14765101,3.761589404
1694807,22.14765101,3.655629139
1695063,22.14765101,3.735099338
1695319,22.14765101,3.682119205
1695575,22.14765101,3.708609272
1695830,22.1196868,3.708609272
1696086,22.1196868,3.761589404
1696342,22.14765101,3.682119205
1696598,22.1196868,3.682119205
1696854,22.1196868,3.761589404
1697110,22.1196868,3.629139073
1697364,22.1196868,3.761589404
1697614,22.14765101,3.682119205
1697864,22.14765101,3.78807947
1698114,22.1196868,3.78807947
1698370,22.1196868,3.78807947
1698625,22.1196868,3.629139073
1698875,22.1196868,3.57615894
1699125,22.0917226,3.655629139
1699375,22.14765101,3.682119205
1699631,22.14765101,3.682119205
1699886,22.14765101,3.682119205
1700142,22.14765101,3.708609272
1700398,22.14765101,3.602649007
1700654,22.14765101,3.57615894
1700910,22.14765101,3.57615894
1701166,22.14765101,3.814569536
1701421,22.1196868,3.78807947
1701677,22.14765101,3.735099338
1701933,22.1196868,3.655629139
1702189,22.1196868,3.655629139
1702445,22.1196868,3.894039735
1702701,22.0917226,3.655629139
1702956,22.1196868,3.708609272
1703212,22.1196868,3.761589404
1703468,22.0917226,3.708609272
1703724,22.14765101,3.814569536
1703980,22.14765101,3.708609272
1704236,22.14765101,3.682119205
1704492,22.14765101,3.682119205
1704747,22.14765101,3.629139073
1705003,22.14765101,3.57615894
1705259,22.1196868,3.682119205
1705515,22.1196868,3.602649007
1705771,22.1196868,3.708609272
1706027,22.1196868,3.761589404
1706281,22.1196868,3.708609272
1706531,22.14765101,3.682119205
1706781,22.1196868,3.682119205
1707031,22.0917226,3.708609272
1707287,22.1196868,3.735099338
1707542,22.1196868,3.655629139
1707792,22.1196868,3.761589404
1708042,22.0917226,3.708609272
1708292,22.1196868,3.761589404
1708547,22.14765101,3.629139073
1708803,22.14765101,3.655629139
1709059,22.1196868,3.735099338
1709315,22.1196868,3.735099338
1709571,22.14765101,3.761589404
1709827,22.1196868,3.57615894
1710083,22.14765101,3.655629139
1710338,22.1196868,3.682119205
1710594,22.1196868,3.629139073
1710850,22.1196868,3.78807947
1711106,22.1196868,3.708609272
1711362,22.14765101,3.629139073
1711618,22.14765101,3.761589404
1711873,22.14765101,3.629139073
1712129,22.14765101,3.735099338
1712385,22.1196868,3.78807947
1712641,22.1196868,3.708609272
1712897,22.1196868,3.655629139
1713153,22.1196868,3.761589404
1713409,22.1196868,3.841059603
1713664,22.1196868,3.708609272
1713920,22.0917226,3.761589404
1714176,22.1196868,3.708609272
1714432,22.1196868,3.602649007
1714688,22.0917226,3.814569536
1714944,22.1196868,3.735099338
1715198,22.1196868,3.655629139
1715448,22.14765101,3.682119205
1715698,22.1196868,3.78807947
1715948,22.14765101,3.708609272
1716204,22.14765101,3.841059603
1716459,22.1196868,3.602649007
1716709,22.0917226,3.761589404
1716959,22.1196868,3.682119205
1717209,22.1196868,3.629139073
1717464,22.0917226,3.629139073
1717720,22.1196868,3.655629139
1717976,22.0917226,3.682119205
1718232,22.1196868,3.78807947
1718488,22.1196868,3.708609272
1718744,22.1196868,3.708609272
1719000,22.1196868,3.655629139
1719255,22.14765101,3.761589404
1719511,22.14765101,3.682119205
1719767,22.14765101,3.708609272
1720023,22.1196868,3.602649007
1720279,22.1196868,3.761589404
1720535,22.1196868,3.78807947
1720790,22.14765101,3.682119205
1721046,22.1196868,3.682119205
1721302,22.1196868,3.78807947
1721558,22.1196868,3.708609272
1721814,22.0917226,3.523178808
1722070,22.1196868,3.735099338
1722324,22.1196868,3.814569536
1722574,22.1196868,3.629139073
1722824,22.1196868,3.708609272
1723074,22.1196868,3.814569536
1723330,22.1196868,3.682119205
1723585,22.1196868,3.655629139
1723835,22.1196868,3.708609272
1724085,22.0917226,3.708609272
1724335,22.14765101,3.78807947
1724591,22.14765101,3.57615894
1724846,22.1196868,3.735099338
1725102,22.1196868,3.761589404
1725358,22.1196868,3.78807947
1725614,22.0917226,3.708609272
1725870,22.0917226,3.655629139
1726126,22.1196868,3.57615894
1726381,22.0917226,3.549668874
1726637,22.0917226,3.708609272
1726893,22.1196868,3.814569536
1727149,22.1196868,3.629139073
1727405,22.1196868,3.761589404
1727661,22.14765101,3.735099338
1727916,22.1196868,3.841059603
1728172,22.1196868,3.761589404
1728428,22.1196868,3.708609272
1728684,22.1196868,3.682119205
1728940,22.1196868,3.655629139
1729196,22.1196868,3.735099338
1729452,22.0917226,3.708609272
1729707,22.0917226,3.655629139
1729963,22.0917226,3.761589404
1730219,22.1196868,3.735099338
1730475,22.1196868,3.78807947
1730731,22.0917226,3.78807947
1730987,22.0917226,3.708609272
1731241,22.0917226,3.655629139
1731491,22.0917226,3.841059603
1731741,22.0917226,3.655629139
1731991,22.14765101,3.841059603
1732247,22.1196868,3.761589404
1732502,22.1196868,3.708609272
1732752,22.0917226,3.78807947
1733002,22.1196868,3.708609272
1733252,22.1196868,3.708609272
1733507,22.0917226,3.761589404
1733763,22.1196868,3.735099338
1734019,22.0917226,3.655629139
1734275,22.0917226,3.761589404
1734531,22.0917226,3.735099338
1734787,22.0917226,3.708609272
1735043,22.0917226,3.814569536
1735298,22.0917226,3.682119205
1735554,22.0917226,3.735099338
1735810,22.1196868,3.708609272
1736066,22.1196868,3.57615894
1736322,22.1196868,3.735099338
1736578,22.1196868,3.761589404
1736833,22.1196868,3.655629139
1737089,22.0917226,3.629139073
1737345,22.1196868,3.735099338
1737601,22.0917226,3.708609272
1737857,22.1196868,3.708609272
1738113,22.0917226,3.735099338
1738369,22.0917226,3.629139073
1738624,22.0917226,3.708609272
1738880,22.0917226,3.682119205
1739136,22.0917226,3.735099338
1739392,22.0917226,3.78807947
1739648,22.0917226,3.57615894
1739904,22.1196868,3.761589404
1740158,22.1196868,3.761589404
1740408,22.1196868,3.629139073
1740658,22.0917226,3.708609272
1740908,22.14765101,3.735099338
1741164,22.1196868,3.735099338
1741419,22.0917226,3.602649007
1741669,22.0917226,3.761589404
1741919,22.1196868,3.735099338
1742169,22.1196868,3.708609272
1742424,22.1196868,3.735099338
1742680,22.0917226,3.629139073
1742936,22.1196868,3.655629139
1743192,22.0917226,3.708609272
1743448,22.0917226,3.682119205
1743704,22.0917226,3.682119205
1743960,22.0917226,3.602649007
1744215,22.0917226,3.761589404
1744471,22.0917226,3.708609272
1744727,22.0917226,3.708609272
1744983,22.0917226,3.602649007
1745239,22.1196868,3.682119205
1745495,22.0917226,3.735099338
1745750,22.1196868,3.602649007
1746006,22.1196868,3.735099338
1746262,22.1196868,3.708609272
1746518,22.1196868,3.682119205
1746774,22.1196868,3.549668874
1747030,22.1196868,3.735099338
1747284,22.0917226,3.708609272
1747534,22.0917226,3.735099338
1747784,22.1196868,3.682119205
1748034,22.1196868,3.629139073
1748290,22.1196868,3.708609272
1748545,22.1196868,3.761589404
1748795,22.0917226,3.57615894
1749045,22.14765101,3.761589404
1749295,22.0917226,3.655629139
1749551,22.0917226,3.761589404
1749806,22.0917226,3.735099338
1750062,22.0917226,3.629139073
1750318,22.0917226,3.735099338
1750574,22.0917226,3.78807947
1750830,22.0917226,3.761589404
1751086,22.0917226,3.682119205
1751341,22.0917226,3.682119205
1751597,22.0917226,3.682119205
1751853,22.0917226,3.655629139
1752109,22.0917226,3.708609272
1752365,22.0917226,3.761589404
1752621,22.0917226,3.682119205
1752876,22.0917226,3.78807947
1753132,22.0917226,3.682119205
1753388,22.0917226,3.761589404
1753644,22.0917226,3.78807947
1753900,22.1196868,3.708609272
1754156,22.0917226,3.735099338
1754412,22.1196868,3.735099338
1754667,22.0917226,3.708609272
1754923,22.1196868,3.629139073
1755179,22.0917226,3.735099338
1755435,22.1196868,3.735099338
1755691,22.0917226,3.682119205
1755947,22.0917226,3.708609272
1756201,22.0917226,3.655629139
1756451,22.06375839,3.629139073
1756701,22.1196868,3.735099338
1756951,22.0917226,3.655629139
1757207,22.0917226,3.682119205
1757462,22.06375839,3.682119205
1757712,22.0917226,3.761589404
1757962,22.0917226,3.78807947
1758212,22.06375839,3.761589404
1758467,22.0917226,3.655629139
1758723,22.0917226,3.602649007
1758979,22.06375839,3.708609272
1759235,22.06375839,3.735099338
1759491,22.06375839,3.735099338
1759747,22.0917226,3.708609272
1760003,22.0917226,3.735099338
1760258,22.0917226,3.708609272
1760514,22.06375839,3.655629139
1760770,22.0917226,3.735099338
1761026,22.06375839,3.708609272
1761282,22.0917226,3.629139073
1761538,22.0917226,3.708609272
1761793,22.0917226,3.841059603
1762049,22.06375839,3.708609272
1762305,22.0917226,3.735099338
1762561,22.0917226,3.761589404
1762817,22.0917226,3.708609272
1763073,22.0917226,3.682119205
1763329,22.0917226,3.682119205
1763584,22.0917226,3.761589404
1763840,22.0917226,3.735099338
1764096,22.0917226,3.761589404
1764352,22.0917226,3.523178808
1764608,22.0917226,3.682119205
1764864,22.0917226,3.735099338
1765118,22.0917226,3.735099338
1765368,22.0917226,3.735099338
1765618,22.06375839,3.708609272
1765868,22.0917226,3.735099338
1766124,22.0917226,3.682119205
1766379,22.0917226,3.814569536
1766629,22.06375839,3.682119205
1766879,22.06375839,3.682119205
1767129,22.0917226,3.735099338
1767384,22.0917226,3.655629139
1767640,22.0917226,3.682119205
1767896,22.0917226,3.602649007
1768152,22.0917226,3.602649007
1768408,22.0917226,3.78807947
1768664,22.0917226,3.655629139
1768920,22.0917226,3.761589404
1769175,22.0917226,3.708609272
1769431,22.0917226,3.655629139
1769687,22.06375839,3.708609272
1769943,22.0917226,3.841059603
1770199,22.0917226,3.708609272
1770455,22.06375839,3.735099338
1770710,22.0917226,3.735099338
1770966,22.06375839,3.682119205
1771222,22.0917226,3.708609272
1771478,22.0917226,3.708609272
1771734,22.06375839,3.761589404
1771990,22.0917226,3.708609272
1772244,22.0917226,3.761589404
1772494,22.0917226,3.682119205
1772744,22.06375839,3.629139073
1772994,22.0917226,3.78807947
1773250,22.0917226,3.78807947
1773505,22.0917226,3.655629139
1773755,22.0917226,3.761589404
1774005,22.06375839,3.735099338
1774255,22.0917226,3.682119205
1774511,22.0917226,3.761589404
1774766,22.0917226,3.735099338
1775022,22.0917226,3.78807947
1775278,22.0917226,3.761589404
1775534,22.0917226,3.735099338
1775790,22.0917226,3.655629139
1776046,22.0917226,3.708609272
1776301,22.0917226,3.761589404
1776557,22.0917226,3.708609272
1776813,22.0917226,3.735099338
1777069,22.0917226,3.682119205
1777325,22.06375839,3.655629139
1777581,22.0917226,3.549668874
1777836,22.06375839,3.841059603
1778092,22.06375839,3.682119205
1778348,22.0917226,3.682119205
1778604,22.06375839,3.735099338
1778860,22.0917226,3.735099338
1779116,22.0917226,3.602649007
1779372,22.0917226,3.602649007
1779627,22.0917226,3.57615894
1779883,22.0917226,3.682119205
1780139,22.0917226,3.708609272
1780395,22.1196868,3.814569536
1780651,22.0917226,3.682119205
1780907,22.0917226,3.708609272
1781161,22.0917226,3.655629139
1781411,22.06375839,3.655629139
1781661,22.0917226,3.761589404
1781911,22.0917226,3.708609272
1782167,22.06375839,3.735099338
1782422,22.0917226,3.682119205
1782672,22.0917226,3.78807947
1782922,22.0917226,3.655629139
1783172,22.06375839,3.655629139
1783427,22.06375839,3.57615894
1783683,22.06375839,3.708609272
1783939,22.06375839,3.761589404
1784195,22.0917226,3.655629139
1784451,22.0917226,3.682119205
1784707,22.06375839,3.602649007
1784963,22.0917226,3.761589404
1785218,22.06375839,3.735099338
1785474,22.0917226,3.682119205
1785730,22.0917226,3.761589404
1785986,22.0917226,3.629139073
1786242,22.0917226,3.682119205
1786498,22.1196868,3.735099338
1786753,22.0917226,3.682119205
1787009,22.0917226,3.629139073
1787265,22.06375839,3.761589404
1787521,22.0917226,3.708609272
1787777,22.0917226,3.655629139
1788033,22.06375839,3.735099338
1788289,22.0917226,3.761589404
1788544,22.06375839,3.761589404
1788800,22.06375839,3.735099338
1789056,22.06375839,3.682119205
1789312,22.06375839,3.708609272
1789568,22.0917226,3.655629139
1789824,22.06375839,3.735099338
1790078,22.06375839,3.761589404
1790328,22.0917226,3.735099338
1790578,22.0917226,3.708609272
1790828,22.0917226,3.708609272
1791084,22.06375839,3.761589404
1791339,22.06375839,3.708609272
1791589,22.0917226,3.735099338
1791839,22.0917226,3.629139073
1792089,22.0917226,3.629139073
1792344,22.0917226,3.682119205
1792600,22.0917226,3.708609272
1792856,22.0917226,3.708609272
1793112,22.0917226,3.629139073
1793368,22.06375839,3.814569536
1793624,22.06375839,3.735099338
1793880,22.0917226,3.629139073
1794135,22.0917226,3.629139073
1794391,22.06375839,3.708609272
1794647,22.0917226,3.682119205
1794903,22.06375839,3.602649007
1795159,22.0917226,3.655629139
1795415,22.0917226,3.708609272
1795670,22.06375839,3.655629139
1795926,22.06375839,3.78807947
1796182,22.06375839,3.655629139
1796438,22.06375839,3.708609272
1796694,22.06375839,3.735099338
1796950,22.06375839,3.682119205
1797204,22.06375839,3.708609272
1797454,22.0917226,3.78807947
1797704,22.06375839,3.682119205
1797954,22.0917226,3.761589404
1798210,22.0917226,3.761589404
1798465,22.0917226,3.761589404
1798715,22.06375839,3.602649007
1798965,22.06375839,3.78807947
1799215,22.0917226,3.602649007
1799471,22.06375839,3.761589404
1799726,22.0917226,3.629139073
1799982,22.06375839,3.708609272
1800238,22.0917226,3.814569536
1800494,22.0917226,3.682119205
1800750,22.0917226,3.735099338
1801006,22.06375839,3.602649007
1801261,22.06375839,3.602649007
1801517,22.06375839,3.841059603
1801773,22.06375839,3.761589404
1802029,22.06375839,3.602649007
1802285,22.03579418,3.655629139
1802541,22.03579418,3.708609272
1802796,22.06375839,3.708609272
1803052,22.06375839,3.682119205
1803308,22.06375839,3.735099338
1803564,22.06375839,3.682119205
1803820,22.06375839,3.655629139
1804076,22.06375839,3.682119205
1804332,22.0917226,3.682119205
1804587,22.0917226,3.78807947
1804843,22.0917226,3.682119205
1805099,22.06375839,3.682119205
1805355,22.0917226,3.629139073
1805611,22.0917226,3.57615894
1805867,22.0917226,3.655629139
1806121,22.0917226,3.708609272
1806371,22.03579418,3.735099338
1806621,22.0917226,3.735099338
1806871,22.0917226,3.735099338
1807127,22.06375839,3.655629139
1807382,22.06375839,3.602649007
1807632,22.03579418,3.629139073
1807882,22.0917226,3.814569536
1808132,22.06375839,3.549668874
1808387,22.06375839,3.655629139
1808643,22.06375839,3.655629139
1808899,22.06375839,3.655629139
1809155,22.06375839,3.655629139
1809411,22.06375839,3.602649007
1809667,22.06375839,3.735099338
1809923,22.06375839,3.682119205
1810178,22.06375839,3.735099338
1810434,22.06375839,3.761589404
1810690,22.03579418,3.655629139
1810946,22.06375839,3.761589404
1811202,22.06375839,3.682119205
1811458,22.06375839,3.682119205
1811713,22.06375839,3.708609272
1811969,22.0917226,3.655629139
1812225,22.0917226,3.682119205
1812481,22.06375839,3.761589404
1812737,22.0917226,3.78807947
1812993,22.06375839,3.549668874
1813249,22.06375839,3.708609272
1813504,22.0917226,3.78807947
1813760,22.0917226,3.708609272
1814016,22.06375839,3.655629139
1814272,22.0917226,3.629139073
1814528,22.0917226,3.708609272
1814784,22.0917226,3.655629139
1815038,22.06375839,3.735099338
1815288,22.06375839,3.761589404
1815538,22.06375839,3.549668874
1815788,22.06375839,3.78807947
1816044,22.06375839,3.735099338
1816299,22.06375839,3.735099338
1816549,22.06375839,3.735099338
1816799,22.0917226,3.629139073
1817049,22.06375839,3.629139073
1817304,22.06375839,3.708609272
1817560,22.06375839,3.761589404
1817816,22.06375839,3.708609272
1818072,22.06375839,3.682119205
1818328,22.06375839,3.655629139
1818584,22.03579418,3.682119205
1818840,22.06375839,3.708609272
1819095,22.06375839,3.735099338
1819351,22.06375839,3.735099338
1819607,22.06375839,3.655629139
1819863,22.06375839,3.761589404
1820119,22.06375839,3.602649007
1820375,22.06375839,3.682119205
1820630,22.0917226,3.682119205
1820886,22.06375839,3.761589404
1821142,22.0917226,3.708609272
1821398,22.0917226,3.682119205
1821654,22.06375839,3.523178808
1821910,22.06375839,3.682119205
1822164,22.06375839,3.735099338
1822414,22.06375839,3.735099338
1822664,22.06375839,3.708609272
1822914,22.06375839,3.761589404
1823170,22.03579418,3.761589404
1823425,22.03579418,3.602649007
1823675,22.06375839,3.78807947
1823925,22.06375839,3.682119205
1824175,22.06375839,3.629139073
1824431,22.06375839,3.735099338
1824686,22.06375839,3.682119205
1824942,22.03579418,3.549668874
1825198,22.06375839,3.682119205
1825454,22.0917226,3.655629139
1825710,22.06375839,3.894039735
1825966,22.0917226,3.655629139
1826221,22.06375839,3.708609272
1826477,22.0917226,3.735099338
1826733,22.06375839,3.682119205
1826989,22.06375839,3.761589404
1827245,22.06375839,3.655629139
1827501,22.03579418,3.78807947
1827756,22.03579418,3.735099338
1828012,22.03579418,3.682119205
1828268,22.03579418,3.602649007
1828524,22.03579418,3.761589404
1828780,22.03579418,3.629139073
1829036,22.06375839,3.708609272
1829292,22.06375839,3.867549669
1829547,22.03579418,3.735099338
1829803,22.06375839,3.708609272
1830059,22.06375839,3.761589404
1830315,22.0917226,3.735099338
1830571,22.06375839,3.735099338
1830827,22.06375839,3.629139073
1831081,22.06375839,3.549668874
1831331,22.03579418,3.602649007
1831581,22.0917226,3.682119205
1831831,22.03579418,3.602649007
1832087,22.03579418,3.814569536
1832342,22.03579418,3.761589404
1832592,22.06375839,3.629139073
1832842,22.06375839,3.629139073
1833092,22.03579418,3.735099338
1833347,22.06375839,3.629139073
1833603,22.03579418,3.735099338
1833859,22.03579418,3.629139073
1834115,22.03579418,3.655629139
1834371,22.06375839,3.602649007
1834627,22.06375839,3.629139073
1834883,22.06375839,3.682119205
1835138,22.06375839,3.682119205
1835394,22.06375839,3.814569536
1835650,22.06375839,3.549668874
1835906,22.06375839,3.655629139
1836162,22.06375839,3.708609272
1836418,22.06375839,3.761589404
1836673,22.03579418,3.78807947
1836929,22.03579418,3.814569536
1837185,22.06375839,3.602649007
1837441,22.03579418,3.682119205
1837697,22.06375839,3.78807947
1837953,22.06375839,3.655629139
1838209,22.06375839,3.602649007
1838464,22.06375839,3.602649007
1838720,22.06375839,3.761589404
1838976,22.0917226,3.682119205
1839232,22.06375839,3.735099338
1839488,22.06375839,3.549668874
1839744,22.06375839,3.708609272
1839998,22.06375839,3.761589404
1840248,22.03579418,3.708609272
1840498,22.06375839,3.735099338
1840748,22.03579418,3.708609272
1841004,22.03579418,3.708609272
1841259,22.03579418,3.761589404
1841509,22.06375839,3.708609272
1841759,22.03579418,3.655629139
1842009,22.03579418,3.708609272
1842264,22.03579418,3.655629139
1842520,22.06375839,3.708609272
1842776,22.06375839,3.761589404
1843032,22.06375839,3.629139073
1843288,22.06375839,3.708609272
1843544,22.06375839,3.708609272
1843800,22.06375839,3.655629139
1844055,22.03579418,3.682119205
1844311,22.06375839,3.682119205
1844567,22.03579418,3.57615894
1844823,22.03579418,3.735099338
1845079,22.06375839,3.682119205
1845335,22.03579418,3.708609272
1845590,22.03579418,3.708609272
1845846,22.03579418,3.682119205
1846102,22.06375839,3.78807947
1846358,22.06375839,3.602649007
1846614,22.03579418,3.602649007
1846870,22.06375839,3.57615894
1847124,22.06375839,3.708609272
1847374,22.06375839,3.655629139
1847624,22.03579418,3.57615894
1847874,22.06375839,3.602649007
1848130,22.06375839,3.655629139
1848385,22.06375839,3.655629139
1848635,22.03579418,3.78807947
1848885,22.06375839,3.735099338
1849135,22.03579418,3.78807947
1849391,22.03579418,3.629139073
1849646,22.03579418,3.708609272
1849902,22.03579418,3.655629139
1850158,22.03579418,3.629139073
1850414,22.03579418,3.735099338
1850670,22.06375839,3.708609272
1850926,22.03579418,3.814569536
1851181,22.03579418,3.735099338
1851437,22.03579418,3.682119205
1851693,22.03579418,3.682119205
1851949,22.06375839,3.735099338
1852205,22.06375839,3.78807947
1852461,22.06375839,3.761589404
1852716,22.06375839,3.57615894
1852972,22.06375839,3.735099338
1853228,22.03579418,3.708609272
1853484,22.03579418,3.655629139
1853740,22.06375839,3.682119205
1853996,22.03579418,3.655629139
1854252,22.03579418,3.735099338
1854507,22.03579418,3.629139073
1854763,22.03579418,3.655629139
1855019,22.03579418,3.682119205
1855275,22.06375839,3.549668874
1855531,22.03579418,3.629139073
1855787,22.03579418,3.602649007
1856041,22.06375839,3.735099338
1856291,22.03579418,3.655629139
1856541,22.03579418,3.602649007
1856791,22.06375839,3.708609272
1857047,22.06375839,3.629139073
1857302,22.03579418,3.761589404
1857552,22.03579418,3.655629139
1857802,22.03579418,3.682119205
1858052,22.03579418,3.682119205
1858307,22.03579418,3.761589404
1858563,22.03579418,3.682119205
1858819,22.03579418,3.549668874
1859075,22.03579418,3.682119205
1859331,22.03579418,3.682119205
1859587,22.03579418,3.629139073
1859843,22.03579418,3.761589404
1860098,22.03579418,3.78807947
1860354,22.03579418,3.655629139
1860610,22.03579418,3.629139073
1860866,22.06375839,3.735099338
1861122,22.06375839,3.629139073
1861378,22.06375839,3.57615894
1861633,22.03579418,3.602649007
1861889,22.03579418,3.682119205
1862145,22.03579418,3.655629139
1862401,22.03579418,3.629139073
1862657,22.03579418,3.735099338
1862913,22.03579418,3.57615894
1863169,22.03579418,3.708609272
1863424,22.03579418,3.735099338
1863680,22.03579418,3.735099338
1863936,22.03579418,3.735099338
1864192,22.03579418,3.629139073
1864448,22.03579418,3.682119205
1864704,22.03579418,3.655629139
1864958,22.03579418,3.682119205
1865208,22.03579418,3.761589404
1865458,22.03579418,3.655629139
1865708,22.06375839,3.682119205
1865964,22.06375839,3.682119205
1866219,22.06375839,3.57615894
1866469,22.03579418,3.708609272
1866719,22.06375839,3.682119205
1866969,22.03579418,3.682119205
1867224,22.03579418,3.682119205
1867480,22.03579418,3.629139073
1867736,22.00782998,3.602649007
1867992,22.03579418,3.629139073
1868248,22.03579418,3.655629139
1868504,22.03579418,3.735099338
1868760,22.03579418,3.602649007
1869015,22.03579418,3.629139073
1869271,22.03579418,3.682119205
1869527,22.03579418,3.682119205
1869783,22.03579418,3.57615894
1870039,22.03579418,3.57615894
1870295,22.06375839,3.708609272
1870550,22.03579418,3.549668874
1870806,22.03579418,3.761589404
1871062,22.03579418,3.629139073
1871318,22.03579418,3.735099338
1871574,22.00782998,3.655629139
1871830,22.03579418,3.629139073
1872084,22.03579418,3.655629139
1872334,22.03579418,3.549668874
1872584,22.03579418,3.682119205
1872834,22.03579418,3.708609272
1873090,22.03579418,3.602649007
1873345,22.03579418,3.655629139
1873595,22.03579418,3.655629139
1873845,22.03579418,3.78807947
1874095,22.03579418,3.708609272
1874351,22.03579418,3.655629139
1874606,22.03579418,3.708609272
1874862,22.03579418,3.682119205
1875118,22.03579418,3.602649007
1875374,22.03579418,3.682119205
1875630,22.03579418,3.708609272
1875886,22.03579418,3.629139073
1876141,22.03579418,3.735099338
1876397,22.03579418,3.708609272
1876653,22.03579418,3.682119205
1876909,22.03579418,3.57615894
1877165,22.03579418,3.761589404
1877421,22.06375839,3.629139073
1877676,22.03579418,3.655629139
1877932,22.03579418,3.655629139
1878188,22.03579418,3.708609272
1878444,22.03579418,3.629139073
1878700,22.03579418,3.682119205
1878956,22.03579418,3.708609272
1879212,22.00782998,3.735099338
1879467,22.00782998,3.708609272
1879723,22.00782998,3.682119205
1879979,22.03579418,3.629139073
1880235,22.03579418,3.814569536
1880491,22.03579418,3.708609272
1880747,22.03579418,3.629139073
1881001,22.03579418,3.655629139
1881251,22.03579418,3.602649007
1881501,22.00782998,3.629139073
1881751,22.03579418,3.735099338
1882007,22.03579418,3.629139073
1882262,22.03579418,3.57615894
1882512,22.00782998,3.629139073
1882762,22.03579418,3.57615894
1883012,22.03579418,3.735099338
1883267,22.03579418,3.602649007
1883523,22.03579418,3.602649007
1883779,22.03579418,3.629139073
1884035,22.00782998,3.682119205
1884291,22.03579418,3.655629139
1884547,22.00782998,3.655629139
1884803,22.03579418,3.708609272
1885058,22.03579418,3.735099338
1885314,22.03579418,3.602649007
1885570,22.03579418,3.57615894
1885826,22.03579418,3.735099338
1886082,22.03579418,3.655629139
1886338,22.03579418,3.655629139
1886593,22.03579418,3.682119205
1886849,22.03579418,3.602649007
1887105,22.03579418,3.655629139
1887361,22.03579418,3.708609272
1887617,22.03579418,3.708609272
1887873,22.00782998,3.708609272
1888129,22.03579418,3.655629139
1888384,22.00782998,3.655629139
1888640,22.03579418,3.735099338
1888896,22.03579418,3.708609272
1889152,22.00782998,3.655629139
1889408,22.03579418,3.735099338
1889664,22.03579418,3.602649007
1889918,22.03579418,3.655629139
1890168,22.03579418,3.708609272
1890418,22.03579418,3.655629139
1890668,22.03579418,3.655629139
1890924,22.03579418,3.682119205
1891179,22.03579418,3.549668874
1891429,22.00782998,3.708609272
1891679,22.03579418,3.708609272
1891929,22.03579418,3.629139073
1892184,22.00782998,3.761589404
1892440,22.00782998,3.549668874
1892696,22.00782998,3.629139073
1892952,22.03579418,3.682119205
1893208,22.00782998,3.814569536
1893464,22.03579418,3.708609272
1893720,22.00782998,3.761589404
1893975,22.03579418,3.655629139
1894231,22.03579418,3.708609272
1894487,22.03579418,3.602649007
1894743,22.03579418,3.602649007
1894999,22.03579418,3.682119205
1895255,22.03579418,3.708609272
1895510,22.03579418,3.602649007
1895766,22.03579418,3.602649007
1896022,22.03579418,3.682119205
1896278,22.03579418,3.78807947
1896534,22.03579418,3.655629139
1896790,22.03579418,3.761589404
1897044,22.03579418,3.682119205
1897294,22.00782998,3.735099338
1897544,22.03579418,3.629139073
1897794,22.00782998,3.78807947
1898050,22.00782998,3.655629139
1898305,22.00782998,3.549668874
1898555,22.03579418,3.57615894
1898805,22.00782998,3.708609272
1899055,22.03579418,3.655629139
1899311,22.03579418,3.682119205
1899566,22.03579418,3.602649007
1899822,22.03579418,3.735099338
1900078,22.03579418,3.761589404
1900334,22.03579418,3.735099338
1900590,22.03579418,3.549668874
1900846,22.03579418,3.602649007
1901101,22.03579418,3.735099338
1901357,22.03579418,3.682119205
1901613,22.03579418,3.629139073
1901869,22.00782998,3.682119205
1902125,22.00782998,3.682119205
1902381,22.00782998,3.761589404
1902636,22.00782998,3.735099338
1902892,22.03579418,3.708609272
1903148,22.00782998,3.78807947
1903404,22.03579418,3.708609272
1903660,22.03579418,3.655629139
1903916,22.03579418,3.735099338
1904172,22.03579418,3.708609272
1904427,22.03579418,3.735099338
1904683,22.03579418,3.735099338
1904939,22.03579418,3.57615894
1905195,22.03579418,3.602649007
1905451,22.00782998,3.841059603
1905707,22.00782998,3.682119205
1905961,22.00782998,3.629139073
1906211,22.00782998,3.735099338
1906461,22.03579418,3.761589404
1906711,22.00782998,3.655629139
1906967,22.00782998,3.761589404
1907222,22.00782998,3.78807947
1907472,22.03579418,3.682119205
1907722,22.03579418,3.655629139
1907972,22.00782998,3.682119205
1908227,22.00782998,3.708609272
1908483,22.00782998,3.761589404
1908739,22.03579418,3.708609272
1908995,22.03579418,3.655629139
1909251,22.03579418,3.78807947
1909507,22.03579418,3.708609272
1909763,22.03579418,3.708609272
1910018,22.03579418,3.655629139
1910274,22.03579418,3.682119205
1910530,22.03579418,3.761589404
1910786,22.03579418,3.867549669
1911042,22.00782998,3.655629139
1911298,22.00782998,3.735099338
1911553,22.00782998,3.735099338
1911809,22.00782998,3.761589404
1912065,22.00782998,3.735099338
1912321,22.03579418,3.867549669
1912577,22.00782998,3.735099338
1912833,22.00782998,3.682119205
1913089,21.97986577,3.602649007
1913344,22.00782998,3.708609272
1913600,22.00782998,3.655629139
1913856,22.00782998,3.629139073
1914112,22.00782998,3.682119205
1914368,22.00782998,3.682119205
1914624,22.00782998,3.682119205
1914878,22.00782998,3.629139073
1915128,22.00782998,3.682119205
1915378,22.00782998,3.708609272
1915628,22.00782998,3.629139073
1915884,22.03579418,3.814569536
1916139,22.03579418,3.735099338
1916389,22.03579418,3.708609272
1916639,22.03579418,3.761589404
1916889,22.03579418,3.682119205
1917144,22.03579418,3.549668874
1917400,22.03579418,3.655629139
1917656,22.03579418,3.735099338
1917912,22.00782998,3.496688742
1918168,22.00782998,3.682119205
1918424,22.00782998,3.682119205
1918680,22.00782998,3.708609272
1918935,22.00782998,3.682119205
1919191,22.00782998,3.735099338
1919447,22.00782998,3.708609272
1919703,21.97986577,3.602649007
1919959,22.00782998,3.682119205
1920215,22.00782998,3.629139073
1920470,21.97986577,3.735099338
1920726,22.00782998,3.708609272
1920982,22.00782998,3.735099338
1921238,22.00782998,3.602649007
1921494,22.03579418,3.602649007
1921750,22.00782998,3.761589404
1922004,22.03579418,3.761589404
1922254,22.03579418,3.655629139
1922504,22.00782998,3.602649007
1922754,22.03579418,3.708609272
1923010,22.03579418,3.682119205
1923265,22.00782998,3.655629139
1923515,22.00782998,3.655629139
1923765,22.03579418,3.708609272
1924015,22.00782998,3.655629139
1924271,22.00782998,3.708609272
1924526,22.00782998,3.708609272
1924782,22.00782998,3.629139073
1925038,22.00782998,3.629139073
1925294,21.97986577,3.602649007
1925550,22.00782998,3.761589404
1925806,22.00782998,3.735099338
1926061,21.97986577,3.761589404
1926317,22.00782998,3.655629139
1926573,22.00782998,3.708609272
1926829,22.00782998,3.57615894
1927085,22.00782998,3.761589404
1927341,22.00782998,3.655629139
1927596,22.00782998,3.655629139
1927852,22.00782998,3.682119205
1928108,22.03579418,3.629139073
1928364,22.03579418,3.655629139
1928620,22.03579418,3.682119205
1928876,22.03579418,3.682119205
1929132,22.00782998,3.708609272
1929387,22.00782998,3.655629139
1929643,22.00782998,3.708609272
1929899,22.03579418,3.708609272
1930155,22.00782998,3.629139073
1930411,22.00782998,3.655629139
1930667,22.00782998,3.682119205
1930921,22.00782998,3.682119205
1931171,21.97986577,3.57615894
1931421,22.03579418,3.602649007
1931671,22.00782998,3.708609272
1931927,22.00782998,3.735099338
1932182,22.00782998,3.602649007
1932432,22.00782998,3.735099338
1932682,22.03579418,3.735099338
1932932,21.97986577,3.682119205
1933187,22.00782998,3.655629139
1933443,22.00782998,3.629139073
1933699,22.00782998,3.682119205
1933955,22.00782998,3.708609272
1934211,21.97986577,3.708609272
1934467,21.97986577,3.682119205
1934723,21.97986577,3.57615894
1934978,22.00782998,3.814569536
1935234,22.00782998,3.629139073
1935490,22.00782998,3.735099338
1935746,22.00782998,3.523178808
1936002,22.03579418,3.682119205
1936258,22.00782998,3.682119205
1936513,22.03579418,3.735099338
1936769,22.03579418,3.78807947
1937025,22.00782998,3.78807947
1937281,22.00782998,3.761589404
1937537,22.00782998,3.682119205
1937793,22.00782998,3.682119205
1938049,22.00782998,3.682119205
1938304,22.00782998,3.602649007
1938560,22.00782998,3.57615894
1938816,22.00782998,3.735099338
1939072,22.00782998,3.841059603
1939328,22.00782998,3.735099338
1939584,21.97986577,3.602649007
1939838,21.97986577,3.682119205
1940088,22.00782998,3.629139073
1940338,22.00782998,3.655629139
1940588,21.97986577,3.57615894
1940844,22.00782998,3.708609272
1941099,22.00782998,3.708609272
1941349,22.00782998,3.735099338
1941599,22.00782998,3.735099338
1941849,22.00782998,3.682119205
1942104,22.00782998,3.655629139
1942360,22.00782998,3.655629139
1942616,22.00782998,3.655629139
1942872,22.00782998,3.708609272
1943128,22.03579418,3.708609272
1943384,22.03579418,3.655629139
1943640,22.00782998,3.682119205
1943895,22.00782998,3.602649007
1944151,22.00782998,3.735099338
1944407,22.00782998,3.602649007
1944663,22.00782998,3.57615894
1944919,22.00782998,3.629139073
1945175,22.00782998,3.708609272
1945430,22.00782998,3.708609272
1945686,21.97986577,3.655629139
1945942,21.97986577,3.708609272
1946198,21.97986577,3.682119205
1946454,21.97986577,3.523178808
1946710,21.97986577,3.682119205
1946964,22.00782998,3.602649007
1947214,22.03579418,3.655629139
1947464,21.97986577,3.708609272
1947714,21.97986577,3.682119205
1947970,21.97986577,3.708609272
1948225,22.00782998,3.655629139
1948475,21.97986577,3.735099338
1948725,21.97986577,3.78807947
1948975,22.03579418,3.735099338
1949231,22.03579418,3.708609272
1949486,22.00782998,3.629139073
1949742,22.00782998,3.78807947
1949998,22.00782998,3.78807947
1950254,22.00782998,3.57615894
1950510,22.00782998,3.549668874
1950766,22.00782998,3.655629139
1951021,22.00782998,3.761589404
1951277,21.97986577,3.708609272
1951533,21.97986577,3.708609272
1951789,21.97986577,3.78807947
1952045,21.97986577,3.602649007
1952301,21.97986577,3.655629139
1952556,21.97986577,3.682119205
1952812,21.97986577,3.682119205
1953068,21.97986577,3.708609272
1953324,22.00782998,3.761589404
1953580,22.00782998,3.735099338
1953836,22.00782998,3.682119205
1954092,22.00782998,3.761589404
1954347,22.00782998,3.629139073
1954603,22.00782998,3.735099338
1954859,22.00782998,3.655629139
1955115,22.00782998,3.682119205
1955371,22.00782998,3.602649007
1955627,22.00782998,3.841059603
1955881,22.00782998,3.708609272
1956131,21.97986577,3.708609272
1956381,22.00782998,3.708609272
1956631,21.97986577,3.549668874
1956887,21.97986577,3.708609272
1957142,21.97986577,3.682119205
1957392,22.00782998,3.682119205
1957642,21.97986577,3.682119205
1957892,21.97986577,3.629139073
1958147,21.97986577,3.682119205
1958403,21.97986577,3.761589404
1958659,21.97986577,3.655629139
1958915,21.97986577,3.602649007
1959171,21.97986577,3.655629139
1959427,21.97986577,3.682119205
1959683,22.03579418,3.708609272
1959938,22.00782998,3.629139073
1960194,22.00782998,3.629139073
1960450,22.03579418,3.708609272
1960706,22.00782998,3.708609272
1960962,22.00782998,3.708609272
1961218,21.97986577,3.549668874
1961473,22.00782998,3.602649007
1961729,22.00782998,3.761589404
1961985,22.00782998,3.655629139
1962241,22.00782998,3.655629139
1962497,21.97986577,3.602649007
1962753,21.97986577,3.708609272
1963009,21.97986577,3.708609272
1963264,21.97986577,3.655629139
1963520,21.97986577,3.78807947
1963776,21.97986577,3.682119205
1964032,21.97986577,3.523178808
1964288,21.97986577,3.655629139
1964544,21.97986577,3.682119205
1964798,21.97986577,3.682119205
1965048,22.00782998,3.629139073
1965298,21.97986577,3.602649007
1965548,21.97986577,3.761589404
1965804,22.00782998,3.629139073
1966059,22.00782998,3.708609272
1966309,21.97986577,3.57615894
1966559,21.97986577,3.735099338
1966809,21.97986577,3.629139073
1967064,22.00782998,3.735099338
1967320,22.00782998,3.602649007
1967576,22.00782998,3.602649007
1967832,22.00782998,3.682119205
1968088,22.00782998,3.682119205
1968344,22.00782998,3.708609272
1968600,22.00782998,3.523178808
1968855,21.97986577,3.682119205
1969111,21.97986577,3.629139073
1969367,21.97986577,3.814569536
1969623,21.97986577,3.735099338
1969879,21.97986577,3.735099338
1970135,21.97986577,3.708609272
1970390,21.97986577,3.735099338
1970646,21.95190157,3.523178808
1970902,21.95190157,3.629139073
1971158,21.97986577,3.682119205
1971414,21.97986577,3.761589404
1971670,21.97986577,3.602649007
1971924,21.97986577,3.78807947
1972174,21.97986577,3.655629139
1972424,21.97986577,3.761589404
1972674,21.97986577,3.602649007
1972930,22.00782998,3.655629139
1973185,22.00782998,3.735099338
1973435,21.97986577,3.735099338
1973685,21.95190157,3.629139073
1973935,22.00782998,3.841059603
1974191,22.00782998,3.708609272
1974446,21.97986577,3.682119205
1974702,21.97986577,3.655629139
1974958,21.97986577,3.682119205
1975214,21.97986577,3.814569536
1975470,21.97986577,3.602649007
1975726,21.97986577,3.57615894
1975981,21.95190157,3.735099338
1976237,21.97986577,3.735099338
1976493,21.97986577,3.708609272
1976749,21.97986577,3.655629139
1977005,21.95190157,3.708609272
1977261,21.95190157,3.629139073
1977516,21.97986577,3.735099338
1977772,21.97986577,3.761589404
1978028,21.97986577,3.735099338
1978284,21.97986577,3.708609272
1978540,21.97986577,3.761589404
1978796,22.00782998,3.602649007
1979052,22.00782998,3.682119205
1979307,21.97986577,3.708609272
1979563,21.97986577,3.682119205
1979819,21.97986577,3.708609272
1980075,21.97986577,3.682119205
1980331,21.97986577,3.708609272
1980587,22.00782998,3.655629139
1980841,21.97986577,3.602649007
1981091,21.97986577,3.735099338
1981341,21.97986577,3.708609272
1981591,21.97986577,3.841059603
1981847,21.95190157,3.708609272
1982102,21.95190157,3.735099338
1982352,21.97986577,3.655629139
1982602,21.97986577,3.682119205
1982852,21.97986577,3.708609272
1983107,21.97986577,3.761589404
1983363,21.97986577,3.629139073
1983619,21.97986577,3.682119205
1983875,21.97986577,3.549668874
1984131,21.97986577,3.602649007
1984387,21.97986577,3.655629139
1984643,21.97986577,3.761589404
1984898,21.97986577,3.629139073
1985154,21.97986577,3.708609272
1985410,22.00782998,3.655629139
1985666,21.97986577,3.602649007
1985922,21.97986577,3.682119205
1986178,21.97986577,3.708609272
1986433,22.00782998,3.735099338
1986689,21.97986577,3.735099338
1986945,21.97986577,3.78807947
1987201,21.97986577,3.682119205
1987457,21.97986577,3.78807947
1987713,21.97986577,3.735099338
1987969,21.97986577,3.655629139
1988224,21.97986577,3.735099338
1988480,21.97986577,3.655629139
1988736,21.97986577,3.655629139
1988992,21.97986577,3.629139073
1989248,21.97986577,3.682119205
1989504,21.97986577,3.523178808
1989758,21.97986577,3.629139073
1990008,21.97986577,3.57615894
1990258,21.97986577,3.602649007
1990508,21.97986577,3.682119205
1990764,21.97986577,3.708609272
1991019,21.95190157,3.655629139
1991269,22.00782998,3.629139073
1991519,21.97986577,3.655629139
1991769,21.95190157,3.629139073
1992024,21.97986577,3.708609272
1992280,21.97986577,3.761589404
1992536,21.97986577,3.655629139
1992792,21.95190157,3.682119205
1993048,21.97986577,3.78807947
1993304,21.97986577,3.57615894
1993560,21.97986577,3.708609272
1993815,22.00782998,3.814569536
1994071,21.97986577,3.682119205
1994327,21.97986577,3.682119205
1994583,21.97986577,3.682119205
1994839,22.00782998,3.708609272
1995095,21.97986577,3.629139073
1995350,21.97986577,3.602649007
1995606,21.97986577,3.655629139
1995862,21.97986577,3.761589404
1996118,21.97986577,3.708609272
1996374,21.97986577,3.708609272
1996630,21.97986577,3.761589404
1996884,21.97986577,3.682119205
1997134,21.95190157,3.682119205
1997384,22.00782998,3.735099338
1997634,21.97986577,3.682119205
1997890,21.95190157,3.761589404
1998145,21.95190157,3.708609272
1998395,21.95190157,3.629139073
1998645,21.97986577,3.708609272
1998895,21.97986577,3.57615894
1999151,21.97986577,3.629139073
1999406,21.97986577,3.57615894
1999662,21.97986577,3.735099338
1999918,21.95190157,3.57615894
2000174,21.95190157,3.682119205
2000430,21.97986577,3.735099338
2000686,21.95190157,3.602649007
2000941,21.97986577,3.735099338
2001197,21.95190157,3.735099338
2001453,21.97986577,3.761589404
2001709,21.97986577,3.735099338
2001965,21.97986577,3.602649007
2002221,21.97986577,3.602649007
2002476,21.97986577,3.602649007
2002732,21.97986577,3.761589404
2002988,21.97986577,3.708609272
2003244,21.97986577,3.655629139
2003500,21.97986577,3.708609272
2003756,21.97986577,3.629139073
2004012,21.97986577,3.708609272
2004267,21.97986577,3.629139073
2004523,21.97986577,3.735099338
2004779,21.95190157,3.629139073
2005035,21.95190157,3.57615894
2005291,21.97986577,3.735099338
2005547,21.95190157,3.735099338
2005801,21.97986577,3.629139073
2006051,21.97986577,3.549668874
2006301,21.95190157,3.708609272
2006551,21.95190157,3.761589404
2006807,21.95190157,3.708609272
2007062,21.95190157,3.682119205
2007312,21.97986577,3.682119205
2007562,21.95190157,3.682119205
2007812,21.95190157,3.682119205
2008067,21.97986577,3.708609272
2008323,21.95190157,3.602649007
2008579,21.97986577,3.708609272
2008835,21.97986577,3.682119205
2009091,21.95190157,3.708609272
2009347,21.97986577,3.655629139
2009603,21.97986577,3.57615894
2009858,21.95190157,3.735099338
2010114,21.95190157,3.682119205
2010370,21.95190157,3.682119205
2010626,21.95190157,3.814569536
2010882,21.95190157,3.655629139
2011138,21.95190157,3.761589404
2011393,21.95190157,3.682119205
2011649,21.95190157,3.682119205
2011905,21.95190157,3.735099338
2012161,21.97986577,3.655629139
2012417,21.97986577,3.682119205
2012673,21.97986577,3.735099338
2012929,21.97986577,3.735099338
2013184,21.97986577,3.549668874
2013440,21.95190157,3.655629139
2013696,21.97986577,3.655629139
2013952,21.97986577,3.735099338
2014208,21.97986577,3.602649007
2014464,21.95190157,3.655629139
2014718,21.95190157,3.629139073
2014968,21.97986577,3.761589404
2015218,21.95190157,3.629139073
2015468,21.95190157,3.682119205
2015724,21.95190157,3.655629139
2015979,21.95190157,3.708609272
2016229,21.97986577,3.629139073
2016479,21.97986577,3.761589404
2016729,21.95190157,3.629139073
2016984,21.95190157,3.655629139
2017240,21.97986577,3.629139073
2017496,21.97986577,3.735099338
2017752,21.97986577,3.655629139
2018008,21.97986577,3.708609272
2018264,21.97986577,3.655629139
2018520,21.97986577,3.735099338
2018775,21.97986577,3.629139073
2019031,21.97986577,3.708609272
2019287,21.97986577,3.655629139
2019543,21.95190157,3.655629139
2019799,21.95190157,3.735099338
2020055,21.97986577,3.761589404
2020310,21.95190157,3.602649007
2020566,21.95190157,3.682119205
2020822,21.95190157,3.841059603
2021078,21.95190157,3.708609272
2021334,21.95190157,3.78807947
2021590,21.92393736,3.655629139
2021844,21.95190157,3.735099338
2022094,21.97986577,3.655629139
2022344,21.97986577,3.629139073
2022594,21.95190157,3.682119205
2022850,21.95190157,3.655629139
2023105,21.95190157,3.602649007
2023355,21.95190157,3.629139073
2023605,21.95190157,3.629139073
2023855,21.97986577,3.602649007
2024111,21.95190157,3.602649007
2024366,21.95190157,3.682119205
2024622,21.97986577,3.708609272
2024878,21.95190157,3.682119205
2025134,21.97986577,3.629139073
2025390,21.97986577,3.761589404
2025646,21.97986577,3.682119205
2025901,21.97986577,3.629139073
2026157,21.97986577,3.655629139
2026413,21.95190157,3.708609272
2026669,21.95190157,3.814569536
2026925,21.97986577,3.655629139
2027181,21.95190157,3.708609272
2027436,21.95190157,3.629139073
2027692,21.95190157,3.708609272
2027948,21.95190157,3.682119205
2028204,21.95190157,3.629139073
2028460,21.95190157,3.629139073
2028716,21.95190157,3.735099338
2028972,21.95190157,3.867549669
2029227,21.95190157,3.682119205
2029483,21.92393736,3.602649007
2029739,21.95190157,3.78807947
2029995,21.95190157,3.655629139
2030251,21.95190157,3.814569536
2030507,21.95190157,3.682119205
2030761,21.95190157,3.470198675
2031011,21.97986577,3.761589404
2031261,21.95190157,3.629139073
2031511,21.95190157,3.57615894
2031767,21.97986577,3.735099338
2032022,21.97986577,3.841059603
2032272,21.95190157,3.735099338
2032522,21.92393736,3.682119205
2032772,21.95190157,3.841059603
2033027,21.97986577,3.735099338
2033283,21.95190157,3.549668874
2033539,21.97986577,3.814569536
2033795,21.95190157,3.523178808
2034051,21.95190157,3.735099338
2034307,21.97986577,3.682119205
2034563,21.97986577,3.708609272
2034818,21.95190157,3.814569536
2035074,21.95190157,3.814569536
2035330,21.95190157,3.682119205
2035586,21.95190157,3.708609272
2035842,21.95190157,3.655629139
2036098,21.95190157,3.78807947
2036353,21.92393736,3.629139073
2036609,21.92393736,3.682119205
2036865,21.95190157,3.629139073
2037121,21.95190157,3.682119205
2037377,21.95190157,3.682119205
2037633,21.95190157,3.655629139
2037889,21.95190157,3.629139073
2038144,21.95190157,3.682119205
2038400,21.95190157,3.708609272
2038656,21.95190157,3.655629139
2038912,21.97986577,3.708609272
2039168,21.95190157,3.549668874
2039424,21.95190157,3.682119205
2039678,21.97986577,3.655629139
2039928,21.95190157,3.629139073
2040178,21.92393736,3.602649007
2040428,21.97986577,3.682119205
2040684,21.95190157,3.761589404
2040939,21.95190157,3.682119205
2041189,21.92393736,3.682119205
2041439,21.95190157,3.761589404
2041689,21.95190157,3.629139073
2041944,21.97986577,3.708609272
2042200,21.97986577,3.682119205
2042456,21.97986577,3.708609272
2042712,21.97986577,3.682119205
2042968,21.95190157,3.57615894
2043224,21.92393736,3.655629139
2043480,21.92393736,3.655629139
2043735,21.95190157,3.655629139
2043991,21.92393736,3.708609272
2044247,21.95190157,3.682119205
2044503,21.92393736,3.682119205
2044759,21.95190157,3.708609272
2045015,21.92393736,3.761589404
2045270,21.92393736,3.549668874
2045526,21.95190157,3.708609272
2045782,21.97986577,3.708609272
2046038,21.97986577,3.78807947
2046294,21.97986577,3.57615894
2046550,21.97986577,3.735099338
2046804,21.95190157,3.655629139
2047054,21.95190157,3.735099338
2047304,21.95190157,3.761589404
2047554,21.95190157,3.655629139
2047810,21.95190157,3.708609272
2048065,21.95190157,3.708609272
2048315,21.95190157,3.655629139
2048565,21.95190157,3.629139073
2048815,21.95190157,3.682119205
2049071,21.95190157,3.57615894
2049326,21.92393736,3.735099338
2049582,21.95190157,3.629139073
2049838,21.95190157,3.629139073
2050094,21.92393736,3.735099338
2050350,21.95190157,3.655629139
2050606,21.95190157,3.708609272
2050861,21.95190157,3.655629139
2051117,21.95190157,3.682119205
2051373,21.95190157,3.735099338
2051629,21.95190157,3.708609272
2051885,21.97986577,3.682119205
2052141,21.95190157,3.655629139
2052396,21.95190157,3.682119205
2052652,21.92393736,3.708609272
2052908,21.92393736,3.629139073
2053164,21.92393736,3.708609272
2053420,21.92393736,3.629139073
2053676,21.92393736,3.523178808
2053932,21.92393736,3.57615894
2054187,21.95190157,3.78807947
2054443,21.95190157,3.682119205
2054699,21.95190157,3.682119205
2054955,21.97986577,3.655629139
2055211,21.95190157,3.523178808
2055467,21.95190157,3.682119205
2055721,21.95190157,3.602649007
2055971,21.92393736,3.761589404
2056221,21.95190157,3.708609272
2056471,21.95190157,3.629139073
2056727,21.95190157,3.682119205
2056982,21.92393736,3.496688742
2057232,21.92393736,3.708609272
2057482,21.95190157,3.682119205
2057732,21.92393736,3.78807947
2057987,21.95190157,3.682119205
2058243,21.92393736,3.682119205
2058499,21.92393736,3.655629139
2058755,21.92393736,3.708609272
2059011,21.95190157,3.682119205
2059267,21.95190157,3.708609272
2059523,21.95190157,3.682119205
2059778,21.95190157,3.602649007
2060034,21.95190157,3.655629139
2060290,21.95190157,3.761589404
2060546,21.95190157,3.682119205
2060802,21.95190157,3.708609272
2061058,21.95190157,3.708609272
2061313,21.92393736,3.602649007
2061569,21.95190157,3.708609272
2061825,21.92393736,3.708609272
2062081,21.92393736,3.629139073
2062337,21.92393736,3.814569536
2062593,21.92393736,3.682119205
2062849,21.95190157,3.602649007
2063104,21.92393736,3.761589404
2063360,21.92393736,3.761589404
2063616,21.92393736,3.735099338
2063872,21.95190157,3.655629139
2064128,21.92393736,3.78807947
2064384,21.95190157,3.761589404
2064638,21.95190157,3.682119205
2064888,21.92393736,3.57615894
2065138,21.92393736,3.629139073
2065388,21.97986577,3.602649007
2065644,21.95190157,3.629139073
2065899,21.95190157,3.682119205
2066149,21.95190157,3.735099338
2066399,21.92393736,3.682119205
2066649,21.95190157,3.602649007
2066904,21.92393736,3.735099338
2067160,21.92393736,3.735099338
2067416,21.95190157,3.708609272
2067672,21.95190157,3.655629139
2067928,21.92393736,3.549668874
2068184,21.92393736,3.682119205
2068440,21.92393736,3.629139073
2068695,21.92393736,3.629139073
2068951,21.92393736,3.655629139
2069207,21.92393736,3.708609272
2069463,21.92393736,3.682119205
2069719,21.92393736,3.761589404
2069975,21.92393736,3.629139073
2070230,21.92393736,3.735099338
2070486,21.92393736,3.735099338
2070742,21.92393736,3.682119205
2070998,21.92393736,3.57615894
2071254,21.95190157,3.682119205
2071510,21.95190157,3.708609272
2071764,21.95190157,3.602649007
2072014,21.92393736,3.602649007
2072264,21.92393736,3.655629139
2072514,21.95190157,3.735099338
2072770,21.95190157,3.602649007
2073025,21.95190157,3.735099338
2073275,21.92393736,3.761589404
2073525,21.92393736,3.523178808
2073775,21.92393736,3.682119205
2074031,21.92393736,3.57615894
2074286,21.92393736,3.602649007
2074542,21.95190157,3.655629139
2074798,21.92393736,3.629139073
2075054,21.92393736,3.655629139
2075310,21.92393736,3.735099338
2075566,21.92393736,3.602649007
2075821,21.92393736,3.708609272
2076077,21.92393736,3.708609272
2076333,21.92393736,3.761589404
2076589,21.92393736,3.735099338
2076845,21.92393736,3.735099338
2077101,21.92393736,3.708609272
2077356,21.92393736,3.841059603
2077612,21.95190157,3.602649007
2077868,21.95190157,3.682119205
2078124,21.95190157,3.57615894
2078380,21.95190157,3.682119205
2078636,21.95190157,3.708609272
2078892,21.95190157,3.655629139
2079147,21.95190157,3.708609272
2079403,21.95190157,3.761589404
2079659,21.92393736,3.602649007
2079915,21.92393736,3.629139073
2080171,21.95190157,3.629139073
2080427,21.92393736,3.602649007
2080681,21.95190157,3.708609272
2080931,21.92393736,3.708609272
2081181,21.95190157,3.602649007
2081431,21.92393736,3.735099338
2081687,21.92393736,3.655629139
2081942,21.92393736,3.655629139
2082192,21.92393736,3.682119205
2082442,21.95190157,3.708609272
2082692,21.92393736,3.708609272
2082947,21.89597315,3.78807947
2083203,21.92393736,3.682119205
2083459,21.92393736,3.682119205
2083715,21.92393736,3.655629139
2083971,21.92393736,3.629139073
2084227,21.92393736,3.708609272
2084483,21.92393736,3.602649007
2084738,21.92393736,3.549668874
2084994,21.92393736,3.655629139
2085250,21.92393736,3.708609272
2085506,21.92393736,3.78807947
2085762,21.92393736,3.682119205
2086018,21.92393736,3.57615894
2086273,21.95190157,3.735099338
2086529,21.95190157,3.629139073
2086785,21.95190157,3.655629139
2087041,21.95190157,3.735099338
2087297,21.95190157,3.708609272
2087553,21.92393736,3.629139073
2087809,21.92393736,3.523178808
2088064,21.92393736,3.57615894
2088320,21.92393736,3.629139073
2088576,21.92393736,3.708609272
2088832,21.92393736,3.682119205
2089088,21.92393736,3.735099338
2089344,21.92393736,3.629139073
2089598,21.92393736,3.682119205
2089848,21.92393736,3.655629139
2090098,21.95190157,3.735099338
2090348,21.92393736,3.655629139
2090604,21.89597315,3.602649007
2090859,21.92393736,3.708609272
2091109,21.95190157,3.841059603
2091359,21.92393736,3.655629139
2091609,21.92393736,3.655629139
2091864,21.92393736,3.78807947
2092120,21.92393736,3.708609272
2092376,21.92393736,3.761589404
2092632,21.95190157,3.708609272
2092888,21.95190157,3.682119205
2093144,21.92393736,3.655629139
2093400,21.92393736,3.708609272
2093655,21.92393736,3.735099338
2093911,21.92393736,3.602649007
2094167,21.92393736,3.655629139
2094423,21.95190157,3.708609272
2094679,21.92393736,3.708609272
2094935,21.92393736,3.708609272
2095190,21.92393736,3.682119205
2095446,21.92393736,3.682119205
2095702,21.92393736,3.735099338
2095958,21.92393736,3.708609272
2096214,21.92393736,3.735099338
2096470,21.92393736,3.708609272
2096724,21.89597315,3.682119205
2096974,21.92393736,3.655629139
2097224,21.92393736,3.708609272
2097474,21.89597315,3.735099338
2097730,21.89597315,3.735099338
2097985,21.92393736,3.602649007
2098235,21.92393736,3.682119205
2098485,21.89597315,3.629139073
2098735,21.92393736,3.629139073
2098991,21.92393736,3.761589404
2099246,21.92393736,3.708609272
2099502,21.92393736,3.682119205
2099758,21.92393736,3.549668874
2100014,21.92393736,3.735099338
2100270,21.92393736,3.682119205
2100526,21.92393736,3.655629139
2100781,21.95190157,3.629139073
2101037,21.92393736,3.761589404
2101293,21.92393736,3.708609272
2101549,21.92393736,3.629139073
2101805,21.92393736,3.682119205
2102061,21.92393736,3.57615894
2102316,21.92393736,3.602649007
2102572,21.92393736,3.655629139
2102828,21.92393736,3.78807947
2103084,21.92393736,3.78807947
2103340,21.92393736,3.629139073
2103596,21.92393736,3.735099338
2103852,21.92393736,3.682119205
2104107,21.92393736,3.735099338
2104363,21.92393736,3.629139073
2104619,21.89597315,3.761589404
2104875,21.92393736,3.682119205
2105131,21.92393736,3.655629139
2105387,21.92393736,3.602649007
2105641,21.92393736,3.761589404
2105891,21.92393736,3.761589404
2106141,21.92393736,3.682119205
2106391,21.92393736,3.57615894
2106647,21.89597315,3.549668874
2106902,21.92393736,3.655629139
2107152,21.92393736,3.655629139
2107402,21.92393736,3.682119205
2107652,21.89597315,3.682119205
2107907,21.92393736,3.602649007
2108163,21.92393736,3.57615894
2108419,21.89597315,3.761589404
2108675,21.89597315,3.57615894
2108931,21.89597315,3.78807947
2109187,21.89597315,3.682119205
2109443,21.92393736,3.57615894
2109698,21.92393736,3.735099338
2109954,21.92393736,3.655629139
2110210,21.92393736,3.682119205
2110466,21.92393736,3.708609272
2110722,21.92393736,3.655629139
2110978,21.92393736,3.682119205
2111233,21.89597315,3.682119205
2111489,21.92393736,3.708609272
2111745,21.92393736,3.629139073
2112001,21.95190157,3.655629139
2112257,21.92393736,3.629139073
2112513,21.92393736,3.682119205
2112769,21.92393736,3.496688742
2113024,21.92393736,3.57615894
2113280,21.92393736,3.682119205
2113536,21.92393736,3.735099338
2113792,21.92393736,3.655629139
2114048,21.92393736,3.761589404
2114304,21.92393736,3.57615894
2114558,21.92393736,3.682119205
2114808,21.92393736,3.735099338
2115058,21.92393736,3.708609272
2115308,21.92393736,3.708609272
2115564,21.92393736,3.629139073
2115819,21.89597315,3.602649007
2116069,21.89597315,3.708609272
2116319,21.92393736,3.655629139
2116569,21.89597315,3.655629139
2116824,21.89597315,3.655629139
2117080,21.89597315,3.602649007
2117336,21.89597315,3.602649007
2117592,21.89597315,3.655629139
2117848,21.89597315,3.708609272
2118104,21.92393736,3.682119205
2118360,21.89597315,3.629139073
2118615,21.89597315,3.708609272
2118871,21.92393736,3.549668874
2119127,21.89597315,3.629139073
2119383,21.92393736,3.655629139
2119639,21.92393736,3.735099338
2119895,21.92393736,3.708609272
2120150,21.92393736,3.682119205
2120406,21.92393736,3.761589404
2120662,21.92393736,3.682119205
2120918,21.92393736,3.629139073
2121174,21.92393736,3.814569536
2121430,21.92393736,3.735099338
2121684,21.92393736,3.655629139
2121934,21.89597315,3.682119205
2122184,21.92393736,3.629139073
2122434,21.89597315,3.708609272
2122690,21.92393736,3.682119205
2122945,21.92393736,3.655629139
2123195,21.89597315,3.761589404
2123445,21.92393736,3.761589404
2123695,21.89597315,3.708609272
2123951,21.89597315,3.655629139
2124206,21.89597315,3.682119205
2124462,21.89597315,3.708609272
2124718,21.92393736,3.682119205
2124974,21.89597315,3.682119205
2125230,21.89597315,3.629139073
2125486,21.92393736,3.708609272
2125741,21.89597315,3.549668874
2125997,21.92393736,3.655629139
2126253,21.92393736,3.682119205
2126509,21.92393736,3.57615894
2126765,21.89597315,3.708609272
2127021,21.92393736,3.708609272
2127276,21.89597315,3.629139073
2127532,21.89597315,3.735099338
2127788,21.92393736,3.655629139
2128044,21.89597315,3.735099338
2128300,21.89597315,3.682119205
2128556,21.89597315,3.761589404
2128812,21.89597315,3.761589404
2129067,21.89597315,3.682119205
2129323,21.89597315,3.841059603
2129579,21.89597315,3.708609272
2129835,21.92393736,3.602649007
2130091,21.92393736,3.735099338
2130347,21.92393736,3.523178808
2130601,21.92393736,3.549668874
2130851,21.89597315,3.708609272
2131101,21.92393736,3.735099338
2131351,21.92393736,3.655629139
2131607,21.92393736,3.629139073
2131862,21.89597315,3.496688742
2132112,21.89597315,3.629139073
2132362,21.92393736,3.708609272
2132612,21.89597315,3.682119205
2132867,21.89597315,3.57615894
2133123,21.89597315,3.655629139
2133379,21.86800895,3.629139073
2133635,21.89597315,3.655629139
2133891,21.92393736,3.761589404
2134147,21.89597315,3.735099338
2134403,21.89597315,3.602649007
2134658,21.89597315,3.629139073
2134914,21.89597315,3.57615894
2135170,21.92393736,3.629139073
2135426,21.89597315,3.655629139
2135682,21.92393736,3.735099338
2135938,21.92393736,3.57615894
2136193,21.89597315,3.708609272
2136449,21.92393736,3.682119205
2136705,21.92393736,3.682119205
2136961,21.89597315,3.629139073
2137217,21.89597315,3.57615894
2137473,21.89597315,3.655629139
2137729,21.89597315,3.523178808
2137984,21.89597315,3.655629139
2138240,21.89597315,3.655629139
2138496,21.89597315,3.708609272
2138752,21.86800895,3.655629139
2139008,21.89597315,3.735099338
2139264,21.86800895,3.655629139
2139518,21.89597315,3.708609272
2139768,21.92393736,3.602649007
2140018,21.89597315,3.523178808
2140268,21.89597315,3.735099338
2140524,21.89597315,3.708609272
2140779,21.89597315,3.682119205
2141029,21.92393736,3.708609272
2141279,21.89597315,3.655629139
2141529,21.89597315,3.708609272
2141784,21.89597315,3.655629139
2142040,21.92393736,3.629139073
2142296,21.89597315,3.629139073
2142552,21.92393736,3.682119205
2142808,21.92393736,3.655629139
2143064,21.92393736,3.549668874
2143320,21.89597315,3.629139073
2143575,21.92393736,3.735099338
2143831,21.89597315,3.602649007
2144087,21.89597315,3.602649007
2144343,21.89597315,3.735099338
2144599,21.89597315,3.602649007
2144855,21.89597315,3.655629139
2145110,21.89597315,3.735099338
2145366,21.89597315,3.549668874
2145622,21.89597315,3.708609272
2145878,21.89597315,3.629139073
2146134,21.89597315,3.867549669
2146390,21.89597315,3.682119205
2146644,21.89597315,3.735099338
2146894,21.89597315,3.708609272
2147144,21.89597315,3.682119205
2147394,21.92393736,3.602649007
2147650,21.92393736,3.655629139
2147905,21.89597315,3.708609272
2148155,21.86800895,3.708609272
2148405,21.89597315,3.629139073
2148655,21.89597315,3.629139073
2148911,21.89597315,3.655629139
2149166,21.89597315,3.655629139
2149422,21.89597315,3.708609272
2149678,21.89597315,3.57615894
2149934,21.86800895,3.735099338
2150190,21.89597315,3.655629139
2150446,21.89597315,3.708609272
2150701,21.89597315,3.57615894
2150957,21.89597315,3.682119205
2151213,21.89597315,3.682119205
2151469,21.89597315,3.57615894
2151725,21.89597315,3.682119205
2151981,21.89597315,3.655629139
2152236,21.89597315,3.735099338
2152492,21.89597315,3.655629139
2152748,21.89597315,3.549668874
2153004,21.89597315,3.708609272
2153260,21.89597315,3.602649007
2153516,21.86800895,3.735099338
2153772,21.89597315,3.708609272
2154027,21.89597315,3.602649007
2154283,21.86800895,3.629139073
2154539,21.86800895,3.629139073
2154795,21.86800895,3.602649007
2155051,21.86800895,3.682119205
2155307,21.86800895,3.735099338
2155561,21.86800895,3.761589404
2155811,21.92393736,3.655629139
2156061,21.89597315,3.655629139
2156311,21.89597315,3.602649007
2156567,21.89597315,3.629139073
2156822,21.89597315,3.682119205
2157072,21.89597315,3.655629139
2157322,21.86800895,3.735099338
2157572,21.92393736,3.655629139
2157827,21.92393736,3.761589404
2158083,21.92393736,3.629139073
2158339,21.92393736,3.682119205
2158595,21.89597315,3.655629139
2158851,21.89597315,3.629139073
2159107,21.89597315,3.57615894
2159363,21.89597315,3.708609272
2159618,21.89597315,3.602649007
2159874,21.89597315,3.708609272
2160130,21.86800895,3.57615894
2160386,21.89597315,3.708609272
2160642,21.86800895,3.655629139
2160898,21.89597315,3.78807947
2161153,21.86800895,3.708609272
2161409,21.86800895,3.602649007
2161665,21.86800895,3.682119205
2161921,21.86800895,3.629139073
2162177,21.86800895,3.655629139
2162433,21.89597315,3.655629139
2162689,21.86800895,3.708609272
2162944,21.89597315,3.761589404
2163200,21.89597315,3.629139073
2163456,21.92393736,3.814569536
2163712,21.89597315,3.735099338
2163968,21.89597315,3.735099338
2164224,21.89597315,3.682119205
2164478,21.86800895,3.629139073
2164728,21.86800895,3.682119205
2164978,21.92393736,3.602649007
2165228,21.89597315,3.57615894
2165484,21.86800895,3.682119205
2165739,21.86800895,3.682119205
2165989,21.89597315,3.682119205
2166239,21.89597315,3.814569536
2166489,21.89597315,3.735099338
2166744,21.86800895,3.602649007
2167000,21.86800895,3.78807947
2167256,21.89597315,3.708609272
2167512,21.89597315,3.78807947
2167768,21.89597315,3.655629139
2168024,21.89597315,3.655629139
2168280,21.89597315,3.78807947
2168535,21.89597315,3.78807947
2168791,21.89597315,3.682119205
2169047,21.89597315,3.629139073
2169303,21.86800895,3.629139073
2169559,21.86800895,3.655629139
2169815,21.86800895,3.655629139
2170070,21.86800895,3.629139073
2170326,21.89597315,3.735099338
2170582,21.86800895,3.602649007
2170838,21.89597315,3.682119205
2171094,21.89597315,3.602649007
2171350,21.89597315,3.735099338
2171604,21.89597315,3.629139073
2171854,21.86800895,3.57615894
2172104,21.89597315,3.549668874
2172354,21.86800895,3.682119205
2172610,21.86800895,3.761589404
2172865,21.89597315,3.682119205
2173115,21.86800895,3.629139073
2173365,21.89597315,3.735099338
2173615,21.86800895,3.708609272
2173871,21.86800895,3.655629139
2174126,21.86800895,3.708609272
2174382,21.86800895,3.708609272
2174638,21.86800895,3.549668874
2174894,21.86800895,3.655629139
2175150,21.89597315,3.655629139
2175406,21.92393736,3.523178808
2175661,21.89597315,3.735099338
2175917,21.89597315,3.629139073
2176173,21.86800895,3.682119205
2176429,21.86800895,3.655629139
2176685,21.89597315,3.708609272
2176941,21.86800895,3.629139073
2177196,21.86800895,3.682119205
2177452,21.86800895,3.602649007
2177708,21.86800895,3.629139073
2177964,21.86800895,3.655629139
2178220,21.86800895,3.708609272
2178476,21.86800895,3.761589404
2178732,21.86800895,3.735099338
2178987,21.86800895,3.549668874
2179243,21.86800895,3.57615894
2179499,21.89597315,3.814569536
2179755,21.86800895,3.629139073
2180011,21.92393736,3.629139073
2180267,21.89597315,3.708609272
2180521,21.86800895,3.655629139
2180771,21.86800895,3.735099338
2181021,21.86800895,3.629139073
2181271,21.86800895,3.682119205
2181527,21.86800895,3.629139073
2181782,21.86800895,3.602649007
2182032,21.84004474,3.549668874
2182282,21.86800895,3.602649007
2182532,21.86800895,3.682119205
2182787,21.84004474,3.57615894
2183043,21.84004474,3.57615894
2183299,21.86800895,3.708609272
2183555,21.86800895,3.708609272
2183811,21.86800895,3.682119205
2184067,21.86800895,3.78807947
2184323,21.89597315,3.629139073
2184578,21.86800895,3.708609272
2184834,21.89597315,3.629139073
2185090,21.86800895,3.655629139
2185346,21.86800895,3.629139073
2185602,21.86800895,3.549668874
2185858,21.86800895,3.735099338
2186113,21.86800895,3.523178808
2186369,21.86800895,3.602649007
2186625,21.86800895,3.708609272
2186881,21.86800895,3.655629139
2187137,21.86800895,3.629139073
2187393,21.84004474,3.761589404
2187649,21.86800895,3.655629139
2187904,21.86800895,3.682119205
2188160,21.86800895,3.708609272
2188416,21.89597315,3.549668874
2188672,21.89597315,3.708609272
2188928,21.86800895,3.523178808
2189184,21.86800895,3.629139073
2189438,21.86800895,3.682119205
2189688,21.84004474,3.655629139
2189938,21.89597315,3.682119205
2190188,21.86800895,3.655629139
2190444,21.84004474,3.761589404
2190699,21.84004474,3.602649007
2190949,21.89597315,3.761589404
2191199,21.89597315,3.629139073
2191449,21.84004474,3.629139073
2191704,21.86800895,3.735099338
2191960,21.86800895,3.682119205
2192216,21.86800895,3.629139073
2192472,21.86800895,3.708609272
2192728,21.86800895,3.708609272
2192984,21.89597315,3.682119205
2193240,21.89597315,3.655629139
2193495,21.86800895,3.682119205
2193751,21.86800895,3.761589404
2194007,21.86800895,3.682119205
2194263,21.89597315,3.682119205
2194519,21.86800895,3.549668874
2194775,21.86800895,3.655629139
2195030,21.86800895,3.655629139
2195286,21.86800895,3.761589404
2195542,21.86800895,3.708609272
2195798,21.86800895,3.735099338
2196054,21.86800895,3.655629139
2196310,21.86800895,3.602649007
2196564,21.84004474,3.655629139
2196814,21.86800895,3.549668874
2197064,21.86800895,3.682119205
2197314,21.84004474,3.761589404
2197570,21.84004474,3.78807947
2197825,21.84004474,3.682119205
2198075,21.86800895,3.496688742
2198325,21.86800895,3.629139073
2198575,21.86800895,3.629139073
2198831,21.84004474,3.814569536
2199086,21.84004474,3.708609272
2199342,21.84004474,3.761589404
2199598,21.86800895,3.629139073
2199854,21.86800895,3.655629139
2200110,21.86800895,3.629139073
2200366,21.86800895,3.735099338
2200621,21.86800895,3.629139073
2200877,21.86800895,3.735099338
2201133,21.86800895,3.629139073
2201389,21.86800895,3.655629139
2201645,21.86800895,3.708609272
2201901,21.86800895,3.708609272
2202156,21.86800895,3.682119205
2202412,21.86800895,3.708609272
2202668,21.86800895,3.78807947
2202924,21.86800895,3.682119205
2203180,21.84004474,3.682119205
2203436,21.84004474,3.655629139
2203692,21.84004474,3.655629139
2203947,21.86800895,3.629139073
2204203,21.84004474,3.735099338
2204459,21.84004474,3.549668874
2204715,21.84004474,3.549668874
2204971,21.84004474,3.655629139
2205227,21.86800895,3.629139073
2205481,21.86800895,3.549668874
2205731,21.86800895,3.655629139
2205981,21.84004474,3.655629139
2206231,21.84004474,3.629139073
2206487,21.86800895,3.682119205
2206742,21.84004474,3.735099338
2206992,21.86800895,3.735099338
2207242,21.86800895,3.655629139
2207492,21.84004474,3.549668874
2207747,21.86800895,3.655629139
2208003,21.86800895,3.655629139
2208259,21.84004474,3.57615894
2208515,21.86800895,3.682119205
2208771,21.84004474,3.655629139
2209027,21.86800895,3.708609272
2209283,21.86800895,3.682119205
2209538,21.86800895,3.629139073
2209794,21.86800895,3.655629139
2210050,21.86800895,3.602649007
2210306,21.86800895,3.629139073
2210562,21.86800895,3.523178808
2210818,21.89597315,3.655629139
2211073,21.86800895,3.735099338
2211329,21.84004474,3.761589404
2211585,21.86800895,3.682119205
2211841,21.84004474,3.655629139
2212097,21.84004474,3.682119205
2212353,21.84004474,3.655629139
2212609,21.86800895,3.655629139
2212864,21.84004474,3.57615894
2213120,21.86800895,3.655629139
2213376,21.84004474,3.655629139
2213632,21.84004474,3.814569536
2213888,21.86800895,3.708609272
2214144,21.86800895,3.602649007
2214398,21.86800895,3.735099338
2214648,21.84004474,3.629139073
2214898,21.86800895,3.708609272
2215148,21.86800895,3.655629139
2215404,21.84004474,3.708609272
2215659,21.84004474,3.814569536
2215909,21.84004474,3.682119205
2216159,21.84004474,3.629139073
2216409,21.84004474,3.629139073
2216664,21.84004474,3.549668874
2216920,21.84004474,3.602649007
2217176,21.84004474,3.735099338
2217432,21.84004474,3.629139073
2217688,21.84004474,3.708609272
2217944,21.84004474,3.708609272
2218200,21.84004474,3.682119205
2218455,21.84004474,3.682119205
2218711,21.84004474,3.735099338
2218967,21.84004474,3.655629139
2219223,21.84004474,3.735099338
2219479,21.84004474,3.629139073
2219735,21.84004474,3.708609272
2219990,21.84004474,3.735099338
2220246,21.84004474,3.602649007
2220502,21.86800895,3.549668874
2220758,21.86800895,3.708609272
2221014,21.86800895,3.629139073
2221270,21.86800895,3.629139073
2221524,21.84004474,3.629139073
2221774,21.86800895,3.735099338
2222024,21.84004474,3.602649007
2222274,21.86800895,3.57615894
2222530,21.84004474,3.682119205
2222785,21.84004474,3.682119205
2223035,21.84004474,3.708609272
2223285,21.84004474,3.761589404
2223535,21.84004474,3.708609272
2223791,21.86800895,3.708609272
2224046,21.84004474,3.655629139
2224302,21.84004474,3.602649007
2224558,21.84004474,3.735099338
2224814,21.84004474,3.682119205
2225070,21.84004474,3.602649007
2225326,21.84004474,3.682119205
2225581,21.84004474,3.655629139
2225837,21.84004474,3.682119205
2226093,21.84004474,3.602649007
2226349,21.84004474,3.708609272
2226605,21.84004474,3.78807947
2226861,21.84004474,3.629139073
2227116,21.84004474,3.655629139
2227372,21.84004474,3.602649007
2227628,21.81208054,3.735099338
2227884,21.84004474,3.735099338
2228140,21.84004474,3.655629139
2228396,21.84004474,3.602649007
2228652,21.84004474,3.735099338
2228907,21.84004474,3.655629139
2229163,21.81208054,3.655629139
2229419,21.84004474,3.708609272
2229675,21.84004474,3.708609272
2229931,21.81208054,3.655629139
2230187,21.81208054,3.602649007
2230441,21.84004474,3.629139073
2230691,21.86800895,3.735099338
2230941,21.84004474,3.549668874
2231191,21.81208054,3.735099338
2231447,21.84004474,3.523178808
2231702,21.81208054,3.549668874
2231952,21.86800895,3.629139073
2232202,21.84004474,3.523178808
2232452,21.84004474,3.655629139
2232707,21.84004474,3.735099338
2232963,21.84004474,3.735099338
2233219,21.86800895,3.708609272
2233475,21.86800895,3.682119205
2233731,21.84004474,3.708609272
2233987,21.84004474,3.655629139
2234243,21.86800895,3.735099338
2234498,21.84004474,3.682119205
2234754,21.84004474,3.682119205
2235010,21.86800895,3.549668874
2235266,21.84004474,3.629139073
2235522,21.84004474,3.629139073
2235778,21.84004474,3.602649007
2236033,21.86800895,3.602649007
2236289,21.86800895,3.708609272
2236545,21.84004474,3.655629139
2236801,21.84004474,3.549668874
2237057,21.86800895,3.629139073
2237313,21.84004474,3.708609272
2237569,21.84004474,3.523178808
2237824,21.84004474,3.708609272
2238080,21.84004474,3.629139073
2238336,21.81208054,3.602649007
2238592,21.84004474,3.708609272
2238848,21.84004474,3.57615894
2239104,21.84004474,3.761589404
2239358,21.81208054,3.761589404
2239608,21.84004474,3.602649007
2239858,21.86800895,3.57615894
2240108,21.81208054,3.682119205
2240364,21.81208054,3.602649007
2240619,21.81208054,3.655629139
2240869,21.84004474,3.57615894
2241119,21.84004474,3.682119205
2241369,21.81208054,3.523178808
2241624,21.81208054,3.655629139
2241880,21.81208054,3.57615894
2242136,21.81208054,3.602649007
2242392,21.84004474,3.57615894
2242648,21.81208054,3.57615894
2242904,21.81208054,3.549668874
2243160,21.81208054,3.602649007
2243415,21.84004474,3.655629139
2243671,21.81208054,3.78807947
2243927,21.84004474,3.602649007
2244183,21.84004474,3.655629139
2244439,21.84004474,3.735099338
2244695,21.84004474,3.735099338
2244950,21.84004474,3.708609272
2245206,21.84004474,3.602649007
2245462,21.84004474,3.602649007
2245718,21.84004474,3.682119205
2245974,21.84004474,3.57615894
2246230,21.84004474,3.602649007
2246484,21.84004474,3.655629139
2246734,21.81208054,3.682119205
2246984,21.84004474,3.629139073
2247234,21.84004474,3.655629139
2247490,21.84004474,3.523178808
2247745,21.84004474,3.682119205
2247995,21.81208054,3.443708609
2248245,21.81208054,3.629139073
2248495,21.84004474,3.549668874
2248751,21.84004474,3.708609272
2249006,21.84004474,3.655629139
2249262,21.84004474,3.57615894
2249518,21.84004474,3.629139073
2249774,21.81208054,3.682119205
2250030,21.84004474,3.655629139
2250286,21.84004474,3.629139073
2250541,21.81208054,3.655629139
2250797,21.81208054,3.655629139
2251053,21.81208054,3.682119205
2251309,21.81208054,3.735099338
2251565,21.81208054,3.655629139
2251821,21.81208054,3.682119205
2252076,21.81208054,3.629139073
2252332,21.81208054,3.629139073
2252588,21.81208054,3.629139073
2252844,21.81208054,3.682119205
2253100,21.81208054,3.682119205
2253356,21.81208054,3.682119205
2253612,21.81208054,3.708609272
2253867,21.81208054,3.629139073
2254123,21.84004474,3.708609272
2254379,21.81208054,3.735099338
2254635,21.84004474,3.57615894
2254891,21.84004474,3.708609272
2255147,21.84004474,3.655629139
2255401,21.84004474,3.629139073
2255651,21.81208054,3.57615894
2255901,21.81208054,3.602649007
2256151,21.84004474,3.57615894
2256407,21.84004474,3.602649007
2256662,21.84004474,3.629139073
2256912,21.81208054,3.549668874
2257162,21.81208054,3.602649007
2257412,21.81208054,3.78807947
2257667,21.81208054,3.549668874
2257923,21.81208054,3.523178808
2258179,21.81208054,3.629139073
2258435,21.81208054,3.602649007
2258691,21.81208054,3.708609272
2258947,21.81208054,3.496688742
2259203,21.81208054,3.523178808
2259458,21.81208054,3.523178808
2259714,21.81208054,3.655629139
2259970,21.81208054,3.708609272
2260226,21.81208054,3.655629139
2260482,21.81208054,3.549668874
2260738,21.81208054,3.602649007
2260993,21.81208054,3.549668874
2261249,21.81208054,3.57615894
2261505,21.81208054,3.602649007
2261761,21.81208054,3.57615894
2262017,21.81208054,3.523178808
2262273,21.81208054,3.602649007
2262529,21.81208054,3.602649007
2262784,21.81208054,3.629139073
2263040,21.81208054,3.629139073
2263296,21.84004474,3.682119205
2263552,21.84004474,3.549668874
2263808,21.84004474,3.629139073
2264064,21.81208054,3.57615894
2264318,21.81208054,3.602649007
2264568,21.81208054,3.629139073
2264818,21.84004474,3.496688742
2265068,21.84004474,3.629139073
2265324,21.81208054,3.629139073
2265579,21.81208054,3.602649007
2265829,21.81208054,3.655629139
2266079,21.84004474,3.602649007
2266329,21.81208054,3.655629139
2266584,21.81208054,3.761589404
2266840,21.81208054,3.496688742
2267096,21.81208054,3.57615894
2267352,21.81208054,3.602649007
2267608,21.81208054,3.761589404
2267864,21.81208054,3.57615894
2268120,21.81208054,3.629139073
2268375,21.81208054,3.629139073
2268631,21.81208054,3.655629139
2268887,21.81208054,3.655629139
2269143,21.81208054,3.602649007
2269399,21.81208054,3.682119205
2269655,21.81208054,3.496688742
2269910,21.84004474,3.602649007
2270166,21.84004474,3.655629139
2270422,21.81208054,3.602649007
2270678,21.81208054,3.629139073
2270934,21.81208054,3.708609272
2271190,21.81208054,3.655629139
2271444,21.81208054,3.602649007
2271694,21.81208054,3.602649007
2271944,21.84004474,3.629139073
2272194,21.81208054,3.602649007
2272450,21.81208054,3.655629139
2272705,21.81208054,3.629139073
2272955,21.81208054,3.629139073
2273205,21.81208054,3.602649007
2273455,21.78411633,3.655629139
2273711,21.81208054,3.629139073
2273966,21.78411633,3.57615894
2274222,21.81208054,3.629139073
2274478,21.81208054,3.523178808
2274734,21.81208054,3.602649007
2274990,21.78411633,3.655629139
2275246,21.78411633,3.629139073
2275501,21.81208054,3.708609272
2275757,21.81208054,3.629139073
2276013,21.81208054,3.708609272
2276269,21.81208054,3.57615894
2276525,21.81208054,3.523178808
2276781,21.81208054,3.629139073
2277036,21.84004474,3.655629139
2277292,21.81208054,3.496688742
2277548,21.81208054,3.629139073
2277804,21.81208054,3.523178808
2278060,21.81208054,3.708609272
2278316,21.81208054,3.629139073
2278572,21.81208054,3.735099338
2278827,21.81208054,3.629139073
2279083,21.81208054,3.682119205
2279339,21.81208054,3.470198675
2279595,21.81208054,3.57615894
2279851,21.81208054,3.602649007
2280107,21.78411633,3.682119205
2280361,21.78411633,3.655629139
2280611,21.81208054,3.57615894
2280861,21.81208054,3.629139073
2281111,21.78411633,3.78807947
2281367,21.78411633,3.629139073
2281622,21.78411633,3.735099338
2281872,21.81208054,3.549668874
2282122,21.81208054,3.655629139
2282372,21.78411633,3.629139073
2282627,21.78411633,3.629139073
2282883,21.81208054,3.602649007
2283139,21.78411633,3.629139073
2283395,21.81208054,3.682119205
2283651,21.81208054,3.602649007
2283907,21.81208054,3.549668874
2284163,21.81208054,3.682119205
2284418,21.81208054,3.629139073
2284674,21.81208054,3.655629139
2284930,21.81208054,3.682119205
2285186,21.81208054,3.761589404
2285442,21.81208054,3.708609272
2285698,21.81208054,3.655629139
2285953,21.81208054,3.655629139
2286209,21.81208054,3.57615894
2286465,21.81208054,3.523178808
2286721,21.78411633,3.629139073
2286977,21.81208054,3.682119205
2287233,21.81208054,3.682119205
2287489,21.81208054,3.523178808
2287744,21.81208054,3.549668874
2288000,21.78411633,3.629139073
2288256,21.78411633,3.57615894
2288512,21.78411633,3.57615894
2288768,21.78411633,3.735099338
2289024,21.78411633,3.629139073
2289278,21.78411633,3.708609272
2289528,21.81208054,3.602649007
2289778,21.81208054,3.57615894
2290028,21.78411633,3.629139073
2290284,21.78411633,3.629139073
2290539,21.78411633,3.682119205
2290789,21.81208054,3.655629139
2291039,21.78411633,3.57615894
2291289,21.78411633,3.57615894
2291544,21.78411633,3.496688742
2291800,21.78411633,3.682119205
2292056,21.78411633,3.655629139
2292312,21.81208054,3.602649007
2292568,21.81208054,3.655629139
2292824,21.81208054,3.629139073
2293080,21.81208054,3.602649007
2293335,21.81208054,3.602649007
2293591,21.81208054,3.549668874
2293847,21.81208054,3.523178808
2294103,21.81208054,3.655629139
2294359,21.81208054,3.523178808
2294615,21.81208054,3.602649007
2294870,21.81208054,3.602649007
2295126,21.81208054,3.629139073
2295382,21.81208054,3.549668874
2295638,21.81208054,3.57615894
2295894,21.78411633,3.629139073
2296150,21.78411633,3.523178808
2296404,21.81208054,3.602649007
2296654,21.78411633,3.708609272
2296904,21.81208054,3.814569536
2297154,21.81208054,3.655629139
2297410,21.78411633,3.708609272
2297665,21.78411633,3.761589404
2297915,21.78411633,3.549668874
2298165,21.81208054,3.735099338
2298415,21.78411633,3.655629139
2298671,21.78411633,3.602649007
2298926,21.78411633,3.523178808
2299182,21.75615213,3.549668874
2299438,21.78411633,3.523178808
2299694,21.75615213,3.682119205
2299950,21.78411633,3.655629139
2300206,21.78411633,3.629139073
2300461,21.75615213,3.57615894
2300717,21.78411633,3.708609272
2300973,21.78411633,3.708609272
2301229,21.78411633,3.761589404
2301485,21.78411633,3.655629139
2301741,21.78411633,3.655629139
2301996,21.78411633,3.655629139
2302252,21.78411633,3.602649007
2302508,21.78411633,3.549668874
2302764,21.78411633,3.682119205
2303020,21.78411633,3.57615894
2303276,21.78411633,3.708609272
2303532,21.81208054,3.682119205
2303787,21.81208054,3.57615894
2304043,21.78411633,3.735099338
2304299,21.81208054,3.629139073
2304555,21.78411633,3.655629139
2304811,21.81208054,3.629139073
2305067,21.81208054,3.496688742
2305321,21.78411633,3.629139073
2305571,21.78411633,3.735099338
2305821,21.78411633,3.602649007
2306071,21.78411633,3.629139073
2306327,21.78411633,3.78807947
2306582,21.78411633,3.629139073
2306832,21.75615213,3.602649007
2307082,21.81208054,3.682119205
2307332,21.78411633,3.682119205
2307587,21.78411633,3.57615894
2307843,21.75615213,3.602649007
2308099,21.78411633,3.602649007
2308355,21.75615213,3.57615894
2308611,21.78411633,3.682119205
2308867,21.78411633,3.629139073
2309123,21.78411633,3.735099338
2309378,21.75615213,3.682119205
2309634,21.78411633,3.629139073
2309890,21.78411633,3.629139073
2310146,21.75615213,3.57615894
2310402,21.75615213,3.629139073
2310658,21.75615213,3.682119205
2310913,21.75615213,3.629139073
2311169,21.78411633,3.57615894
2311425,21.75615213,3.655629139
2311681,21.78411633,3.549668874
2311937,21.78411633,3.57615894
2312193,21.78411633,3.655629139
2312449,21.78411633,3.57615894
2312704,21.78411633,3.629139073
2312960,21.78411633,3.682119205
2313216,21.78411633,3.549668874
2313472,21.78411633,3.629139073
2313728,21.78411633,3.57615894
2313984,21.78411633,3.655629139
2314238,21.78411633,3.629139073
2314488,21.75615213,3.708609272
2314738,21.75615213,3.629139073
2314988,21.78411633,3.549668874
2315244,21.78411633,3.655629139
2315499,21.78411633,3.655629139
2315749,21.75615213,3.602649007
2315999,21.75615213,3.602649007
2316249,21.78411633,3.629139073
2316504,21.81208054,3.655629139
2316760,21.81208054,3.549668874
2317016,21.81208054,3.655629139
2317272,21.78411633,3.523178808
2317528,21.78411633,3.682119205
2317784,21.78411633,3.655629139
2318040,21.78411633,3.708609272
2318295,21.78411633,3.57615894
2318551,21.78411633,3.655629139
2318807,21.78411633,3.602649007
2319063,21.75615213,3.57615894
2319319,21.75615213,3.761589404
2319575,21.78411633,3.655629139
2319830,21.78411633,3.57615894
2320086,21.78411633,3.629139073
2320342,21.78411633,3.629139073
2320598,21.75615213,3.629139073
2320854,21.75615213,3.549668874
2321110,21.78411633,3.549668874
2321364,21.75615213,3.602649007
2321614,21.78411633,3.602649007
2321864,21.78411633,3.496688742
2322114,21.75615213,3.735099338
2322370,21.75615213,3.602649007
2322625,21.75615213,3.682119205
2322875,21.78411633,3.655629139
2323125,21.75615213,3.602649007
2323375,21.75615213,3.682119205
2323631,21.75615213,3.735099338
2323886,21.75615213,3.57615894
2324142,21.75615213,3.57615894
2324398,21.75615213,3.708609272
2324654,21.78411633,3.549668874
2324910,21.75615213,3.655629139
2325166,21.78411633,3.655629139
2325421,21.78411633,3.57615894
2325677,21.78411633,3.57615894
2325933,21.78411633,3.602649007
2326189,21.78411633,3.655629139
2326445,21.78411633,3.602649007
2326701,21.78411633,3.549668874
2326956,21.78411633,3.655629139
2327212,21.78411633,3.682119205
2327468,21.78411633,3.602649007
2327724,21.78411633,3.549668874
2327980,21.78411633,3.708609272
2328236,21.78411633,3.57615894
2328492,21.75615213,3.57615894
2328747,21.75615213,3.629139073
2329003,21.75615213,3.602649007
2329259,21.75615213,3.629139073
2329515,21.75615213,3.602649007
2329771,21.75615213,3.57615894
2330027,21.75615213,3.655629139
2330281,21.75615213,3.655629139
2330531,21.75615213,3.549668874
2330781,21.75615213,3.629139073
2331031,21.75615213,3.57615894
2331287,21.75615213,3.655629139
2331542,21.75615213,3.655629139
2331792,21.78411633,3.682119205
2332042,21.75615213,3.682119205
2332292,21.75615213,3.57615894
2332547,21.75615213,3.523178808
2332803,21.75615213,3.655629139
2333059,21.75615213,3.57615894
2333315,21.75615213,3.655629139
2333571,21.75615213,3.57615894
2333827,21.75615213,3.682119205
2334083,21.75615213,3.629139073
2334338,21.75615213,3.682119205
2334594,21.75615213,3.735099338
2334850,21.75615213,3.549668874
2335106,21.75615213,3.57615894
2335362,21.78411633,3.735099338
2335618,21.75615213,3.57615894
2335873,21.75615213,3.602649007
2336129,21.78411633,3.602649007
2336385,21.75615213,3.655629139
2336641,21.78411633,3.629139073
2336897,21.75615213,3.655629139
2337153,21.75615213,3.708609272
2337409,21.75615213,3.682119205
2337664,21.75615213,3.470198675
2337920,21.75615213,3.602649007
2338176,21.75615213,3.57615894
2338432,21.75615213,3.655629139
2338688,21.75615213,3.602649007
2338944,21.75615213,3.523178808
2339198,21.75615213,3.549668874
2339448,21.75615213,3.629139073
2339698,21.78411633,3.602649007
2339948,21.75615213,3.602649007
2340204,21.75615213,3.708609272
2340459,21.75615213,3.629139073
2340709,21.72818792,3.602649007
2340959,21.75615213,3.549668874
2341209,21.75615213,3.655629139
2341464,21.72818792,3.629139073
2341720,21.75615213,3.629139073
2341976,21.72818792,3.470198675
2342232,21.75615213,3.708609272
2342488,21.75615213,3.735099338
2342744,21.75615213,3.708609272
2343000,21.75615213,3.523178808
2343255,21.72818792,3.682119205
2343511,21.75615213,3.735099338
2343767,21.75615213,3.708609272
2344023,21.75615213,3.629139073
2344279,21.75615213,3.549668874
2344535,21.75615213,3.655629139
2344790,21.75615213,3.549668874
2345046,21.75615213,3.549668874
2345302,21.75615213,3.443708609
2345558,21.75615213,3.682119205
2345814,21.75615213,3.629139073
2346070,21.75615213,3.57615894
2346324,21.78411633,3.629139073
2346574,21.75615213,3.735099338
2346824,21.75615213,3.735099338
2347074,21.75615213,3.57615894
2347330,21.75615213,3.655629139
2347585,21.75615213,3.682119205
2347835,21.75615213,3.496688742
2348085,21.75615213,3.57615894
2348335,21.78411633,3.57615894
2348591,21.75615213,3.57615894
2348846,21.75615213,3.57615894
2349102,21.75615213,3.708609272
2349358,21.75615213,3.682119205
2349614,21.75615213,3.57615894
2349870,21.75615213,3.602649007
2350126,21.75615213,3.549668874
2350381,21.75615213,3.57615894
2350637,21.72818792,3.682119205
2350893,21.75615213,3.57615894
2351149,21.75615213,3.602649007
2351405,21.75615213,3.57615894
2351661,21.75615213,3.57615894
2351916,21.72818792,3.523178808
2352172,21.75615213,3.523178808
2352428,21.75615213,3.549668874
2352684,21.72818792,3.57615894
2352940,21.72818792,3.655629139
2353196,21.75615213,3.602649007
2353452,21.72818792,3.629139073
2353707,21.72818792,3.602649007
2353963,21.72818792,3.602649007
2354219,21.72818792,3.708609272
2354475,21.75615213,3.57615894
2354731,21.75615213,3.602649007
2354987,21.72818792,3.602649007
2355241,21.72818792,3.496688742
2355491,21.75615213,3.655629139
2355741,21.72818792,3.655629139
2355991,21.75615213,3.549668874
2356247,21.75615213,3.682119205
2356502,21.75615213,3.57615894
2356752,21.72818792,3.57615894
2357002,21.75615213,3.708609272
2357252,21.75615213,3.549668874
2357507,21.75615213,3.629139073
2357763,21.78411633,3.708609272
2358019,21.75615213,3.78807947
2358275,21.75615213,3.708609272
2358531,21.75615213,3.761589404
2358787,21.75615213,3.549668874
2359043,21.75615213,3.57615894
2359298,21.75615213,3.761589404
2359554,21.75615213,3.629139073
2359810,21.75615213,3.549668874
2360066,21.75615213,3.57615894
2360322,21.75615213,3.629139073
2360578,21.72818792,3.708609272
2360833,21.75615213,3.549668874
2361089,21.75615213,3.549668874
2361345,21.72818792,3.57615894
2361601,21.75615213,3.496688742
2361857,21.72818792,3.629139073
2362113,21.75615213,3.602649007
2362369,21.75615213,3.57615894
2362624,21.75615213,3.629139073
2362880,21.75615213,3.602649007
2363136,21.75615213,3.629139073
2363392,21.72818792,3.629139073
2363648,21.75615213,3.708609272
2363904,21.72818792,3.655629139
2364158,21.72818792,3.655629139
2364408,21.72818792,3.57615894
2364658,21.75615213,3.629139073
2364908,21.72818792,3.708609272
2365164,21.72818792,3.57615894
2365419,21.72818792,3.549668874
2365669,21.75615213,3.57615894
2365919,21.75615213,3.57615894
2366169,21.72818792,3.602649007
2366424,21.72818792,3.629139073
2366680,21.72818792,3.523178808
2366936,21.72818792,3.708609272
2367192,21.72818792,3.682119205
2367448,21.72818792,3.602649007
2367704,21.72818792,3.602649007
2367960,21.72818792,3.496688742
2368215,21.72818792,3.549668874
2368471,21.72818792,3.735099338
2368727,21.72818792,3.629139073
2368983,21.72818792,3.602649007
2369239,21.72818792,3.761589404
2369495,21.72818792,3.57615894
2369750,21.75615213,3.655629139
2370006,21.72818792,3.602649007
2370262,21.75615213,3.655629139
2370518,21.72818792,3.57615894
2370774,21.75615213,3.655629139
2371030,21.75615213,3.602649007
2371284,21.72818792,3.682119205
2371534,21.72818792,3.57615894
2371784,21.72818792,3.629139073
2372034,21.72818792,3.708609272
2372290,21.72818792,3.629139073
2372545,21.75615213,3.655629139
2372795,21.72818792,3.655629139
2373045,21.72818792,3.655629139
2373295,21.75615213,3.629139073
2373551,21.72818792,3.602649007
2373806,21.72818792,3.549668874
2374062,21.72818792,3.549668874
2374318,21.72818792,3.57615894
2374574,21.72818792,3.496688742
2374830,21.75615213,3.629139073
2375086,21.72818792,3.655629139
2375341,21.72818792,3.57615894
2375597,21.70022371,3.655629139
2375853,21.72818792,3.629139073
2376109,21.70022371,3.655629139
2376365,21.72818792,3.602649007
2376621,21.70022371,3.602649007
2376876,21.72818792,3.602649007
2377132,21.72818792,3.682119205
2377388,21.72818792,3.682119205
2377644,21.72818792,3.629139073
2377900,21.72818792,3.523178808
2378156,21.72818792,3.655629139
2378412,21.72818792,3.602649007
2378667,21.72818792,3.708609272
2378923,21.72818792,3.761589404
2379179,21.72818792,3.57615894
2379435,21.72818792,3.57615894
2379691,21.72818792,3.57615894
2379947,21.72818792,3.682119205
2380201,21.72818792,3.602649007
2380451,21.72818792,3.655629139
2380701,21.70022371,3.549668874
2380951,21.75615213,3.57615894
2381207,21.72818792,3.655629139
2381462,21.75615213,3.629139073
2381712,21.72818792,3.549668874
2381962,21.70022371,3.629139073
2382212,21.72818792,3.655629139
2382467,21.75615213,3.549668874
2382723,21.72818792,3.523178808
2382979,21.72818792,3.761589404
2383235,21.72818792,3.496688742
2383491,21.72818792,3.629139073
2383747,21.70022371,3.629139073
2384003,21.72818792,3.57615894
2384258,21.70022371,3.602649007
2384514,21.70022371,3.602649007
2384770,21.70022371,3.57615894
2385026,21.70022371,3.629139073
2385282,21.70022371,3.708609272
2385538,21.70022371,3.655629139
2385793,21.70022371,3.629139073
2386049,21.70022371,3.629139073
2386305,21.70022371,3.655629139
2386561,21.70022371,3.549668874
2386817,21.70022371,3.57615894
2387073,21.70022371,3.682119205
2387329,21.70022371,3.602649007
2387584,21.70022371,3.602649007
2387840,21.70022371,3.629139073
2388096,21.72818792,3.629139073
2388352,21.70022371,3.523178808
2388608,21.72818792,3.549668874
2388864,21.72818792,3.655629139
2389118,21.72818792,3.57615894
2389368,21.72818792,3.602649007
2389618,21.70022371,3.602649007
2389868,21.72818792,3.629139073
2390124,21.72818792,3.602649007
2390379,21.75615213,3.549668874
2390629,21.70022371,3.629139073
2390879,21.70022371,3.629139073
2391129,21.72818792,3.602649007
2391384,21.72818792,3.655629139
2391640,21.72818792,3.655629139
2391896,21.72818792,3.602649007
2392152,21.70022371,3.629139073
2392408,21.72818792,3.682119205
2392664,21.72818792,3.57615894
2392920,21.70022371,3.57615894
2393175,21.72818792,3.602649007
2393431,21.72818792,3.602649007
2393687,21.70022371,3.655629139
2393943,21.70022371,3.57615894
2394199,21.70022371,3.602649007
2394455,21.70022371,3.735099338
2394710,21.70022371,3.655629139
2394966,21.70022371,3.629139073
2395222,21.70022371,3.655629139
2395478,21.70022371,3.655629139
2395734,21.70022371,3.549668874
2395990,21.70022371,3.682119205
2396244,21.70022371,3.602649007
2396494,21.70022371,3.523178808
2396744,21.70022371,3.682119205
2396994,21.72818792,3.602649007
2397250,21.72818792,3.57615894
2397505,21.72818792,3.602649007
2397755,21.70022371,3.549668874
2398005,21.70022371,3.57615894
2398255,21.72818792,3.602649007
2398511,21.72818792,3.602649007
2398766,21.72818792,3.443708609
2399022,21.70022371,3.57615894
2399278,21.70022371,3.735099338
2399534,21.70022371,3.523178808
2399790,21.70022371,3.629139073
2400046,21.70022371,3.655629139
2400301,21.70022371,3.629139073
2400557,21.70022371,3.602649007
2400813,21.70022371,3.523178808
2401069,21.70022371,3.708609272
2401325,21.70022371,3.682119205
2401581,21.70022371,3.549668874
2401836,21.70022371,3.549668874
2402092,21.70022371,3.708609272
2402348,21.70022371,3.549668874
2402604,21.70022371,3.735099338
2402860,21.72818792,3.629139073
2403116,21.72818792,3.708609272
2403372,21.72818792,3.629139073
2403627,21.70022371,3.655629139
2403883,21.72818792,3.57615894
2404139,21.70022371,3.57615894
2404395,21.70022371,3.602649007
2404651,21.70022371,3.629139073
2404907,21.70022371,3.629139073
2405161,21.70022371,3.602649007
2405411,21.70022371,3.655629139
2405661,21.70022371,3.629139073
2405911,21.70022371,3.549668874
2406167,21.70022371,3.629139073
2406422,21.70022371,3.602649007
2406672,21.70022371,3.549668874
2406922,21.70022371,3.735099338
2407172,21.70022371,3.602649007
2407427,21.67225951,3.735099338
2407683,21.67225951,3.549668874
2407939,21.70022371,3.549668874
2408195,21.67225951,3.78807947
2408451,21.70022371,3.602649007
2408707,21.67225951,3.602649007
2408963,21.70022371,3.496688742
2409218,21.70022371,3.57615894
2409474,21.70022371,3.655629139
2409730,21.70022371,3.735099338
2409986,21.70022371,3.682119205
2410242,21.72818792,3.523178808
2410498,21.70022371,3.682119205
2410753,21.70022371,3.496688742
2411009,21.70022371,3.629139073
2411265,21.70022371,3.682119205
2411521,21.70022371,3.57615894
2411777,21.72818792,3.629139073
2412033,21.70022371,3.523178808
2412289,21.72818792,3.602649007
2412544,21.70022371,3.470198675
2412800,21.70022371,3.602649007
2413056,21.70022371,3.602649007
2413312,21.70022371,3.496688742
2413568,21.70022371,3.523178808
2413824,21.70022371,3.629139073
2414078,21.70022371,3.602649007
2414328,21.67225951,3.602649007
2414578,21.72818792,3.602649007
2414828,21.70022371,3.682119205
2415084,21.70022371,3.682119205
2415339,21.70022371,3.629139073
2415589,21.70022371,3.602649007
2415839,21.70022371,3.549668874
2416089,21.70022371,3.629139073
2416344,21.67225951,3.629139073
2416600,21.67225951,3.57615894
2416856,21.67225951,3.629139073
2417112,21.67225951,3.629139073
2417368,21.67225951,3.602649007
2417624,21.70022371,3.629139073
2417880,21.70022371,3.602649007
2418135,21.70022371,3.602649007
2418391,21.67225951,3.602649007
2418647,21.70022371,3.57615894
2418903,21.70022371,3.57615894
2419159,21.70022371,3.629139073
2419415,21.70022371,3.629139073
2419670,21.70022371,3.629139073
2419926,21.70022371,3.602649007
2420182,21.70022371,3.523178808
2420438,21.70022371,3.682119205
2420694,21.70022371,3.57615894
2420950,21.70022371,3.57615894
2421204,21.70022371,3.682119205
2421454,21.67225951,3.549668874
2421704,21.70022371,3.549668874
2421954,21.70022371,3.682119205
2422210,21.70022371,3.602649007
2422465,21.70022371,3.629139073
2422715,21.67225951,3.57615894
2422965,21.70022371,3.57615894
2423215,21.67225951,3.57615894
2423471,21.67225951,3.523178808
2423726,21.67225951,3.655629139
2423982,21.67225951,3.57615894
2424238,21.67225951,3.523178808
2424494,21.70022371,3.57615894
2424750,21.70022371,3.523178808
2425006,21.70022371,3.655629139
2425261,21.70022371,3.735099338
2425517,21.70022371,3.682119205
2425773,21.70022371,3.655629139
2426029,21.70022371,3.602649007
2426285,21.70022371,3.655629139
2426541,21.70022371,3.549668874
2426796,21.70022371,3.549668874
2427052,21.67225951,3.629139073
2427308,21.67225951,3.57615894
2427564,21.67225951,3.735099338
2427820,21.70022371,3.735099338
2428076,21.67225951,3.57615894
2428332,21.67225951,3.390728477
2428587,21.67225951,3.602649007
2428843,21.67225951,3.682119205
2429099,21.67225951,3.496688742
2429355,21.67225951,3.629139073
2429611,21.67225951,3.655629139
2429867,21.67225951,3.708609272
2430121,21.67225951,3.549668874
2430371,21.70022371,3.629139073
2430621,21.67225951,3.523178808
2430871,21.67225951,3.602649007
2431127,21.67225951,3.629139073
2431382,21.70022371,3.549668874
2431632,21.70022371,3.682119205
2431882,21.67225951,3.549668874
2432132,21.70022371,3.682119205
2432387,21.70022371,3.602649007
2432643,21.70022371,3.57615894
2432899,21.70022371,3.602649007
2433155,21.70022371,3.549668874
2433411,21.67225951,3.57615894
2433667,21.70022371,3.682119205
2433923,21.67225951,3.629139073
2434178,21.67225951,3.761589404
2434434,21.67225951,3.602649007
2434690,21.67225951,3.57615894
2434946,21.67225951,3.602649007
2435202,21.6442953,3.443708609
2435458,21.67225951,3.708609272
2435713,21.67225951,3.602649007
2435969,21.67225951,3.523178808
2436225,21.67225951,3.708609272
2436481,21.67225951,3.496688742
2436737,21.67225951,3.761589404
2436993,21.67225951,3.629139073
2437249,21.67225951,3.602649007
2437504,21.67225951,3.496688742
2437760,21.67225951,3.602649007
2438016,21.70022371,3.629139073
2438272,21.67225951,3.57615894
2438528,21.67225951,3.602649007
2438784,21.67225951,3.682119205
2439038,21.67225951,3.655629139
2439288,21.6442953,3.629139073
2439538,21.67225951,3.708609272
2439788,21.67225951,3.602649007
2440044,21.67225951,3.655629139
2440299,21.67225951,3.523178808
2440549,21.6442953,3.57615894
2440799,21.67225951,3.549668874
2441049,21.67225951,3.57615894
2441304,21.6442953,3.57615894
2441560,21.6442953,3.629139073
2441816,21.6442953,3.655629139
2442072,21.6442953,3.57615894
2442328,21.6442953,3.735099338
2442584,21.6442953,3.682119205
2442840,21.6442953,3.57615894
2443095,21.6442953,3.496688742
2443351,21.6442953,3.57615894
2443607,21.6442953,3.708609272
2443863,21.6442953,3.655629139
2444119,21.6442953,3.682119205
2444375,21.6442953,3.549668874
2444630,21.6442953,3.655629139
2444886,21.67225951,3.496688742
2445142,21.6442953,3.682119205
2445398,21.6442953,3.57615894
2445654,21.67225951,3.655629139
2445910,21.67225951,3.57615894
2446164,21.67225951,3.57615894
2446414,21.6442953,3.549668874
2446664,21.6442953,3.57615894
2446914,21.67225951,3.57615894
2447170,21.67225951,3.57615894
2447425,21.67225951,3.629139073
2447675,21.67225951,3.655629139
2447925,21.6442953,3.602649007
2448175,21.67225951,3.57615894
2448431,21.67225951,3.682119205
2448686,21.67225951,3.629139073
2448942,21.67225951,3.549668874
2449198,21.67225951,3.655629139
2449454,21.6442953,3.602649007
2449710,21.6442953,3.549668874
2449966,21.6442953,3.655629139
2450221,21.6442953,3.443708609
2450477,21.6442953,3.708609272
2450733,21.6442953,3.655629139
2450989,21.6442953,3.655629139
2451245,21.6442953,3.629139073
2451501,21.6163311,3.57615894
2451756,21.6442953,3.761589404
2452012,21.6442953,3.629139073
2452268,21.6442953,3.682119205
2452524,21.6442953,3.655629139
2452780,21.6163311,3.629139073
2453036,21.6442953,3.682119205
2453292,21.67225951,3.57615894
2453547,21.67225951,3.682119205
2453803,21.67225951,3.629139073
2454059,21.67225951,3.655629139
2454315,21.67225951,3.655629139
2454571,21.6442953,3.655629139
2454827,21.67225951,3.682119205
2455081,21.6442953,3.682119205
2455331,21.6442953,3.629139073
2455581,21.67225951,3.496688742
2455831,21.6442953,3.602649007
2456087,21.6442953,3.57615894
2456342,21.6442953,3.602649007
2456592,21.6442953,3.708609272
2456842,21.6442953,3.602649007
2457092,21.6442953,3.708609272
2457347,21.6442953,3.655629139
2457603,21.6163311,3.602649007
2457859,21.6442953,3.496688742
2458115,21.6442953,3.682119205
2458371,21.6442953,3.549668874
2458627,21.6442953,3.629139073
2458883,21.6442953,3.629139073
2459138,21.67225951,3.602649007
2459394,21.6442953,3.523178808
2459650,21.6442953,3.629139073
2459906,21.6442953,3.549668874
2460162,21.6442953,3.549668874
2460418,21.6442953,3.708609272
2460673,21.6442953,3.735099338
2460929,21.6163311,3.549668874
2461185,21.6442953,3.602649007
2461441,21.6442953,3.735099338
2461697,21.6163311,3.496688742
2461953,21.6163311,3.57615894
2462209,21.6163311,3.602649007
2462464,21.6442953,3.602649007
2462720,21.6163311,3.682119205
2462976,21.6442953,3.708609272
2463232,21.6442953,3.708609272
2463488,21.6442953,3.57615894
2463744,21.6442953,3.629139073
2463998,21.6442953,3.655629139
2464248,21.6442953,3.57615894
2464498,21.6442953,3.549668874
2464748,21.6442953,3.602649007
2465004,21.6163311,3.708609272
2465259,21.6442953,3.602649007
2465509,21.6163311,3.602649007
2465759,21.6442953,3.682119205
2466009,21.6163311,3.602649007
2466264,21.6163311,3.708609272
2466520,21.6442953,3.549668874
2466776,21.6163311,3.629139073
2467032,21.6163311,3.57615894
2467288,21.6163311,3.496688742
2467544,21.6163311,3.629139073
2467800,21.6163311,3.682119205
2468055,21.6442953,3.496688742
2468311,21.6163311,3.655629139
2468567,21.6442953,3.682119205
2468823,21.6442953,3.629139073
2469079,21.6442953,3.602649007
2469335,21.6442953,3.629139073
2469590,21.6442953,3.549668874
2469846,21.6163311,3.57615894
2470102,21.6442953,3.629139073
2470358,21.6442953,3.57615894
2470614,21.6442953,3.655629139
2470870,21.6163311,3.470198675
2471124,21.6163311,3.602649007
2471374,21.6163311,3.629139073
2471624,21.6442953,3.523178808
2471874,21.6163311,3.549668874
2472130,21.6163311,3.549668874
2472385,21.6163311,3.602649007
2472635,21.6442953,3.602649007
2472885,21.6163311,3.602649007
2473135,21.6163311,3.602649007
2473391,21.6163311,3.629139073
2473646,21.6442953,3.629139073
2473902,21.6442953,3.496688742
2474158,21.6442953,3.602649007
2474414,21.6442953,3.523178808
2474670,21.6442953,3.57615894
2474926,21.6163311,3.629139073
2475181,21.6163311,3.57615894
2475437,21.6163311,3.549668874
2475693,21.6163311,3.735099338
2475949,21.6163311,3.57615894
2476205,21.6163311,3.470198675
2476461,21.6163311,3.57615894
2476716,21.58836689,3.57615894
2476972,21.58836689,3.629139073
2477228,21.6163311,3.629139073
2477484,21.58836689,3.629139073
2477740,21.6163311,3.549668874
2477996,21.6163311,3.708609272
2478252,21.6163311,3.682119205
2478507,21.6163311,3.602649007
2478763,21.6442953,3.57615894
2479019,21.6442953,3.602649007
2479275,21.6442953,3.655629139
2479531,21.6163311,3.629139073
2479787,21.6442953,3.523178808
2480041,21.6442953,3.708609272
2480291,21.6163311,3.602649007
2480541,21.6163311,3.655629139
2480791,21.6163311,3.735099338
2481047,21.6163311,3.57615894
2481302,21.6163311,3.523178808
2481552,21.58836689,3.496688742
2481802,21.6163311,3.602649007
2482052,21.58836689,3.57615894
2482307,21.58836689,3.629139073
2482563,21.58836689,3.549668874
2482819,21.58836689,3.549668874
2483075,21.58836689,3.629139073
2483331,21.58836689,3.602649007
2483587,21.58836689,3.708609272
2483843,21.58836689,3.682119205
2484098,21.6163311,3.629139073
2484354,21.6163311,3.682119205
2484610,21.6163311,3.602649007
2484866,21.6163311,3.682119205
2485122,21.6163311,3.655629139
2485378,21.6163311,3.57615894
2485633,21.6163311,3.629139073
2485889,21.6163311,3.602649007
2486145,21.58836689,3.682119205
2486401,21.58836689,3.629139073
2486657,21.58836689,3.655629139
2486913,21.6163311,3.549668874
2487169,21.58836689,3.629139073
2487424,21.58836689,3.602649007
2487680,21.58836689,3.682119205
2487936,21.6163311,3.549668874
2488192,21.6163311,3.602649007
2488448,21.6163311,3.629139073
2488704,21.6163311,3.57615894
2488958,21.6163311,3.523178808
2489208,21.58836689,3.496688742
2489458,21.6163311,3.57615894
2489708,21.58836689,3.417218543
2489964,21.58836689,3.57615894
2490219,21.58836689,3.629139073
2490469,21.58836689,3.523178808
2490719,21.6163311,3.549668874
2490969,21.58836689,3.523178808
2491224,21.58836689,3.655629139
2491480,21.58836689,3.549668874
2491736,21.58836689,3.496688742
2491992,21.58836689,3.549668874
2492248,21.6163311,3.602649007
2492504,21.58836689,3.549668874
2492760,21.6163311,3.629139073
2493015,21.58836689,3.602649007
2493271,21.58836689,3.655629139
2493527,21.6163311,3.470198675
2493783,21.58836689,3.602649007
2494039,21.58836689,3.602649007
2494295,21.58836689,3.629139073
2494550,21.58836689,3.549668874
2494806,21.58836689,3.57615894
2495062,21.58836689,3.523178808
2495318,21.58836689,3.549668874
2495574,21.58836689,3.655629139
2495830,21.58836689,3.470198675
2496084,21.58836689,3.57615894
2496334,21.58836689,3.549668874
2496584,21.58836689,3.523178808
2496834,21.6163311,3.602649007
2497090,21.6163311,3.496688742
2497345,21.58836689,3.57615894
2497595,21.58836689,3.57615894
2497845,21.58836689,3.523178808
2498095,21.58836689,3.682119205
2498351,21.58836689,3.549668874
2498606,21.58836689,3.629139073
2498862,21.58836689,3.655629139
2499118,21.58836689,3.629139073
2499374,21.58836689,3.549668874
2499630,21.58836689,3.682119205
2499886,21.58836689,3.629139073
2500141,21.58836689,3.602649007
2500397,21.58836689,3.523178808
2500653,21.58836689,3.602649007
2500909,21.58836689,3.57615894
2501165,21.58836689,3.496688742
2501421,21.58836689,3.655629139
2501676,21.6163311,3.629139073
2501932,21.58836689,3.629139073
2502188,21.58836689,3.443708609
2502444,21.58836689,3.549668874
2502700,21.58836689,3.57615894
2502956,21.58836689,3.735099338
2503212,21.58836689,3.629139073
2503467,21.56040268,3.602649007
2503723,21.58836689,3.761589404
2503979,21.58836689,3.602649007
2504235,21.58836689,3.496688742
2504491,21.56040268,3.57615894
2504747,21.56040268,3.602649007
2505001,21.58836689,3.629139073
2505251,21.58836689,3.682119205
2505501,21.56040268,3.57615894
2505751,21.58836689,3.655629139
2506007,21.58836689,3.57615894
2506262,21.58836689,3.629139073
2506512,21.56040268,3.549668874
2506762,21.58836689,3.602649007
2507012,21.58836689,3.655629139
2507267,21.56040268,3.629139073
2507523,21.56040268,3.708609272
2507779,21.56040268,3.57615894
2508035,21.58836689,3.682119205
2508291,21.58836689,3.549668874
2508547,21.56040268,3.629139073
2508803,21.56040268,3.735099338
2509058,21.58836689,3.629139073
2509314,21.58836689,3.602649007
2509570,21.58836689,3.496688742
2509826,21.58836689,3.682119205
2510082,21.58836689,3.496688742
2510338,21.56040268,3.549668874
2510593,21.58836689,3.708609272
2510849,21.58836689,3.629139073
2511105,21.56040268,3.523178808
2511361,21.56040268,3.655629139
2511617,21.56040268,3.523178808
2511873,21.56040268,3.682119205
2512129,21.56040268,3.629139073
2512384,21.56040268,3.602649007
2512640,21.56040268,3.708609272
2512896,21.58836689,3.629139073
2513152,21.58836689,3.443708609
2513408,21.58836689,3.602649007
2513664,21.56040268,3.629139073
2513918,21.58836689,3.629139073
2514168,21.53243848,3.602649007
2514418,21.58836689,3.629139073
2514668,21.56040268,3.602649007
2514924,21.56040268,3.629139073
2515179,21.56040268,3.470198675
2515429,21.56040268,3.682119205
2515679,21.56040268,3.708609272
2515929,21.53243848,3.602649007
2516184,21.56040268,3.523178808
2516440,21.53243848,3.523178808
2516696,21.56040268,3.523178808
2516952,21.56040268,3.682119205
2517208,21.56040268,3.496688742
2517464,21.58836689,3.57615894
2517720,21.58836689,3.57615894
2517975,21.56040268,3.708609272
2518231,21.56040268,3.682119205
2518487,21.56040268,3.602649007
2518743,21.56040268,3.57615894
2518999,21.56040268,3.523178808
2519255,21.56040268,3.496688742
2519510,21.56040268,3.57615894
2519766,21.53243848,3.629139073
2520022,21.53243848,3.496688742
2520278,21.53243848,3.549668874
2520534,21.53243848,3.682119205
2520790,21.53243848,3.549668874
2521044,21.53243848,3.57615894
2521294,21.56040268,3.629139073
2521544,21.56040268,3.549668874
2521794,21.56040268,3.549668874
2522050,21.58836689,3.523178808
2522305,21.56040268,3.57615894
2522555,21.53243848,3.708609272
2522805,21.53243848,3.523178808
2523055,21.56040268,3.629139073
2523311,21.56040268,3.655629139
2523566,21.56040268,3.523178808
2523822,21.56040268,3.57615894
2524078,21.56040268,3.390728477
2524334,21.53243848,3.629139073
2524590,21.53243848,3.549668874
2524846,21.53243848,3.57615894
2525101,21.53243848,3.602649007
2525357,21.53243848,3.549668874
2525613,21.53243848,3.602649007
2525869,21.53243848,3.629139073
2526125,21.56040268,3.549668874
2526381,21.53243848,3.549668874
2526636,21.53243848,3.655629139
2526892,21.56040268,3.496688742
2527148,21.56040268,3.549668874
2527404,21.56040268,3.629139073
2527660,21.56040268,3.549668874
2527916,21.56040268,3.655629139
2528172,21.56040268,3.523178808
2528427,21.53243848,3.57615894
2528683,21.56040268,3.629139073
2528939,21.53243848,3.57615894
2529195,21.53243848,3.629139073
2529451,21.56040268,3.57615894
2529707,21.53243848,3.602649007
2529961,21.53243848,3.602649007
2530211,21.53243848,3.708609272
2530461,21.56040268,3.629139073
2530711,21.53243848,3.523178808
2530967,21.53243848,3.57615894
2531222,21.53243848,3.549668874
2531472,21.56040268,3.496688742
2531722,21.53243848,3.57615894
2531972,21.53243848,3.629139073
2532227,21.53243848,3.57615894
2532483,21.53243848,3.523178808
2532739,21.53243848,3.655629139
2532995,21.53243848,3.682119205
2533251,21.56040268,3.655629139
2533507,21.56040268,3.549668874
2533763,21.56040268,3.602649007
2534018,21.56040268,3.629139073
2534274,21.56040268,3.57615894
2534530,21.53243848,3.57615894
2534786,21.53243848,3.602649007
2535042,21.53243848,3.602649007
2535298,21.53243848,3.602649007
2535553,21.53243848,3.655629139
2535809,21.50447427,3.655629139
2536065,21.53243848,3.523178808
2536321,21.50447427,3.549668874
2536577,21.53243848,3.549668874
2536833,21.53243848,3.523178808
2537089,21.53243848,3.629139073
2537344,21.53243848,3.602649007
2537600,21.53243848,3.602649007
2537856,21.53243848,3.470198675
2538112,21.53243848,3.602649007
2538368,21.53243848,3.496688742
2538624,21.56040268,3.629139073
2538878,21.56040268,3.496688742
2539128,21.53243848,3.549668874
2539378,21.53243848,3.602649007
2539628,21.53243848,3.57615894
2539884,21.53243848,3.57615894
2540139,21.53243848,3.602649007
2540389,21.53243848,3.602649007
2540639,21.53243848,3.602649007
2540889,21.53243848,3.57615894
2541144,21.50447427,3.629139073
2541400,21.50447427,3.682119205
2541656,21.50447427,3.602649007
2541912,21.53243848,3.602649007
2542168,21.53243848,3.602649007
2542424,21.53243848,3.549668874
2542680,21.50447427,3.629139073
2542935,21.53243848,3.57615894
2543191,21.53243848,3.523178808
2543447,21.50447427,3.523178808
2543703,21.53243848,3.390728477
2543959,21.53243848,3.655629139
2544215,21.53243848,3.496688742
2544470,21.53243848,3.629139073
2544726,21.53243848,3.57615894
2544982,21.53243848,3.496688742
2545238,21.53243848,3.602649007
2545494,21.53243848,3.629139073
2545750,21.50447427,3.655629139
2546004,21.53243848,3.602649007
2546254,21.50447427,3.629139073
2546504,21.53243848,3.602649007
2546754,21.53243848,3.523178808
2547010,21.53243848,3.655629139
2547265,21.50447427,3.655629139
2547515,21.50447427,3.549668874
2547765,21.53243848,3.549668874
2548015,21.50447427,3.57615894
2548271,21.50447427,3.57615894
2548526,21.50447427,3.629139073
2548782,21.50447427,3.602649007
2549038,21.50447427,3.708609272
2549294,21.50447427,3.549668874
2549550,21.50447427,3.549668874
2549806,21.50447427,3.57615894
2550061,21.50447427,3.708609272
2550317,21.50447427,3.655629139
2550573,21.50447427,3.655629139
2550829,21.53243848,3.602649007
2551085,21.53243848,3.523178808
2551341,21.53243848,3.655629139
2551596,21.53243848,3.602649007
2551852,21.50447427,3.629139073
2552108,21.53243848,3.629139073
2552364,21.53243848,3.655629139
2552620,21.50447427,3.549668874
2552876,21.50447427,3.602649007
2553132,21.53243848,3.655629139
2553387,21.50447427,3.602649007
2553643,21.50447427,3.57615894
2553899,21.50447427,3.523178808
2554155,21.50447427,3.629139073
2554411,21.47651007,3.523178808
2554667,21.50447427,3.523178808
2554921,21.47651007,3.549668874
2555171,21.50447427,3.549668874
2555421,21.53243848,3.655629139
2555671,21.50447427,3.57615894
2555927,21.50447427,3.523178808
2556182,21.50447427,3.629139073
2556432,21.50447427,3.655629139
2556682,21.50447427,3.57615894
2556932,21.50447427,3.496688742
2557187,21.50447427,3.57615894
2557443,21.50447427,3.549668874
2557699,21.53243848,3.57615894
2557955,21.50447427,3.470198675
2558211,21.50447427,3.602649007
2558467,21.50447427,3.629139073
2558723,21.50447427,3.57615894
2558978,21.47651007,3.655629139
2559234,21.50447427,3.549668874
2559490,21.50447427,3.549668874
2559746,21.47651007,3.602649007
2560002,21.47651007,3.496688742
2560258,21.47651007,3.629139073
2560513,21.47651007,3.682119205
2560769,21.47651007,3.523178808
2561025,21.47651007,3.549668874
2561281,21.47651007,3.549668874
2561537,21.47651007,3.549668874
2561793,21.47651007,3.523178808
2562049,21.47651007,3.549668874
2562304,21.47651007,3.523178808
2562560,21.50447427,3.523178808
2562816,21.50447427,3.549668874
2563072,21.50447427,3.523178808
2563328,21.50447427,3.57615894
2563584,21.50447427,3.57615894
2563838,21.50447427,3.496688742
2564088,21.47651007,3.602649007
2564338,21.50447427,3.523178808
2564588,21.47651007,3.443708609
2564844,21.47651007,3.470198675
2565099,21.47651007,3.496688742
2565349,21.47651007,3.549668874
2565599,21.47651007,3.549668874
2565849,21.47651007,3.602649007
2566104,21.47651007,3.655629139
2566360,21.47651007,3.602649007
2566616,21.47651007,3.549668874
2566872,21.47651007,3.682119205
2567128,21.47651007,3.523178808
2567384,21.50447427,3.523178808
2567640,21.50447427,3.57615894
2567895,21.50447427,3.602649007
2568151,21.47651007,3.523178808
2568407,21.50447427,3.629139073
2568663,21.47651007,3.523178808
2568919,21.47651007,3.549668874
2569175,21.47651007,3.602649007
2569430,21.47651007,3.443708609
2569686,21.47651007,3.708609272
2569942,21.47651007,3.57615894
2570198,21.47651007,3.57615894
2570454,21.47651007,3.523178808
2570710,21.47651007,3.682119205
2570964,21.47651007,3.682119205
2571214,21.47651007,3.57615894
2571464,21.47651007,3.629139073
2571714,21.44854586,3.655629139
2571970,21.44854586,3.655629139
2572225,21.47651007,3.549668874
2572475,21.47651007,3.443708609
2572725,21.44854586,3.57615894
2572975,21.47651007,3.523178808
2573231,21.47651007,3.602649007
2573486,21.50447427,3.549668874
2573742,21.47651007,3.655629139
2573998,21.47651007,3.496688742
2574254,21.47651007,3.470198675
2574510,21.47651007,3.496688742
2574766,21.47651007,3.549668874
2575021,21.47651007,3.629139073
2575277,21.47651007,3.708609272
2575533,21.47651007,3.549668874
2575789,21.47651007,3.629139073
2576045,21.44854586,3.629139073
2576301,21.44854586,3.602649007
2576556,21.47651007,3.443708609
2576812,21.47651007,3.629139073
2577068,21.44854586,3.496688742
2577324,21.44854586,3.523178808
2577580,21.47651007,3.629139073
2577836,21.47651007,3.629139073
2578092,21.47651007,3.629139073
2578347,21.47651007,3.655629139
2578603,21.47651007,3.549668874
2578859,21.44854586,3.602649007
2579115,21.44854586,3.655629139
2579371,21.47651007,3.629139073
2579627,21.44854586,3.602649007
2579881,21.44854586,3.602649007
2580131,21.47651007,3.602649007
2580381,21.44854586,3.602649007
2580631,21.44854586,3.523178808
2580887,21.44854586,3.655629139
2581142,21.44854586,3.549668874
2581392,21.44854586,3.523178808
2581642,21.44854586,3.523178808
2581892,21.44854586,3.682119205
2582147,21.44854586,3.629139073
2582403,21.47651007,3.523178808
2582659,21.47651007,3.523178808
2582915,21.44854586,3.629139073
2583171,21.47651007,3.602649007
2583427,21.44854586,3.57615894
2583683,21.47651007,3.496688742
2583938,21.44854586,3.57615894
2584194,21.44854586,3.708609272
2584450,21.44854586,3.523178808
2584706,21.44854586,3.629139073
2584962,21.44854586,3.655629139
2585218,21.42058166,3.523178808
2585473,21.44854586,3.57615894
2585729,21.42058166,3.523178808
2585985,21.42058166,3.57615894
2586241,21.44854586,3.549668874
2586497,21.42058166,3.57615894
2586753,21.44854586,3.655629139
2587009,21.42058166,3.57615894
2587264,21.44854586,3.57615894
2587520,21.42058166,3.523178808
2587776,21.44854586,3.655629139
2588032,21.44854586,3.655629139
2588288,21.44854586,3.629139073
2588544,21.44854586,3.523178808
2588798,21.44854586,3.602649007
2589048,21.42058166,3.57615894
2589298,21.42058166,3.523178808
2589548,21.44854586,3.629139073
2589804,21.44854586,3.629139073
2590059,21.44854586,3.629139073
2590309,21.42058166,3.57615894
2590559,21.42058166,3.57615894
2590809,21.42058166,3.682119205
2591064,21.44854586,3.443708609
2591320,21.44854586,3.629139073
2591576,21.44854586,3.549668874
2591832,21.42058166,3.629139073
2592088,21.44854586,3.735099338
2592344,21.42058166,3.496688742
2592600,21.44854586,3.629139073
2592855,21.42058166,3.655629139
2593111,21.42058166,3.549668874
2593367,21.42058166,3.57615894
2593623,21.42058166,3.523178808
2593879,21.42058166,3.629139073
2594135,21.42058166,3.549668874
2594390,21.42058166,3.602649007
2594646,21.42058166,3.523178808
2594902,21.42058166,3.549668874
2595158,21.42058166,3.496688742
2595414,21.42058166,3.470198675
2595670,21.42058166,3.57615894
2595924,21.42058166,3.602649007
2596174,21.42058166,3.602649007
2596424,21.42058166,3.496688742
2596674,21.42058166,3.549668874
2596930,21.44854586,3.496688742
2597185,21.44854586,3.549668874
2597435,21.42058166,3.629139073
2597685,21.42058166,3.602649007
2597935,21.42058166,3.549668874
2598191,21.42058166,3.549668874
2598446,21.42058166,3.523178808
2598702,21.42058166,3.496688742
2598958,21.42058166,3.602649007
2599214,21.39261745,3.549668874
2599470,21.42058166,3.417218543
2599726,21.42058166,3.682119205
2599981,21.42058166,3.549668874
2600237,21.42058166,3.57615894
2600493,21.42058166,3.57615894
2600749,21.42058166,3.57615894
2601005,21.39261745,3.549668874
2601261,21.39261745,3.549668874
2601516,21.42058166,3.496688742
2601772,21.42058166,3.523178808
2602028,21.42058166,3.496688742
2602284,21.42058166,3.549668874
2602540,21.42058166,3.602649007
2602796,21.42058166,3.523178808
2603052,21.42058166,3.523178808
2603307,21.42058166,3.523178808
2603563,21.42058166,3.443708609
2603819,21.42058166,3.655629139
2604075,21.42058166,3.629139073
2604331,21.42058166,3.496688742
2604587,21.39261745,3.655629139
2604841,21.42058166,3.57615894
2605091,21.39261745,3.602649007
2605341,21.42058166,3.602649007
2605591,21.39261745,3.523178808
2605847,21.42058166,3.682119205
2606102,21.42058166,3.629139073
2606352,21.39261745,3.629139073
2606602,21.42058166,3.523178808
2606852,21.39261745,3.602649007
2607107,21.42058166,3.602649007
2607363,21.42058166,3.682119205
2607619,21.39261745,3.390728477
2607875,21.39261745,3.708609272
2608131,21.39261745,3.57615894
2608387,21.39261745,3.57615894
2608643,21.42058166,3.443708609
2608898,21.42058166,3.629139073
2609154,21.42058166,3.602649007
2609410,21.42058166,3.602649007
2609666,21.42058166,3.549668874
2609922,21.42058166,3.57615894
2610178,21.42058166,3.549668874
2610433,21.39261745,3.549668874
2610689,21.42058166,3.549668874
2610945,21.39261745,3.523178808
2611201,21.39261745,3.496688742
2611457,21.39261745,3.549668874
2611713,21.39261745,3.549668874
2611969,21.36465324,3.523178808
2612224,21.39261745,3.417218543
2612480,21.39261745,3.549668874
2612736,21.39261745,3.417218543
2612992,21.39261745,3.602649007
2613248,21.39261745,3.602649007
2613504,21.42058166,3.602649007
2613758,21.42058166,3.496688742
2614008,21.39261745,3.57615894
2614258,21.39261745,3.602649007
2614508,21.39261745,3.549668874
2614764,21.42058166,3.602649007
2615019,21.39261745,3.549668874
2615269,21.36465324,3.602649007
2615519,21.42058166,3.496688742
2615769,21.39261745,3.549668874
2616024,21.39261745,3.549668874
2616280,21.39261745,3.655629139
2616536,21.36465324,3.602649007
2616792,21.36465324,3.496688742
2617048,21.36465324,3.523178808
2617304,21.36465324,3.602649007
2617560,21.39261745,3.549668874
2617815,21.39261745,3.470198675
2618071,21.39261745,3.470198675
2618327,21.39261745,3.470198675
2618583,21.39261745,3.470198675
2618839,21.39261745,3.549668874
2619095,21.39261745,3.629139073
2619350,21.39261745,3.364238411
2619606,21.39261745,3.523178808
2619862,21.36465324,3.629139073
2620118,21.36465324,3.629139073
2620374,21.36465324,3.549668874
2620630,21.36465324,3.57615894
2620884,21.36465324,3.496688742
2621134,21.39261745,3.549668874
2621384,21.36465324,3.549668874
2621634,21.36465324,3.496688742
2621890,21.36465324,3.602649007
2622145,21.36465324,3.470198675
2622395,21.39261745,3.602649007
2622645,21.36465324,3.443708609
2622895,21.36465324,3.57615894
2623151,21.39261745,3.549668874
2623406,21.39261745,3.523178808
2623662,21.39261745,3.523178808
2623918,21.39261745,3.549668874
2624174,21.39261745,3.629139073
2624430,21.39261745,3.523178808
2624686,21.36465324,3.57615894
2624941,21.36465324,3.443708609
2625197,21.36465324,3.470198675
2625453,21.36465324,3.602649007
2625709,21.36465324,3.57615894
2625965,21.36465324,3.57615894
2626221,21.36465324,3.496688742
2626476,21.36465324,3.549668874
2626732,21.36465324,3.496688742
2626988,21.36465324,3.549668874
2627244,21.36465324,3.549668874
2627500,21.36465324,3.629139073
2627756,21.36465324,3.602649007
2628012,21.36465324,3.57615894
2628267,21.36465324,3.655629139
2628523,21.36465324,3.470198675
2628779,21.36465324,3.549668874
2629035,21.36465324,3.549668874
2629291,21.36465324,3.523178808
2629547,21.36465324,3.629139073
2629801,21.36465324,3.602649007
2630051,21.33668904,3.496688742
2630301,21.36465324,3.57615894
2630551,21.36465324,3.57615894
2630807,21.36465324,3.549668874
2631062,21.36465324,3.629139073
2631312,21.33668904,3.602649007
2631562,21.36465324,3.57615894
2631812,21.33668904,3.549668874
2632067,21.33668904,3.602649007
2632323,21.33668904,3.602649007
2632579,21.33668904,3.602649007
2632835,21.33668904,3.57615894
2633091,21.36465324,3.496688742
2633347,21.36465324,3.629139073
2633603,21.36465324,3.549668874
2633858,21.36465324,3.629139073
2634114,21.36465324,3.57615894
2634370,21.36465324,3.417218543
2634626,21.36465324,3.496688742
2634882,21.36465324,3.523178808
2635138,21.36465324,3.602649007
2635393,21.36465324,3.549668874
2635649,21.36465324,3.523178808
2635905,21.33668904,3.682119205
2636161,21.36465324,3.57615894
2636417,21.36465324,3.549668874
2636673,21.33668904,3.57615894
2636929,21.33668904,3.549668874
2637184,21.33668904,3.602649007
2637440,21.33668904,3.443708609
2637696,21.33668904,3.629139073
2637952,21.33668904,3.629139073
2638208,21.33668904,3.523178808
2638464,21.33668904,3.523178808
2638718,21.33668904,3.496688742
2638968,21.36465324,3.57615894
2639218,21.33668904,3.523178808
2639468,21.33668904,3.496688742
2639724,21.36465324,3.470198675
2639979,21.33668904,3.549668874
2640229,21.33668904,3.523178808
2640479,21.33668904,3.523178808
2640729,21.33668904,3.602649007
2640984,21.33668904,3.496688742
2641240,21.36465324,3.57615894
2641496,21.33668904,3.629139073
2641752,21.33668904,3.57615894
2642008,21.33668904,3.602649007
2642264,21.33668904,3.602649007
2642520,21.30872483,3.443708609
2642775,21.33668904,3.682119205
2643031,21.30872483,3.470198675
2643287,21.30872483,3.629139073
2643543,21.30872483,3.57615894
2643799,21.30872483,3.523178808
2644055,21.33668904,3.602649007
2644310,21.30872483,3.629139073
2644566,21.33668904,3.470198675
2644822,21.33668904,3.496688742
2645078,21.33668904,3.523178808
2645334,21.36465324,3.496688742
2645590,21.33668904,3.523178808
2645844,21.33668904,3.390728477
2646094,21.30872483,3.523178808
2646344,21.33668904,3.417218543
2646594,21.33668904,3.496688742
2646850,21.33668904,3.629139073
2647105,21.30872483,3.602649007
2647355,21.30872483,3.496688742
2647605,21.33668904,3.470198675
2647855,21.30872483,3.496688742
2648111,21.30872483,3.523178808
2648366,21.30872483,3.549668874
2648622,21.30872483,3.523178808
2648878,21.30872483,3.57615894
2649134,21.30872483,3.443708609
2649390,21.30872483,3.549668874
2649646,21.33668904,3.496688742
2649901,21.30872483,3.549668874
2650157,21.33668904,3.57615894
2650413,21.30872483,3.602649007
2650669,21.30872483,3.549668874
2650925,21.33668904,3.629139073
2651181,21.30872483,3.549668874
2651436,21.30872483,3.629139073
2651692,21.30872483,3.655629139
2651948,21.30872483,3.602649007
2652204,21.30872483,3.417218543
2652460,21.30872483,3.470198675
2652716,21.30872483,3.523178808
2652972,21.30872483,3.602649007
2653227,21.30872483,3.602649007
2653483,21.30872483,3.496688742
2653739,21.30872483,3.602649007
2653995,21.30872483,3.629139073
2654251,21.30872483,3.549668874
2654507,21.30872483,3.496688742
2654761,21.30872483,3.523178808
2655011,21.28076063,3.523178808
2655261,21.28076063,3.496688742
2655511,21.30872483,3.57615894
2655767,21.30872483,3.549668874
2656022,21.28076063,3.443708609
2656272,21.28076063,3.549668874
2656522,21.30872483,3.57615894
2656772,21.28076063,3.549668874
2657027,21.28076063,3.523178808
2657283,21.28076063,3.496688742
2657539,21.28076063,3.57615894
2657795,21.28076063,3.523178808
2658051,21.28076063,3.496688742
2658307,21.28076063,3.602649007
2658563,21.30872483,3.417218543
2658818,21.28076063,3.496688742
2659074,21.30872483,3.523178808
2659330,21.30872483,3.57615894
2659586,21.30872483,3.57615894
2659842,21.30872483,3.549668874
2660098,21.30872483,3.57615894
2660353,21.30872483,3.417218543
2660609,21.28076063,3.602649007
2660865,21.28076063,3.470198675
2661121,21.28076063,3.602649007
2661377,21.28076063,3.443708609
2661633,21.28076063,3.549668874
2661889,21.25279642,3.629139073
2662144,21.25279642,3.470198675
2662400,21.25279642,3.57615894
2662656,21.25279642,3.470198675
2662912,21.28076063,3.470198675
2663168,21.25279642,3.629139073
2663424,21.28076063,3.523178808
2663678,21.28076063,3.549668874
2663928,21.28076063,3.470198675
2664178,21.25279642,3.57615894
2664428,21.30872483,3.496688742
2664684,21.28076063,3.57615894
2664939,21.28076063,3.629139073
2665189,21.28076063,3.417218543
2665439,21.25279642,3.629139073
2665689,21.28076063,3.57615894
2665944,21.28076063,3.496688742
2666200,21.28076063,3.655629139
2666456,21.25279642,3.655629139
2666712,21.28076063,3.629139073
2666968,21.25279642,3.470198675
2667224,21.25279642,3.470198675
2667480,21.25279642,3.57615894
2667735,21.25279642,3.496688742
2667991,21.25279642,3.57615894
2668247,21.25279642,3.549668874
2668503,21.25279642,3.57615894
2668759,21.25279642,3.549668874
2669015,21.25279642,3.57615894
2669270,21.25279642,3.470198675
2669526,21.25279642,3.523178808
2669782,21.25279642,3.549668874
2670038,21.25279642,3.496688742
2670294,21.28076063,3.602649007
2670550,21.25279642,3.523178808
2670804,21.28076063,3.523178808
2671054,21.25279642,3.443708609
2671304,21.25279642,3.417218543
2671554,21.28076063,3.496688742
2671810,21.25279642,3.549668874
2672065,21.25279642,3.549668874
2672315,21.25279642,3.57615894
2672565,21.25279642,3.496688742
2672815,21.25279642,3.470198675
2673071,21.25279642,3.57615894
2673326,21.22483221,3.496688742
2673582,21.22483221,3.470198675
2673838,21.22483221,3.549668874
2674094,21.22483221,3.602649007
2674350,21.22483221,3.549668874
2674606,21.25279642,3.523178808
2674861,21.25279642,3.629139073
2675117,21.25279642,3.602649007
2675373,21.25279642,3.470198675
2675629,21.25279642,3.629139073
2675885,21.25279642,3.629139073
2676141,21.25279642,3.549668874
2676396,21.25279642,3.549668874
2676652,21.25279642,3.57615894
2676908,21.25279642,3.496688742
2677164,21.25279642,3.523178808
2677420,21.22483221,3.496688742
2677676,21.22483221,3.602649007
2677932,21.25279642,3.523178808
2678187,21.25279642,3.655629139
2678443,21.22483221,3.57615894
2678699,21.22483221,3.57615894
2678955,21.25279642,3.57615894
2679211,21.25279642,3.602649007
2679467,21.25279642,3.523178808
2679721,21.25279642,3.602649007
2679971,21.22483221,3.57615894
2680221,21.25279642,3.470198675
2680471,21.25279642,3.443708609
2680727,21.22483221,3.496688742
2680982,21.22483221,3.523178808
2681232,21.22483221,3.682119205
2681482,21.25279642,3.549668874
2681732,21.22483221,3.57615894
2681987,21.22483221,3.470198675
2682243,21.22483221,3.523178808
2682499,21.22483221,3.470198675
2682755,21.25279642,3.602649007
2683011,21.25279642,3.602649007
2683267,21.25279642,3.549668874
2683523,21.25279642,3.629139073
2683778,21.25279642,3.602649007
2684034,21.25279642,3.496688742
2684290,21.22483221,3.523178808
2684546,21.22483221,3.470198675
2684802,21.22483221,3.549668874
2685058,21.22483221,3.417218543
2685313,21.22483221,3.470198675
2685569,21.22483221,3.523178808
2685825,21.19686801,3.57615894
2686081,21.22483221,3.602649007
2686337,21.22483221,3.523178808
2686593,21.19686801,3.417218543
2686849,21.19686801,3.655629139
2687104,21.22483221,3.523178808
2687360,21.22483221,3.602649007
2687616,21.25279642,3.523178808
2687872,21.22483221,3.629139073
2688128,21.22483221,3.337748344
2688384,21.22483221,3.470198675
2688638,21.22483221,3.57615894
2688888,21.19686801,3.496688742
2689138,21.22483221,3.523178808
2689388,21.22483221,3.549668874
2689644,21.22483221,3.549668874
2689899,21.22483221,3.549668874
2690149,21.19686801,3.57615894
2690399,21.22483221,3.549668874
2690649,21.19686801,3.390728477
2690904,21.19686801,3.496688742
2691160,21.19686801,3.57615894
2691416,21.19686801,3.57615894
2691672,21.19686801,3.57615894
2691928,21.19686801,3.496688742
2692184,21.19686801,3.470198675
2692440,21.19686801,3.443708609
2692695,21.19686801,3.549668874
2692951,21.19686801,3.496688742
2693207,21.19686801,3.523178808
2693463,21.19686801,3.496688742
2693719,21.22483221,3.496688742
2693975,21.22483221,3.602649007
2694230,21.19686801,3.443708609
2694486,21.22483221,3.496688742
2694742,21.22483221,3.523178808
2694998,21.19686801,3.417218543
2695254,21.19686801,3.496688742
2695510,21.19686801,3.523178808
2695764,21.19686801,3.523178808
2696014,21.19686801,3.523178808
2696264,21.22483221,3.602649007
2696514,21.19686801,3.57615894
2696770,21.19686801,3.443708609
2697025,21.19686801,3.57615894
2697275,21.19686801,3.629139073
2697525,21.19686801,3.523178808
2697775,21.1689038,3.496688742
2698031,21.1689038,3.470198675
2698286,21.19686801,3.523178808
2698542,21.19686801,3.523178808
2698798,21.19686801,3.549668874
2699054,21.19686801,3.629139073
2699310,21.19686801,3.417218543
2699566,21.19686801,3.470198675
2699821,21.19686801,3.57615894
2700077,21.19686801,3.470198675
2700333,21.19686801,3.57615894
2700589,21.19686801,3.682119205
2700845,21.19686801,3.470198675
2701101,21.19686801,3.602649007
2701356,21.19686801,3.496688742
2701612,21.19686801,3.496688742
2701868,21.19686801,3.602649007
2702124,21.19686801,3.549668874
2702380,21.1689038,3.443708609
2702636,21.19686801,3.57615894
2702892,21.1689038,3.390728477
2703147,21.1689038,3.549668874
2703403,21.1689038,3.549668874
2703659,21.19686801,3.523178808
2703915,21.1689038,3.523178808
2704171,21.1689038,3.523178808
2704427,21.1689038,3.549668874
2704681,21.1689038,3.57615894
2704931,21.19686801,3.655629139
2705181,21.1689038,3.523178808
2705431,21.1689038,3.549668874
2705687,21.1689038,3.470198675
2705942,21.1689038,3.496688742
2706192,21.1689038,3.496688742
2706442,21.1409396,3.57615894
2706692,21.1689038,3.443708609
2706947,21.19686801,3.57615894
2707203,21.19686801,3.443708609
2707459,21.1689038,3.523178808
2707715,21.19686801,3.57615894
2707971,21.1689038,3.470198675
2708227,21.1689038,3.364238411
2708483,21.1689038,3.549668874
2708738,21.1689038,3.496688742
2708994,21.1689038,3.417218543
2709250,21.1689038,3.602649007
2709506,21.1409396,3.496688742
2709762,21.1409396,3.496688742
2710018,21.1409396,3.496688742
2710273,21.1409396,3.390728477
2710529,21.1409396,3.549668874
2710785,21.1409396,3.523178808
2711041,21.1409396,3.470198675
2711297,21.1409396,3.57615894
2711553,21.1409396,3.602649007
2711809,21.1409396,3.57615894
2712064,21.1409396,3.496688742
2712320,21.1409396,3.496688742
2712576,21.1689038,3.470198675
2712832,21.1689038,3.496688742
2713088,21.1689038,3.57615894
2713344,21.1689038,3.57615894
2713598,21.1689038,3.57615894
2713848,21.1409396,3.417218543
2714098,21.1409396,3.470198675
2714348,21.1689038,3.443708609
2714604,21.1409396,3.470198675
2714859,21.1689038,3.417218543
2715109,21.1409396,3.523178808
2715359,21.1689038,3.443708609
2715609,21.1409396,3.549668874
2715864,21.1409396,3.443708609
2716120,21.1409396,3.496688742
2716376,21.1409396,3.496688742
2716632,21.11297539,3.470198675
2716888,21.1409396,3.523178808
2717144,21.11297539,3.496688742
2717400,21.1409396,3.496688742
2717655,21.11297539,3.57615894
2717911,21.11297539,3.549668874
2718167,21.11297539,3.470198675
2718423,21.1409396,3.470198675
2718679,21.1409396,3.549668874
2718935,21.1409396,3.496688742
2719190,21.1409396,3.523178808
2719446,21.1409396,3.523178808
2719702,21.1409396,3.417218543
2719958,21.1409396,3.655629139
2720214,21.1409396,3.523178808
2720470,21.11297539,3.364238411
2720724,21.1409396,3.443708609
2720974,21.11297539,3.523178808
2721224,21.11297539,3.57615894
2721474,21.1409396,3.496688742
2721730,21.1409396,3.470198675
2721985,21.11297539,3.523178808
2722235,21.11297539,3.443708609
2722485,21.11297539,3.470198675
2722735,21.11297539,3.496688742
2722991,21.11297539,3.496688742
2723246,21.11297539,3.523178808
2723502,21.11297539,3.496688742
2723758,21.11297539,3.496688742
2724014,21.11297539,3.57615894
2724270,21.11297539,3.470198675
2724526,21.11297539,3.417218543
2724781,21.1409396,3.443708609
2725037,21.11297539,3.549668874
2725293,21.1409396,3.523178808
2725549,21.11297539,3.57615894
2725805,21.1409396,3.523178808
2726061,21.11297539,3.443708609
2726316,21.11297539,3.549668874
2726572,21.11297539,3.602649007
2726828,21.11297539,3.523178808
2727084,21.08501119,3.549668874
2727340,21.08501119,3.57615894
2727596,21.08501119,3.390728477
2727852,21.08501119,3.496688742
2728107,21.08501119,3.417218543
2728363,21.08501119,3.443708609
2728619,21.08501119,3.523178808
2728875,21.08501119,3.602649007
2729131,21.11297539,3.523178808
2729387,21.11297539,3.496688742
2729641,21.11297539,3.470198675
2729891,21.08501119,3.549668874
2730141,21.08501119,3.549668874
2730391,21.11297539,3.470198675
2730647,21.11297539,3.390728477
2730902,21.11297539,3.523178808
2731152,21.08501119,3.496688742
2731402,21.11297539,3.496688742
2731652,21.08501119,3.57615894
2731907,21.08501119,3.655629139
2732163,21.08501119,3.417218543
2732419,21.08501119,3.417218543
2732675,21.08501119,3.443708609
2732931,21.08501119,3.523178808
2733187,21.08501119,3.496688742
2733443,21.08501119,3.57615894
2733698,21.08501119,3.496688742
2733954,21.08501119,3.496688742
2734210,21.08501119,3.364238411
2734466,21.08501119,3.523178808
2734722,21.08501119,3.602649007
2734978,21.11297539,3.629139073
2735233,21.08501119,3.470198675
2735489,21.08501119,3.390728477
2735745,21.08501119,3.470198675
2736001,21.08501119,3.549668874
2736257,21.08501119,3.470198675
2736513,21.08501119,3.443708609
2736769,21.05704698,3.549668874
2737024,21.05704698,3.57615894
2737280,21.08501119,3.523178808
2737536,21.05704698,3.496688742
2737792,21.05704698,3.523178808
2738048,21.08501119,3.549668874
2738304,21.08501119,3.549668874
2738558,21.08501119,3.523178808
2738808,21.08501119,3.602649007
2739058,21.08501119,3.443708609
2739308,21.08501119,3.523178808
2739564,21.05704698,3.470198675
2739819,21.08501119,3.470198675
2740069,21.05704698,3.443708609
2740319,21.08501119,3.470198675
2740569,21.05704698,3.523178808
2740824,21.05704698,3.390728477
2741080,21.05704698,3.470198675
2741336,21.05704698,3.390728477
2741592,21.05704698,3.390728477
2741848,21.05704698,3.602649007
2742104,21.05704698,3.549668874
2742360,21.08501119,3.549668874
2742615,21.05704698,3.417218543
2742871,21.05704698,3.523178808
2743127,21.08501119,3.364238411
2743383,21.05704698,3.337748344
2743639,21.05704698,3.443708609
2743895,21.08501119,3.443708609
2744150,21.05704698,3.443708609
2744406,21.02908277,3.602649007
2744662,21.02908277,3.417218543
2744918,21.02908277,3.470198675
2745174,21.02908277,3.629139073
2745430,21.02908277,3.57615894
2745684,21.02908277,3.496688742
2745934,21.05704698,3.417218543
2746184,21.02908277,3.523178808
2746434,21.05704698,3.443708609
2746690,21.05704698,3.496688742
2746945,21.05704698,3.57615894
2747195,21.02908277,3.57615894
2747445,21.05704698,3.417218543
2747695,21.05704698,3.443708609
2747951,21.02908277,3.417218543
2748206,21.02908277,3.57615894
2748462,21.02908277,3.57615894
2748718,21.02908277,3.470198675
2748974,21.02908277,3.443708609
2749230,21.02908277,3.390728477
2749486,21.02908277,3.470198675
2749741,21.02908277,3.549668874
2749997,21.02908277,3.443708609
2750253,21.02908277,3.57615894
2750509,21.02908277,3.523178808
2750765,21.05704698,3.417218543
2751021,21.02908277,3.470198675
2751276,21.05704698,3.602649007
2751532,21.05704698,3.443708609
2751788,21.02908277,3.417218543
2752044,21.02908277,3.443708609
2752300,21.02908277,3.549668874
2752556,21.02908277,3.470198675
2752812,21.02908277,3.496688742
2753067,21.02908277,3.523178808
2753323,21.00111857,3.57615894
2753579,21.00111857,3.549668874
2753835,21.02908277,3.602649007
2754091,21.00111857,3.470198675
2754347,21.02908277,3.364238411
2754601,21.00111857,3.470198675
2754851,21.02908277,3.496688742
2755101,21.02908277,3.602649007
2755351,21.00111857,3.417218543
2755607,21.00111857,3.470198675
2755862,21.02908277,3.443708609
2756112,21.02908277,3.496688742
2756362,21.00111857,3.496688742
2756612,21.02908277,3.443708609
2756867,21.02908277,3.390728477
2757123,21.02908277,3.443708609
2757379,21.00111857,3.443708609
2757635,21.02908277,3.602649007
2757891,21.00111857,3.655629139
2758147,21.02908277,3.523178808
2758403,21.00111857,3.57615894
2758658,21.00111857,3.443708609
2758914,21.00111857,3.496688742
2759170,21.00111857,3.496688742
2759426,21.00111857,3.496688742
2759682,20.97315436,3.523178808
2759938,21.00111857,3.470198675
2760193,21.00111857,3.470198675
2760449,21.02908277,3.549668874
2760705,21.00111857,3.443708609
2760961,21.00111857,3.417218543
2761217,21.00111857,3.417218543
2761473,21.00111857,3.470198675
2761729,21.00111857,3.443708609
2761984,21.00111857,3.57615894
2762240,20.97315436,3.57615894
2762496,21.00111857,3.417218543
2762752,20.97315436,3.470198675
2763008,20.97315436,3.443708609
2763264,21.00111857,3.443708609
2763518,20.97315436,3.602649007
2763768,21.00111857,3.443708609
2764018,20.97315436,3.443708609
2764268,20.97315436,3.496688742
2764524,20.97315436,3.470198675
2764779,21.00111857,3.602649007
2765029,20.97315436,3.496688742
2765279,20.97315436,3.470198675
2765529,21.00111857,3.417218543
2765784,21.00111857,3.470198675
2766040,20.97315436,3.523178808
2766296,20.97315436,3.57615894
2766552,20.97315436,3.496688742
2766808,20.97315436,3.470198675
2767064,20.97315436,3.417218543
2767320,20.97315436,3.417218543
2767575,20.97315436,3.470198675
2767831,20.94519016,3.496688742
2768087,20.97315436,3.470198675
2768343,20.94519016,3.470198675
2768599,20.97315436,3.364238411
2768855,20.97315436,3.496688742
2769110,20.97315436,3.496688742
2769366,20.97315436,3.549668874
2769622,20.97315436,3.496688742
2769878,20.97315436,3.443708609
2770134,20.97315436,3.470198675
2770390,20.97315436,3.602649007
2770644,20.97315436,3.523178808
2770894,20.97315436,3.523178808
2771144,20.97315436,3.417218543
2771394,20.94519016,3.549668874
2771650,20.97315436,3.417218543
2771905,20.94519016,3.390728477
2772155,20.97315436,3.549668874
2772405,20.94519016,3.470198675
2772655,20.94519016,3.523178808
2772911,20.94519016,3.417218543
2773166,20.94519016,3.470198675
2773422,20.94519016,3.443708609
2773678,20.94519016,3.57615894
2773934,20.97315436,3.417218543
2774190,20.97315436,3.417218543
2774446,20.94519016,3.470198675
2774701,20.97315436,3.443708609
2774957,20.97315436,3.549668874
2775213,20.97315436,3.496688742
2775469,20.97315436,3.443708609
2775725,20.94519016,3.443708609
2775981,20.94519016,3.470198675
2776236,20.94519016,3.523178808
2776492,20.91722595,3.417218543
2776748,20.91722595,3.443708609
2777004,20.94519016,3.470198675
2777260,20.94519016,3.417218543
2777516,20.91722595,3.470198675
2777772,20.91722595,3.629139073
2778027,20.91722595,3.337748344
2778283,20.97315436,3.523178808
2778539,20.94519016,3.470198675
2778795,20.94519016,3.470198675
2779051,20.94519016,3.364238411
2779307,20.94519016,3.417218543
2779561,20.94519016,3.602649007
2779811,20.91722595,3.523178808
2780061,20.91722595,3.470198675
2780311,20.94519016,3.549668874
2780567,20.91722595,3.496688742
2780822,20.91722595,3.496688742
2781072,20.91722595,3.496688742
2781322,20.91722595,3.417218543
2781572,20.91722595,3.470198675
2781827,20.91722595,3.496688742
2782083,20.91722595,3.523178808
2782339,20.91722595,3.337748344
2782595,20.91722595,3.390728477
2782851,20.91722595,3.443708609
2783107,20.91722595,3.443708609
2783363,20.91722595,3.523178808
2783618,20.91722595,3.390728477
2783874,20.91722595,3.443708609
2784130,20.91722595,3.57615894
2784386,20.91722595,3.470198675
2784642,20.91722595,3.523178808
2784898,20.91722595,3.496688742
2785153,20.91722595,3.57615894
2785409,20.91722595,3.390728477
2785665,20.88926174,3.470198675
2785921,20.91722595,3.549668874
2786177,20.88926174,3.496688742
2786433,20.88926174,3.549668874
2786689,20.88926174,3.549668874
2786944,20.88926174,3.549668874
2787200,20.88926174,3.523178808
2787456,20.88926174,3.390728477
2787712,20.88926174,3.496688742
2787968,20.88926174,3.470198675
2788224,20.91722595,3.443708609
2788478,20.88926174,3.496688742
2788728,20.88926174,3.470198675
2788978,20.86129754,3.523178808
2789228,20.88926174,3.417218543
2789484,20.88926174,3.496688742
2789739,20.88926174,3.602649007
2789989,20.86129754,3.57615894
2790239,20.91722595,3.496688742
2790489,20.88926174,3.470198675
2790744,20.88926174,3.417218543
2791000,20.88926174,3.496688742
2791256,20.86129754,3.470198675
2791512,20.88926174,3.57615894
2791768,20.86129754,3.364238411
2792024,20.86129754,3.523178808
2792280,20.86129754,3.417218543
2792535,20.86129754,3.470198675
2792791,20.86129754,3.417218543
2793047,20.86129754,3.523178808
2793303,20.86129754,3.443708609
2793559,20.88926174,3.443708609
2793815,20.88926174,3.364238411
2794070,20.88926174,3.549668874
2794326,20.88926174,3.443708609
2794582,20.88926174,3.417218543
2794838,20.88926174,3.284768212
2795094,20.88926174,3.443708609
2795350,20.86129754,3.496688742
2795604,20.88926174,3.470198675
2795854,20.86129754,3.549668874
2796104,20.88926174,3.417218543
2796354,20.86129754,3.417218543
2796610,20.86129754,3.417218543
2796865,20.86129754,3.523178808
2797115,20.86129754,3.337748344
2797365,20.88926174,3.443708609
2797615,20.86129754,3.496688742
2797871,20.86129754,3.470198675
2798126,20.86129754,3.470198675
2798382,20.86129754,3.443708609
2798638,20.83333333,3.417218543
2798894,20.83333333,3.443708609
2799150,20.83333333,3.417218543
2799406,20.86129754,3.417218543
2799661,20.86129754,3.523178808
2799917,20.83333333,3.443708609
2800173,20.86129754,3.390728477
2800429,20.83333333,3.523178808
2800685,20.86129754,3.549668874
2800941,20.86129754,3.496688742
2801196,20.86129754,3.337748344
2801452,20.86129754,3.549668874
2801708,20.86129754,3.417218543
2801964,20.86129754,3.364238411
2802220,20.86129754,3.417218543
2802476,20.86129754,3.417218543
2802732,20.83333333,3.417218543
2802987,20.83333333,3.523178808
2803243,20.86129754,3.443708609
2803499,20.83333333,3.364238411
2803755,20.83333333,3.390728477
2804011,20.83333333,3.443708609
2804267,20.83333333,3.523178808
2804521,20.80536913,3.496688742
2804771,20.83333333,3.311258278
2805021,20.83333333,3.443708609
2805271,20.80536913,3.496688742
2805527,20.80536913,3.390728477
2805782,20.80536913,3.364238411
2806032,20.86129754,3.523178808
2806282,20.80536913,3.417218543
2806532,20.80536913,3.364238411
2806787,20.80536913,3.57615894
2807043,20.83333333,3.443708609
2807299,20.83333333,3.364238411
2807555,20.83333333,3.417218543
2807811,20.83333333,3.496688742
2808067,20.83333333,3.390728477
2808323,20.80536913,3.549668874
2808578,20.83333333,3.496688742
2808834,20.80536913,3.390728477
2809090,20.80536913,3.337748344
2809346,20.80536913,3.496688742
2809602,20.80536913,3.364238411
2809858,20.80536913,3.443708609
2810113,20.80536913,3.364238411
2810369,20.80536913,3.443708609
2810625,20.80536913,3.549668874
2810881,20.80536913,3.337748344
2811137,20.80536913,3.496688742
2811393,20.83333333,3.417218543
2811649,20.80536913,3.417218543
2811904,20.80536913,3.470198675
2812160,20.80536913,3.390728477
2812416,20.80536913,3.390728477
2812672,20.77740492,3.470198675
2812928,20.80536913,3.470198675
2813184,20.77740492,3.443708609
2813438,20.77740492,3.311258278
2813688,20.80536913,3.337748344
2813938,20.80536913,3.549668874
2814188,20.77740492,3.390728477
2814444,20.77740492,3.417218543
2814699,20.80536913,3.364238411
2814949,20.80536913,3.470198675
2815199,20.77740492,3.443708609
2815449,20.80536913,3.470198675
2815704,20.77740492,3.470198675
2815960,20.80536913,3.364238411
2816216,20.83333333,3.443708609
2816472,20.80536913,3.496688742
2816728,20.86129754,3.523178808
2816984,20.83333333,3.470198675
2817240,20.80536913,3.417218543
2817495,20.91722595,3.443708609
2817751,20.86129754,3.390728477
2818007,20.86129754,3.523178808
2818263,20.86129754,3.470198675
2818519,20.91722595,3.470198675
2818775,20.88926174,3.470198675
2819030,20.88926174,3.417218543
2819286,20.91722595,3.311258278
2819542,20.88926174,3.364238411
2819798,20.86129754,3.443708609
2820054,20.86129754,3.523178808
2820310,20.86129754,3.496688742
2820564,20.83333333,3.496688742
2820814,20.86129754,3.390728477
2821064,20.86129754,3.390728477
2821314,20.83333333,3.417218543
2821570,20.86129754,3.470198675
2821825,20.83333333,3.417218543
2822075,20.86129754,3.390728477
2822325,20.83333333,3.337748344
2822575,20.86129754,3.311258278
2822831,20.83333333,3.417218543
2823086,20.86129754,3.443708609
2823342,20.83333333,3.311258278
2823598,20.83333333,3.364238411
2823854,20.83333333,3.417218543
2824110,20.83333333,3.337748344
2824366,20.83333333,3.417218543
2824621,20.80536913,3.443708609
2824877,20.80536913,3.364238411
2825133,20.80536913,3.390728477
2825389,20.80536913,3.549668874
2825645,20.80536913,3.496688742
2825901,20.80536913,3.470198675
2826156,20.80536913,3.417218543
2826412,20.80536913,3.443708609
2826668,20.83333333,3.417218543
2826924,20.80536913,3.443708609
2827180,20.80536913,3.311258278
2827436,20.80536913,3.390728477
2827692,21.02908277,3.390728477
2827947,20.80536913,3.337748344
2828203,20.86129754,3.390728477
2828459,20.86129754,3.417218543
