x-axis,1,2
second,Volt,Volt
-15.00000E-06,+4.97989949770E+00,+25.02512566745E+00
-14.97500E-06,+4.97989949770E+00,+24.82412064075E+00
-14.95000E-06,+4.93969849311E+00,+25.22613069415E+00
-14.92500E-06,+4.97989949770E+00,+24.82412064075E+00
-14.90000E-06,+4.95979899541E+00,+24.82412064076E+00
-14.87500E-06,+4.95979899541E+00,+25.02512566745E+00
-14.85000E-06,+4.95979899541E+00,+25.02512566745E+00
-14.82500E-06,+4.95979899541E+00,+24.82412064076E+00
-14.80000E-06,+4.97989949770E+00,+24.82412064076E+00
-14.77500E-06,+4.95979899541E+00,+25.02512566745E+00
-14.75000E-06,+4.95979899541E+00,+24.82412064076E+00
-14.72500E-06,+4.95979899541E+00,+25.02512566745E+00
-14.70000E-06,+4.95979899541E+00,+25.02512566745E+00
-14.67500E-06,+4.95979899541E+00,+25.02512566745E+00
-14.65000E-06,+4.95979899541E+00,+24.82412064075E+00
-14.62500E-06,+4.95979899541E+00,+24.82412064076E+00
-14.60000E-06,+4.95979899541E+00,+25.02512566745E+00
-14.57500E-06,+4.95979899541E+00,+25.02512566745E+00
-14.55000E-06,+4.93969849311E+00,+24.82412064076E+00
-14.52500E-06,+4.95979899541E+00,+25.02512566745E+00
-14.50000E-06,+4.97989949770E+00,+24.82412064076E+00
-14.47500E-06,+4.95979899541E+00,+25.02512566745E+00
-14.45000E-06,+4.95979899541E+00,+24.82412064075E+00
-14.42500E-06,+4.97989949770E+00,+24.82412064076E+00
-14.40000E-06,+4.97989949770E+00,+24.82412064075E+00
-14.37500E-06,+4.95979899541E+00,+25.02512566745E+00
-14.35000E-06,+4.95979899541E+00,+25.02512566745E+00
-14.32500E-06,+4.95979899541E+00,+25.02512566746E+00
-14.30000E-06,+4.95979899541E+00,+25.02512566745E+00
-14.27500E-06,+4.93969849311E+00,+25.02512566745E+00
-14.25000E-06,+4.97989949770E+00,+24.82412064076E+00
-14.22500E-06,+4.95979899541E+00,+24.82412064075E+00
-14.20000E-06,+4.95979899541E+00,+24.82412064076E+00
-14.17500E-06,+4.97989949770E+00,+25.02512566745E+00
-14.15000E-06,+4.93969849311E+00,+25.02512566745E+00
-14.12500E-06,+4.95979899541E+00,+24.82412064076E+00
-14.10000E-06,+4.95979899541E+00,+25.02512566745E+00
-14.07500E-06,+4.95979899540E+00,+25.02512566745E+00
-14.05000E-06,+4.95979899541E+00,+24.82412064076E+00
-14.02500E-06,+4.97989949770E+00,+25.02512566746E+00
-14.00000E-06,+4.95979899541E+00,+24.82412064076E+00
-13.97500E-06,+4.97989949770E+00,+24.82412064075E+00
-13.95000E-06,+4.95979899541E+00,+24.82412064076E+00
-13.92500E-06,+4.95979899541E+00,+25.02512566746E+00
-13.90000E-06,+4.95979899541E+00,+25.02512566745E+00
-13.87500E-06,+4.95979899541E+00,+25.02512566745E+00
-13.85000E-06,+4.95979899541E+00,+24.82412064076E+00
-13.82500E-06,+4.97989949770E+00,+25.02512566745E+00
-13.80000E-06,+4.95979899541E+00,+24.82412064075E+00
-13.77500E-06,+4.95979899541E+00,+25.02512566745E+00
-13.75000E-06,+4.95979899541E+00,+25.02512566745E+00
-13.72500E-06,+4.95979899541E+00,+25.02512566745E+00
-13.70000E-06,+4.95979899541E+00,+24.82412064076E+00
-13.67500E-06,+4.93969849311E+00,+25.02512566745E+00
-13.65000E-06,+4.95979899540E+00,+25.02512566745E+00
-13.62500E-06,+4.93969849311E+00,+25.02512566745E+00
-13.60000E-06,+4.97989949770E+00,+25.02512566745E+00
-13.57500E-06,+4.97989949770E+00,+25.02512566745E+00
-13.55000E-06,+4.93969849311E+00,+24.82412064076E+00
-13.52500E-06,+4.95979899541E+00,+24.82412064076E+00
-13.50000E-06,+4.97989949770E+00,+25.02512566745E+00
-13.47500E-06,+4.95979899541E+00,+25.02512566745E+00
-13.45000E-06,+4.95979899541E+00,+24.82412064076E+00
-13.42500E-06,+4.95979899541E+00,+24.62311561407E+00
-13.40000E-06,+4.97989949770E+00,+24.82412064076E+00
-13.37500E-06,+4.95979899541E+00,+25.02512566744E+00
-13.35000E-06,+4.95979899541E+00,+24.82412064076E+00
-13.32500E-06,+4.95979899541E+00,+24.82412064077E+00
-13.30000E-06,+4.95979899541E+00,+24.82412064076E+00
-13.27500E-06,+4.95979899541E+00,+25.02512566745E+00
-13.25000E-06,+4.93969849311E+00,+25.02512566744E+00
-13.22500E-06,+4.95979899541E+00,+24.82412064075E+00
-13.20000E-06,+4.97989949770E+00,+24.82412064076E+00
-13.17500E-06,+4.95979899541E+00,+25.02512566745E+00
-13.15000E-06,+4.95979899541E+00,+24.82412064076E+00
-13.12500E-06,+4.97989949770E+00,+24.82412064076E+00
-13.10000E-06,+4.95979899541E+00,+25.22613069414E+00
-13.07500E-06,+4.95979899540E+00,+25.02512566744E+00
-13.05000E-06,+4.95979899541E+00,+24.82412064076E+00
-13.02500E-06,+4.95979899541E+00,+24.82412064076E+00
-13.00000E-06,+4.95979899541E+00,+24.82412064075E+00
-12.97500E-06,+4.95979899540E+00,+25.02512566745E+00
-12.95000E-06,+4.93969849311E+00,+24.82412064075E+00
-12.92500E-06,+4.97989949770E+00,+25.02512566745E+00
-12.90000E-06,+4.93969849311E+00,+25.02512566745E+00
-12.87500E-06,+4.95979899541E+00,+25.02512566744E+00
-12.85000E-06,+4.95979899541E+00,+24.82412064077E+00
-12.82500E-06,+4.95979899541E+00,+24.82412064077E+00
-12.80000E-06,+4.97989949770E+00,+24.82412064077E+00
-12.77500E-06,+4.95979899540E+00,+25.02512566744E+00
-12.75000E-06,+4.95979899541E+00,+24.82412064075E+00
-12.72500E-06,+4.97989949770E+00,+25.02512566746E+00
-12.70000E-06,+4.95979899541E+00,+25.02512566745E+00
-12.67500E-06,+4.93969849311E+00,+25.02512566744E+00
-12.65000E-06,+4.97989949770E+00,+24.82412064077E+00
-12.62500E-06,+4.97989949770E+00,+25.02512566745E+00
-12.60000E-06,+4.95979899541E+00,+25.02512566745E+00
-12.57500E-06,+4.95979899541E+00,+25.02512566745E+00
-12.55000E-06,+4.95979899541E+00,+25.02512566745E+00
-12.52500E-06,+4.95979899541E+00,+25.02512566745E+00
-12.50000E-06,+4.95979899541E+00,+25.02512566745E+00
-12.47500E-06,+4.95979899541E+00,+25.02512566745E+00
-12.45000E-06,+4.95979899541E+00,+24.82412064077E+00
-12.42500E-06,+4.97989949770E+00,+24.82412064077E+00
-12.40000E-06,+4.95979899541E+00,+25.02512566745E+00
-12.37500E-06,+4.95979899541E+00,+25.22613069414E+00
-12.35000E-06,+4.95979899541E+00,+25.22613069413E+00
-12.32500E-06,+4.95979899541E+00,+25.02512566745E+00
-12.30000E-06,+4.97989949770E+00,+24.82412064077E+00
-12.27500E-06,+4.95979899541E+00,+25.02512566744E+00
-12.25000E-06,+4.95979899541E+00,+24.82412064075E+00
-12.22500E-06,+4.93969849311E+00,+25.02512566745E+00
-12.20000E-06,+4.97989949770E+00,+24.82412064075E+00
-12.17500E-06,+4.95979899541E+00,+25.02512566745E+00
-12.15000E-06,+4.95979899541E+00,+25.22613069415E+00
-12.12500E-06,+4.97989949770E+00,+25.02512566747E+00
-12.10000E-06,+4.95979899541E+00,+24.82412064077E+00
-12.07500E-06,+4.97989949770E+00,+25.02512566745E+00
-12.05000E-06,+4.97989949770E+00,+24.82412064075E+00
-12.02500E-06,+4.95979899541E+00,+25.02512566745E+00
-12.00000E-06,+4.97989949770E+00,+24.82412064077E+00
-11.97500E-06,+5.00000000000E+00,+24.82412064075E+00
-11.95000E-06,+4.93969849311E+00,+25.02512566744E+00
-11.92500E-06,+4.95979899541E+00,+25.02512566745E+00
-11.90000E-06,+4.97989949770E+00,+25.22613069414E+00
-11.87500E-06,+4.95979899541E+00,+25.02512566745E+00
-11.85000E-06,+4.95979899541E+00,+25.02512566745E+00
-11.82500E-06,+4.95979899541E+00,+25.02512566745E+00
-11.80000E-06,+4.97989949770E+00,+25.02512566744E+00
-11.77500E-06,+4.95979899541E+00,+25.02512566745E+00
-11.75000E-06,+4.95979899541E+00,+25.02512566744E+00
-11.72500E-06,+4.95979899541E+00,+24.82412064075E+00
-11.70000E-06,+4.95979899541E+00,+25.02512566745E+00
-11.67500E-06,+4.95979899541E+00,+25.02512566745E+00
-11.65000E-06,+4.95979899541E+00,+24.82412064075E+00
-11.62500E-06,+4.95979899541E+00,+24.82412064077E+00
-11.60000E-06,+4.95979899541E+00,+24.82412064077E+00
-11.57500E-06,+4.97989949770E+00,+25.22613069412E+00
-11.55000E-06,+4.95979899541E+00,+24.82412064077E+00
-11.52500E-06,+4.97989949770E+00,+25.02512566745E+00
-11.50000E-06,+4.95979899541E+00,+25.02512566745E+00
-11.47500E-06,+4.95979899541E+00,+25.02512566744E+00
-11.45000E-06,+4.95979899541E+00,+24.82412064075E+00
-11.42500E-06,+4.95979899541E+00,+24.82412064077E+00
-11.40000E-06,+4.95979899541E+00,+25.02512566745E+00
-11.37500E-06,+4.95979899541E+00,+25.02512566744E+00
-11.35000E-06,+4.95979899541E+00,+25.02512566743E+00
-11.32500E-06,+4.97989949770E+00,+25.02512566743E+00
-11.30000E-06,+4.95979899541E+00,+25.02512566745E+00
-11.27500E-06,+4.97989949770E+00,+25.02512566742E+00
-11.25000E-06,+4.95979899541E+00,+24.82412064075E+00
-11.22500E-06,+4.97989949770E+00,+24.62311561408E+00
-11.20000E-06,+4.95979899541E+00,+24.82412064075E+00
-11.17500E-06,+4.97989949770E+00,+25.02512566743E+00
-11.15000E-06,+4.93969849311E+00,+25.02512566745E+00
-11.12500E-06,+4.95979899541E+00,+24.82412064075E+00
-11.10000E-06,+4.97989949770E+00,+25.22613069413E+00
-11.07500E-06,+4.95979899541E+00,+25.02512566745E+00
-11.05000E-06,+4.93969849311E+00,+25.02512566743E+00
-11.02500E-06,+4.95979899541E+00,+25.02512566743E+00
-11.00000E-06,+4.97989949770E+00,+25.02512566745E+00
-10.97500E-06,+4.95979899540E+00,+25.02512566743E+00
-10.95000E-06,+4.93969849311E+00,+24.82412064077E+00
-10.92500E-06,+4.95979899541E+00,+24.82412064075E+00
-10.90000E-06,+4.95979899541E+00,+24.82412064077E+00
-10.87500E-06,+4.95979899541E+00,+25.02512566743E+00
-10.85000E-06,+4.95979899541E+00,+24.82412064073E+00
-10.82500E-06,+4.97989949770E+00,+24.82412064078E+00
-10.80000E-06,+4.95979899541E+00,+24.82412064075E+00
-10.77500E-06,+4.95979899541E+00,+25.22613069411E+00
-10.75000E-06,+4.95979899541E+00,+24.82412064078E+00
-10.72500E-06,+4.97989949770E+00,+25.02512566743E+00
-10.70000E-06,+4.95979899541E+00,+24.82412064078E+00
-10.67500E-06,+4.95979899541E+00,+25.02512566743E+00
-10.65000E-06,+4.95979899541E+00,+24.82412064075E+00
-10.62500E-06,+4.95979899541E+00,+25.02512566741E+00
-10.60000E-06,+4.95979899541E+00,+24.82412064078E+00
-10.57500E-06,+4.95979899540E+00,+25.02512566745E+00
-10.55000E-06,+4.93969849311E+00,+24.82412064078E+00
-10.52500E-06,+4.95979899541E+00,+25.02512566745E+00
-10.50000E-06,+4.95979899541E+00,+24.82412064078E+00
-10.47500E-06,+4.95979899541E+00,+25.02512566743E+00
-10.45000E-06,+4.95979899541E+00,+24.82412064078E+00
-10.42500E-06,+4.95979899541E+00,+24.82412064075E+00
-10.40000E-06,+4.95979899541E+00,+25.02512566743E+00
-10.37500E-06,+4.95979899541E+00,+25.02512566745E+00
-10.35000E-06,+4.95979899541E+00,+24.82412064075E+00
-10.32500E-06,+4.97989949770E+00,+24.82412064078E+00
-10.30000E-06,+4.97989949770E+00,+25.02512566745E+00
-10.27500E-06,+4.95979899541E+00,+25.02512566743E+00
-10.25000E-06,+4.95979899541E+00,+24.82412064078E+00
-10.22500E-06,+4.95979899541E+00,+24.82412064078E+00
-10.20000E-06,+4.95979899541E+00,+25.02512566745E+00
-10.17500E-06,+4.95979899541E+00,+25.02512566745E+00
-10.15000E-06,+4.95979899541E+00,+25.02512566745E+00
-10.12500E-06,+4.95979899541E+00,+25.02512566745E+00
-10.10000E-06,+4.97989949770E+00,+24.82412064078E+00
-10.07500E-06,+4.95979899541E+00,+25.02512566743E+00
-10.05000E-06,+4.95979899541E+00,+24.82412064075E+00
-10.02500E-06,+4.93969849311E+00,+25.02512566745E+00
-10.00000E-06,+4.95979899541E+00,+25.02512566745E+00
-9.97500E-06,+4.95979899541E+00,+25.02512566745E+00
-9.95000E-06,+4.95979899541E+00,+25.02512566745E+00
-9.92500E-06,+4.97989949770E+00,+25.02512566745E+00
-9.90000E-06,+4.95979899541E+00,+25.02512566745E+00
-9.87500E-06,+4.95979899541E+00,+25.02512566745E+00
-9.85000E-06,+4.93969849311E+00,+24.82412064075E+00
-9.82500E-06,+4.97989949770E+00,+24.82412064078E+00
-9.80000E-06,+4.95979899541E+00,+25.02512566745E+00
-9.77500E-06,+4.95979899541E+00,+24.82412064078E+00
-9.75000E-06,+4.95979899541E+00,+24.82412064075E+00
-9.72500E-06,+4.95979899541E+00,+24.82412064078E+00
-9.70000E-06,+4.95979899541E+00,+25.02512566745E+00
-9.67500E-06,+4.95979899541E+00,+25.02512566743E+00
-9.65000E-06,+4.95979899541E+00,+24.82412064075E+00
-9.62500E-06,+4.95979899541E+00,+24.82412064075E+00
-9.60000E-06,+4.97989949770E+00,+25.02512566745E+00
-9.57500E-06,+4.95979899541E+00,+25.02512566745E+00
-9.55000E-06,+4.95979899541E+00,+25.02512566745E+00
-9.52500E-06,+4.93969849311E+00,+25.02512566745E+00
-9.50000E-06,+4.95979899541E+00,+25.02512566745E+00
-9.47500E-06,+4.95979899541E+00,+25.02512566745E+00
-9.45000E-06,+4.97989949770E+00,+24.82412064073E+00
-9.42500E-06,+4.95979899541E+00,+24.82412064078E+00
-9.40000E-06,+4.95979899541E+00,+25.22613069412E+00
-9.37500E-06,+4.95979899541E+00,+25.02512566745E+00
-9.35000E-06,+4.97989949770E+00,+24.82412064075E+00
-9.32500E-06,+4.95979899541E+00,+24.82412064078E+00
-9.30000E-06,+4.95979899541E+00,+25.02512566745E+00
-9.27500E-06,+4.95979899541E+00,+25.02512566742E+00
-9.25000E-06,+4.95979899541E+00,+25.02512566742E+00
-9.22500E-06,+4.95979899541E+00,+25.02512566745E+00
-9.20000E-06,+4.97989949770E+00,+24.82412064078E+00
-9.17500E-06,+4.97989949770E+00,+25.02512566745E+00
-9.15000E-06,+4.97989949770E+00,+25.02512566742E+00
-9.12500E-06,+4.95979899541E+00,+24.82412064078E+00
-9.10000E-06,+4.95979899541E+00,+25.22613069412E+00
-9.07500E-06,+4.95979899541E+00,+25.02512566745E+00
-9.05000E-06,+4.95979899541E+00,+24.82412064075E+00
-9.02500E-06,+4.97989949770E+00,+24.82412064078E+00
-9.00000E-06,+4.97989949770E+00,+24.82412064078E+00
-8.97500E-06,+4.95979899540E+00,+25.02512566745E+00
-8.95000E-06,+4.95979899541E+00,+25.02512566742E+00
-8.92500E-06,+4.95979899541E+00,+25.02512566745E+00
-8.90000E-06,+4.95979899541E+00,+25.02512566745E+00
-8.87500E-06,+4.95979899541E+00,+25.02512566742E+00
-8.85000E-06,+4.95979899540E+00,+24.82412064075E+00
-8.82500E-06,+4.95979899541E+00,+24.82412064075E+00
-8.80000E-06,+4.97989949770E+00,+24.82412064079E+00
-8.77500E-06,+4.95979899541E+00,+25.02512566745E+00
-8.75000E-06,+4.95979899541E+00,+25.02512566745E+00
-8.72500E-06,+4.95979899541E+00,+25.02512566748E+00
-8.70000E-06,+4.97989949770E+00,+24.82412064079E+00
-8.67500E-06,+4.95979899541E+00,+25.02512566742E+00
-8.65000E-06,+4.97989949770E+00,+24.82412064079E+00
-8.62500E-06,+4.95979899541E+00,+24.62311561412E+00
-8.60000E-06,+4.97989949770E+00,+24.82412064075E+00
-8.57500E-06,+4.97989949770E+00,+25.02512566745E+00
-8.55000E-06,+4.95979899541E+00,+24.82412064075E+00
-8.52500E-06,+4.97989949770E+00,+24.82412064079E+00
-8.50000E-06,+4.95979899541E+00,+24.82412064079E+00
-8.47500E-06,+4.95979899541E+00,+25.02512566745E+00
-8.45000E-06,+4.95979899541E+00,+24.82412064075E+00
-8.42500E-06,+4.97989949770E+00,+24.62311561412E+00
-8.40000E-06,+4.97989949770E+00,+25.02512566745E+00
-8.37500E-06,+4.97989949770E+00,+25.02512566745E+00
-8.35000E-06,+4.95979899541E+00,+25.02512566745E+00
-8.32500E-06,+4.97989949770E+00,+25.02512566745E+00
-8.30000E-06,+4.95979899541E+00,+25.02512566745E+00
-8.27500E-06,+4.95979899541E+00,+25.02512566742E+00
-8.25000E-06,+4.97989949770E+00,+24.82412064079E+00
-8.22500E-06,+4.95979899541E+00,+25.02512566745E+00
-8.20000E-06,+4.95979899541E+00,+25.02512566745E+00
-8.17500E-06,+4.95979899541E+00,+25.02512566742E+00
-8.15000E-06,+4.95979899541E+00,+25.02512566742E+00
-8.12500E-06,+4.95979899541E+00,+25.02512566745E+00
-8.10000E-06,+4.95979899541E+00,+25.02512566745E+00
-8.07500E-06,+4.95979899541E+00,+25.02512566742E+00
-8.05000E-06,+4.95979899541E+00,+24.82412064079E+00
-8.02500E-06,+4.97989949770E+00,+25.02512566745E+00
-8.00000E-06,+4.97989949770E+00,+25.02512566745E+00
-7.97500E-06,+4.97989949770E+00,+24.82412064079E+00
-7.95000E-06,+4.95979899541E+00,+25.02512566742E+00
-7.92500E-06,+4.95979899541E+00,+24.82412064079E+00
-7.90000E-06,+4.95979899540E+00,+25.02512566745E+00
-7.87500E-06,+4.95979899541E+00,+25.02512566742E+00
-7.85000E-06,+4.95979899541E+00,+24.82412064079E+00
-7.82500E-06,+4.95979899541E+00,+25.02512566742E+00
-7.80000E-06,+4.95979899541E+00,+24.82412064079E+00
-7.77500E-06,+4.95979899541E+00,+25.02512566742E+00
-7.75000E-06,+4.97989949770E+00,+24.82412064079E+00
-7.72500E-06,+4.97989949770E+00,+25.02512566745E+00
-7.70000E-06,+4.97989949770E+00,+25.22613069412E+00
-7.67500E-06,+4.95979899541E+00,+25.02512566742E+00
-7.65000E-06,+4.95979899541E+00,+24.82412064075E+00
-7.62500E-06,+4.97989949770E+00,+25.02512566745E+00
-7.60000E-06,+4.95979899541E+00,+25.02512566745E+00
-7.57500E-06,+4.97989949770E+00,+25.02512566745E+00
-7.55000E-06,+4.93969849311E+00,+24.82412064075E+00
-7.52500E-06,+4.95979899541E+00,+25.02512566749E+00
-7.50000E-06,+4.95979899541E+00,+25.02512566745E+00
-7.47500E-06,+4.95979899541E+00,+25.02512566738E+00
-7.45000E-06,+4.95979899541E+00,+24.62311561409E+00
-7.42500E-06,+4.95979899541E+00,+24.82412064079E+00
-7.40000E-06,+4.95979899541E+00,+25.02512566745E+00
-7.37500E-06,+4.95979899541E+00,+25.02512566742E+00
-7.35000E-06,+4.97989949770E+00,+25.02512566742E+00
-7.32500E-06,+4.95979899541E+00,+24.82412064079E+00
-7.30000E-06,+4.95979899541E+00,+25.02512566745E+00
-7.27500E-06,+4.97989949770E+00,+25.02512566742E+00
-7.25000E-06,+4.95979899541E+00,+25.02512566742E+00
-7.22500E-06,+4.97989949770E+00,+25.02512566749E+00
-7.20000E-06,+4.97989949770E+00,+25.02512566745E+00
-7.17500E-06,+4.97989949770E+00,+25.02512566742E+00
-7.15000E-06,+4.95979899541E+00,+24.82412064079E+00
-7.12500E-06,+4.95979899541E+00,+24.82412064079E+00
-7.10000E-06,+4.95979899541E+00,+25.02512566745E+00
-7.07500E-06,+4.95979899541E+00,+25.02512566742E+00
-7.05000E-06,+4.95979899541E+00,+24.82412064075E+00
-7.02500E-06,+4.97989949770E+00,+25.02512566742E+00
-7.00000E-06,+4.97989949770E+00,+25.02512566745E+00
-6.97500E-06,+4.97989949770E+00,+25.02512566742E+00
-6.95000E-06,+4.95979899540E+00,+25.02512566742E+00
-6.92500E-06,+4.95979899541E+00,+25.02512566745E+00
-6.90000E-06,+4.95979899541E+00,+25.02512566745E+00
-6.87500E-06,+4.95979899541E+00,+25.02512566742E+00
-6.85000E-06,+4.97989949770E+00,+24.82412064072E+00
-6.82500E-06,+4.97989949770E+00,+24.82412064075E+00
-6.80000E-06,+4.95979899541E+00,+24.82412064075E+00
-6.77500E-06,+4.97989949770E+00,+25.02512566742E+00
-6.75000E-06,+4.95979899541E+00,+24.82412064079E+00
-6.72500E-06,+4.95979899541E+00,+25.02512566742E+00
-6.70000E-06,+4.95979899541E+00,+25.22613069412E+00
-6.67500E-06,+4.95979899541E+00,+25.02512566742E+00
-6.65000E-06,+4.95979899541E+00,+25.02512566742E+00
-6.62500E-06,+4.95979899541E+00,+24.82412064079E+00
-6.60000E-06,+4.97989949770E+00,+25.02512566745E+00
-6.57500E-06,+4.95979899541E+00,+25.02512566745E+00
-6.55000E-06,+4.93969849311E+00,+24.82412064079E+00
-6.52500E-06,+4.95979899541E+00,+24.82412064079E+00
-6.50000E-06,+4.97989949770E+00,+25.02512566745E+00
-6.47500E-06,+4.95979899541E+00,+25.02512566742E+00
-6.45000E-06,+4.95979899541E+00,+24.82412064075E+00
-6.42500E-06,+4.95979899541E+00,+24.82412064079E+00
-6.40000E-06,+4.97989949770E+00,+25.02512566745E+00
-6.37500E-06,+4.97989949770E+00,+25.02512566742E+00
-6.35000E-06,+4.97989949770E+00,+25.02512566742E+00
-6.32500E-06,+4.95979899541E+00,+24.82412064079E+00
-6.30000E-06,+4.95979899541E+00,+25.02512566745E+00
-6.27500E-06,+4.95979899541E+00,+25.02512566742E+00
-6.25000E-06,+4.95979899541E+00,+24.62311561406E+00
-6.22500E-06,+4.95979899541E+00,+25.02512566745E+00
-6.20000E-06,+4.95979899541E+00,+24.82412064075E+00
-6.17500E-06,+4.95979899540E+00,+25.02512566745E+00
-6.15000E-06,+4.95979899541E+00,+24.82412064075E+00
-6.12500E-06,+4.97989949770E+00,+24.82412064079E+00
-6.10000E-06,+4.95979899541E+00,+25.02512566745E+00
-6.07500E-06,+4.95979899541E+00,+25.02512566742E+00
-6.05000E-06,+4.95979899541E+00,+25.02512566745E+00
-6.02500E-06,+4.97989949770E+00,+24.82412064079E+00
-6.00000E-06,+4.95979899541E+00,+25.02512566745E+00
-5.97500E-06,+4.95979899541E+00,+24.82412064079E+00
-5.95000E-06,+4.95979899541E+00,+24.82412064075E+00
-5.92500E-06,+4.95979899541E+00,+24.82412064082E+00
-5.90000E-06,+4.95979899541E+00,+24.82412064079E+00
-5.87500E-06,+4.95979899541E+00,+25.02512566745E+00
-5.85000E-06,+4.95979899541E+00,+24.82412064075E+00
-5.82500E-06,+4.95979899541E+00,+25.02512566742E+00
-5.80000E-06,+4.97989949770E+00,+25.02512566745E+00
-5.77500E-06,+4.95979899541E+00,+24.82412064075E+00
-5.75000E-06,+4.95979899541E+00,+24.82412064079E+00
-5.72500E-06,+4.95979899541E+00,+24.82412064079E+00
-5.70000E-06,+4.97989949770E+00,+24.82412064079E+00
-5.67500E-06,+4.95979899541E+00,+25.02512566745E+00
-5.65000E-06,+4.95979899540E+00,+25.02512566742E+00
-5.62500E-06,+4.93969849311E+00,+25.02512566745E+00
-5.60000E-06,+4.97989949770E+00,+25.02512566745E+00
-5.57500E-06,+4.95979899541E+00,+24.82412064079E+00
-5.55000E-06,+4.95979899541E+00,+25.02512566745E+00
-5.52500E-06,+4.97989949770E+00,+24.82412064079E+00
-5.50000E-06,+4.95979899541E+00,+25.02512566745E+00
-5.47500E-06,+4.95979899541E+00,+25.02512566742E+00
-5.45000E-06,+4.93969849311E+00,+25.02512566745E+00
-5.42500E-06,+4.95979899541E+00,+24.82412064075E+00
-5.40000E-06,+4.95979899541E+00,+24.82412064075E+00
-5.37500E-06,+4.97989949770E+00,+24.82412064075E+00
-5.35000E-06,+4.97989949770E+00,+24.82412064079E+00
-5.32500E-06,+4.97989949770E+00,+24.82412064079E+00
-5.30000E-06,+4.95979899540E+00,+24.82412064079E+00
-5.27500E-06,+4.95979899541E+00,+25.02512566742E+00
-5.25000E-06,+4.97989949770E+00,+24.82412064079E+00
-5.22500E-06,+4.97989949770E+00,+24.82412064079E+00
-5.20000E-06,+4.97989949770E+00,+25.02512566745E+00
-5.17500E-06,+4.97989949770E+00,+25.02512566742E+00
-5.15000E-06,+4.95979899541E+00,+24.82412064075E+00
-5.12500E-06,+4.95979899541E+00,+24.82412064079E+00
-5.10000E-06,+4.97989949770E+00,+24.82412064079E+00
-5.07500E-06,+4.95979899541E+00,+25.02512566745E+00
-5.05000E-06,+4.95979899541E+00,+25.02512566745E+00
-5.02500E-06,+4.95979899541E+00,+24.82412064075E+00
-5.00000E-06,+4.95979899541E+00,+24.82412064079E+00
-4.97500E-06,+4.97989949770E+00,+25.02512566742E+00
-4.95000E-06,+4.95979899541E+00,+24.82412064079E+00
-4.92500E-06,+4.97989949770E+00,+24.82412064079E+00
-4.90000E-06,+4.95979899541E+00,+24.82412064079E+00
-4.87500E-06,+4.95979899541E+00,+25.02512566745E+00
-4.85000E-06,+4.95979899541E+00,+24.82412064075E+00
-4.82500E-06,+4.97989949770E+00,+24.82412064079E+00
-4.80000E-06,+4.97989949770E+00,+25.02512566745E+00
-4.77500E-06,+4.95979899541E+00,+25.02512566745E+00
-4.75000E-06,+4.95979899540E+00,+25.02512566745E+00
-4.72500E-06,+4.97989949770E+00,+25.02512566745E+00
-4.70000E-06,+4.95979899541E+00,+25.02512566745E+00
-4.67500E-06,+4.95979899541E+00,+25.02512566742E+00
-4.65000E-06,+4.95979899541E+00,+25.02512566742E+00
-4.62500E-06,+4.93969849311E+00,+24.62311561412E+00
-4.60000E-06,+4.95979899541E+00,+25.02512566748E+00
-4.57500E-06,+4.95979899541E+00,+25.02512566745E+00
-4.55000E-06,+4.95979899541E+00,+24.82412064078E+00
-4.52500E-06,+4.97989949770E+00,+24.82412064078E+00
-4.50000E-06,+4.97989949770E+00,+25.02512566745E+00
-4.47500E-06,+4.95979899541E+00,+25.02512566742E+00
-4.45000E-06,+4.95979899541E+00,+24.82412064075E+00
-4.42500E-06,+4.95979899541E+00,+25.02512566742E+00
-4.40000E-06,+4.97989949770E+00,+24.82412064078E+00
-4.37500E-06,+4.97989949770E+00,+25.02512566742E+00
-4.35000E-06,+4.97989949770E+00,+25.02512566742E+00
-4.32500E-06,+4.97989949770E+00,+25.02512566745E+00
-4.30000E-06,+4.95979899541E+00,+24.82412064078E+00
-4.27500E-06,+4.95979899541E+00,+25.02512566745E+00
-4.25000E-06,+4.95979899541E+00,+25.02512566742E+00
-4.22500E-06,+4.95979899541E+00,+24.82412064078E+00
-4.20000E-06,+4.95979899541E+00,+25.02512566745E+00
-4.17500E-06,+4.95979899540E+00,+25.02512566745E+00
-4.15000E-06,+4.95979899541E+00,+25.02512566745E+00
-4.12500E-06,+4.97989949770E+00,+25.02512566748E+00
-4.10000E-06,+4.95979899541E+00,+25.02512566745E+00
-4.07500E-06,+4.95979899541E+00,+25.02512566742E+00
-4.05000E-06,+4.95979899540E+00,+24.82412064075E+00
-4.02500E-06,+4.93969849311E+00,+25.02512566745E+00
-4.00000E-06,+4.97989949770E+00,+25.02512566745E+00
-3.97500E-06,+4.95979899541E+00,+25.02512566748E+00
-3.95000E-06,+4.95979899541E+00,+25.02512566745E+00
-3.92500E-06,+4.95979899540E+00,+24.82412064078E+00
-3.90000E-06,+4.95979899541E+00,+25.02512566745E+00
-3.87500E-06,+4.95979899541E+00,+25.02512566742E+00
-3.85000E-06,+4.97989949770E+00,+24.82412064078E+00
-3.82500E-06,+4.95979899541E+00,+24.82412064075E+00
-3.80000E-06,+4.95979899541E+00,+25.02512566745E+00
-3.77500E-06,+4.97989949770E+00,+25.02512566745E+00
-3.75000E-06,+4.95979899541E+00,+24.82412064078E+00
-3.72500E-06,+4.97989949770E+00,+25.02512566745E+00
-3.70000E-06,+4.97989949770E+00,+25.02512566745E+00
-3.67500E-06,+4.95979899541E+00,+25.02512566745E+00
-3.65000E-06,+4.95979899541E+00,+25.02512566739E+00
-3.62500E-06,+4.95979899541E+00,+25.02512566745E+00
-3.60000E-06,+4.95979899541E+00,+24.82412064078E+00
-3.57500E-06,+4.97989949770E+00,+24.82412064078E+00
-3.55000E-06,+4.93969849311E+00,+24.82412064078E+00
-3.52500E-06,+4.95979899541E+00,+24.82412064078E+00
-3.50000E-06,+4.95979899541E+00,+24.82412064078E+00
-3.47500E-06,+4.97989949770E+00,+25.02512566742E+00
-3.45000E-06,+4.97989949770E+00,+24.82412064078E+00
-3.42500E-06,+4.95979899541E+00,+24.82412064078E+00
-3.40000E-06,+4.95979899541E+00,+25.02512566745E+00
-3.37500E-06,+4.95979899541E+00,+25.02512566742E+00
-3.35000E-06,+4.97989949770E+00,+25.02512566745E+00
-3.32500E-06,+4.97989949770E+00,+25.02512566742E+00
-3.30000E-06,+4.95979899541E+00,+25.02512566745E+00
-3.27500E-06,+4.95979899541E+00,+25.02512566742E+00
-3.25000E-06,+4.95979899541E+00,+24.82412064075E+00
-3.22500E-06,+4.97989949770E+00,+24.82412064075E+00
-3.20000E-06,+4.95979899541E+00,+24.82412064078E+00
-3.17500E-06,+4.95979899541E+00,+25.02512566745E+00
-3.15000E-06,+4.95979899541E+00,+25.02512566742E+00
-3.12500E-06,+4.95979899541E+00,+24.82412064078E+00
-3.10000E-06,+4.97989949770E+00,+25.02512566745E+00
-3.07500E-06,+4.93969849311E+00,+25.02512566745E+00
-3.05000E-06,+4.95979899541E+00,+25.02512566745E+00
-3.02500E-06,+4.95979899541E+00,+25.02512566742E+00
-3.00000E-06,+4.95979899541E+00,+25.02512566745E+00
-2.97500E-06,+4.97989949770E+00,+25.02512566742E+00
-2.95000E-06,+4.95979899541E+00,+25.02512566745E+00
-2.92500E-06,+4.95979899541E+00,+25.02512566745E+00
-2.90000E-06,+4.95979899541E+00,+25.22613069412E+00
-2.87500E-06,+4.95979899541E+00,+25.02512566745E+00
-2.85000E-06,+4.95979899541E+00,+25.02512566745E+00
-2.82500E-06,+4.93969849311E+00,+25.02512566745E+00
-2.80000E-06,+4.97989949770E+00,+25.02512566742E+00
-2.77500E-06,+4.95979899541E+00,+25.22613069412E+00
-2.75000E-06,+4.95979899541E+00,+24.82412064075E+00
-2.72500E-06,+4.95979899541E+00,+25.02512566745E+00
-2.70000E-06,+4.95979899541E+00,+25.02512566745E+00
-2.67500E-06,+4.95979899541E+00,+25.02512566742E+00
-2.65000E-06,+4.95979899541E+00,+24.82412064079E+00
-2.62500E-06,+4.95979899541E+00,+24.82412064079E+00
-2.60000E-06,+4.95979899541E+00,+24.82412064079E+00
-2.57500E-06,+4.97989949770E+00,+25.02512566745E+00
-2.55000E-06,+4.95979899541E+00,+25.02512566745E+00
-2.52500E-06,+4.95979899541E+00,+24.82412064079E+00
-2.50000E-06,+4.97989949770E+00,+25.02512566745E+00
-2.47500E-06,+4.95979899541E+00,+25.02512566742E+00
-2.45000E-06,+4.95979899541E+00,+25.02512566745E+00
-2.42500E-06,+4.95979899541E+00,+24.82412064079E+00
-2.40000E-06,+4.95979899541E+00,+24.82412064079E+00
-2.37500E-06,+4.95979899541E+00,+25.02512566745E+00
-2.35000E-06,+4.95979899541E+00,+25.02512566745E+00
-2.32500E-06,+4.95979899541E+00,+24.82412064075E+00
-2.30000E-06,+4.95979899541E+00,+25.02512566745E+00
-2.27500E-06,+4.95979899541E+00,+25.02512566745E+00
-2.25000E-06,+4.95979899541E+00,+24.82412064079E+00
-2.22500E-06,+4.95979899541E+00,+24.82412064079E+00
-2.20000E-06,+4.95979899541E+00,+25.02512566745E+00
-2.17500E-06,+4.95979899541E+00,+25.02512566745E+00
-2.15000E-06,+4.95979899541E+00,+25.02512566745E+00
-2.12500E-06,+4.95979899541E+00,+25.02512566745E+00
-2.10000E-06,+4.93969849311E+00,+25.02512566745E+00
-2.07500E-06,+4.95979899541E+00,+25.02512566745E+00
-2.05000E-06,+4.95979899541E+00,+24.82412064079E+00
-2.02500E-06,+4.95979899541E+00,+25.02512566745E+00
-2.00000E-06,+4.95979899541E+00,+24.82412064079E+00
-1.97500E-06,+4.97989949770E+00,+24.82412064075E+00
-1.95000E-06,+4.95979899541E+00,+24.82412064075E+00
-1.92500E-06,+4.95979899541E+00,+25.02512566745E+00
-1.90000E-06,+4.95979899541E+00,+25.02512566745E+00
-1.87500E-06,+4.95979899541E+00,+25.02512566745E+00
-1.85000E-06,+4.95979899541E+00,+25.02512566742E+00
-1.82500E-06,+4.95979899541E+00,+25.02512566745E+00
-1.80000E-06,+4.95979899541E+00,+25.02512566745E+00
-1.77500E-06,+4.95979899541E+00,+25.02512566745E+00
-1.75000E-06,+4.93969849311E+00,+24.82412064075E+00
-1.72500E-06,+4.95979899541E+00,+25.02512566742E+00
-1.70000E-06,+4.97989949770E+00,+24.82412064079E+00
-1.67500E-06,+4.95979899541E+00,+25.02512566745E+00
-1.65000E-06,+4.95979899541E+00,+24.82412064079E+00
-1.62500E-06,+4.93969849311E+00,+24.82412064079E+00
-1.60000E-06,+4.95979899541E+00,+25.02512566745E+00
-1.57500E-06,+4.95979899541E+00,+25.02512566745E+00
-1.55000E-06,+4.95979899541E+00,+24.82412064079E+00
-1.52500E-06,+4.97989949770E+00,+25.02512566742E+00
-1.50000E-06,+4.95979899541E+00,+24.82412064079E+00
-1.47500E-06,+4.95979899541E+00,+25.02512566745E+00
-1.45000E-06,+4.95979899541E+00,+24.82412064079E+00
-1.42500E-06,+4.93969849311E+00,+24.82412064075E+00
-1.40000E-06,+4.97989949770E+00,+24.82412064079E+00
-1.37500E-06,+4.95979899541E+00,+25.02512566745E+00
-1.35000E-06,+4.95979899541E+00,+25.02512566742E+00
-1.32500E-06,+4.95979899541E+00,+24.82412064079E+00
-1.30000E-06,+4.95979899541E+00,+25.02512566745E+00
-1.27500E-06,+4.93969849311E+00,+25.02512566742E+00
-1.25000E-06,+4.93969849311E+00,+24.82412064075E+00
-1.22500E-06,+4.95979899541E+00,+24.82412064075E+00
-1.20000E-06,+4.97989949770E+00,+24.82412064079E+00
-1.17500E-06,+4.95979899541E+00,+24.82412064075E+00
-1.15000E-06,+4.97989949770E+00,+24.82412064079E+00
-1.12500E-06,+4.95979899541E+00,+25.02512566745E+00
-1.10000E-06,+4.95979899541E+00,+25.02512566745E+00
-1.07500E-06,+4.93969849311E+00,+25.02512566745E+00
-1.05000E-06,+4.97989949770E+00,+25.02512566742E+00
-1.02500E-06,+4.95979899541E+00,+25.02512566742E+00
-1.00000E-06,+4.97989949770E+00,+25.02512566745E+00
-975.00E-09,+4.95979899541E+00,+25.02512566745E+00
-950.00E-09,+4.95979899541E+00,+25.02512566745E+00
-925.00E-09,+4.97989949770E+00,+25.02512566745E+00
-900.00E-09,+4.95979899541E+00,+25.22613069412E+00
-875.00E-09,+4.95979899541E+00,+25.22613069409E+00
-850.00E-09,+4.97989949770E+00,+24.82412064075E+00
-825.00E-09,+4.95979899541E+00,+25.02512566745E+00
-800.00E-09,+4.95979899541E+00,+25.02512566745E+00
-775.00E-09,+4.95979899541E+00,+25.02512566745E+00
-750.00E-09,+4.95979899541E+00,+25.02512566745E+00
-725.00E-09,+4.95979899541E+00,+24.82412064082E+00
-700.00E-09,+4.93969849311E+00,+25.02512566745E+00
-675.00E-09,+4.95979899541E+00,+25.02512566745E+00
-650.00E-09,+4.95979899541E+00,+25.02512566745E+00
-625.00E-09,+4.97989949770E+00,+24.82412064079E+00
-600.00E-09,+4.95979899541E+00,+25.02512566745E+00
-575.00E-09,+4.95979899541E+00,+25.02512566745E+00
-550.00E-09,+4.95979899541E+00,+25.02512566745E+00
-525.00E-09,+4.97989949770E+00,+25.02512566745E+00
-500.00E-09,+4.97989949770E+00,+25.02512566745E+00
-475.00E-09,+4.97989949770E+00,+25.02512566745E+00
-450.00E-09,+4.95979899541E+00,+24.82412064079E+00
-425.00E-09,+4.95979899541E+00,+24.82412064079E+00
-400.00E-09,+4.97989949770E+00,+24.82412064075E+00
-375.00E-09,+4.95979899541E+00,+25.02512566745E+00
-350.00E-09,+4.93969849311E+00,+24.82412064079E+00
-325.00E-09,+4.95979899540E+00,+25.02512566745E+00
-300.00E-09,+4.97989949770E+00,+25.02512566745E+00
-275.00E-09,+4.93969849311E+00,+25.02512566742E+00
-250.00E-09,+4.93969849311E+00,+25.02512566742E+00
-225.00E-09,+4.95979899541E+00,+25.02512566742E+00
-200.00E-09,+4.93969849311E+00,+25.02512566742E+00
-175.00E-09,+4.93969849311E+00,+25.02512566742E+00
-150.00E-09,+4.91959799081E+00,+24.82412064075E+00
-125.00E-09,+4.93969849311E+00,+25.02512566745E+00
-100.00E-09,+4.95979899540E+00,+25.02512566745E+00
-75.00E-09,+4.81909547933E+00,+25.02512566742E+00
-50.00E-09,+4.87939698621E+00,+25.02512566745E+00
-25.00E-09,+5.02010050230E+00,+24.82412064079E+00
+0.0E+00,+4.71859296783E+00,+24.62311561409E+00
+25.00E-09,+4.85929648392E+00,+24.82412064075E+00
+50.00E-09,+5.08040200918E+00,+25.02512566745E+00
+75.00E-09,+4.97989949770E+00,+24.82412064079E+00
+100.00E-09,+4.87939698622E+00,+25.02512566745E+00
+125.00E-09,+4.95979899541E+00,+25.02512566742E+00
+150.00E-09,+5.00000000001E+00,+24.82412064075E+00
+175.00E-09,+4.97989949771E+00,+24.82412064075E+00
+200.00E-09,+4.91959799081E+00,+24.82412064075E+00
+225.00E-09,+4.97989949770E+00,+25.02512566742E+00
+250.00E-09,+4.97989949770E+00,+25.02512566745E+00
+275.00E-09,+4.93969849311E+00,+24.82412064075E+00
+300.00E-09,+4.97989949770E+00,+25.02512566745E+00
+325.00E-09,+4.95979899541E+00,+25.02512566742E+00
+350.00E-09,+4.91959799081E+00,+25.02512566742E+00
+375.00E-09,+4.93969849311E+00,+24.82412064075E+00
+400.00E-09,+5.06030150689E+00,+25.02512566748E+00
+425.00E-09,+4.93969849311E+00,+25.02512566745E+00
+450.00E-09,+4.93969849311E+00,+25.02512566745E+00
+475.00E-09,+4.97989949771E+00,+25.02512566745E+00
+500.00E-09,+4.97989949770E+00,+24.82412064079E+00
+525.00E-09,+4.91959799081E+00,+25.02512566742E+00
+550.00E-09,+4.91959799081E+00,+24.82412064075E+00
+575.00E-09,+4.95979899541E+00,+24.82412064075E+00
+600.00E-09,+4.89949748852E+00,+24.82412064075E+00
+625.00E-09,+4.91959799081E+00,+25.02512566742E+00
+650.00E-09,+4.91959799081E+00,+25.02512566745E+00
+675.00E-09,+4.91959799081E+00,+25.02512566745E+00
+700.00E-09,+4.91959799081E+00,+25.02512566745E+00
+725.00E-09,+4.89949748851E+00,+25.02512566742E+00
+750.00E-09,+4.87939698622E+00,+24.82412064079E+00
+775.00E-09,+4.91959799081E+00,+24.82412064075E+00
+800.00E-09,+4.89949748851E+00,+25.02512566742E+00
+825.00E-09,+4.87939698621E+00,+25.02512566742E+00
+850.00E-09,+4.87939698622E+00,+24.82412064075E+00
+875.00E-09,+4.87939698622E+00,+24.82412064079E+00
+900.00E-09,+4.85929648392E+00,+25.02512566745E+00
+925.00E-09,+4.87939698621E+00,+25.02512566742E+00
+950.00E-09,+4.87939698621E+00,+24.82412064075E+00
+975.00E-09,+4.85929648392E+00,+24.82412064079E+00
+1.00000E-06,+4.83919598162E+00,+25.02512566745E+00
+1.02500E-06,+4.83919598162E+00,+25.02512566742E+00
+1.05000E-06,+4.83919598162E+00,+25.02512566742E+00
+1.07500E-06,+4.85929648392E+00,+24.82412064079E+00
+1.10000E-06,+4.83919598162E+00,+25.02512566745E+00
+1.12500E-06,+4.81909547932E+00,+25.02512566742E+00
+1.15000E-06,+4.79899497703E+00,+25.02512566745E+00
+1.17500E-06,+4.81909547932E+00,+25.02512566742E+00
+1.20000E-06,+4.81909547932E+00,+24.82412064079E+00
+1.22500E-06,+4.81909547932E+00,+24.82412064075E+00
+1.25000E-06,+4.79899497703E+00,+24.82412064079E+00
+1.27500E-06,+4.79899497703E+00,+25.02512566742E+00
+1.30000E-06,+4.79899497702E+00,+25.02512566748E+00
+1.32500E-06,+4.77889447473E+00,+25.02512566745E+00
+1.35000E-06,+4.77889447473E+00,+25.02512566742E+00
+1.37500E-06,+4.79899497702E+00,+24.82412064079E+00
+1.40000E-06,+4.77889447473E+00,+25.02512566745E+00
+1.42500E-06,+4.77889447473E+00,+25.02512566745E+00
+1.45000E-06,+4.73869347014E+00,+24.82412064075E+00
+1.47500E-06,+4.73869347014E+00,+25.02512566745E+00
+1.50000E-06,+4.73869347014E+00,+25.02512566745E+00
+1.52500E-06,+4.71859296784E+00,+25.02512566742E+00
+1.55000E-06,+4.73869347014E+00,+24.82412064079E+00
+1.57500E-06,+4.73869347014E+00,+25.02512566745E+00
+1.60000E-06,+4.71859296784E+00,+25.02512566745E+00
+1.62500E-06,+4.73869347014E+00,+25.02512566745E+00
+1.65000E-06,+4.71859296784E+00,+24.82412064075E+00
+1.67500E-06,+4.71859296784E+00,+25.02512566742E+00
+1.70000E-06,+4.69849246554E+00,+25.02512566742E+00
+1.72500E-06,+4.69849246554E+00,+25.02512566745E+00
+1.75000E-06,+4.67839196325E+00,+24.82412064079E+00
+1.77500E-06,+4.67839196324E+00,+25.02512566745E+00
+1.80000E-06,+4.67839196324E+00,+25.02512566745E+00
+1.82500E-06,+4.65829146095E+00,+25.02512566745E+00
+1.85000E-06,+4.67839196324E+00,+25.02512566742E+00
+1.87500E-06,+4.67839196324E+00,+24.82412064079E+00
+1.90000E-06,+4.67839196324E+00,+25.02512566745E+00
+1.92500E-06,+4.67839196325E+00,+25.02512566742E+00
+1.95000E-06,+4.65829146095E+00,+24.82412064075E+00
+1.97500E-06,+4.63819095865E+00,+25.02512566745E+00
+2.00000E-06,+4.65829146095E+00,+24.82412064079E+00
+2.02500E-06,+4.63819095865E+00,+25.02512566745E+00
+2.05000E-06,+4.61809045635E+00,+25.02512566742E+00
+2.07500E-06,+4.63819095865E+00,+24.82412064079E+00
+2.10000E-06,+4.61809045635E+00,+25.22613069412E+00
+2.12500E-06,+4.59798995405E+00,+25.02512566742E+00
+2.15000E-06,+4.59798995406E+00,+24.82412064075E+00
+2.17500E-06,+4.61809045635E+00,+24.82412064079E+00
+2.20000E-06,+4.63819095865E+00,+25.02512566742E+00
+2.22500E-06,+4.61809045635E+00,+25.02512566742E+00
+2.25000E-06,+4.59798995406E+00,+24.82412064079E+00
+2.27500E-06,+4.59798995405E+00,+25.02512566745E+00
+2.30000E-06,+4.59798995405E+00,+25.02512566745E+00
+2.32500E-06,+4.57788945176E+00,+25.02512566739E+00
+2.35000E-06,+4.57788945176E+00,+24.82412064075E+00
+2.37500E-06,+4.57788945176E+00,+24.82412064079E+00
+2.40000E-06,+4.55778894946E+00,+24.82412064079E+00
+2.42500E-06,+4.57788945175E+00,+25.02512566742E+00
+2.45000E-06,+4.55778894946E+00,+24.82412064079E+00
+2.47500E-06,+4.55778894946E+00,+24.82412064079E+00
+2.50000E-06,+4.57788945175E+00,+25.02512566745E+00
+2.52500E-06,+4.53768844717E+00,+25.02512566742E+00
+2.55000E-06,+4.53768844716E+00,+24.82412064079E+00
+2.57500E-06,+4.53768844717E+00,+24.82412064075E+00
+2.60000E-06,+4.53768844716E+00,+24.82412064079E+00
+2.62500E-06,+4.53768844716E+00,+25.02512566742E+00
+2.65000E-06,+4.51758794487E+00,+24.82412064075E+00
+2.67500E-06,+4.51758794487E+00,+25.02512566742E+00
+2.70000E-06,+4.51758794486E+00,+24.82412064079E+00
+2.72500E-06,+4.51758794486E+00,+25.02512566742E+00
+2.75000E-06,+4.51758794487E+00,+24.62311561409E+00
+2.77500E-06,+4.57788945175E+00,+24.82412064075E+00
+2.80000E-06,+4.59798995405E+00,+25.02512566745E+00
+2.82500E-06,+4.63819095865E+00,+25.02512566742E+00
+2.85000E-06,+4.65829146095E+00,+24.82412064075E+00
+2.87500E-06,+4.69849246554E+00,+24.82412064075E+00
+2.90000E-06,+4.71859296784E+00,+25.02512566745E+00
+2.92500E-06,+4.75879397243E+00,+24.62311561409E+00
+2.95000E-06,+4.77889447473E+00,+24.62311561406E+00
+2.97500E-06,+4.85929648392E+00,+24.82412064075E+00
+3.00000E-06,+4.87939698621E+00,+24.82412064075E+00
+3.02500E-06,+4.91959799081E+00,+24.62311561406E+00
+3.05000E-06,+4.93969849311E+00,+24.62311561406E+00
+3.07500E-06,+4.97989949770E+00,+24.62311561409E+00
+3.10000E-06,+5.00000000000E+00,+24.42211058739E+00
+3.12500E-06,+5.04020100459E+00,+24.62311561402E+00
+3.15000E-06,+5.04020100460E+00,+24.42211058736E+00
+3.17500E-06,+5.06030150690E+00,+24.42211058742E+00
+3.20000E-06,+5.08040200919E+00,+24.62311561406E+00
+3.22500E-06,+5.04020100459E+00,+24.62311561406E+00
+3.25000E-06,+5.04020100459E+00,+24.62311561409E+00
+3.27500E-06,+5.04020100459E+00,+24.62311561406E+00
+3.30000E-06,+5.02010050229E+00,+24.82412064072E+00
+3.32500E-06,+5.00000000000E+00,+24.62311561402E+00
+3.35000E-06,+5.00000000000E+00,+24.42211058736E+00
+3.37500E-06,+4.97989949770E+00,+24.42211058739E+00
+3.40000E-06,+4.97989949770E+00,+24.82412064072E+00
+3.42500E-06,+4.95979899540E+00,+24.82412064075E+00
+3.45000E-06,+4.91959799081E+00,+24.62311561409E+00
+3.47500E-06,+4.91959799081E+00,+24.62311561406E+00
+3.50000E-06,+4.93969849310E+00,+24.62311561406E+00
+3.52500E-06,+4.89949748851E+00,+24.62311561406E+00
+3.55000E-06,+4.87939698621E+00,+24.62311561406E+00
+3.57500E-06,+4.85929648392E+00,+24.62311561406E+00
+3.60000E-06,+4.85929648392E+00,+24.82412064075E+00
+3.62500E-06,+4.83919598162E+00,+24.82412064072E+00
+3.65000E-06,+4.83919598162E+00,+24.82412064075E+00
+3.67500E-06,+4.81909547932E+00,+24.82412064075E+00
+3.70000E-06,+4.79899497703E+00,+24.62311561412E+00
+3.72500E-06,+4.77889447473E+00,+25.02512566739E+00
+3.75000E-06,+4.77889447473E+00,+24.82412064075E+00
+3.77500E-06,+4.73869347014E+00,+24.82412064075E+00
+3.80000E-06,+4.73869347014E+00,+24.82412064079E+00
+3.82500E-06,+4.73869347014E+00,+25.02512566742E+00
+3.85000E-06,+4.69849246554E+00,+24.82412064075E+00
+3.87500E-06,+4.69849246554E+00,+25.02512566742E+00
+3.90000E-06,+4.67839196324E+00,+25.22613069412E+00
+3.92500E-06,+4.65829146095E+00,+25.02512566742E+00
+3.95000E-06,+4.63819095865E+00,+24.82412064079E+00
+3.97500E-06,+4.63819095865E+00,+25.02512566745E+00
+4.00000E-06,+4.63819095865E+00,+25.02512566742E+00
+4.02500E-06,+4.61809045635E+00,+24.82412064082E+00
+4.05000E-06,+4.59798995405E+00,+24.82412064079E+00
+4.07500E-06,+4.57788945176E+00,+25.02512566745E+00
+4.10000E-06,+4.57788945176E+00,+25.22613069412E+00
+4.12500E-06,+4.53768844717E+00,+25.02512566749E+00
+4.15000E-06,+4.53768844716E+00,+25.02512566745E+00
+4.17500E-06,+4.53768844716E+00,+25.22613069412E+00
+4.20000E-06,+4.51758794487E+00,+25.02512566745E+00
+4.22500E-06,+4.51758794486E+00,+25.22613069415E+00
+4.25000E-06,+4.49748744257E+00,+25.22613069412E+00
+4.27500E-06,+4.47738694027E+00,+25.02512566745E+00
+4.30000E-06,+4.45728643797E+00,+25.22613069415E+00
+4.32500E-06,+4.43718593568E+00,+25.42713572082E+00
+4.35000E-06,+4.43718593568E+00,+25.02512566745E+00
+4.37500E-06,+4.43718593568E+00,+25.22613069412E+00
+4.40000E-06,+4.47738694027E+00,+25.02512566745E+00
+4.42500E-06,+4.51758794487E+00,+25.22613069415E+00
+4.45000E-06,+4.53768844717E+00,+25.22613069415E+00
+4.47500E-06,+4.57788945176E+00,+25.02512566745E+00
+4.50000E-06,+4.61809045635E+00,+25.02512566749E+00
+4.52500E-06,+4.63819095865E+00,+25.02512566742E+00
+4.55000E-06,+4.67839196325E+00,+25.02512566745E+00
+4.57500E-06,+4.71859296784E+00,+25.02512566745E+00
+4.60000E-06,+4.75879397243E+00,+24.82412064079E+00
+4.62500E-06,+4.79899497702E+00,+25.22613069412E+00
+4.65000E-06,+4.81909547932E+00,+24.82412064075E+00
+4.67500E-06,+4.85929648392E+00,+24.82412064075E+00
+4.70000E-06,+4.87939698622E+00,+24.62311561412E+00
+4.72500E-06,+4.91959799081E+00,+24.62311561406E+00
+4.75000E-06,+4.95979899540E+00,+24.42211058739E+00
+4.77500E-06,+4.91959799081E+00,+24.62311561409E+00
+4.80000E-06,+4.95979899541E+00,+24.82412064075E+00
+4.82500E-06,+4.93969849310E+00,+24.62311561409E+00
+4.85000E-06,+4.91959799081E+00,+24.62311561409E+00
+4.87500E-06,+4.91959799081E+00,+24.62311561409E+00
+4.90000E-06,+4.91959799081E+00,+24.82412064079E+00
+4.92500E-06,+4.87939698622E+00,+25.02512566742E+00
+4.95000E-06,+4.87939698621E+00,+24.82412064075E+00
+4.97500E-06,+4.85929648392E+00,+24.82412064075E+00
+5.00000E-06,+4.85929648392E+00,+25.02512566742E+00
+5.02500E-06,+4.83919598162E+00,+24.82412064075E+00
+5.05000E-06,+4.81909547932E+00,+24.82412064079E+00
+5.07500E-06,+4.81909547932E+00,+24.82412064072E+00
+5.10000E-06,+4.79899497703E+00,+25.02512566742E+00
+5.12500E-06,+4.79899497702E+00,+24.82412064075E+00
+5.15000E-06,+4.77889447473E+00,+24.82412064075E+00
+5.17500E-06,+4.73869347014E+00,+24.82412064079E+00
+5.20000E-06,+4.73869347014E+00,+25.02512566745E+00
+5.22500E-06,+4.73869347013E+00,+25.02512566742E+00
+5.25000E-06,+4.71859296784E+00,+24.82412064075E+00
+5.27500E-06,+4.69849246554E+00,+24.82412064079E+00
+5.30000E-06,+4.69849246554E+00,+25.02512566745E+00
+5.32500E-06,+4.67839196324E+00,+25.02512566742E+00
+5.35000E-06,+4.65829146095E+00,+25.02512566742E+00
+5.37500E-06,+4.63819095865E+00,+24.82412064079E+00
+5.40000E-06,+4.63819095865E+00,+24.82412064082E+00
+5.42500E-06,+4.61809045635E+00,+25.02512566745E+00
+5.45000E-06,+4.59798995406E+00,+25.22613069412E+00
+5.47500E-06,+4.61809045635E+00,+25.02512566745E+00
+5.50000E-06,+4.57788945176E+00,+25.02512566745E+00
+5.52500E-06,+4.57788945175E+00,+25.02512566745E+00
+5.55000E-06,+4.53768844717E+00,+25.02512566745E+00
+5.57500E-06,+4.53768844716E+00,+25.02512566748E+00
+5.60000E-06,+4.53768844716E+00,+25.02512566748E+00
+5.62500E-06,+4.51758794486E+00,+25.02512566748E+00
+5.65000E-06,+4.47738694027E+00,+25.02512566745E+00
+5.67500E-06,+4.47738694027E+00,+25.22613069412E+00
+5.70000E-06,+4.45728643797E+00,+25.22613069415E+00
+5.72500E-06,+4.45728643797E+00,+25.02512566745E+00
+5.75000E-06,+4.43718593568E+00,+25.02512566745E+00
+5.77500E-06,+4.43718593568E+00,+25.02512566745E+00
+5.80000E-06,+4.41708543338E+00,+25.22613069415E+00
+5.82500E-06,+4.41708543338E+00,+25.22613069415E+00
+5.85000E-06,+4.39698493108E+00,+25.22613069415E+00
+5.87500E-06,+4.37688442878E+00,+25.22613069412E+00
+5.90000E-06,+4.37688442878E+00,+25.22613069415E+00
+5.92500E-06,+4.35678392649E+00,+25.22613069412E+00
+5.95000E-06,+4.33668342419E+00,+25.22613069412E+00
+5.97500E-06,+4.31658292190E+00,+25.02512566751E+00
+6.00000E-06,+4.35678392649E+00,+25.02512566745E+00
+6.02500E-06,+4.35678392649E+00,+25.22613069412E+00
+6.05000E-06,+4.37688442878E+00,+25.02512566745E+00
+6.07500E-06,+4.45728643797E+00,+25.02512566745E+00
+6.10000E-06,+4.47738694027E+00,+25.02512566745E+00
+6.12500E-06,+4.49748744257E+00,+25.02512566742E+00
+6.15000E-06,+4.53768844716E+00,+24.82412064078E+00
+6.17500E-06,+4.57788945176E+00,+24.82412064075E+00
+6.20000E-06,+4.61809045635E+00,+24.82412064075E+00
+6.22500E-06,+4.65829146094E+00,+25.02512566742E+00
+6.25000E-06,+4.69849246554E+00,+24.82412064073E+00
+6.27500E-06,+4.71859296784E+00,+24.62311561406E+00
+6.30000E-06,+4.77889447473E+00,+24.62311561409E+00
+6.32500E-06,+4.79899497703E+00,+24.62311561406E+00
+6.35000E-06,+4.81909547932E+00,+24.62311561403E+00
+6.37500E-06,+4.87939698622E+00,+24.42211058736E+00
+6.40000E-06,+4.91959799081E+00,+24.42211058736E+00
+6.42500E-06,+4.93969849311E+00,+24.62311561406E+00
+6.45000E-06,+4.95979899540E+00,+24.42211058733E+00
+6.47500E-06,+4.91959799081E+00,+24.42211058736E+00
+6.50000E-06,+4.91959799081E+00,+24.42211058736E+00
+6.52500E-06,+4.91959799081E+00,+24.42211058736E+00
+6.55000E-06,+4.89949748851E+00,+24.42211058736E+00
+6.57500E-06,+4.87939698622E+00,+24.42211058736E+00
+6.60000E-06,+4.87939698622E+00,+24.62311561403E+00
+6.62500E-06,+4.85929648392E+00,+24.42211058739E+00
+6.65000E-06,+4.85929648392E+00,+24.42211058739E+00
+6.67500E-06,+4.83919598162E+00,+24.62311561406E+00
+6.70000E-06,+4.81909547932E+00,+24.62311561403E+00
+6.72500E-06,+4.81909547932E+00,+24.62311561403E+00
+6.75000E-06,+4.79899497703E+00,+24.62311561403E+00
+6.77500E-06,+4.79899497703E+00,+24.42211058739E+00
+6.80000E-06,+4.77889447473E+00,+24.62311561403E+00
+6.82500E-06,+4.77889447473E+00,+24.82412064073E+00
+6.85000E-06,+4.75879397243E+00,+24.62311561406E+00
+6.87500E-06,+4.75879397243E+00,+24.62311561406E+00
+6.90000E-06,+4.73869347014E+00,+24.62311561408E+00
+6.92500E-06,+4.71859296784E+00,+24.82412064073E+00
+6.95000E-06,+4.69849246554E+00,+24.62311561403E+00
+6.97500E-06,+4.67839196325E+00,+24.62311561408E+00
+7.00000E-06,+4.67839196325E+00,+24.82412064075E+00
+7.02500E-06,+4.65829146094E+00,+25.02512566745E+00
+7.05000E-06,+4.65829146095E+00,+24.82412064075E+00
+7.07500E-06,+4.63819095865E+00,+24.82412064075E+00
+7.10000E-06,+4.61809045635E+00,+24.82412064078E+00
+7.12500E-06,+4.61809045635E+00,+25.02512566743E+00
+7.15000E-06,+4.59798995405E+00,+24.82412064073E+00
+7.17500E-06,+4.57788945176E+00,+24.82412064078E+00
+7.20000E-06,+4.55778894946E+00,+25.02512566745E+00
+7.22500E-06,+4.55778894946E+00,+25.02512566743E+00
+7.25000E-06,+4.55778894946E+00,+25.02512566745E+00
+7.27500E-06,+4.53768844716E+00,+25.02512566745E+00
+7.30000E-06,+4.51758794487E+00,+25.02512566745E+00
+7.32500E-06,+4.49748744257E+00,+25.02512566745E+00
+7.35000E-06,+4.47738694027E+00,+25.02512566745E+00
+7.37500E-06,+4.49748744257E+00,+25.22613069412E+00
+7.40000E-06,+4.47738694027E+00,+25.02512566745E+00
+7.42500E-06,+4.45728643797E+00,+25.02512566748E+00
+7.45000E-06,+4.43718593568E+00,+25.42713572082E+00
+7.47500E-06,+4.41708543338E+00,+25.22613069415E+00
+7.50000E-06,+4.41708543338E+00,+25.02512566751E+00
+7.52500E-06,+4.39698493108E+00,+25.22613069415E+00
+7.55000E-06,+4.39698493108E+00,+25.22613069415E+00
+7.57500E-06,+4.37688442878E+00,+25.22613069415E+00
+7.60000E-06,+4.37688442878E+00,+25.22613069415E+00
+7.62500E-06,+4.37688442879E+00,+25.42713572082E+00
+7.65000E-06,+4.39698493108E+00,+25.22613069415E+00
+7.67500E-06,+4.43718593568E+00,+25.22613069418E+00
+7.70000E-06,+4.47738694027E+00,+25.22613069415E+00
+7.72500E-06,+4.49748744257E+00,+25.02512566745E+00
+7.75000E-06,+4.53768844717E+00,+25.02512566743E+00
+7.77500E-06,+4.57788945176E+00,+25.02512566745E+00
+7.80000E-06,+4.59798995406E+00,+25.02512566745E+00
+7.82500E-06,+4.63819095865E+00,+24.82412064078E+00
+7.85000E-06,+4.67839196324E+00,+25.02512566743E+00
+7.87500E-06,+4.73869347014E+00,+24.82412064075E+00
+7.90000E-06,+4.75879397243E+00,+24.62311561411E+00
+7.92500E-06,+4.79899497703E+00,+24.62311561409E+00
+7.95000E-06,+4.81909547933E+00,+24.62311561403E+00
+7.97500E-06,+4.87939698622E+00,+24.42211058739E+00
+8.00000E-06,+4.91959799081E+00,+24.42211058739E+00
+8.02500E-06,+4.93969849311E+00,+24.42211058739E+00
+8.05000E-06,+4.89949748851E+00,+24.62311561403E+00
+8.07500E-06,+4.91959799081E+00,+24.62311561406E+00
+8.10000E-06,+4.91959799081E+00,+24.62311561406E+00
+8.12500E-06,+4.87939698622E+00,+24.62311561406E+00
+8.15000E-06,+4.87939698622E+00,+24.62311561406E+00
+8.17500E-06,+4.87939698622E+00,+24.42211058739E+00
+8.20000E-06,+4.85929648392E+00,+24.82412064073E+00
+8.22500E-06,+4.85929648392E+00,+24.82412064072E+00
+8.25000E-06,+4.83919598162E+00,+24.82412064072E+00
+8.27500E-06,+4.83919598162E+00,+24.62311561406E+00
+8.30000E-06,+4.81909547932E+00,+24.82412064075E+00
+8.32500E-06,+4.79899497703E+00,+24.62311561406E+00
+8.35000E-06,+4.77889447473E+00,+24.62311561406E+00
+8.37500E-06,+4.75879397244E+00,+24.62311561406E+00
+8.40000E-06,+4.75879397244E+00,+24.82412064075E+00
+8.42500E-06,+4.75879397243E+00,+24.82412064072E+00
+8.45000E-06,+4.71859296784E+00,+25.02512566742E+00
+8.47500E-06,+4.71859296784E+00,+24.82412064075E+00
+8.50000E-06,+4.71859296783E+00,+24.82412064079E+00
+8.52500E-06,+4.69849246554E+00,+25.02512566745E+00
+8.55000E-06,+4.69849246554E+00,+24.82412064075E+00
+8.57500E-06,+4.67839196324E+00,+25.02512566742E+00
+8.60000E-06,+4.65829146095E+00,+25.02512566745E+00
+8.62500E-06,+4.65829146095E+00,+25.02512566745E+00
+8.65000E-06,+4.63819095865E+00,+25.22613069412E+00
+8.67500E-06,+4.61809045635E+00,+25.22613069415E+00
+8.70000E-06,+4.59798995405E+00,+25.22613069412E+00
+8.72500E-06,+4.59798995405E+00,+25.02512566745E+00
+8.75000E-06,+4.55778894946E+00,+25.02512566749E+00
+8.77500E-06,+4.55778894946E+00,+25.02512566745E+00
+8.80000E-06,+4.55778894946E+00,+25.22613069415E+00
+8.82500E-06,+4.53768844716E+00,+25.22613069415E+00
+8.85000E-06,+4.53768844716E+00,+25.22613069415E+00
+8.87500E-06,+4.51758794486E+00,+25.22613069418E+00
+8.90000E-06,+4.51758794486E+00,+25.42713572082E+00
+8.92500E-06,+4.47738694027E+00,+25.42713572082E+00
+8.95000E-06,+4.47738694027E+00,+25.22613069415E+00
+8.97500E-06,+4.45728643798E+00,+25.22613069415E+00
+9.00000E-06,+4.45728643797E+00,+25.42713572085E+00
+9.02500E-06,+4.43718593568E+00,+25.42713572085E+00
+9.05000E-06,+4.41708543338E+00,+25.42713572082E+00
+9.07500E-06,+4.41708543338E+00,+25.22613069418E+00
+9.10000E-06,+4.41708543338E+00,+25.42713572085E+00
+9.12500E-06,+4.37688442879E+00,+25.62814074748E+00
+9.15000E-06,+4.37688442878E+00,+25.42713572081E+00
+9.17500E-06,+4.35678392649E+00,+25.22613069419E+00
+9.20000E-06,+4.35678392649E+00,+25.42713572081E+00
+9.22500E-06,+4.33668342419E+00,+25.22613069415E+00
+9.25000E-06,+4.33668342419E+00,+25.22613069415E+00
+9.27500E-06,+4.35678392649E+00,+25.22613069415E+00
+9.30000E-06,+4.39698493108E+00,+25.22613069419E+00
+9.32500E-06,+4.43718593568E+00,+25.22613069415E+00
+9.35000E-06,+4.47738694027E+00,+25.02512566745E+00
+9.37500E-06,+4.53768844716E+00,+25.02512566745E+00
+9.40000E-06,+4.55778894946E+00,+25.02512566745E+00
+9.42500E-06,+4.59798995405E+00,+25.02512566742E+00
+9.45000E-06,+4.61809045636E+00,+24.82412064075E+00
+9.47500E-06,+4.65829146095E+00,+24.82412064075E+00
+9.50000E-06,+4.69849246554E+00,+24.62311561406E+00
+9.52500E-06,+4.73869347014E+00,+24.82412064072E+00
+9.55000E-06,+4.77889447473E+00,+24.62311561402E+00
+9.57500E-06,+4.79899497703E+00,+24.42211058736E+00
+9.60000E-06,+4.85929648392E+00,+24.42211058736E+00
+9.62500E-06,+4.89949748851E+00,+24.62311561406E+00
+9.65000E-06,+4.89949748851E+00,+24.22110556070E+00
+9.67500E-06,+4.85929648392E+00,+24.42211058736E+00
+9.70000E-06,+4.87939698622E+00,+24.62311561402E+00
+9.72500E-06,+4.87939698621E+00,+24.42211058732E+00
+9.75000E-06,+4.83919598163E+00,+24.22110556066E+00
+9.77500E-06,+4.83919598162E+00,+24.42211058736E+00
+9.80000E-06,+4.85929648392E+00,+24.62311561402E+00
+9.82500E-06,+4.81909547932E+00,+24.42211058740E+00
+9.85000E-06,+4.81909547932E+00,+24.62311561402E+00
+9.87500E-06,+4.81909547932E+00,+24.62311561406E+00
+9.90000E-06,+4.79899497702E+00,+24.62311561406E+00
+9.92500E-06,+4.77889447473E+00,+24.62311561402E+00
+9.95000E-06,+4.75879397243E+00,+24.62311561406E+00
+9.97500E-06,+4.73869347014E+00,+24.62311561406E+00
+10.00000E-06,+4.75879397243E+00,+24.62311561406E+00
+10.02500E-06,+4.73869347013E+00,+24.62311561406E+00
+10.05000E-06,+4.71859296784E+00,+24.82412064075E+00
+10.07500E-06,+4.69849246554E+00,+24.62311561410E+00
+10.10000E-06,+4.69849246554E+00,+24.62311561410E+00
+10.12500E-06,+4.67839196325E+00,+24.62311561406E+00
+10.15000E-06,+4.67839196324E+00,+24.62311561406E+00
+10.17500E-06,+4.65829146095E+00,+24.62311561410E+00
+10.20000E-06,+4.63819095865E+00,+24.82412064075E+00
+10.22500E-06,+4.63819095865E+00,+25.02512566741E+00
+10.25000E-06,+4.59798995405E+00,+24.82412064075E+00
+10.27500E-06,+4.61809045635E+00,+24.82412064072E+00
+10.30000E-06,+4.59798995405E+00,+24.82412064079E+00
+10.32500E-06,+4.55778894946E+00,+25.02512566745E+00
+10.35000E-06,+4.55778894946E+00,+25.02512566745E+00
+10.37500E-06,+4.55778894946E+00,+24.82412064075E+00
+10.40000E-06,+4.55778894946E+00,+25.02512566745E+00
+10.42500E-06,+4.55778894946E+00,+25.22613069411E+00
+10.45000E-06,+4.51758794487E+00,+25.02512566745E+00
+10.47500E-06,+4.49748744257E+00,+25.02512566749E+00
+10.50000E-06,+4.49748744257E+00,+25.22613069415E+00
+10.52500E-06,+4.45728643798E+00,+25.22613069411E+00
+10.55000E-06,+4.43718593568E+00,+25.02512566745E+00
+10.57500E-06,+4.43718593568E+00,+25.02512566749E+00
+10.60000E-06,+4.43718593568E+00,+25.22613069415E+00
+10.62500E-06,+4.43718593567E+00,+25.22613069415E+00
+10.65000E-06,+4.41708543338E+00,+25.42713572081E+00
+10.67500E-06,+4.39698493109E+00,+25.22613069419E+00
+10.70000E-06,+4.39698493108E+00,+25.22613069415E+00
+10.72500E-06,+4.37688442878E+00,+25.22613069419E+00
+10.75000E-06,+4.35678392649E+00,+25.22613069415E+00
+10.77500E-06,+4.35678392649E+00,+25.22613069415E+00
+10.80000E-06,+4.35678392648E+00,+25.22613069415E+00
+10.82500E-06,+4.33668342419E+00,+25.42713572085E+00
+10.85000E-06,+4.31658292190E+00,+25.42713572081E+00
+10.87500E-06,+4.37688442878E+00,+25.22613069415E+00
+10.90000E-06,+4.33668342419E+00,+25.42713572085E+00
+10.92500E-06,+4.35678392649E+00,+25.42713572081E+00
+10.95000E-06,+4.39698493108E+00,+25.02512566745E+00
+10.97500E-06,+4.45728643797E+00,+25.02512566745E+00
+11.00000E-06,+4.49748744257E+00,+25.02512566745E+00
+11.02500E-06,+4.51758794487E+00,+25.02512566745E+00
+11.05000E-06,+4.55778894946E+00,+25.02512566745E+00
+11.07500E-06,+4.61809045635E+00,+24.82412064075E+00
+11.10000E-06,+4.63819095865E+00,+25.02512566745E+00
+11.12500E-06,+4.67839196324E+00,+24.62311561406E+00
+11.15000E-06,+4.71859296784E+00,+24.62311561401E+00
+11.17500E-06,+4.75879397243E+00,+24.42211058736E+00
+11.20000E-06,+4.79899497703E+00,+24.62311561401E+00
+11.22500E-06,+4.83919598162E+00,+24.42211058736E+00
+11.25000E-06,+4.83919598163E+00,+24.62311561401E+00
+11.27500E-06,+4.85929648392E+00,+24.42211058736E+00
+11.30000E-06,+4.89949748851E+00,+24.62311561401E+00
+11.32500E-06,+4.85929648392E+00,+24.42211058731E+00
+11.35000E-06,+4.83919598162E+00,+24.42211058736E+00
+11.37500E-06,+4.83919598163E+00,+24.42211058736E+00
+11.40000E-06,+4.85929648392E+00,+24.62311561406E+00
+11.42500E-06,+4.81909547932E+00,+24.42211058740E+00
+11.45000E-06,+4.81909547932E+00,+24.42211058740E+00
+11.47500E-06,+4.81909547932E+00,+24.42211058740E+00
+11.50000E-06,+4.79899497703E+00,+24.62311561406E+00
+11.52500E-06,+4.77889447473E+00,+24.62311561401E+00
+11.55000E-06,+4.75879397243E+00,+24.42211058740E+00
+11.57500E-06,+4.75879397244E+00,+24.42211058740E+00
+11.60000E-06,+4.73869347014E+00,+24.62311561410E+00
+11.62500E-06,+4.73869347014E+00,+24.82412064075E+00
+11.65000E-06,+4.71859296784E+00,+24.62311561406E+00
+11.67500E-06,+4.71859296784E+00,+24.82412064075E+00
+11.70000E-06,+4.69849246554E+00,+25.02512566741E+00
+11.72500E-06,+4.67839196324E+00,+25.02512566736E+00
+11.75000E-06,+4.65829146095E+00,+24.82412064071E+00
+11.77500E-06,+4.65829146095E+00,+25.02512566741E+00
+11.80000E-06,+4.65829146095E+00,+24.82412064080E+00
+11.82500E-06,+4.63819095865E+00,+24.82412064080E+00
+11.85000E-06,+4.61809045635E+00,+25.02512566741E+00
+11.87500E-06,+4.59798995406E+00,+24.82412064080E+00
+11.90000E-06,+4.59798995405E+00,+25.02512566745E+00
+11.92500E-06,+4.57788945176E+00,+25.02512566745E+00
+11.95000E-06,+4.57788945175E+00,+25.02512566745E+00
+11.97500E-06,+4.55778894946E+00,+25.02512566745E+00
+12.00000E-06,+4.53768844716E+00,+25.02512566745E+00
+12.02500E-06,+4.53768844716E+00,+25.22613069415E+00
+12.05000E-06,+4.51758794487E+00,+25.22613069410E+00
+12.07500E-06,+4.51758794487E+00,+25.02512566750E+00
+12.10000E-06,+4.51758794486E+00,+25.22613069415E+00
+12.12500E-06,+4.47738694027E+00,+25.42713572080E+00
+12.15000E-06,+4.47738694027E+00,+25.22613069415E+00
+12.17500E-06,+4.45728643797E+00,+25.22613069415E+00
+12.20000E-06,+4.45728643797E+00,+25.42713572085E+00
+12.22500E-06,+4.45728643796E+00,+25.42713572080E+00
+12.25000E-06,+4.41708543338E+00,+25.42713572080E+00
+12.27500E-06,+4.41708543338E+00,+25.22613069420E+00
+12.30000E-06,+4.41708543337E+00,+25.42713572085E+00
+12.32500E-06,+4.37688442879E+00,+25.62814074745E+00
+12.35000E-06,+4.37688442878E+00,+25.22613069420E+00
+12.37500E-06,+4.35678392649E+00,+25.42713572090E+00
+12.40000E-06,+4.35678392649E+00,+25.42713572085E+00
+12.42500E-06,+4.35678392648E+00,+25.42713572090E+00
+12.45000E-06,+4.31658292189E+00,+25.62814074750E+00
+12.47500E-06,+4.29648241960E+00,+25.42713572085E+00
+12.50000E-06,+4.29648241959E+00,+25.42713572090E+00
+12.52500E-06,+4.35678392648E+00,+25.22613069415E+00
+12.55000E-06,+4.35678392649E+00,+25.22613069415E+00
+12.57500E-06,+4.39698493108E+00,+25.22613069425E+00
+12.60000E-06,+4.45728643797E+00,+25.22613069415E+00
+12.62500E-06,+4.47738694027E+00,+25.22613069415E+00
+12.65000E-06,+4.51758794487E+00,+25.22613069410E+00
+12.67500E-06,+4.55778894946E+00,+24.82412064081E+00
+12.70000E-06,+4.59798995405E+00,+24.82412064081E+00
+12.72500E-06,+4.61809045635E+00,+25.02512566740E+00
+12.75000E-06,+4.67839196324E+00,+24.62311561406E+00
+12.77500E-06,+4.71859296784E+00,+24.62311561411E+00
+12.80000E-06,+4.73869347015E+00,+24.62311561406E+00
+12.82500E-06,+4.79899497703E+00,+24.42211058741E+00
+12.85000E-06,+4.83919598162E+00,+24.42211058736E+00
+12.87500E-06,+4.87939698621E+00,+24.62311561400E+00
+12.90000E-06,+4.87939698621E+00,+24.42211058731E+00
+12.92500E-06,+4.83919598163E+00,+24.22110556066E+00
+12.95000E-06,+4.83919598163E+00,+24.22110556071E+00
+12.97500E-06,+4.83919598163E+00,+24.42211058736E+00
+13.00000E-06,+4.83919598162E+00,+24.42211058736E+00
+13.02500E-06,+4.83919598162E+00,+24.42211058736E+00
+13.05000E-06,+4.81909547932E+00,+24.62311561406E+00
+13.07500E-06,+4.81909547932E+00,+24.42211058736E+00
+13.10000E-06,+4.77889447474E+00,+24.62311561406E+00
+13.12500E-06,+4.79899497702E+00,+24.62311561400E+00
+13.15000E-06,+4.77889447472E+00,+24.42211058736E+00
+13.17500E-06,+4.75879397244E+00,+24.42211058741E+00
+13.20000E-06,+4.73869347014E+00,+24.62311561406E+00
+13.22500E-06,+4.73869347013E+00,+24.62311561406E+00
+13.25000E-06,+4.69849246555E+00,+24.62311561406E+00
+13.27500E-06,+4.71859296784E+00,+24.82412064070E+00
+13.30000E-06,+4.71859296783E+00,+24.62311561417E+00
+13.32500E-06,+4.67839196325E+00,+24.82412064070E+00
+13.35000E-06,+4.67839196324E+00,+24.62311561406E+00
+13.37500E-06,+4.65829146094E+00,+24.62311561411E+00
+13.40000E-06,+4.65829146095E+00,+24.82412064075E+00
+13.42500E-06,+4.63819095865E+00,+24.82412064075E+00
+13.45000E-06,+4.61809045635E+00,+24.82412064075E+00
+13.47500E-06,+4.61809045635E+00,+24.82412064081E+00
+13.50000E-06,+4.61809045635E+00,+25.02512566745E+00
+13.52500E-06,+4.59798995405E+00,+25.02512566740E+00
+13.55000E-06,+4.57788945176E+00,+25.02512566740E+00
+13.57500E-06,+4.55778894946E+00,+24.82412064075E+00
+13.60000E-06,+4.55778894947E+00,+25.02512566740E+00
+13.62500E-06,+4.55778894945E+00,+25.22613069415E+00
+13.65000E-06,+4.53768844716E+00,+25.22613069415E+00
+13.67500E-06,+4.51758794487E+00,+25.02512566745E+00
+13.70000E-06,+4.49748744257E+00,+25.22613069409E+00
+13.72500E-06,+4.49748744257E+00,+25.22613069409E+00
+13.75000E-06,+4.49748744256E+00,+25.22613069415E+00
+13.77500E-06,+4.47738694026E+00,+25.22613069415E+00
+13.80000E-06,+4.45728643797E+00,+25.22613069415E+00
+13.82500E-06,+4.43718593568E+00,+25.42713572085E+00
+13.85000E-06,+4.43718593568E+00,+25.42713572079E+00
+13.87500E-06,+4.43718593567E+00,+25.22613069421E+00
+13.90000E-06,+4.39698493108E+00,+25.42713572085E+00
+13.92500E-06,+4.39698493108E+00,+25.42713572085E+00
+13.95000E-06,+4.37688442878E+00,+25.22613069415E+00
+13.97500E-06,+4.37688442878E+00,+25.22613069421E+00
+14.00000E-06,+4.35678392649E+00,+25.42713572085E+00
+14.02500E-06,+4.35678392649E+00,+25.42713572085E+00
+14.05000E-06,+4.33668342419E+00,+25.42713572079E+00
+14.07500E-06,+4.31658292190E+00,+25.22613069415E+00
+14.10000E-06,+4.31658292189E+00,+25.42713572085E+00
+14.12500E-06,+4.29648241959E+00,+25.42713572079E+00
+14.15000E-06,+4.33668342420E+00,+25.42713572079E+00
+14.17500E-06,+4.37688442878E+00,+25.22613069421E+00
+14.20000E-06,+4.39698493108E+00,+25.42713572079E+00
+14.22500E-06,+4.43718593568E+00,+25.22613069415E+00
+14.25000E-06,+4.47738694028E+00,+25.02512566745E+00
+14.27500E-06,+4.51758794487E+00,+24.82412064075E+00
+14.30000E-06,+4.55778894945E+00,+25.02512566745E+00
+14.32500E-06,+4.57788945176E+00,+25.02512566739E+00
+14.35000E-06,+4.61809045635E+00,+24.82412064069E+00
+14.37500E-06,+4.65829146096E+00,+24.62311561412E+00
+14.40000E-06,+4.71859296784E+00,+24.62311561406E+00
+14.42500E-06,+4.75879397243E+00,+24.62311561406E+00
+14.45000E-06,+4.79899497703E+00,+24.42211058736E+00
+14.47500E-06,+4.81909547932E+00,+24.22110556072E+00
+14.50000E-06,+4.81909547932E+00,+24.42211058736E+00
+14.52500E-06,+4.85929648392E+00,+24.42211058730E+00
+14.55000E-06,+4.83919598163E+00,+24.22110556072E+00
+14.57500E-06,+4.81909547933E+00,+24.42211058736E+00
+14.60000E-06,+4.81909547933E+00,+24.42211058730E+00
+14.62500E-06,+4.81909547932E+00,+24.22110556072E+00
+14.65000E-06,+4.81909547932E+00,+24.42211058730E+00
+14.67500E-06,+4.81909547932E+00,+24.62311561406E+00
+14.70000E-06,+4.77889447473E+00,+24.42211058736E+00
+14.72500E-06,+4.75879397243E+00,+24.42211058736E+00
+14.75000E-06,+4.75879397243E+00,+24.42211058736E+00
+14.77500E-06,+4.73869347014E+00,+24.42211058742E+00
+14.80000E-06,+4.75879397243E+00,+24.82412064069E+00
+14.82500E-06,+4.73869347014E+00,+24.62311561406E+00
+14.85000E-06,+4.71859296784E+00,+24.82412064069E+00
+14.87500E-06,+4.69849246554E+00,+24.62311561406E+00
+14.90000E-06,+4.69849246554E+00,+24.82412064069E+00
+14.92500E-06,+4.67839196324E+00,+24.82412064069E+00
+14.95000E-06,+4.67839196324E+00,+24.82412064069E+00
+14.97500E-06,+4.67839196324E+00,+24.62311561412E+00
+15.00000E-06,+4.65829146094E+00,+25.02512566739E+00
+15.02500E-06,+4.63819095865E+00,+25.02512566745E+00
+15.05000E-06,+4.61809045635E+00,+24.82412064075E+00
+15.07500E-06,+4.59798995405E+00,+24.82412064075E+00
+15.10000E-06,+4.57788945176E+00,+24.82412064082E+00
+15.12500E-06,+4.57788945176E+00,+25.02512566745E+00
+15.15000E-06,+4.57788945176E+00,+25.02512566739E+00
+15.17500E-06,+4.55778894947E+00,+25.02512566752E+00
+15.20000E-06,+4.55778894945E+00,+25.02512566752E+00
+15.22500E-06,+4.53768844716E+00,+25.22613069415E+00
+15.25000E-06,+4.55778894945E+00,+25.02512566745E+00
+15.27500E-06,+4.53768844716E+00,+25.22613069409E+00
+15.30000E-06,+4.51758794486E+00,+25.42713572072E+00
+15.32500E-06,+4.47738694027E+00,+25.22613069415E+00
+15.35000E-06,+4.47738694027E+00,+25.02512566752E+00
+15.37500E-06,+4.47738694026E+00,+25.22613069422E+00
+15.40000E-06,+4.45728643797E+00,+25.42713572078E+00
+15.42500E-06,+4.45728643797E+00,+25.22613069422E+00
+15.45000E-06,+4.43718593568E+00,+25.42713572078E+00
+15.47500E-06,+4.41708543338E+00,+25.22613069422E+00
+15.50000E-06,+4.39698493108E+00,+25.42713572085E+00
+15.52500E-06,+4.37688442878E+00,+25.42713572078E+00
+15.55000E-06,+4.37688442878E+00,+25.22613069415E+00
+15.57500E-06,+4.35678392649E+00,+25.42713572085E+00
+15.60000E-06,+4.35678392649E+00,+25.42713572085E+00
+15.62500E-06,+4.33668342419E+00,+25.42713572091E+00
+15.65000E-06,+4.33668342419E+00,+25.42713572085E+00
+15.67500E-06,+4.31658292190E+00,+25.42713572085E+00
+15.70000E-06,+4.31658292189E+00,+25.42713572092E+00
+15.72500E-06,+4.31658292189E+00,+25.62814074748E+00
+15.75000E-06,+4.29648241960E+00,+25.42713572085E+00
+15.77500E-06,+4.27638191730E+00,+25.22613069428E+00
+15.80000E-06,+4.37688442878E+00,+25.42713572085E+00
+15.82500E-06,+4.37688442878E+00,+25.22613069415E+00
+15.85000E-06,+4.41708543338E+00,+25.22613069415E+00
+15.87500E-06,+4.45728643797E+00,+25.02512566745E+00
+15.90000E-06,+4.49748744257E+00,+25.02512566745E+00
+15.92500E-06,+4.53768844716E+00,+25.02512566739E+00
+15.95000E-06,+4.57788945176E+00,+24.82412064075E+00
+15.97500E-06,+4.61809045635E+00,+24.82412064075E+00
+16.00000E-06,+4.65829146095E+00,+24.82412064069E+00
+16.02500E-06,+4.69849246554E+00,+24.62311561412E+00
+16.05000E-06,+4.71859296784E+00,+24.62311561399E+00
+16.07500E-06,+4.77889447473E+00,+24.42211058743E+00
+16.10000E-06,+4.81909547932E+00,+24.42211058736E+00
+16.12500E-06,+4.81909547932E+00,+24.62311561392E+00
+16.15000E-06,+4.79899497703E+00,+24.22110556066E+00
+16.17500E-06,+4.83919598163E+00,+24.22110556066E+00
+16.20000E-06,+4.85929648392E+00,+24.22110556066E+00
+16.22500E-06,+4.81909547932E+00,+24.42211058736E+00
+16.25000E-06,+4.81909547932E+00,+24.22110556066E+00
+16.27500E-06,+4.81909547932E+00,+24.22110556073E+00
+16.30000E-06,+4.79899497703E+00,+24.42211058743E+00
+16.32500E-06,+4.77889447473E+00,+24.42211058729E+00
+16.35000E-06,+4.75879397243E+00,+24.42211058736E+00
+16.37500E-06,+4.75879397243E+00,+24.42211058736E+00
+16.40000E-06,+4.73869347015E+00,+24.42211058736E+00
+16.42500E-06,+4.75879397243E+00,+24.42211058750E+00
+16.45000E-06,+4.73869347013E+00,+24.62311561406E+00
+16.47500E-06,+4.71859296785E+00,+24.62311561406E+00
+16.50000E-06,+4.71859296783E+00,+24.62311561406E+00
+16.52500E-06,+4.69849246554E+00,+24.62311561406E+00
+16.55000E-06,+4.67839196324E+00,+24.62311561406E+00
+16.57500E-06,+4.65829146095E+00,+24.62311561413E+00
+16.60000E-06,+4.65829146095E+00,+24.82412064075E+00
+16.62500E-06,+4.65829146094E+00,+24.82412064068E+00
+16.65000E-06,+4.63819095865E+00,+24.62311561406E+00
+16.67500E-06,+4.61809045634E+00,+25.02512566738E+00
+16.70000E-06,+4.59798995406E+00,+24.82412064083E+00
+16.72500E-06,+4.59798995405E+00,+25.02512566738E+00
+16.75000E-06,+4.57788945176E+00,+24.82412064068E+00
+16.77500E-06,+4.57788945176E+00,+25.02512566745E+00
+16.80000E-06,+4.55778894947E+00,+25.02512566745E+00
+16.82500E-06,+4.53768844717E+00,+25.02512566752E+00
+16.85000E-06,+4.53768844716E+00,+25.02512566745E+00
+16.87500E-06,+4.53768844716E+00,+25.02512566745E+00
+16.90000E-06,+4.51758794487E+00,+25.02512566753E+00
+16.92500E-06,+4.49748744257E+00,+25.22613069408E+00
+16.95000E-06,+4.47738694028E+00,+25.22613069415E+00
+16.97500E-06,+4.49748744256E+00,+25.02512566753E+00
+17.00000E-06,+4.45728643797E+00,+25.22613069415E+00
+17.02500E-06,+4.45728643797E+00,+25.22613069422E+00
+17.05000E-06,+4.43718593568E+00,+25.22613069415E+00
+17.07500E-06,+4.43718593567E+00,+25.02512566760E+00
+17.10000E-06,+4.41708543337E+00,+25.42713572085E+00
+17.12500E-06,+4.41708543337E+00,+25.42713572078E+00
+17.15000E-06,+4.39698493108E+00,+25.42713572085E+00
+17.17500E-06,+4.37688442880E+00,+25.22613069422E+00
+17.20000E-06,+4.37688442878E+00,+25.42713572085E+00
+17.22500E-06,+4.37688442878E+00,+25.42713572085E+00
+17.25000E-06,+4.35678392649E+00,+25.42713572078E+00
+17.27500E-06,+4.35678392648E+00,+25.22613069430E+00
+17.30000E-06,+4.33668342419E+00,+25.42713572092E+00
+17.32500E-06,+4.29648241960E+00,+25.62814074747E+00
+17.35000E-06,+4.29648241960E+00,+25.42713572085E+00
+17.37500E-06,+4.29648241960E+00,+25.42713572092E+00
+17.40000E-06,+4.31658292188E+00,+25.42713572085E+00
+17.42500E-06,+4.33668342420E+00,+25.42713572085E+00
+17.45000E-06,+4.37688442878E+00,+25.22613069415E+00
+17.47500E-06,+4.41708543338E+00,+25.22613069415E+00
+17.50000E-06,+4.45728643797E+00,+25.22613069408E+00
+17.52500E-06,+4.49748744256E+00,+25.22613069408E+00
+17.55000E-06,+4.51758794488E+00,+24.82412064083E+00
+17.57500E-06,+4.57788945176E+00,+24.62311561413E+00
+17.60000E-06,+4.61809045635E+00,+24.82412064075E+00
+17.62500E-06,+4.65829146095E+00,+24.62311561413E+00
+17.65000E-06,+4.69849246554E+00,+24.62311561406E+00
+17.67500E-06,+4.73869347014E+00,+24.62311561406E+00
+17.70000E-06,+4.77889447472E+00,+24.62311561390E+00
+17.72500E-06,+4.79899497703E+00,+24.22110556066E+00
+17.75000E-06,+4.85929648392E+00,+24.42211058720E+00
+17.77500E-06,+4.85929648391E+00,+24.02010053404E+00
+17.80000E-06,+4.81909547932E+00,+24.42211058736E+00
+17.82500E-06,+4.81909547932E+00,+24.42211058743E+00
+17.85000E-06,+4.81909547932E+00,+24.62311561398E+00
+17.87500E-06,+4.79899497703E+00,+24.42211058736E+00
+17.90000E-06,+4.79899497703E+00,+24.42211058736E+00
+17.92500E-06,+4.77889447474E+00,+24.42211058728E+00
+17.95000E-06,+4.75879397244E+00,+24.42211058736E+00
+17.97500E-06,+4.75879397243E+00,+24.42211058736E+00
+18.00000E-06,+4.75879397243E+00,+24.42211058728E+00
+18.02500E-06,+4.75879397242E+00,+24.62311561406E+00
+18.05000E-06,+4.73869347014E+00,+24.62311561406E+00
+18.07500E-06,+4.71859296784E+00,+24.62311561398E+00
+18.10000E-06,+4.69849246554E+00,+24.62311561414E+00
+18.12500E-06,+4.67839196325E+00,+24.62311561406E+00
+18.15000E-06,+4.67839196324E+00,+24.62311561406E+00
+18.17500E-06,+4.67839196325E+00,+24.62311561414E+00
+18.20000E-06,+4.67839196324E+00,+24.62311561414E+00
+18.22500E-06,+4.65829146094E+00,+24.82412064075E+00
+18.25000E-06,+4.63819095865E+00,+24.82412064075E+00
+18.27500E-06,+4.61809045635E+00,+24.82412064075E+00
+18.30000E-06,+4.61809045634E+00,+25.02512566745E+00
+18.32500E-06,+4.59798995405E+00,+25.02512566737E+00
+18.35000E-06,+4.57788945176E+00,+25.02512566729E+00
+18.37500E-06,+4.55778894947E+00,+24.82412064083E+00
+18.40000E-06,+4.55778894946E+00,+24.82412064083E+00
+18.42500E-06,+4.55778894945E+00,+25.02512566745E+00
+18.45000E-06,+4.53768844716E+00,+25.22613069407E+00
+18.47500E-06,+4.53768844715E+00,+25.02512566753E+00
+18.50000E-06,+4.51758794486E+00,+25.22613069407E+00
+18.52500E-06,+4.51758794486E+00,+25.22613069415E+00
+18.55000E-06,+4.47738694028E+00,+25.22613069415E+00
+18.57500E-06,+4.47738694027E+00,+25.22613069415E+00
+18.60000E-06,+4.47738694026E+00,+25.22613069423E+00
+18.62500E-06,+4.45728643797E+00,+25.42713572077E+00
+18.65000E-06,+4.45728643797E+00,+25.42713572077E+00
+18.67500E-06,+4.43718593568E+00,+25.42713572085E+00
+18.70000E-06,+4.41708543338E+00,+25.22613069423E+00
+18.72500E-06,+4.39698493107E+00,+25.42713572077E+00
+18.75000E-06,+4.39698493108E+00,+25.22613069415E+00
+18.77500E-06,+4.37688442879E+00,+25.42713572093E+00
+18.80000E-06,+4.37688442878E+00,+25.42713572085E+00
+18.82500E-06,+4.37688442878E+00,+25.62814074755E+00
+18.85000E-06,+4.35678392649E+00,+25.42713572085E+00
+18.87500E-06,+4.33668342420E+00,+25.42713572085E+00
+18.90000E-06,+4.33668342418E+00,+25.42713572085E+00
+18.92500E-06,+4.29648241961E+00,+25.82914577408E+00
+18.95000E-06,+4.31658292189E+00,+25.42713572085E+00
+18.97500E-06,+4.31658292188E+00,+25.42713572093E+00
+19.00000E-06,+4.29648241960E+00,+25.42713572085E+00
+19.02500E-06,+4.33668342419E+00,+25.42713572093E+00
+19.05000E-06,+4.31658292189E+00,+25.42713572093E+00
+19.07500E-06,+4.35678392649E+00,+25.22613069423E+00
+19.10000E-06,+4.39698493108E+00,+25.22613069423E+00
+19.12500E-06,+4.43718593568E+00,+25.22613069415E+00
+19.15000E-06,+4.47738694027E+00,+25.02512566737E+00
+19.17500E-06,+4.51758794487E+00,+24.82412064084E+00
+19.20000E-06,+4.55778894947E+00,+24.82412064075E+00
+19.22500E-06,+4.59798995405E+00,+24.82412064075E+00
+19.25000E-06,+4.65829146094E+00,+24.82412064075E+00
+19.27500E-06,+4.69849246554E+00,+24.62311561406E+00
+19.30000E-06,+4.73869347014E+00,+24.62311561397E+00
+19.32500E-06,+4.75879397243E+00,+24.62311561397E+00
+19.35000E-06,+4.77889447474E+00,+24.42211058727E+00
+19.37500E-06,+4.83919598162E+00,+24.22110556066E+00
+19.40000E-06,+4.81909547933E+00,+24.22110556075E+00
+19.42500E-06,+4.81909547932E+00,+24.22110556083E+00
+19.45000E-06,+4.81909547932E+00,+24.42211058727E+00
+19.47500E-06,+4.81909547932E+00,+24.22110556075E+00
+19.50000E-06,+4.79899497702E+00,+24.42211058736E+00
+19.52500E-06,+4.77889447473E+00,+24.62311561397E+00
+19.55000E-06,+4.77889447474E+00,+24.42211058736E+00
+19.57500E-06,+4.75879397243E+00,+24.42211058736E+00
+19.60000E-06,+4.73869347014E+00,+24.62311561406E+00
+19.62500E-06,+4.75879397242E+00,+24.42211058744E+00
+19.65000E-06,+4.71859296784E+00,+24.62311561406E+00
+19.67500E-06,+4.71859296784E+00,+24.62311561397E+00
+19.70000E-06,+4.69849246554E+00,+24.82412064067E+00
+19.72500E-06,+4.69849246554E+00,+24.62311561397E+00
+19.75000E-06,+4.67839196325E+00,+24.62311561406E+00
+19.77500E-06,+4.65829146096E+00,+24.62311561406E+00
+19.80000E-06,+4.65829146095E+00,+24.82412064075E+00
+19.82500E-06,+4.67839196323E+00,+24.82412064075E+00
+19.85000E-06,+4.63819095866E+00,+24.82412064067E+00
+19.87500E-06,+4.63819095864E+00,+24.82412064067E+00
+19.90000E-06,+4.61809045635E+00,+24.62311561414E+00
+19.92500E-06,+4.59798995405E+00,+25.02512566737E+00
+19.95000E-06,+4.57788945177E+00,+24.82412064067E+00
+19.97500E-06,+4.57788945176E+00,+24.62311561414E+00
+20.00000E-06,+4.57788945176E+00,+25.02512566745E+00
+20.02500E-06,+4.55778894945E+00,+25.02512566745E+00
+20.05000E-06,+4.55778894946E+00,+25.02512566737E+00
+20.07500E-06,+4.53768844717E+00,+25.02512566745E+00
+20.10000E-06,+4.51758794486E+00,+25.02512566745E+00
+20.12500E-06,+4.49748744257E+00,+25.02512566745E+00
+20.15000E-06,+4.49748744258E+00,+25.02512566754E+00
+20.17500E-06,+4.47738694028E+00,+25.02512566754E+00
+20.20000E-06,+4.45728643798E+00,+25.22613069415E+00
+20.22500E-06,+4.47738694026E+00,+25.22613069415E+00
+20.25000E-06,+4.43718593568E+00,+25.22613069415E+00
+20.27500E-06,+4.43718593568E+00,+25.22613069424E+00
+20.30000E-06,+4.41708543339E+00,+25.42713572085E+00
+20.32500E-06,+4.39698493108E+00,+25.42713572076E+00
+20.35000E-06,+4.39698493109E+00,+25.22613069415E+00
+20.37500E-06,+4.39698493108E+00,+25.42713572085E+00
+20.40000E-06,+4.39698493108E+00,+25.42713572085E+00
+20.42500E-06,+4.37688442878E+00,+25.42713572085E+00
+20.45000E-06,+4.35678392649E+00,+25.42713572094E+00
+20.47500E-06,+4.35678392649E+00,+25.42713572094E+00
+20.50000E-06,+4.33668342418E+00,+25.42713572094E+00
+20.52500E-06,+4.31658292189E+00,+25.42713572085E+00
+20.55000E-06,+4.29648241960E+00,+25.42713572085E+00
+20.57500E-06,+4.29648241960E+00,+25.42713572094E+00
+20.60000E-06,+4.27638191731E+00,+25.62814074755E+00
+20.62500E-06,+4.27638191731E+00,+25.22613069424E+00
+20.65000E-06,+4.27638191732E+00,+25.42713572085E+00
+20.67500E-06,+4.33668342419E+00,+25.22613069424E+00
+20.70000E-06,+4.37688442878E+00,+25.42713572085E+00
+20.72500E-06,+4.37688442879E+00,+25.22613069415E+00
+20.75000E-06,+4.43718593568E+00,+25.02512566745E+00
+20.77500E-06,+4.47738694027E+00,+25.02512566754E+00
+20.80000E-06,+4.51758794487E+00,+24.82412064075E+00
+20.82500E-06,+4.55778894946E+00,+25.02512566745E+00
+20.85000E-06,+4.59798995405E+00,+24.82412064066E+00
+20.87500E-06,+4.63819095866E+00,+24.62311561406E+00
+20.90000E-06,+4.67839196324E+00,+24.42211058745E+00
+20.92500E-06,+4.69849246555E+00,+24.62311561396E+00
+20.95000E-06,+4.75879397243E+00,+24.42211058736E+00
+20.97500E-06,+4.79899497704E+00,+24.22110556066E+00
+21.00000E-06,+4.81909547932E+00,+24.22110556066E+00
+21.02500E-06,+4.83919598162E+00,+24.22110556085E+00
+21.05000E-06,+4.83919598162E+00,+24.22110556066E+00
+21.07500E-06,+4.81909547932E+00,+24.22110556075E+00
+21.10000E-06,+4.79899497703E+00,+24.42211058736E+00
+21.12500E-06,+4.79899497703E+00,+24.22110556066E+00
+21.15000E-06,+4.77889447474E+00,+24.22110556057E+00
+21.17500E-06,+4.77889447473E+00,+24.22110556075E+00
+21.20000E-06,+4.75879397244E+00,+24.42211058736E+00
+21.22500E-06,+4.75879397243E+00,+24.42211058745E+00
+21.25000E-06,+4.73869347014E+00,+24.62311561396E+00
+21.27500E-06,+4.73869347014E+00,+24.42211058736E+00
+21.30000E-06,+4.73869347013E+00,+24.42211058745E+00
+21.32500E-06,+4.69849246554E+00,+24.62311561396E+00
+21.35000E-06,+4.69849246554E+00,+24.42211058745E+00
+21.37500E-06,+4.69849246554E+00,+24.62311561415E+00
+21.40000E-06,+4.67839196323E+00,+24.62311561415E+00
+21.42500E-06,+4.67839196323E+00,+24.82412064066E+00
+21.45000E-06,+4.63819095865E+00,+24.82412064066E+00
+21.47500E-06,+4.63819095865E+00,+24.82412064075E+00
+21.50000E-06,+4.63819095864E+00,+24.62311561406E+00
+21.52500E-06,+4.61809045636E+00,+25.02512566726E+00
+21.55000E-06,+4.59798995405E+00,+24.62311561415E+00
+21.57500E-06,+4.59798995404E+00,+24.82412064075E+00
+21.60000E-06,+4.59798995404E+00,+25.02512566745E+00
+21.62500E-06,+4.57788945176E+00,+25.02512566745E+00
+21.65000E-06,+4.55778894946E+00,+25.22613069405E+00
+21.67500E-06,+4.53768844717E+00,+25.02512566745E+00
+21.70000E-06,+4.53768844715E+00,+24.82412064085E+00
+21.72500E-06,+4.51758794487E+00,+25.22613069405E+00
+21.75000E-06,+4.51758794487E+00,+25.22613069405E+00
+21.77500E-06,+4.51758794486E+00,+25.02512566755E+00
+21.80000E-06,+4.47738694028E+00,+25.22613069425E+00
+21.82500E-06,+4.47738694027E+00,+25.22613069415E+00
+21.85000E-06,+4.45728643798E+00,+25.42713572075E+00
+21.87500E-06,+4.43718593569E+00,+25.22613069415E+00
+21.90000E-06,+4.43718593568E+00,+25.42713572075E+00
+21.92500E-06,+4.41708543338E+00,+25.42713572075E+00
+21.95000E-06,+4.41708543338E+00,+25.22613069415E+00
+21.97500E-06,+4.39698493109E+00,+25.22613069434E+00
+22.00000E-06,+4.39698493108E+00,+25.62814074745E+00
+22.02500E-06,+4.37688442879E+00,+25.42713572085E+00
+22.05000E-06,+4.37688442878E+00,+25.42713572085E+00
+22.07500E-06,+4.35678392650E+00,+25.42713572085E+00
+22.10000E-06,+4.35678392649E+00,+25.42713572095E+00
+22.12500E-06,+4.33668342419E+00,+25.62814074745E+00
+22.15000E-06,+4.31658292189E+00,+25.62814074745E+00
+22.17500E-06,+4.31658292189E+00,+25.42713572105E+00
+22.20000E-06,+4.31658292189E+00,+25.82914577405E+00
+22.22500E-06,+4.29648241960E+00,+25.62814074755E+00
+22.25000E-06,+4.27638191730E+00,+25.62814074755E+00
+22.27500E-06,+4.29648241959E+00,+25.42713572085E+00
+22.30000E-06,+4.33668342419E+00,+25.62814074745E+00
+22.32500E-06,+4.35678392649E+00,+25.42713572085E+00
+22.35000E-06,+4.37688442879E+00,+25.22613069415E+00
+22.37500E-06,+4.43718593568E+00,+25.02512566755E+00
+22.40000E-06,+4.47738694028E+00,+25.02512566755E+00
+22.42500E-06,+4.51758794487E+00,+25.02512566745E+00
+22.45000E-06,+4.55778894946E+00,+24.82412064075E+00
+22.47500E-06,+4.59798995405E+00,+24.62311561416E+00
+22.50000E-06,+4.61809045636E+00,+24.62311561406E+00
+22.52500E-06,+4.65829146095E+00,+24.62311561406E+00
+22.55000E-06,+4.69849246555E+00,+24.42211058736E+00
+22.57500E-06,+4.75879397244E+00,+24.22110556076E+00
+22.60000E-06,+4.79899497703E+00,+24.42211058726E+00
+22.62500E-06,+4.81909547932E+00,+24.22110556066E+00
+22.65000E-06,+4.83919598162E+00,+24.42211058726E+00
+22.67500E-06,+4.83919598161E+00,+24.22110556076E+00
+22.70000E-06,+4.79899497703E+00,+24.42211058736E+00
+22.72500E-06,+4.79899497703E+00,+24.42211058736E+00
+22.75000E-06,+4.77889447474E+00,+24.42211058736E+00
+22.77500E-06,+4.79899497703E+00,+24.42211058726E+00
+22.80000E-06,+4.77889447473E+00,+24.62311561406E+00
+22.82500E-06,+4.77889447472E+00,+24.62311561406E+00
+22.85000E-06,+4.75879397243E+00,+24.42211058736E+00
+22.87500E-06,+4.73869347014E+00,+24.62311561406E+00
+22.90000E-06,+4.73869347014E+00,+24.42211058736E+00
+22.92500E-06,+4.71859296784E+00,+24.62311561406E+00
+22.95000E-06,+4.69849246555E+00,+24.62311561395E+00
+22.97500E-06,+4.69849246554E+00,+24.42211058746E+00
+23.00000E-06,+4.69849246554E+00,+24.62311561416E+00
+23.02500E-06,+4.67839196324E+00,+24.62311561406E+00
+23.05000E-06,+4.67839196323E+00,+24.62311561406E+00
+23.07500E-06,+4.63819095865E+00,+24.82412064065E+00
+23.10000E-06,+4.63819095865E+00,+24.62311561416E+00
+23.12500E-06,+4.61809045636E+00,+25.02512566735E+00
+23.15000E-06,+4.59798995405E+00,+24.62311561406E+00
+23.17500E-06,+4.59798995405E+00,+24.62311561416E+00
+23.20000E-06,+4.59798995405E+00,+24.82412064075E+00
+23.22500E-06,+4.57788945176E+00,+25.02512566735E+00
+23.25000E-06,+4.55778894947E+00,+24.82412064086E+00
+23.27500E-06,+4.55778894946E+00,+25.02512566745E+00
+23.30000E-06,+4.55778894946E+00,+25.02512566745E+00
+23.32500E-06,+4.53768844715E+00,+25.22613069405E+00
+23.35000E-06,+4.51758794488E+00,+25.02512566745E+00
+23.37500E-06,+4.49748744258E+00,+25.02512566745E+00
+23.40000E-06,+4.49748744257E+00,+25.22613069405E+00
+23.42500E-06,+4.49748744257E+00,+25.22613069415E+00
+23.45000E-06,+4.47738694027E+00,+25.42713572075E+00
+23.47500E-06,+4.45728643797E+00,+25.22613069415E+00
+23.50000E-06,+4.43718593568E+00,+25.42713572085E+00
+23.52500E-06,+4.43718593568E+00,+25.42713572085E+00
+23.55000E-06,+4.41708543338E+00,+25.22613069415E+00
+23.57500E-06,+4.41708543337E+00,+25.22613069436E+00
+23.60000E-06,+4.41708543337E+00,+25.62814074744E+00
+23.62500E-06,+4.39698493108E+00,+25.42713572095E+00
+23.65000E-06,+4.37688442878E+00,+25.42713572085E+00
+23.67500E-06,+4.35678392649E+00,+25.42713572085E+00
+23.70000E-06,+4.35678392649E+00,+25.62814074744E+00
+23.72500E-06,+4.33668342420E+00,+25.42713572074E+00
+23.75000E-06,+4.33668342419E+00,+25.42713572085E+00
+23.77500E-06,+4.31658292189E+00,+25.62814074755E+00
+23.80000E-06,+4.31658292189E+00,+25.62814074755E+00
+23.82500E-06,+4.31658292188E+00,+25.42713572096E+00
+23.85000E-06,+4.29648241960E+00,+25.42713572096E+00
+23.87500E-06,+4.29648241960E+00,+25.62814074755E+00
+23.90000E-06,+4.29648241960E+00,+25.62814074744E+00
+23.92500E-06,+4.31658292188E+00,+25.42713572085E+00
+23.95000E-06,+4.35678392649E+00,+25.22613069415E+00
+23.97500E-06,+4.37688442878E+00,+25.22613069426E+00
+24.00000E-06,+4.43718593568E+00,+25.42713572074E+00
+24.02500E-06,+4.47738694027E+00,+25.22613069404E+00
+24.05000E-06,+4.49748744258E+00,+25.02512566745E+00
+24.07500E-06,+4.55778894946E+00,+25.02512566745E+00
+24.10000E-06,+4.57788945177E+00,+24.82412064086E+00
+24.12500E-06,+4.63819095864E+00,+24.62311561406E+00
+24.15000E-06,+4.65829146095E+00,+24.62311561395E+00
+24.17500E-06,+4.69849246555E+00,+24.42211058747E+00
+24.20000E-06,+4.73869347015E+00,+24.42211058736E+00
+24.22500E-06,+4.79899497703E+00,+24.22110556077E+00
+24.25000E-06,+4.77889447473E+00,+24.22110556066E+00
+24.27500E-06,+4.79899497703E+00,+24.02010053418E+00
+24.30000E-06,+4.81909547932E+00,+24.22110556077E+00
+24.32500E-06,+4.79899497703E+00,+24.22110556066E+00
+24.35000E-06,+4.79899497703E+00,+24.22110556066E+00
+24.37500E-06,+4.79899497703E+00,+24.22110556077E+00
+24.40000E-06,+4.77889447473E+00,+24.42211058736E+00
+24.42500E-06,+4.77889447472E+00,+24.22110556077E+00
+24.45000E-06,+4.75879397243E+00,+24.42211058725E+00
+24.47500E-06,+4.73869347015E+00,+24.62311561406E+00
+24.50000E-06,+4.73869347014E+00,+24.42211058736E+00
+24.52500E-06,+4.73869347014E+00,+24.62311561384E+00
+24.55000E-06,+4.71859296784E+00,+24.42211058736E+00
+24.57500E-06,+4.71859296783E+00,+24.42211058758E+00
+24.60000E-06,+4.67839196325E+00,+24.62311561406E+00
+24.62500E-06,+4.71859296782E+00,+24.62311561406E+00
+24.65000E-06,+4.67839196324E+00,+24.62311561406E+00
+24.67500E-06,+4.65829146095E+00,+24.82412064064E+00
+24.70000E-06,+4.65829146094E+00,+24.82412064064E+00
+24.72500E-06,+4.63819095864E+00,+24.62311561406E+00
+24.75000E-06,+4.61809045636E+00,+24.62311561406E+00
+24.77500E-06,+4.61809045636E+00,+24.42211058758E+00
+24.80000E-06,+4.59798995407E+00,+24.82412064075E+00
+24.82500E-06,+4.59798995404E+00,+24.82412064075E+00
+24.85000E-06,+4.57788945176E+00,+24.82412064075E+00
+24.87500E-06,+4.57788945176E+00,+24.82412064087E+00
+24.90000E-06,+4.55778894946E+00,+25.22613069404E+00
+24.92500E-06,+4.53768844716E+00,+25.02512566734E+00
+24.95000E-06,+4.53768844716E+00,+25.02512566734E+00
+24.97500E-06,+4.51758794487E+00,+25.02512566745E+00
+25.00000E-06,+4.53768844716E+00,+25.02512566757E+00
+25.02500E-06,+4.49748744257E+00,+25.22613069415E+00
+25.05000E-06,+4.47738694027E+00,+25.22613069415E+00
+25.07500E-06,+4.49748744256E+00,+25.22613069415E+00
+25.10000E-06,+4.47738694026E+00,+25.42713572074E+00
+25.12500E-06,+4.45728643796E+00,+25.42713572074E+00
+25.15000E-06,+4.41708543339E+00,+25.22613069415E+00
+25.17500E-06,+4.41708543339E+00,+25.22613069426E+00
+25.20000E-06,+4.43718593566E+00,+25.42713572085E+00
+25.22500E-06,+4.41708543337E+00,+25.22613069426E+00
+25.25000E-06,+4.37688442880E+00,+25.62814074732E+00
+25.27500E-06,+4.37688442880E+00,+25.22613069438E+00
+25.30000E-06,+4.37688442877E+00,+25.62814074755E+00
+25.32500E-06,+4.35678392649E+00,+25.62814074743E+00
+25.35000E-06,+4.35678392649E+00,+25.42713572085E+00
+25.37500E-06,+4.33668342419E+00,+25.42713572096E+00
+25.40000E-06,+4.33668342419E+00,+25.62814074755E+00
+25.42500E-06,+4.31658292190E+00,+25.62814074755E+00
+25.45000E-06,+4.31658292188E+00,+25.62814074743E+00
+25.47500E-06,+4.29648241960E+00,+25.62814074755E+00
+25.50000E-06,+4.29648241958E+00,+25.82914577413E+00
+25.52500E-06,+4.27638191729E+00,+25.42713572085E+00
+25.55000E-06,+4.31658292190E+00,+25.42713572085E+00
+25.57500E-06,+4.33668342418E+00,+25.22613069427E+00
+25.60000E-06,+4.39698493107E+00,+25.22613069415E+00
+25.62500E-06,+4.41708543338E+00,+25.22613069404E+00
+25.65000E-06,+4.45728643797E+00,+25.22613069404E+00
+25.67500E-06,+4.49748744257E+00,+25.02512566745E+00
+25.70000E-06,+4.53768844715E+00,+24.82412064087E+00
+25.72500E-06,+4.57788945176E+00,+24.82412064064E+00
+25.75000E-06,+4.59798995405E+00,+24.62311561406E+00
+25.77500E-06,+4.65829146096E+00,+24.42211058736E+00
+25.80000E-06,+4.71859296783E+00,+24.42211058747E+00
+25.82500E-06,+4.73869347014E+00,+24.42211058736E+00
+25.85000E-06,+4.77889447474E+00,+24.62311561383E+00
+25.87500E-06,+4.81909547931E+00,+24.22110556066E+00
+25.90000E-06,+4.79899497702E+00,+24.22110556066E+00
+25.92500E-06,+4.77889447474E+00,+24.42211058724E+00
+25.95000E-06,+4.79899497704E+00,+24.22110556066E+00
+25.97500E-06,+4.81909547932E+00,+24.42211058724E+00
+26.00000E-06,+4.81909547932E+00,+24.42211058736E+00
+26.02500E-06,+4.77889447472E+00,+24.42211058736E+00
+26.05000E-06,+4.75879397244E+00,+24.42211058724E+00
+26.07500E-06,+4.75879397243E+00,+24.42211058736E+00
+26.10000E-06,+4.75879397243E+00,+24.42211058736E+00
+26.12500E-06,+4.71859296784E+00,+24.62311561394E+00
+26.15000E-06,+4.71859296785E+00,+24.42211058736E+00
+26.17500E-06,+4.71859296785E+00,+24.42211058748E+00
+26.20000E-06,+4.71859296784E+00,+24.62311561406E+00
+26.22500E-06,+4.69849246554E+00,+24.42211058748E+00
+26.25000E-06,+4.67839196324E+00,+24.62311561406E+00
+26.27500E-06,+4.67839196324E+00,+24.62311561406E+00
+26.30000E-06,+4.67839196323E+00,+24.62311561406E+00
+26.32500E-06,+4.65829146093E+00,+24.82412064064E+00
+26.35000E-06,+4.63819095865E+00,+24.62311561406E+00
+26.37500E-06,+4.63819095865E+00,+24.62311561406E+00
+26.40000E-06,+4.61809045635E+00,+24.82412064075E+00
+26.42500E-06,+4.61809045634E+00,+25.02512566733E+00
+26.45000E-06,+4.57788945177E+00,+24.82412064075E+00
+26.47500E-06,+4.59798995404E+00,+25.02512566745E+00
+26.50000E-06,+4.57788945175E+00,+25.02512566745E+00
+26.52500E-06,+4.55778894946E+00,+25.02512566745E+00
+26.55000E-06,+4.55778894946E+00,+24.82412064087E+00
+26.57500E-06,+4.53768844716E+00,+25.22613069415E+00
+26.60000E-06,+4.53768844716E+00,+25.22613069415E+00
+26.62500E-06,+4.51758794487E+00,+25.22613069403E+00
+26.65000E-06,+4.49748744257E+00,+25.22613069403E+00
+26.67500E-06,+4.47738694028E+00,+25.22613069415E+00
+26.70000E-06,+4.47738694026E+00,+25.22613069427E+00
+26.72500E-06,+4.45728643797E+00,+25.42713572073E+00
+26.75000E-06,+4.43718593569E+00,+25.22613069415E+00
+26.77500E-06,+4.43718593568E+00,+25.22613069427E+00
+26.80000E-06,+4.43718593568E+00,+25.42713572085E+00
+26.82500E-06,+4.41708543338E+00,+25.42713572085E+00
+26.85000E-06,+4.41708543338E+00,+25.42713572085E+00
+26.87500E-06,+4.39698493108E+00,+25.42713572097E+00
+26.90000E-06,+4.39698493107E+00,+25.42713572097E+00
+26.92500E-06,+4.35678392650E+00,+25.62814074743E+00
+26.95000E-06,+4.35678392650E+00,+25.42713572073E+00
+26.97500E-06,+4.33668342420E+00,+25.42713572097E+00
+27.00000E-06,+4.33668342419E+00,+25.62814074755E+00
+27.02500E-06,+4.33668342419E+00,+25.62814074743E+00
+27.05000E-06,+4.31658292189E+00,+25.62814074755E+00
+27.07500E-06,+4.29648241961E+00,+25.42713572097E+00
+27.10000E-06,+4.29648241960E+00,+25.62814074755E+00
+27.12500E-06,+4.27638191730E+00,+25.62814074742E+00
+27.15000E-06,+4.29648241960E+00,+25.62814074755E+00
+27.17500E-06,+4.29648241960E+00,+25.22613069452E+00
+27.20000E-06,+4.33668342420E+00,+25.62814074742E+00
+27.22500E-06,+4.37688442877E+00,+25.42713572073E+00
+27.25000E-06,+4.39698493109E+00,+25.22613069415E+00
+27.27500E-06,+4.43718593568E+00,+25.02512566745E+00
+27.30000E-06,+4.47738694027E+00,+25.02512566758E+00
+27.32500E-06,+4.51758794487E+00,+25.02512566733E+00
+27.35000E-06,+4.55778894946E+00,+24.62311561406E+00
+27.37500E-06,+4.59798995405E+00,+24.62311561418E+00
+27.40000E-06,+4.65829146095E+00,+24.62311561406E+00
+27.42500E-06,+4.69849246553E+00,+24.62311561406E+00
+27.45000E-06,+4.73869347014E+00,+24.62311561381E+00
+27.47500E-06,+4.77889447473E+00,+24.22110556066E+00
+27.50000E-06,+4.79899497703E+00,+24.42211058748E+00
+27.52500E-06,+4.83919598161E+00,+24.22110556066E+00
+27.55000E-06,+4.81909547931E+00,+24.22110556054E+00
+27.57500E-06,+4.79899497703E+00,+24.22110556066E+00
+27.60000E-06,+4.79899497704E+00,+24.42211058736E+00
+27.62500E-06,+4.79899497703E+00,+24.42211058736E+00
+27.65000E-06,+4.77889447474E+00,+24.22110556066E+00
+27.67500E-06,+4.75879397245E+00,+24.42211058736E+00
+27.70000E-06,+4.75879397243E+00,+24.62311561393E+00
+27.72500E-06,+4.75879397243E+00,+24.42211058736E+00
+27.75000E-06,+4.75879397242E+00,+24.42211058736E+00
+27.77500E-06,+4.71859296784E+00,+24.42211058736E+00
+27.80000E-06,+4.73869347012E+00,+24.42211058736E+00
+27.82500E-06,+4.71859296783E+00,+24.42211058748E+00
+27.85000E-06,+4.69849246554E+00,+24.82412064050E+00
+27.87500E-06,+4.67839196324E+00,+24.42211058748E+00
+27.90000E-06,+4.67839196323E+00,+24.62311561406E+00
+27.92500E-06,+4.65829146093E+00,+24.62311561406E+00
+27.95000E-06,+4.63819095866E+00,+24.62311561406E+00
+27.97500E-06,+4.63819095865E+00,+24.82412064063E+00
+28.00000E-06,+4.63819095865E+00,+24.82412064088E+00
+28.02500E-06,+4.61809045635E+00,+24.82412064075E+00
+28.05000E-06,+4.59798995407E+00,+24.82412064075E+00
+28.07500E-06,+4.59798995405E+00,+25.02512566733E+00
+28.10000E-06,+4.59798995403E+00,+24.82412064088E+00
+28.12500E-06,+4.55778894946E+00,+25.02512566745E+00
+28.15000E-06,+4.57788945176E+00,+24.82412064075E+00
+28.17500E-06,+4.55778894946E+00,+25.02512566745E+00
+28.20000E-06,+4.53768844716E+00,+25.02512566745E+00
+28.22500E-06,+4.53768844715E+00,+25.22613069415E+00
+28.25000E-06,+4.49748744258E+00,+25.02512566758E+00
+28.27500E-06,+4.49748744258E+00,+25.02512566758E+00
+28.30000E-06,+4.49748744256E+00,+25.22613069415E+00
+28.32500E-06,+4.47738694026E+00,+25.22613069415E+00
+28.35000E-06,+4.45728643797E+00,+25.22613069402E+00
+28.37500E-06,+4.43718593569E+00,+25.22613069428E+00
+28.40000E-06,+4.45728643796E+00,+25.42713572085E+00
+28.42500E-06,+4.43718593568E+00,+25.22613069428E+00
+28.45000E-06,+4.41708543339E+00,+25.22613069415E+00
+28.47500E-06,+4.39698493109E+00,+25.22613069428E+00
+28.50000E-06,+4.39698493108E+00,+25.42713572085E+00
+28.52500E-06,+4.35678392650E+00,+25.42713572072E+00
+28.55000E-06,+4.37688442878E+00,+25.42713572085E+00
+28.57500E-06,+4.35678392650E+00,+25.22613069441E+00
+28.60000E-06,+4.35678392649E+00,+25.82914577398E+00
+28.62500E-06,+4.31658292191E+00,+25.42713572098E+00
+28.65000E-06,+4.33668342419E+00,+25.62814074755E+00
+28.67500E-06,+4.31658292189E+00,+25.42713572098E+00
+28.70000E-06,+4.29648241961E+00,+25.62814074755E+00
+28.72500E-06,+4.29648241958E+00,+25.62814074742E+00
+28.75000E-06,+4.27638191731E+00,+25.62814074755E+00
+28.77500E-06,+4.29648241960E+00,+25.22613069415E+00
+28.80000E-06,+4.25628141503E+00,+25.62814074755E+00
+28.82500E-06,+4.33668342418E+00,+25.42713572085E+00
+28.85000E-06,+4.35678392649E+00,+25.42713572072E+00
+28.87500E-06,+4.41708543337E+00,+25.22613069415E+00
+28.90000E-06,+4.45728643796E+00,+25.02512566745E+00
+28.92500E-06,+4.47738694026E+00,+25.22613069402E+00
+28.95000E-06,+4.49748744258E+00,+24.82412064089E+00
+28.97500E-06,+4.53768844718E+00,+25.02512566732E+00
+29.00000E-06,+4.59798995407E+00,+24.82412064062E+00
+29.02500E-06,+4.65829146093E+00,+24.82412064075E+00
+29.05000E-06,+4.67839196326E+00,+24.62311561406E+00
+29.07500E-06,+4.71859296785E+00,+24.42211058736E+00
+29.10000E-06,+4.75879397243E+00,+24.42211058736E+00
+29.12500E-06,+4.77889447474E+00,+24.22110556066E+00
+29.15000E-06,+4.77889447474E+00,+24.22110556066E+00
+29.17500E-06,+4.81909547934E+00,+24.22110556066E+00
+29.20000E-06,+4.83919598161E+00,+24.22110556066E+00
+29.22500E-06,+4.79899497701E+00,+24.22110556066E+00
+29.25000E-06,+4.77889447474E+00,+24.62311561379E+00
+29.27500E-06,+4.77889447473E+00,+24.22110556079E+00
+29.30000E-06,+4.77889447472E+00,+24.42211058736E+00
+29.32500E-06,+4.75879397243E+00,+24.62311561379E+00
+29.35000E-06,+4.73869347014E+00,+24.42211058723E+00
+29.37500E-06,+4.73869347014E+00,+24.22110556079E+00
+29.40000E-06,+4.75879397242E+00,+24.42211058736E+00
+29.42500E-06,+4.73869347012E+00,+24.62311561406E+00
+29.45000E-06,+4.67839196326E+00,+24.62311561406E+00
+29.47500E-06,+4.69849246554E+00,+24.62311561406E+00
+29.50000E-06,+4.69849246551E+00,+24.62311561406E+00
+29.52500E-06,+4.67839196323E+00,+24.62311561406E+00
+29.55000E-06,+4.65829146095E+00,+24.62311561406E+00
+29.57500E-06,+4.65829146095E+00,+24.62311561419E+00
+29.60000E-06,+4.63819095866E+00,+24.82412064075E+00
+29.62500E-06,+4.63819095865E+00,+24.82412064075E+00
+29.65000E-06,+4.61809045635E+00,+24.62311561419E+00
+29.67500E-06,+4.61809045634E+00,+24.82412064075E+00
+29.70000E-06,+4.59798995404E+00,+24.82412064089E+00
+29.72500E-06,+4.57788945176E+00,+25.02512566732E+00
+29.75000E-06,+4.55778894947E+00,+24.82412064075E+00
+29.77500E-06,+4.55778894946E+00,+24.82412064089E+00
+29.80000E-06,+4.55778894946E+00,+25.02512566745E+00
+29.82500E-06,+4.53768844715E+00,+25.22613069401E+00
+29.85000E-06,+4.51758794489E+00,+25.22613069401E+00
+29.87500E-06,+4.51758794485E+00,+25.02512566759E+00
+29.90000E-06,+4.51758794485E+00,+25.22613069415E+00
+29.92500E-06,+4.47738694027E+00,+25.22613069401E+00
+29.95000E-06,+4.47738694027E+00,+25.22613069415E+00
+29.97500E-06,+4.47738694026E+00,+25.22613069429E+00
+30.00000E-06,+4.45728643797E+00,+25.42713572085E+00
+30.02500E-06,+4.43718593568E+00,+25.42713572085E+00
+30.05000E-06,+4.43718593566E+00,+25.42713572071E+00
+30.07500E-06,+4.41708543338E+00,+25.42713572085E+00
+30.10000E-06,+4.41708543337E+00,+25.62814074755E+00
+30.12500E-06,+4.37688442878E+00,+25.42713572071E+00
+30.15000E-06,+4.39698493108E+00,+25.42713572071E+00
+30.17500E-06,+4.37688442878E+00,+25.42713572099E+00
+30.20000E-06,+4.37688442878E+00,+25.42713572085E+00
+30.22500E-06,+4.35678392649E+00,+25.62814074741E+00
+30.25000E-06,+4.33668342419E+00,+25.62814074755E+00
+30.27500E-06,+4.33668342419E+00,+25.62814074755E+00
+30.30000E-06,+4.33668342418E+00,+25.62814074755E+00
+30.32500E-06,+4.29648241960E+00,+25.82914577411E+00
+30.35000E-06,+4.29648241960E+00,+25.42713572085E+00
+30.37500E-06,+4.29648241960E+00,+25.62814074769E+00
+30.40000E-06,+4.27638191731E+00,+25.62814074755E+00
+30.42500E-06,+4.33668342419E+00,+25.42713572099E+00
+30.45000E-06,+4.27638191731E+00,+25.62814074741E+00
+30.47500E-06,+4.35678392649E+00,+25.22613069429E+00
+30.50000E-06,+4.39698493107E+00,+25.42713572085E+00
+30.52500E-06,+4.39698493110E+00,+25.42713572057E+00
+30.55000E-06,+4.45728643799E+00,+25.02512566745E+00
+30.57500E-06,+4.51758794487E+00,+25.02512566745E+00
+30.60000E-06,+4.55778894946E+00,+25.02512566745E+00
+30.62500E-06,+4.57788945176E+00,+25.02512566731E+00
+30.65000E-06,+4.63819095863E+00,+24.62311561406E+00
+30.67500E-06,+4.67839196324E+00,+24.62311561406E+00
+30.70000E-06,+4.69849246555E+00,+24.42211058736E+00
+30.72500E-06,+4.73869347015E+00,+24.42211058722E+00
+30.75000E-06,+4.75879397246E+00,+24.22110556066E+00
+30.77500E-06,+4.83919598162E+00,+24.02010053410E+00
+30.80000E-06,+4.83919598161E+00,+24.22110556066E+00
+30.82500E-06,+4.81909547931E+00,+24.42211058722E+00
+30.85000E-06,+4.79899497703E+00,+24.22110556066E+00
+30.87500E-06,+4.79899497703E+00,+24.22110556080E+00
+30.90000E-06,+4.79899497703E+00,+24.42211058736E+00
+30.92500E-06,+4.75879397243E+00,+24.22110556066E+00
+30.95000E-06,+4.77889447473E+00,+24.22110556080E+00
+30.97500E-06,+4.77889447473E+00,+24.42211058750E+00
+31.00000E-06,+4.73869347014E+00,+24.42211058736E+00
+31.02500E-06,+4.73869347012E+00,+24.42211058750E+00
+31.05000E-06,+4.71859296784E+00,+24.62311561391E+00
+31.07500E-06,+4.71859296784E+00,+24.42211058750E+00
+31.10000E-06,+4.69849246554E+00,+24.62311561391E+00
+31.12500E-06,+4.69849246554E+00,+24.62311561391E+00
+31.15000E-06,+4.67839196324E+00,+24.42211058736E+00
+31.17500E-06,+4.67839196324E+00,+24.62311561406E+00
+31.20000E-06,+4.65829146095E+00,+24.62311561420E+00
+31.22500E-06,+4.63819095865E+00,+24.82412064061E+00
+31.25000E-06,+4.63819095865E+00,+24.82412064061E+00
+31.27500E-06,+4.61809045635E+00,+24.82412064090E+00
+31.30000E-06,+4.61809045635E+00,+24.82412064090E+00
+31.32500E-06,+4.59798995404E+00,+25.02512566731E+00
+31.35000E-06,+4.57788945177E+00,+24.62311561420E+00
+31.37500E-06,+4.59798995404E+00,+25.02512566745E+00
+31.40000E-06,+4.55778894947E+00,+24.82412064090E+00
+31.42500E-06,+4.57788945174E+00,+25.22613069401E+00
+31.45000E-06,+4.53768844718E+00,+24.82412064090E+00
+31.47500E-06,+4.53768844716E+00,+25.02512566745E+00
+31.50000E-06,+4.53768844713E+00,+25.22613069415E+00
+31.52500E-06,+4.49748744257E+00,+25.22613069415E+00
+31.55000E-06,+4.49748744257E+00,+25.22613069401E+00
+31.57500E-06,+4.47738694027E+00,+25.22613069415E+00
+31.60000E-06,+4.45728643799E+00,+25.42713572070E+00
+31.62500E-06,+4.47738694027E+00,+25.22613069430E+00
+31.65000E-06,+4.43718593569E+00,+25.22613069415E+00
+31.67500E-06,+4.45728643796E+00,+25.22613069430E+00
+31.70000E-06,+4.43718593566E+00,+25.42713572085E+00
+31.72500E-06,+4.39698493110E+00,+25.42713572070E+00
+31.75000E-06,+4.39698493110E+00,+25.42713572070E+00
+31.77500E-06,+4.39698493108E+00,+25.42713572085E+00
+31.80000E-06,+4.39698493108E+00,+25.62814074755E+00
+31.82500E-06,+4.37688442878E+00,+25.42713572100E+00
+31.85000E-06,+4.33668342420E+00,+25.82914577395E+00
+31.87500E-06,+4.35678392649E+00,+25.42713572100E+00
+31.90000E-06,+4.33668342419E+00,+25.62814074755E+00
+31.92500E-06,+4.31658292191E+00,+25.62814074740E+00
+31.95000E-06,+4.31658292189E+00,+25.62814074755E+00
+31.97500E-06,+4.31658292188E+00,+25.62814074769E+00
+32.00000E-06,+4.27638191733E+00,+25.82914577425E+00
+32.02500E-06,+4.27638191730E+00,+25.62814074755E+00
+32.05000E-06,+4.27638191730E+00,+25.42713572085E+00
+32.07500E-06,+4.31658292191E+00,+25.42713572085E+00
+32.10000E-06,+4.33668342417E+00,+25.42713572085E+00
+32.12500E-06,+4.37688442878E+00,+25.42713572070E+00
+32.15000E-06,+4.39698493110E+00,+25.02512566760E+00
+32.17500E-06,+4.45728643797E+00,+25.22613069415E+00
+32.20000E-06,+4.49748744257E+00,+25.02512566731E+00
+32.22500E-06,+4.55778894945E+00,+25.02512566745E+00
+32.25000E-06,+4.57788945176E+00,+24.82412064075E+00
+32.27500E-06,+4.61809045635E+00,+24.62311561406E+00
+32.30000E-06,+4.65829146093E+00,+24.62311561406E+00
+32.32500E-06,+4.69849246556E+00,+24.62311561391E+00
+32.35000E-06,+4.73869347014E+00,+24.22110556081E+00
+32.37500E-06,+4.77889447474E+00,+24.42211058721E+00
+32.40000E-06,+4.79899497701E+00,+24.42211058706E+00
+32.42500E-06,+4.79899497701E+00,+24.22110556066E+00
+32.45000E-06,+4.81909547932E+00,+24.22110556051E+00
+32.47500E-06,+4.81909547932E+00,+24.22110556066E+00
+32.50000E-06,+4.79899497703E+00,+24.22110556066E+00
+32.52500E-06,+4.79899497703E+00,+24.22110556051E+00
+32.55000E-06,+4.77889447474E+00,+24.22110556066E+00
+32.57500E-06,+4.77889447474E+00,+24.42211058736E+00
+32.60000E-06,+4.77889447471E+00,+24.62311561406E+00
+32.62500E-06,+4.75879397242E+00,+24.42211058736E+00
+32.65000E-06,+4.73869347014E+00,+24.62311561391E+00
+32.67500E-06,+4.73869347014E+00,+24.22110556096E+00
+32.70000E-06,+4.71859296784E+00,+24.62311561391E+00
+32.72500E-06,+4.69849246554E+00,+24.62311561391E+00
+32.75000E-06,+4.67839196326E+00,+24.62311561406E+00
+32.77500E-06,+4.67839196326E+00,+24.42211058766E+00
+32.80000E-06,+4.67839196324E+00,+24.62311561421E+00
+32.82500E-06,+4.69849246553E+00,+24.82412064060E+00
+32.85000E-06,+4.63819095865E+00,+24.82412064060E+00
+32.87500E-06,+4.63819095865E+00,+24.62311561406E+00
+32.90000E-06,+4.63819095863E+00,+24.62311561421E+00
+32.92500E-06,+4.61809045635E+00,+24.62311561421E+00
+32.95000E-06,+4.59798995405E+00,+24.82412064060E+00
+32.97500E-06,+4.59798995405E+00,+24.82412064075E+00
+33.00000E-06,+4.57788945177E+00,+25.02512566730E+00
+33.02500E-06,+4.57788945176E+00,+25.02512566730E+00
+33.05000E-06,+4.55778894946E+00,+24.82412064091E+00
+33.07500E-06,+4.55778894944E+00,+25.02512566745E+00
+33.10000E-06,+4.53768844715E+00,+25.02512566745E+00
+33.12500E-06,+4.51758794487E+00,+25.22613069400E+00
+33.15000E-06,+4.51758794487E+00,+25.22613069400E+00
+33.17500E-06,+4.51758794485E+00,+25.22613069415E+00
+33.20000E-06,+4.47738694030E+00,+25.22613069415E+00
+33.22500E-06,+4.49748744255E+00,+25.22613069430E+00
+33.25000E-06,+4.47738694027E+00,+25.42713572070E+00
+33.27500E-06,+4.45728643797E+00,+25.22613069415E+00
+33.30000E-06,+4.43718593568E+00,+25.42713572100E+00
+33.32500E-06,+4.43718593568E+00,+25.42713572085E+00
+33.35000E-06,+4.41708543338E+00,+25.42713572085E+00
+33.37500E-06,+4.41708543338E+00,+25.22613069430E+00
+33.40000E-06,+4.39698493110E+00,+25.62814074739E+00
+33.42500E-06,+4.37688442878E+00,+25.42713572085E+00
+33.45000E-06,+4.37688442878E+00,+25.42713572100E+00
+33.47500E-06,+4.35678392650E+00,+25.62814074739E+00
+33.50000E-06,+4.33668342421E+00,+25.62814074755E+00
+33.52500E-06,+4.33668342421E+00,+25.62814074739E+00
+33.55000E-06,+4.33668342421E+00,+25.42713572085E+00
+33.57500E-06,+4.33668342419E+00,+25.62814074770E+00
+33.60000E-06,+4.31658292189E+00,+25.82914577425E+00
+33.62500E-06,+4.29648241960E+00,+25.62814074770E+00
+33.65000E-06,+4.29648241960E+00,+25.62814074755E+00
+33.67500E-06,+4.29648241960E+00,+25.62814074755E+00
+33.70000E-06,+4.33668342417E+00,+25.62814074755E+00
+33.72500E-06,+4.31658292191E+00,+25.62814074739E+00
+33.75000E-06,+4.35678392649E+00,+25.22613069415E+00
+33.77500E-06,+4.41708543338E+00,+25.22613069400E+00
+33.80000E-06,+4.45728643797E+00,+25.22613069415E+00
+33.82500E-06,+4.49748744257E+00,+25.02512566761E+00
+33.85000E-06,+4.51758794488E+00,+24.82412064091E+00
+33.87500E-06,+4.59798995404E+00,+24.82412064091E+00
+33.90000E-06,+4.61809045635E+00,+24.62311561421E+00
+33.92500E-06,+4.65829146095E+00,+24.62311561406E+00
+33.95000E-06,+4.69849246554E+00,+24.22110556082E+00
+33.97500E-06,+4.75879397243E+00,+24.42211058736E+00
+34.00000E-06,+4.77889447473E+00,+24.22110556066E+00
+34.02500E-06,+4.79899497701E+00,+24.22110556066E+00
+34.05000E-06,+4.79899497703E+00,+24.22110556066E+00
+34.07500E-06,+4.81909547932E+00,+24.02010053412E+00
+34.10000E-06,+4.81909547931E+00,+24.42211058736E+00
+34.12500E-06,+4.77889447475E+00,+24.42211058720E+00
+34.15000E-06,+4.79899497703E+00,+24.42211058720E+00
+34.17500E-06,+4.77889447475E+00,+24.22110556082E+00
+34.20000E-06,+4.77889447473E+00,+24.42211058736E+00
+34.22500E-06,+4.77889447473E+00,+24.22110556082E+00
+34.25000E-06,+4.75879397243E+00,+24.42211058720E+00
+34.27500E-06,+4.73869347014E+00,+24.62311561390E+00
+34.30000E-06,+4.73869347010E+00,+24.62311561406E+00
+34.32500E-06,+4.69849246554E+00,+24.62311561390E+00
+34.35000E-06,+4.69849246556E+00,+24.62311561406E+00
+34.37500E-06,+4.69849246554E+00,+24.62311561421E+00
+34.40000E-06,+4.71859296782E+00,+24.62311561421E+00
+34.42500E-06,+4.67839196324E+00,+24.62311561406E+00
+34.45000E-06,+4.67839196323E+00,+24.82412064060E+00
+34.47500E-06,+4.65829146093E+00,+24.62311561406E+00
+34.50000E-06,+4.63819095865E+00,+24.62311561406E+00
+34.52500E-06,+4.61809045635E+00,+24.82412064060E+00
+34.55000E-06,+4.59798995407E+00,+24.82412064075E+00
+34.57500E-06,+4.59798995407E+00,+24.62311561422E+00
+34.60000E-06,+4.59798995405E+00,+24.82412064075E+00
+34.62500E-06,+4.57788945176E+00,+25.02512566745E+00
+34.65000E-06,+4.57788945176E+00,+24.82412064091E+00
+34.67500E-06,+4.57788945174E+00,+25.22613069399E+00
+34.70000E-06,+4.55778894944E+00,+25.02512566745E+00
+34.72500E-06,+4.51758794488E+00,+25.02512566745E+00
+34.75000E-06,+4.51758794488E+00,+25.02512566761E+00
+34.77500E-06,+4.51758794487E+00,+25.02512566777E+00
+34.80000E-06,+4.51758794487E+00,+25.22613069415E+00
+34.82500E-06,+4.49748744255E+00,+25.22613069415E+00
+34.85000E-06,+4.47738694027E+00,+25.22613069415E+00
+34.87500E-06,+4.45728643799E+00,+25.22613069431E+00
+34.90000E-06,+4.45728643797E+00,+25.42713572085E+00
+34.92500E-06,+4.43718593566E+00,+25.42713572069E+00
+34.95000E-06,+4.41708543338E+00,+25.22613069415E+00
+34.97500E-06,+4.41708543339E+00,+25.22613069431E+00
